Scope,TaskType,Metric,MethodA,MethodB,MeanDifference_AminusB_oriented,MedianDifference_AminusB_oriented,NPairedRepeats,PValue,PValueHolmWithinTask
BRIST1D,regression,RMSE,Lasso,ElasticNet,0.0016889094482778067,0.001568979618264854,50,0.6580155776157375,1.0
BRIST1D,regression,RMSE,Lasso,StabilitySelection,-0.008547672631369206,-0.006109531165255033,50,0.07556206690378708,1.0
BRIST1D,regression,RMSE,Lasso,Stabl-RP,0.006010324418771549,0.007813867531335617,50,0.045027510990479414,1.0
BRIST1D,regression,RMSE,Lasso,LongGroupLasso,-0.008592639993845323,-0.00979784233912595,50,0.0013303578723942167,0.06784825149210505
BRIST1D,regression,RMSE,Lasso,LLSS,-0.01492378108202633,-0.009349189855652695,50,0.001715436079566146,0.08234093181917501
BRIST1D,regression,RMSE,Lasso,RandomForest,0.0019745192172494663,0.0020037500954209753,50,0.645875956795086,1.0
BRIST1D,regression,RMSE,Lasso,MutualInfo,-0.006782247761247207,-0.006872620598133317,50,0.04193213473556767,1.0
BRIST1D,regression,RMSE,Lasso,Boruta,0.002401978126256705,0.005174855142429435,50,0.3829036913273498,1.0
BRIST1D,regression,RMSE,Lasso,mRMR,-0.01145116731790326,-0.007364923946309498,50,0.007609452352863144,0.3119875464673889
BRIST1D,regression,RMSE,Lasso,SNN-FS,0.0024746949111947546,-0.00041092792810404344,50,0.49032624846387485,1.0
BRIST1D,regression,RMSE,Lasso,OutcomeSNN-FS,0.002998838544271778,0.0034752891156260013,50,0.4843032319103049,1.0
BRIST1D,regression,RMSE,Lasso,geeVerse,-0.05686135430816312,-0.0549393408911828,50,8.842704346534447e-12,7.51629869455428e-10
BRIST1D,regression,RMSE,Lasso,glmmLasso,-0.053181971981365025,-0.04991805043741848,50,7.638334409421077e-14,7.409184377138445e-12
BRIST1D,regression,RMSE,Lasso,PGEE,-0.08262545986012913,-0.07332486766785817,50,1.7763568394002505e-15,1.865174681370263e-13
BRIST1D,regression,RMSE,ElasticNet,StabilitySelection,-0.010236582079647012,-0.005092740676327812,50,0.06346609527860991,1.0
BRIST1D,regression,RMSE,ElasticNet,Stabl-RP,0.004321414970493742,0.008165694778110022,50,0.08054833435456032,1.0
BRIST1D,regression,RMSE,ElasticNet,LongGroupLasso,-0.01028154944212313,-0.008111313673472953,50,0.0008806696990912855,0.0484368334500207
BRIST1D,regression,RMSE,ElasticNet,LLSS,-0.016612690530304137,-0.013501725926223118,50,0.0013800985654270903,0.06900492827135452
BRIST1D,regression,RMSE,ElasticNet,RandomForest,0.00028560976897165966,0.005567872092823722,50,0.6876822045635382,1.0
BRIST1D,regression,RMSE,ElasticNet,MutualInfo,-0.008471157209525014,-0.0106034291596514,50,0.0054056035788701,0.24325216104915448
BRIST1D,regression,RMSE,ElasticNet,Boruta,0.0007130686779788986,0.003193763016060003,50,0.6736344940466168,1.0
BRIST1D,regression,RMSE,ElasticNet,mRMR,-0.013140076766181065,-0.008642393221268363,50,0.0005734773907004609,0.03326168866062673
BRIST1D,regression,RMSE,ElasticNet,SNN-FS,0.000785785462916948,0.001519630929148974,50,0.6947463342363385,1.0
BRIST1D,regression,RMSE,ElasticNet,OutcomeSNN-FS,0.0013099290959939713,0.0023663770081873148,50,0.7304479390240814,1.0
BRIST1D,regression,RMSE,ElasticNet,geeVerse,-0.05855026375644093,-0.06000725607527502,50,4.3806736016449577e-11,3.5483456173324157e-09
BRIST1D,regression,RMSE,ElasticNet,glmmLasso,-0.054870881429642825,-0.050084558387507916,50,1.1368683772161603e-12,1.0118128557223827e-10
BRIST1D,regression,RMSE,ElasticNet,PGEE,-0.08431436930840695,-0.08111653762269555,50,8.881784197001252e-15,8.970602038971265e-13
BRIST1D,regression,RMSE,StabilitySelection,Stabl-RP,0.014557997050140754,0.01045244709990345,50,0.010879562807692977,0.4243029495000261
BRIST1D,regression,RMSE,StabilitySelection,LongGroupLasso,-4.496736247611821e-05,-0.004578338704403384,50,0.7521534307154649,1.0
BRIST1D,regression,RMSE,StabilitySelection,LLSS,-0.0063761084506571255,-0.0008650546076881538,50,0.2373529877703877,1.0
BRIST1D,regression,RMSE,StabilitySelection,RandomForest,0.010522191848618672,0.011729216509510865,50,0.025500083179634814,0.9435030776464881
BRIST1D,regression,RMSE,StabilitySelection,MutualInfo,0.0017654248701219988,-0.0005375159951397368,50,0.6596977023333945,1.0
BRIST1D,regression,RMSE,StabilitySelection,Boruta,0.01094965075762591,0.013390734401868887,50,0.003913313547160513,0.1800124231693836
BRIST1D,regression,RMSE,StabilitySelection,mRMR,-0.002903494686534054,-0.0032013809140373217,50,0.2910353177271219,1.0
BRIST1D,regression,RMSE,StabilitySelection,SNN-FS,0.01102236754256396,0.006590594773124847,50,0.005579489549422334,0.2454975401745827
BRIST1D,regression,RMSE,StabilitySelection,OutcomeSNN-FS,0.011546511175640983,0.00480221716191509,50,0.025500083179634814,0.9435030776464881
BRIST1D,regression,RMSE,StabilitySelection,geeVerse,-0.04831368167679392,-0.04579269167159561,50,9.785132704109856e-10,7.338849528082392e-08
BRIST1D,regression,RMSE,StabilitySelection,glmmLasso,-0.04463429934999581,-0.042834662585977346,50,4.792291008470784e-10,3.737986986607211e-08
BRIST1D,regression,RMSE,StabilitySelection,PGEE,-0.07407778722875992,-0.07653054030172546,50,6.590283874174929e-13,5.997158325499186e-11
BRIST1D,regression,RMSE,Stabl-RP,LongGroupLasso,-0.014602964412616872,-0.018122008836814696,50,5.639617199193481e-05,0.0036657511794757625
BRIST1D,regression,RMSE,Stabl-RP,LLSS,-0.02093410550079788,-0.019458809663589594,50,4.213757459226031e-05,0.0027810799230891803
BRIST1D,regression,RMSE,Stabl-RP,RandomForest,-0.004035805201522083,-0.006595519108641423,50,0.1515030570827971,1.0
BRIST1D,regression,RMSE,Stabl-RP,MutualInfo,-0.012792572180018755,-0.011945200205515483,50,0.0011051033525024678,0.058570477682630795
BRIST1D,regression,RMSE,Stabl-RP,Boruta,-0.0036083462925148436,-0.0029018783505263546,50,0.3422827758111566,1.0
BRIST1D,regression,RMSE,Stabl-RP,mRMR,-0.017461491736674807,-0.016643964787811494,50,0.0001302957841744501,0.008208634402990356
BRIST1D,regression,RMSE,Stabl-RP,SNN-FS,-0.003535629507576794,-0.004400136767447327,50,0.11393994202132163,1.0
BRIST1D,regression,RMSE,Stabl-RP,OutcomeSNN-FS,-0.0030114858744997707,-0.008528033738338547,50,0.2260100302518655,1.0
BRIST1D,regression,RMSE,Stabl-RP,geeVerse,-0.06287167872693468,-0.056535802258610546,50,2.239985974483716e-12,1.9487877978008328e-10
BRIST1D,regression,RMSE,Stabl-RP,glmmLasso,-0.05919229640013657,-0.05176687648364009,50,1.7763568394002505e-15,1.865174681370263e-13
BRIST1D,regression,RMSE,Stabl-RP,PGEE,-0.08863578427890069,-0.07834351269803286,50,3.552713678800501e-15,3.659295089164516e-13
BRIST1D,regression,RMSE,LongGroupLasso,LLSS,-0.006331141088181007,0.00011658502007660942,50,0.4042577575813002,1.0
BRIST1D,regression,RMSE,LongGroupLasso,RandomForest,0.01056715921109479,0.013378451970549099,50,0.0014315119741414861,0.07014408673293282
BRIST1D,regression,RMSE,LongGroupLasso,MutualInfo,0.001810392232598117,0.004259325539556991,50,0.43191110415215306,1.0
BRIST1D,regression,RMSE,LongGroupLasso,Boruta,0.010994618120102028,0.009951704319004717,50,0.002525686043762576,0.11870724405684108
BRIST1D,regression,RMSE,LongGroupLasso,mRMR,-0.0028585273240579355,1.678458512210934e-05,50,0.6390094850461736,1.0
BRIST1D,regression,RMSE,LongGroupLasso,SNN-FS,0.011067334905040077,0.010346279806860093,50,0.001235703558341683,0.06425658503376752
BRIST1D,regression,RMSE,LongGroupLasso,OutcomeSNN-FS,0.011591478538117102,0.007379981142747405,50,0.000202796732962085,0.01257339744364927
BRIST1D,regression,RMSE,LongGroupLasso,geeVerse,-0.0482687143143178,-0.05023457773230333,50,2.81308842886574e-09,2.0816854373606475e-07
BRIST1D,regression,RMSE,LongGroupLasso,glmmLasso,-0.044589331987519694,-0.04239698130621106,50,5.897913268881894e-10,4.541393217039058e-08
BRIST1D,regression,RMSE,LongGroupLasso,PGEE,-0.07403281986628381,-0.0676777272610023,50,3.0020430585864233e-13,2.7919000444853737e-11
BRIST1D,regression,RMSE,LLSS,RandomForest,0.016898300299275797,0.011716677618740956,50,7.500770700019643e-05,0.004800493248012572
BRIST1D,regression,RMSE,LLSS,MutualInfo,0.008141533320779125,0.003714770448314475,50,0.06207125225267518,1.0
BRIST1D,regression,RMSE,LLSS,Boruta,0.017325759208283036,0.01583986172739882,50,0.0008475708983652908,0.04746397030845628
BRIST1D,regression,RMSE,LLSS,mRMR,0.0034726137641230715,0.005273655946656519,50,0.5786292137562761,1.0
BRIST1D,regression,RMSE,LLSS,SNN-FS,0.017398475993221085,0.019880712448912652,50,0.0007549339759211904,0.04303123662750785
BRIST1D,regression,RMSE,LLSS,OutcomeSNN-FS,0.017922619626298108,0.015242872533816731,50,0.0005294876867694143,0.031239773519395442
BRIST1D,regression,RMSE,LLSS,geeVerse,-0.041937573226136796,-0.03441346147280755,50,4.56562391448756e-07,3.104624261851541e-05
BRIST1D,regression,RMSE,LLSS,glmmLasso,-0.03825819089933869,-0.03400808213218953,50,2.434094703573919e-08,1.7038662925017434e-06
BRIST1D,regression,RMSE,LLSS,PGEE,-0.0677016787781028,-0.05383357600896521,50,2.433608869978343e-13,2.2875923377796425e-11
BRIST1D,regression,RMSE,RandomForest,MutualInfo,-0.008756766978496673,-0.007543077470638537,50,0.00784436585604098,0.3137746342416392
BRIST1D,regression,RMSE,RandomForest,Boruta,0.0004274589090072389,0.00026582723628998384,50,0.7594325529338448,1.0
BRIST1D,regression,RMSE,RandomForest,mRMR,-0.013425686535152725,-0.010782555526401283,50,0.0004153236253312542,0.024919417519875253
BRIST1D,regression,RMSE,RandomForest,SNN-FS,0.0005001756939452883,0.003931020637759297,50,0.7376605378038441,1.0
BRIST1D,regression,RMSE,RandomForest,OutcomeSNN-FS,0.0010243193270223117,-0.005441322568062512,50,0.81837027658068,1.0
BRIST1D,regression,RMSE,RandomForest,geeVerse,-0.058835873525412585,-0.0524630542236163,50,1.9539925233402755e-13,1.8562928971732617e-11
BRIST1D,regression,RMSE,RandomForest,glmmLasso,-0.05515649119861449,-0.05479101101573769,50,9.769962616701378e-14,9.379164112033322e-12
BRIST1D,regression,RMSE,RandomForest,PGEE,-0.0845999790773786,-0.08127289467880561,50,3.552713678800501e-15,3.659295089164516e-13
BRIST1D,regression,RMSE,MutualInfo,Boruta,0.009184225887503911,0.012208298658519912,50,0.01186723909238907,0.45095508551078467
BRIST1D,regression,RMSE,MutualInfo,mRMR,-0.0046689195566560525,-0.00127509226488276,50,0.2373529877703877,1.0
BRIST1D,regression,RMSE,MutualInfo,SNN-FS,0.00925694267244196,0.006406541474316185,50,0.005758302166270823,0.2476069931496454
BRIST1D,regression,RMSE,MutualInfo,OutcomeSNN-FS,0.009781086305518985,0.002701305775838714,50,0.0069413795797625966,0.29153794235002906
BRIST1D,regression,RMSE,MutualInfo,geeVerse,-0.05007910654691592,-0.04733778274896783,50,2.81308842886574e-09,2.0816854373606475e-07
BRIST1D,regression,RMSE,MutualInfo,glmmLasso,-0.046399724220117816,-0.04498700344254036,50,6.535714192068554e-10,4.967142785972101e-08
BRIST1D,regression,RMSE,MutualInfo,PGEE,-0.07584321209888192,-0.06913935260941384,50,3.6770586575585185e-13,3.382893964953837e-11
BRIST1D,regression,RMSE,Boruta,mRMR,-0.013853145444159965,-0.014704455611795564,50,0.0008806696990912855,0.0484368334500207
BRIST1D,regression,RMSE,Boruta,SNN-FS,7.271678493804945e-05,-0.0003721507520303424,50,0.7594325529338448,1.0
BRIST1D,regression,RMSE,Boruta,OutcomeSNN-FS,0.0005968604180150727,-0.0008061087300672565,50,0.9923668279164506,1.0
BRIST1D,regression,RMSE,Boruta,geeVerse,-0.05926333243441983,-0.058745632473913734,50,2.994404724177002e-11,2.455411873825142e-09
BRIST1D,regression,RMSE,Boruta,glmmLasso,-0.05558395010762173,-0.05595898984016767,50,1.5448975432263978e-11,1.2977139363101742e-09
BRIST1D,regression,RMSE,Boruta,PGEE,-0.08502743798638583,-0.08034612522210327,50,4.440892098500626e-14,4.39648317751562e-12
BRIST1D,regression,RMSE,mRMR,SNN-FS,0.013925862229098014,0.017667725288105673,50,1.2965142769161275e-05,0.0008686645655338054
BRIST1D,regression,RMSE,mRMR,OutcomeSNN-FS,0.014450005862175036,0.012211936911094678,50,0.00035222154756553437,0.021485514401497596
BRIST1D,regression,RMSE,mRMR,geeVerse,-0.045410186990259865,-0.04509771534248952,50,3.7055123414120317e-09,2.667968885816663e-07
BRIST1D,regression,RMSE,mRMR,glmmLasso,-0.04173080466346177,-0.04010131463038247,50,8.22989321136447e-09,5.843224180068773e-07
BRIST1D,regression,RMSE,mRMR,PGEE,-0.07117429254222588,-0.06743253269887639,50,6.590283874174929e-13,5.997158325499186e-11
BRIST1D,regression,RMSE,SNN-FS,OutcomeSNN-FS,0.0005241436330770232,0.00034600769597981085,50,0.9542249738357711,1.0
BRIST1D,regression,RMSE,SNN-FS,geeVerse,-0.059336049219357874,-0.059811627144899404,50,3.6148861681795097e-12,3.1088021046343783e-10
BRIST1D,regression,RMSE,SNN-FS,glmmLasso,-0.05565666689255977,-0.04915505119184005,50,1.1368683772161603e-12,1.0118128557223827e-10
BRIST1D,regression,RMSE,SNN-FS,PGEE,-0.08510015477132388,-0.07774846898549637,50,8.881784197001252e-15,8.970602038971265e-13
BRIST1D,regression,RMSE,OutcomeSNN-FS,geeVerse,-0.05986019285243491,-0.06395669418890615,50,4.3806736016449577e-11,3.5483456173324157e-09
BRIST1D,regression,RMSE,OutcomeSNN-FS,glmmLasso,-0.056180810525636796,-0.05905098003962028,50,1.5448975432263978e-11,1.2977139363101742e-09
BRIST1D,regression,RMSE,OutcomeSNN-FS,PGEE,-0.08562429840440089,-0.07809070097766302,50,4.440892098500626e-14,4.39648317751562e-12
BRIST1D,regression,RMSE,geeVerse,glmmLasso,0.003679382326798106,0.006066484971150143,50,0.35217499509373695,1.0
BRIST1D,regression,RMSE,geeVerse,PGEE,-0.025764105551966003,-0.02062191396351687,50,2.0232171493717033e-10,1.5983415480036456e-08
BRIST1D,regression,RMSE,glmmLasso,PGEE,-0.02944348787876411,-0.025863052861070046,50,2.6378053519238165e-08,1.8200856928274334e-06
FPG,regression,RMSE,Lasso,ElasticNet,-0.10900892352562842,-0.09177192677471524,50,0.0033148150460355907,0.08618519119692536
FPG,regression,RMSE,Lasso,StabilitySelection,3.482515876457729,3.481583033937147,50,1.7763568394002505e-15,1.865174681370263e-13
FPG,regression,RMSE,Lasso,Stabl-RP,-0.2993368412951443,-0.29104451691997824,50,2.630606843467831e-11,1.70989444825409e-09
FPG,regression,RMSE,Lasso,LongGroupLasso,-0.20299415822544695,-0.20041300722853883,50,2.2451841275028528e-08,1.1674957463014835e-06
FPG,regression,RMSE,Lasso,LLSS,-0.2668698420350146,-0.27690092085908447,50,3.0890845437170356e-12,2.1932500260390952e-10
FPG,regression,RMSE,Lasso,RandomForest,-0.1204975382551376,-0.10360958572373846,50,1.8759072675678112e-05,0.0007316038343514464
FPG,regression,RMSE,Lasso,MutualInfo,-0.05110446211100644,-0.033664517772091784,50,0.08226751834101265,1.0
FPG,regression,RMSE,Lasso,Boruta,-0.1333338116407144,-0.12856175129882885,50,4.6469730756726335e-05,0.001672910307242148
FPG,regression,RMSE,Lasso,mRMR,0.06692686295274264,0.08130810797930543,50,0.02237794255729675,0.4251809085886382
FPG,regression,RMSE,Lasso,SNN-FS,-0.004661543178361854,-0.018611286038742847,50,0.8557483168795788,1.0
FPG,regression,RMSE,Lasso,OutcomeSNN-FS,-0.05892125985304844,-0.018375450711983987,50,0.11619549807268115,1.0
FPG,regression,RMSE,Lasso,geeVerse,2.1669600099169686,1.982532886969313,50,2.4868995751603507e-14,1.9397816686250735e-12
FPG,regression,RMSE,Lasso,glmmLasso,-0.23808952568917582,-0.19896149266092955,50,3.863753761379485e-11,2.3955273320552806e-09
FPG,regression,RMSE,Lasso,PGEE,0.015394033553331994,0.002908031658229504,50,0.6806447467771797,1.0
FPG,regression,RMSE,ElasticNet,StabilitySelection,3.591524799983357,3.5779579846923326,50,1.7763568394002505e-15,1.865174681370263e-13
FPG,regression,RMSE,ElasticNet,Stabl-RP,-0.1903279177695159,-0.17152843576294785,50,5.951474850718341e-07,2.7971931798376204e-05
FPG,regression,RMSE,ElasticNet,LongGroupLasso,-0.09398523469981854,-0.10847339190907412,50,0.0027053239960554976,0.07304374789349843
FPG,regression,RMSE,ElasticNet,LLSS,-0.1578609185093862,-0.17832349751050813,50,2.4281497463363166e-05,0.0009226969036078003
FPG,regression,RMSE,ElasticNet,RandomForest,-0.011488614729509194,-0.018910622060708704,50,0.8632650227005474,1.0
FPG,regression,RMSE,ElasticNet,MutualInfo,0.05790446141462198,0.05943769803634247,50,0.18444897927691706,1.0
FPG,regression,RMSE,ElasticNet,Boruta,-0.024324888115085982,-0.03528758708765345,50,0.3988547028530327,1.0
FPG,regression,RMSE,ElasticNet,mRMR,0.17593578647837105,0.17948414889983866,50,2.36936675790389e-06,9.951340383196339e-05
FPG,regression,RMSE,ElasticNet,SNN-FS,0.10434738034726657,0.0718750932765424,50,0.004043947968749961,0.10109869921874903
FPG,regression,RMSE,ElasticNet,OutcomeSNN-FS,0.050087663672579975,0.06897871148058243,50,0.17191424676435396,1.0
FPG,regression,RMSE,ElasticNet,geeVerse,2.2759689334425968,2.301504723035464,50,1.2434497875801753e-14,9.947598300641403e-13
FPG,regression,RMSE,ElasticNet,glmmLasso,-0.12908060216354741,-0.13440794452351668,50,3.457260659445183e-05,0.0012791864439947176
FPG,regression,RMSE,ElasticNet,PGEE,0.12440295707896042,0.11289432412535483,50,0.00021178724761483636,0.0067771919236747635
FPG,regression,RMSE,StabilitySelection,Stabl-RP,-3.781852717752873,-3.7817573470998394,50,1.7763568394002505e-15,1.865174681370263e-13
FPG,regression,RMSE,StabilitySelection,LongGroupLasso,-3.6855100346831757,-3.697574469329778,50,1.7763568394002505e-15,1.865174681370263e-13
FPG,regression,RMSE,StabilitySelection,LLSS,-3.749385718492743,-3.7745205012295475,50,1.7763568394002505e-15,1.865174681370263e-13
FPG,regression,RMSE,StabilitySelection,RandomForest,-3.603013414712866,-3.6283498880521865,50,1.7763568394002505e-15,1.865174681370263e-13
FPG,regression,RMSE,StabilitySelection,MutualInfo,-3.533620338568735,-3.541602685156736,50,1.7763568394002505e-15,1.865174681370263e-13
FPG,regression,RMSE,StabilitySelection,Boruta,-3.6158496880984425,-3.633820967569104,50,1.7763568394002505e-15,1.865174681370263e-13
FPG,regression,RMSE,StabilitySelection,mRMR,-3.4155890135049862,-3.38836188110772,50,1.7763568394002505e-15,1.865174681370263e-13
FPG,regression,RMSE,StabilitySelection,SNN-FS,-3.48717741963609,-3.4654841945138735,50,1.7763568394002505e-15,1.865174681370263e-13
FPG,regression,RMSE,StabilitySelection,OutcomeSNN-FS,-3.5414371363107775,-3.538681100915051,50,1.7763568394002505e-15,1.865174681370263e-13
FPG,regression,RMSE,StabilitySelection,geeVerse,-1.3155558665407603,-1.380177574049263,50,8.403119267086367e-08,4.201559633543184e-06
FPG,regression,RMSE,StabilitySelection,glmmLasso,-3.720605402146904,-3.681718464876276,50,1.7763568394002505e-15,1.865174681370263e-13
FPG,regression,RMSE,StabilitySelection,PGEE,-3.4671218429043966,-3.4084692856723127,50,1.7763568394002505e-15,1.865174681370263e-13
FPG,regression,RMSE,Stabl-RP,LongGroupLasso,0.09634268306969737,0.1018330129538576,50,2.0039570713947796e-07,9.81938964983442e-06
FPG,regression,RMSE,Stabl-RP,LLSS,0.03246699926012973,0.027247630773194587,50,0.01855822259070905,0.38972267440489006
FPG,regression,RMSE,Stabl-RP,RandomForest,0.17883930304000673,0.1611503055109189,50,2.630606843467831e-11,1.70989444825409e-09
FPG,regression,RMSE,Stabl-RP,MutualInfo,0.24823237918413787,0.2680642547519305,50,7.151434999741468e-11,4.362375349842296e-09
FPG,regression,RMSE,Stabl-RP,Boruta,0.16600302965442992,0.15914793244418846,50,5.453415496958769e-13,4.035527467749489e-11
FPG,regression,RMSE,Stabl-RP,mRMR,0.36626370424788696,0.39553111026068244,50,8.881784197001252e-15,7.460698725481052e-13
FPG,regression,RMSE,Stabl-RP,SNN-FS,0.29467529811678245,0.29698615244521775,50,1.34718902700115e-11,9.026166480907705e-10
FPG,regression,RMSE,Stabl-RP,OutcomeSNN-FS,0.24041558144209588,0.26216743549292154,50,2.0232171493717033e-10,1.1734659466355879e-08
FPG,regression,RMSE,Stabl-RP,geeVerse,2.4662968512121126,2.4170046417782416,50,1.7763568394002505e-15,1.865174681370263e-13
FPG,regression,RMSE,Stabl-RP,glmmLasso,0.061247315605968494,0.06869911429055264,50,0.0014315119741414861,0.0415138472501031
FPG,regression,RMSE,Stabl-RP,PGEE,0.31473087484847634,0.3651412369833693,50,7.65609797781508e-12,5.359268584470556e-10
FPG,regression,RMSE,LongGroupLasso,LLSS,-0.06387568380956765,-0.07620465630067841,50,0.00014903614355255002,0.0050672288807867005
FPG,regression,RMSE,LongGroupLasso,RandomForest,0.08249661997030934,0.075214638470122,50,8.784112139892386e-07,3.86500934155265e-05
FPG,regression,RMSE,LongGroupLasso,MutualInfo,0.1518896961144405,0.1327318079249391,50,1.370373858833318e-08,7.400018837699918e-07
FPG,regression,RMSE,LongGroupLasso,Boruta,0.06966034658473255,0.050180371570967,50,0.00021178724761483636,0.0067771919236747635
FPG,regression,RMSE,LongGroupLasso,mRMR,0.2699210211781896,0.2690284619287464,50,8.881784197001252e-15,7.460698725481052e-13
FPG,regression,RMSE,LongGroupLasso,SNN-FS,0.1983326150470851,0.18008769742757558,50,1.9077969426462005e-08,1.0111323796024863e-06
FPG,regression,RMSE,LongGroupLasso,OutcomeSNN-FS,0.1440728983723985,0.16163802929737514,50,2.1499046276574063e-07,1.031954221275555e-05
FPG,regression,RMSE,LongGroupLasso,geeVerse,2.369954168142415,2.249267630898112,50,3.552713678800501e-15,3.197442310920451e-13
FPG,regression,RMSE,LongGroupLasso,glmmLasso,-0.03509536746372888,-0.0419729177344923,50,0.024847675451864504,0.44725815813356107
FPG,regression,RMSE,LongGroupLasso,PGEE,0.21838819177877894,0.24710951791171354,50,3.40367733997482e-11,2.1443167241841365e-09
FPG,regression,RMSE,LLSS,RandomForest,0.14637230377987698,0.1335529467747687,50,8.842704346534447e-12,6.101465999108768e-10
FPG,regression,RMSE,LLSS,MutualInfo,0.21576537992400815,0.19907125675809212,50,2.022026990289305e-11,1.3345378135909414e-09
FPG,regression,RMSE,LLSS,Boruta,0.1335360303943002,0.1327842308482765,50,3.134559278805682e-10,1.7866987889192387e-08
FPG,regression,RMSE,LLSS,mRMR,0.33379670498775726,0.3477150510600584,50,5.329070518200751e-15,4.583000645652646e-13
FPG,regression,RMSE,LLSS,SNN-FS,0.26220829885665276,0.29165863016463334,50,1.4432899320127035e-10,8.659739592076221e-09
FPG,regression,RMSE,LLSS,OutcomeSNN-FS,0.20794858218196616,0.21398266287407175,50,1.4432899320127035e-10,8.659739592076221e-09
FPG,regression,RMSE,LLSS,geeVerse,2.433829851951983,2.350520067987844,50,3.552713678800501e-15,3.197442310920451e-13
FPG,regression,RMSE,LLSS,glmmLasso,0.02878031634583877,0.04531539856487754,50,0.09513333936720869,1.0
FPG,regression,RMSE,LLSS,PGEE,0.2822638755883466,0.3141750972873911,50,5.453415496958769e-13,4.035527467749489e-11
FPG,regression,RMSE,RandomForest,MutualInfo,0.06939307614413118,0.059349548080991354,50,0.004316904154682888,0.10360569971238931
FPG,regression,RMSE,RandomForest,Boruta,-0.012836273385576788,-0.00218747197811453,50,0.6736344940466168,1.0
FPG,regression,RMSE,RandomForest,mRMR,0.18742440120788026,0.20719610311076053,50,1.0192735544478637e-11,6.931060170245473e-10
FPG,regression,RMSE,RandomForest,SNN-FS,0.11583599507677576,0.12832834060890974,50,0.0005966978973450665,0.017900936920351995
FPG,regression,RMSE,RandomForest,OutcomeSNN-FS,0.06157627840208917,0.06390178303968774,50,0.03286210881230289,0.5257937409968463
FPG,regression,RMSE,RandomForest,geeVerse,2.287457548172106,2.296165557139192,50,5.329070518200751e-15,4.583000645652646e-13
FPG,regression,RMSE,RandomForest,glmmLasso,-0.11759198743403822,-0.1023435200487075,50,1.4543591948523726e-06,6.253744537865202e-05
FPG,regression,RMSE,RandomForest,PGEE,0.1358915718084696,0.1394099756915459,50,2.5156639491541455e-06,0.00010314222191531996
FPG,regression,RMSE,MutualInfo,Boruta,-0.08222934952970797,-0.10023467719786083,50,0.0017779629774352657,0.04978296336818744
FPG,regression,RMSE,MutualInfo,mRMR,0.11803132506374908,0.09243822662763712,50,1.6896629077223224e-05,0.000675865163088929
FPG,regression,RMSE,MutualInfo,SNN-FS,0.046442918932644586,0.025277102938114027,50,0.3044806608698192,1.0
FPG,regression,RMSE,MutualInfo,OutcomeSNN-FS,-0.007816797742042,-0.0026165463108522857,50,0.9010179923007229,1.0
FPG,regression,RMSE,MutualInfo,geeVerse,2.218064472027975,2.10731983748175,50,3.552713678800501e-15,3.197442310920451e-13
FPG,regression,RMSE,MutualInfo,glmmLasso,-0.18698506357816938,-0.1643607158255751,50,3.3822118439275073e-09,1.860216514160129e-07
FPG,regression,RMSE,MutualInfo,PGEE,0.06649849566433844,0.0742870657042225,50,0.011200519477185367,0.25761194797526343
FPG,regression,RMSE,Boruta,mRMR,0.20026067459345703,0.21567375017546553,50,2.6343371928305714e-12,1.8967227788380114e-10
FPG,regression,RMSE,Boruta,SNN-FS,0.12867226846235255,0.13754631990221355,50,0.0001628744437223162,0.005374856642836434
FPG,regression,RMSE,Boruta,OutcomeSNN-FS,0.07441255178766597,0.023438820032769314,50,0.012931948668784443,0.28450287071325775
FPG,regression,RMSE,Boruta,geeVerse,2.300293821557683,2.185055555713811,50,3.552713678800501e-15,3.197442310920451e-13
FPG,regression,RMSE,Boruta,glmmLasso,-0.10475571404846143,-0.12014068843853032,50,6.354784893858323e-07,2.9232010511748285e-05
FPG,regression,RMSE,Boruta,PGEE,0.1487278451940464,0.18786240688613098,50,6.354784893858323e-07,2.9232010511748285e-05
FPG,regression,RMSE,mRMR,SNN-FS,-0.0715884061311045,-0.09959156690100102,50,0.025500083179634814,0.44725815813356107
FPG,regression,RMSE,mRMR,OutcomeSNN-FS,-0.12584812280579108,-0.11302999532046698,50,5.374574670646837e-05,0.0018811011347263928
FPG,regression,RMSE,mRMR,geeVerse,2.1000331469642255,1.9675664956755323,50,1.7763568394002505e-14,1.4033219031261979e-12
FPG,regression,RMSE,mRMR,glmmLasso,-0.3050163886419185,-0.31944758208504886,50,7.638334409421077e-14,5.8051341511600185e-12
FPG,regression,RMSE,mRMR,PGEE,-0.051532829399410646,-0.06342019267875543,50,0.09709384967839618,1.0
FPG,regression,RMSE,SNN-FS,OutcomeSNN-FS,-0.054259716674686584,-0.05555097859553371,50,0.04610038786489312,0.6915058179733968
FPG,regression,RMSE,SNN-FS,geeVerse,2.1716215530953304,1.9996058904402751,50,3.375077994860476e-14,2.5988100560425664e-12
FPG,regression,RMSE,SNN-FS,glmmLasso,-0.23342798251081398,-0.20304939429870927,50,4.3148595807451784e-10,2.4163213652173e-08
FPG,regression,RMSE,SNN-FS,PGEE,0.020055576731693846,0.030052069556237626,50,0.5148085516941183,1.0
FPG,regression,RMSE,OutcomeSNN-FS,geeVerse,2.2258812697700163,2.1419927567509074,50,8.881784197001252e-15,7.460698725481052e-13
FPG,regression,RMSE,OutcomeSNN-FS,glmmLasso,-0.17916826583612738,-0.17480945474204823,50,2.2451841275028528e-08,1.1674957463014835e-06
FPG,regression,RMSE,OutcomeSNN-FS,PGEE,0.07431529340638043,0.07529634002673546,50,0.02122367163684835,0.424473432736967
FPG,regression,RMSE,geeVerse,glmmLasso,-2.4050495356061443,-2.341786512963827,50,1.7763568394002505e-15,1.865174681370263e-13
FPG,regression,RMSE,geeVerse,PGEE,-2.151565976363637,-2.0641402201553625,50,8.881784197001252e-15,7.460698725481052e-13
FPG,regression,RMSE,glmmLasso,PGEE,0.2534835592425078,0.25537220503599123,50,2.433608869978343e-13,1.8252066524837574e-11
FPG_KARE,regression,RMSE,Lasso,ElasticNet,-0.005288836067814522,-0.001595969474399439,50,0.43427163930270707,1.0
FPG_KARE,regression,RMSE,Lasso,StabilitySelection,0.5644197010740174,0.562656876113711,50,1.7763568394002505e-15,1.865174681370263e-13
FPG_KARE,regression,RMSE,Lasso,Stabl-RP,0.12762601492857747,0.13215858322271679,50,9.521272659185342e-13,6.37925268165418e-11
FPG_KARE,regression,RMSE,Lasso,LongGroupLasso,0.07499891631939082,0.06682979601530548,50,3.348859145546612e-08,1.373032249674111e-06
FPG_KARE,regression,RMSE,Lasso,LLSS,0.1518384842552153,0.1508234675449689,50,1.7763568394002505e-14,1.3322676295501878e-12
FPG_KARE,regression,RMSE,Lasso,RandomForest,0.08599738969934308,0.09905918012680193,50,4.057499225496031e-09,1.988174620493055e-07
FPG_KARE,regression,RMSE,Lasso,MutualInfo,0.09760344152815267,0.09290871408200374,50,6.917133532624575e-09,3.2510527603335504e-07
FPG_KARE,regression,RMSE,Lasso,Boruta,0.08657920177467808,0.08689232761379717,50,2.5633326572460646e-09,1.307299655195493e-07
FPG_KARE,regression,RMSE,Lasso,mRMR,0.09386745074294478,0.09211144294891405,50,1.4492140820721033e-09,7.535913226774937e-08
FPG_KARE,regression,RMSE,Lasso,SNN-FS,0.04208267935681029,0.04632624574040012,50,0.0007261627070427323,0.015249416847897379
FPG_KARE,regression,RMSE,Lasso,OutcomeSNN-FS,0.03797365802251193,0.028901901710303157,50,0.006525205201144857,0.11092848841946257
FPG_KARE,regression,RMSE,Lasso,geeVerse,-0.056961476111105684,-0.0518646743313429,50,0.0008806696990912855,0.01761339398182571
FPG_KARE,regression,RMSE,Lasso,glmmLasso,-0.07691309447737904,-0.0757777323541573,50,2.4721383162784605e-07,9.39412560185815e-06
FPG_KARE,regression,RMSE,Lasso,PGEE,-0.08011499460816644,-0.07186698023610028,50,8.784112139892386e-07,3.074439248962335e-05
FPG_KARE,regression,RMSE,ElasticNet,StabilitySelection,0.5697085371418319,0.5563293669714566,50,1.7763568394002505e-15,1.865174681370263e-13
FPG_KARE,regression,RMSE,ElasticNet,Stabl-RP,0.132914850996392,0.14506623823764375,50,7.94031507211912e-13,5.399414249041001e-11
FPG_KARE,regression,RMSE,ElasticNet,LongGroupLasso,0.08028775238720534,0.078302166066889,50,2.070065541204258e-08,9.108288381298735e-07
FPG_KARE,regression,RMSE,ElasticNet,LLSS,0.1571273203230298,0.16735897054725246,50,3.6770586575585185e-13,2.573941060290963e-11
FPG_KARE,regression,RMSE,ElasticNet,RandomForest,0.0912862257671576,0.10999056166319487,50,2.2451841275028528e-08,9.654291748262267e-07
FPG_KARE,regression,RMSE,ElasticNet,MutualInfo,0.1028922775959672,0.11493601844586099,50,2.6378053519238165e-08,1.107878247808003e-06
FPG_KARE,regression,RMSE,ElasticNet,Boruta,0.0918680378424926,0.10039922017701386,50,8.970399534291573e-09,4.1263837857741237e-07
FPG_KARE,regression,RMSE,ElasticNet,mRMR,0.0991562868107593,0.09132314645228679,50,3.8819791825517314e-10,2.096268758577935e-08
FPG_KARE,regression,RMSE,ElasticNet,SNN-FS,0.04737151542462481,0.03914751820768103,50,8.87296791773906e-06,0.0002484431016966937
FPG_KARE,regression,RMSE,ElasticNet,OutcomeSNN-FS,0.043262494090326446,0.06586613441551936,50,0.002049094724295486,0.038932799761614234
FPG_KARE,regression,RMSE,ElasticNet,geeVerse,-0.05167264004329116,-0.03389441344653399,50,0.01186723909238907,0.16614134729344698
FPG_KARE,regression,RMSE,ElasticNet,glmmLasso,-0.07162425840956452,-0.052286531101758627,50,1.3667570399888973e-06,4.646973935962251e-05
FPG_KARE,regression,RMSE,ElasticNet,PGEE,-0.07482615854035192,-0.06584068706278234,50,9.898605478397826e-06,0.0002672623479167413
FPG_KARE,regression,RMSE,StabilitySelection,Stabl-RP,-0.4367936861454399,-0.42334833055736354,50,1.7763568394002505e-15,1.865174681370263e-13
FPG_KARE,regression,RMSE,StabilitySelection,LongGroupLasso,-0.48942078475462664,-0.4894767313785984,50,1.7763568394002505e-15,1.865174681370263e-13
FPG_KARE,regression,RMSE,StabilitySelection,LLSS,-0.412581216818802,-0.41481686003776197,50,1.7763568394002505e-15,1.865174681370263e-13
FPG_KARE,regression,RMSE,StabilitySelection,RandomForest,-0.4784223113746743,-0.47573142647428046,50,1.7763568394002505e-15,1.865174681370263e-13
FPG_KARE,regression,RMSE,StabilitySelection,MutualInfo,-0.46681625954586464,-0.46474365704896137,50,1.7763568394002505e-15,1.865174681370263e-13
FPG_KARE,regression,RMSE,StabilitySelection,Boruta,-0.4778404992993393,-0.4852863667125389,50,1.7763568394002505e-15,1.865174681370263e-13
FPG_KARE,regression,RMSE,StabilitySelection,mRMR,-0.4705522503310725,-0.46744173655433574,50,1.7763568394002505e-15,1.865174681370263e-13
FPG_KARE,regression,RMSE,StabilitySelection,SNN-FS,-0.5223370217172071,-0.5328331552032912,50,1.7763568394002505e-15,1.865174681370263e-13
FPG_KARE,regression,RMSE,StabilitySelection,OutcomeSNN-FS,-0.5264460430515054,-0.5372782616983365,50,1.7763568394002505e-15,1.865174681370263e-13
FPG_KARE,regression,RMSE,StabilitySelection,geeVerse,-0.621381177185123,-0.607713536438558,50,1.7763568394002505e-15,1.865174681370263e-13
FPG_KARE,regression,RMSE,StabilitySelection,glmmLasso,-0.6413327955513963,-0.6477172166686556,50,1.7763568394002505e-15,1.865174681370263e-13
FPG_KARE,regression,RMSE,StabilitySelection,PGEE,-0.6445346956821838,-0.6376813492089921,50,1.7763568394002505e-15,1.865174681370263e-13
FPG_KARE,regression,RMSE,Stabl-RP,LongGroupLasso,-0.05262709860918666,-0.04753825223841801,50,1.1467804483800137e-10,6.421970510928077e-09
FPG_KARE,regression,RMSE,Stabl-RP,LLSS,0.024212469326637807,0.023493682749053058,50,1.4032918471684752e-07,5.472838203957053e-06
FPG_KARE,regression,RMSE,Stabl-RP,RandomForest,-0.041628625229234405,-0.041043358579516465,50,5.802245794939154e-09,2.785077981570794e-07
FPG_KARE,regression,RMSE,Stabl-RP,MutualInfo,-0.030022573400424798,-0.02286635746912946,50,0.000202796732962085,0.004664324858127955
FPG_KARE,regression,RMSE,Stabl-RP,Boruta,-0.041046813153899395,-0.040482853328208,50,3.0854181432005134e-09,1.5427090716002567e-07
FPG_KARE,regression,RMSE,Stabl-RP,mRMR,-0.0337585641856327,-0.02812087270696484,50,2.670359481982132e-06,8.812186290541035e-05
FPG_KARE,regression,RMSE,Stabl-RP,SNN-FS,-0.08554333557176719,-0.08806406756616969,50,7.237197507947712e-10,3.8357146792122876e-08
FPG_KARE,regression,RMSE,Stabl-RP,OutcomeSNN-FS,-0.08965235690606554,-0.09764684274863455,50,7.151434999741468e-11,4.076317949852637e-09
FPG_KARE,regression,RMSE,Stabl-RP,geeVerse,-0.18458749103968317,-0.1763319500813365,50,1.2434497875801753e-14,9.450218385609332e-13
FPG_KARE,regression,RMSE,Stabl-RP,glmmLasso,-0.20453910940595652,-0.20250163320569126,50,1.7763568394002505e-15,1.865174681370263e-13
FPG_KARE,regression,RMSE,Stabl-RP,PGEE,-0.2077410095367439,-0.19283174546022686,50,1.7763568394002505e-15,1.865174681370263e-13
FPG_KARE,regression,RMSE,LongGroupLasso,LLSS,0.07683956793582446,0.07489202859792066,50,3.375077994860476e-14,2.4300561562995426e-12
FPG_KARE,regression,RMSE,LongGroupLasso,RandomForest,0.010998473379952252,0.011080601083366837,50,0.16888071753563239,1.0
FPG_KARE,regression,RMSE,LongGroupLasso,MutualInfo,0.022604525208761855,0.03366987151594003,50,0.010261609457190346,0.1539241418578552
FPG_KARE,regression,RMSE,LongGroupLasso,Boruta,0.01158028545528726,0.01593472562989362,50,0.09709384967839618,1.0
FPG_KARE,regression,RMSE,LongGroupLasso,mRMR,0.01886853442355395,0.013595051758747978,50,0.01186723909238907,0.16614134729344698
FPG_KARE,regression,RMSE,LongGroupLasso,SNN-FS,-0.03291623696258053,-0.04741350168545022,50,0.0022762251098509267,0.04097205197731668
FPG_KARE,regression,RMSE,LongGroupLasso,OutcomeSNN-FS,-0.037025258296878895,-0.046043984307020835,50,0.000251529064962952,0.0055336394291849444
FPG_KARE,regression,RMSE,LongGroupLasso,geeVerse,-0.1319603924304965,-0.12543971893022743,50,5.707434524993005e-12,3.538609405495663e-10
FPG_KARE,regression,RMSE,LongGroupLasso,glmmLasso,-0.15191201079676986,-0.13990236779093834,50,3.552713678800501e-15,2.877698079828406e-13
FPG_KARE,regression,RMSE,LongGroupLasso,PGEE,-0.15511391092755727,-0.13595484886487252,50,1.7763568394002505e-15,1.865174681370263e-13
FPG_KARE,regression,RMSE,LLSS,RandomForest,-0.06584109455587221,-0.06581888790862767,50,1.8989254613188677e-12,1.234301549857264e-10
FPG_KARE,regression,RMSE,LLSS,MutualInfo,-0.05423504272706261,-0.04604903060378529,50,1.370373858833318e-08,6.166682364749931e-07
FPG_KARE,regression,RMSE,LLSS,Boruta,-0.0652592824805372,-0.06455844767733865,50,2.4868995751603507e-14,1.8403056856186595e-12
FPG_KARE,regression,RMSE,LLSS,mRMR,-0.05797103351227051,-0.05276941879020125,50,1.4432899320127035e-10,7.93809462606987e-09
FPG_KARE,regression,RMSE,LLSS,SNN-FS,-0.109755804898405,-0.10883683678200384,50,4.9116266609416925e-12,3.143441063002683e-10
FPG_KARE,regression,RMSE,LLSS,OutcomeSNN-FS,-0.11386482623270336,-0.11689646133179465,50,3.6770586575585185e-13,2.573941060290963e-11
FPG_KARE,regression,RMSE,LLSS,geeVerse,-0.20879996036632098,-0.19804668702560146,50,5.329070518200751e-15,4.2099657093785936e-13
FPG_KARE,regression,RMSE,LLSS,glmmLasso,-0.22875157873259433,-0.22667136751466543,50,1.7763568394002505e-15,1.865174681370263e-13
FPG_KARE,regression,RMSE,LLSS,PGEE,-0.23195347886338172,-0.23428993101171702,50,1.7763568394002505e-15,1.865174681370263e-13
FPG_KARE,regression,RMSE,RandomForest,MutualInfo,0.011606051828809605,0.021340419234507024,50,0.14874176207376877,1.0
FPG_KARE,regression,RMSE,RandomForest,Boruta,0.0005818120753350086,0.0016774671180490586,50,0.6736344940466168,1.0
FPG_KARE,regression,RMSE,RandomForest,mRMR,0.007870061043601701,0.010721157795185121,50,0.23352895058251377,1.0
FPG_KARE,regression,RMSE,RandomForest,SNN-FS,-0.04391471034253278,-0.05635989410471609,50,7.500770700019643e-05,0.0018001849680047144
FPG_KARE,regression,RMSE,RandomForest,OutcomeSNN-FS,-0.04802373167683115,-0.038636111976316556,50,2.670359481982132e-06,8.812186290541035e-05
FPG_KARE,regression,RMSE,RandomForest,geeVerse,-0.14295886581044875,-0.13228048608769516,50,2.4868995751603507e-14,1.8403056856186595e-12
FPG_KARE,regression,RMSE,RandomForest,glmmLasso,-0.1629104841767221,-0.16606622835189366,50,1.7763568394002505e-15,1.865174681370263e-13
FPG_KARE,regression,RMSE,RandomForest,PGEE,-0.16611238430750952,-0.16092908160721375,50,1.7763568394002505e-15,1.865174681370263e-13
FPG_KARE,regression,RMSE,MutualInfo,Boruta,-0.011024239753474597,-0.007619646808415759,50,0.16888071753563239,1.0
FPG_KARE,regression,RMSE,MutualInfo,mRMR,-0.0037359907852079033,-0.01198609293057018,50,0.5086300594933544,1.0
FPG_KARE,regression,RMSE,MutualInfo,SNN-FS,-0.05552076217134239,-0.05760846199717484,50,3.128163219123792e-05,0.0008133224369721859
FPG_KARE,regression,RMSE,MutualInfo,OutcomeSNN-FS,-0.05962978350564075,-0.08193617546247456,50,3.38235121510877e-06,9.808818523815432e-05
FPG_KARE,regression,RMSE,MutualInfo,geeVerse,-0.15456491763925836,-0.1508647345173939,50,1.3535839116229909e-12,8.93365381671174e-11
FPG_KARE,regression,RMSE,MutualInfo,glmmLasso,-0.1745165360055317,-0.16205536542992327,50,5.329070518200751e-15,4.2099657093785936e-13
FPG_KARE,regression,RMSE,MutualInfo,PGEE,-0.17771843613631913,-0.17044905795988363,50,1.7763568394002505e-15,1.865174681370263e-13
FPG_KARE,regression,RMSE,Boruta,mRMR,0.007288248968266693,0.006023665806552003,50,0.4375680954084249,1.0
FPG_KARE,regression,RMSE,Boruta,SNN-FS,-0.04449652241786779,-0.05026268419358537,50,4.011462634423424e-05,0.001002865658605856
FPG_KARE,regression,RMSE,Boruta,OutcomeSNN-FS,-0.04860554375216616,-0.05092188453117075,50,2.8338981969966426e-06,8.812186290541035e-05
FPG_KARE,regression,RMSE,Boruta,geeVerse,-0.14354067788578376,-0.1466776684671398,50,7.65609797781508e-12,4.670219766467198e-10
FPG_KARE,regression,RMSE,Boruta,glmmLasso,-0.16349229625205713,-0.1512089489677786,50,3.552713678800501e-15,2.877698079828406e-13
FPG_KARE,regression,RMSE,Boruta,PGEE,-0.16669419638284452,-0.15622081699180868,50,5.329070518200751e-15,4.2099657093785936e-13
FPG_KARE,regression,RMSE,mRMR,SNN-FS,-0.051784771386134486,-0.05079699477666111,50,2.8338981969966426e-06,8.812186290541035e-05
FPG_KARE,regression,RMSE,mRMR,OutcomeSNN-FS,-0.05589379272043285,-0.04762498177598484,50,3.9920236538648624e-07,1.4371285153913504e-05
FPG_KARE,regression,RMSE,mRMR,geeVerse,-0.15082892685405047,-0.1323315144924999,50,1.5631940186722204e-13,1.1098677532572765e-11
FPG_KARE,regression,RMSE,mRMR,glmmLasso,-0.17078054522032382,-0.15497309362990208,50,1.7763568394002505e-15,1.865174681370263e-13
FPG_KARE,regression,RMSE,mRMR,PGEE,-0.1739824453511112,-0.1585950777712224,50,1.7763568394002505e-15,1.865174681370263e-13
FPG_KARE,regression,RMSE,SNN-FS,OutcomeSNN-FS,-0.004109021334298362,-0.009058281862053263,50,0.6596977023333945,1.0
FPG_KARE,regression,RMSE,SNN-FS,geeVerse,-0.09904415546791596,-0.08276593607909799,50,3.256713547727941e-07,1.204984012659338e-05
FPG_KARE,regression,RMSE,SNN-FS,glmmLasso,-0.11899577383418933,-0.11963534349590166,50,4.9116266609416925e-12,3.143441063002683e-10
FPG_KARE,regression,RMSE,SNN-FS,PGEE,-0.12219767396497673,-0.11396346743918695,50,6.337863567296154e-11,3.675960869031769e-09
FPG_KARE,regression,RMSE,OutcomeSNN-FS,geeVerse,-0.09493513413361761,-0.07455635046441067,50,4.2364032282193875e-08,1.694561291287755e-06
FPG_KARE,regression,RMSE,OutcomeSNN-FS,glmmLasso,-0.11488675249989097,-0.10395226019635917,50,8.842704346534447e-12,5.305622607920668e-10
FPG_KARE,regression,RMSE,OutcomeSNN-FS,PGEE,-0.11808865263067837,-0.09132342064772292,50,1.0192735544478637e-11,6.013713971242396e-10
FPG_KARE,regression,RMSE,geeVerse,glmmLasso,-0.01995161836627336,-0.015130357277414852,50,0.01958777690517799,0.23505332286213587
FPG_KARE,regression,RMSE,geeVerse,PGEE,-0.02315351849706076,-0.023804122093295632,50,0.007380741603101981,0.1180918656496317
FPG_KARE,regression,RMSE,glmmLasso,PGEE,-0.0032019001307874006,0.006835275363576088,50,0.8109402812359416,1.0
GSE41848_MS,classification,AUROC,Lasso,ElasticNet,0.01683155270655273,0.0156517094017094,50,0.0004885945525092694,0.03127005136059324
GSE41848_MS,classification,AUROC,Lasso,StabilitySelection,0.021636752136752157,0.017485754985754998,50,1.7805245978053108e-05,0.0012819777104198238
GSE41848_MS,classification,AUROC,Lasso,Stabl-RP,0.01902136752136753,0.016577635327635287,50,0.0003378810943459598,0.022638033321179307
GSE41848_MS,classification,AUROC,Lasso,LongGroupLasso,0.00742984330484332,0.007416310541310589,50,0.1976349682926415,1.0
GSE41848_MS,classification,AUROC,Lasso,LLSS,0.017500712250712265,0.014405270655270641,50,0.002896310240339872,0.15060813249767335
GSE41848_MS,classification,AUROC,Lasso,RandomForest,0.0030854700854700988,0.001184116809116842,50,0.5210251168620434,1.0
GSE41848_MS,classification,AUROC,Lasso,MutualInfo,0.072613603988604,0.07415420227920222,50,1.9539925233402755e-13,1.6999734953060397e-11
GSE41848_MS,classification,AUROC,Lasso,Boruta,-0.00976175213675214,-0.011716524216524249,50,0.07885790741956278,1.0
GSE41848_MS,classification,AUROC,Lasso,mRMR,-0.003262464387464361,-0.0020388176638175826,50,0.5148085516941183,1.0
GSE41848_MS,classification,AUROC,Lasso,SNN-FS,0.003623931623931627,0.0022970085470085944,50,0.38817752503383396,1.0
GSE41848_MS,classification,AUROC,Lasso,OutcomeSNN-FS,-0.00737179487179485,-0.0034188034188034067,50,0.16001685587048975,1.0
GSE41848_MS,classification,AUROC,Lasso,glmmLasso,0.006279202279202294,0.006152065527065542,50,0.11899316465637515,1.0
GSE41848_MS,classification,AUROC,Lasso,PGEE,0.001086894586894589,-0.0002938034188035288,50,0.6321732707310517,1.0
GSE41848_MS,classification,AUROC,ElasticNet,StabilitySelection,0.004805199430199425,0.01047898860398866,50,0.24670076264106544,1.0
GSE41848_MS,classification,AUROC,ElasticNet,Stabl-RP,0.002189814814814801,0.0015847578347576996,50,0.6051405400941228,1.0
GSE41848_MS,classification,AUROC,ElasticNet,LongGroupLasso,-0.00940170940170941,-0.00910790598290595,50,0.13807290852462017,1.0
GSE41848_MS,classification,AUROC,ElasticNet,LLSS,0.0006691595441595344,-0.008208689458689522,50,0.9618478594751583,1.0
GSE41848_MS,classification,AUROC,ElasticNet,RandomForest,-0.013746082621082631,-0.006988960113960163,50,0.02237794255729675,0.9622515299637602
GSE41848_MS,classification,AUROC,ElasticNet,MutualInfo,0.05578205128205129,0.05316951566951572,50,3.489741828843762e-10,2.861588299651885e-08
GSE41848_MS,classification,AUROC,ElasticNet,Boruta,-0.026593304843304875,-0.024643874643874686,50,6.508990648690371e-05,0.004491203547596356
GSE41848_MS,classification,AUROC,ElasticNet,mRMR,-0.020094017094017095,-0.022257834757834827,50,0.0013800985654270903,0.08418601249105251
GSE41848_MS,classification,AUROC,ElasticNet,SNN-FS,-0.013207621082621104,-0.01024750712250716,50,0.001715436079566146,0.09777985653527033
GSE41848_MS,classification,AUROC,ElasticNet,OutcomeSNN-FS,-0.02420334757834758,-0.019391025641025628,50,0.000367116559868208,0.02422969295130173
GSE41848_MS,classification,AUROC,ElasticNet,glmmLasso,-0.010552350427350437,-0.012117165242165273,50,0.06780369678404519,1.0
GSE41848_MS,classification,AUROC,ElasticNet,PGEE,-0.015744658119658143,-0.014992877492877421,50,0.007714404049207369,0.3780057984111611
GSE41848_MS,classification,AUROC,StabilitySelection,Stabl-RP,-0.002615384615384624,-0.002537393162393098,50,0.6118509675549912,1.0
GSE41848_MS,classification,AUROC,StabilitySelection,LongGroupLasso,-0.014206908831908836,-0.016096866096866114,50,0.024847675451864504,1.0
GSE41848_MS,classification,AUROC,StabilitySelection,LLSS,-0.004136039886039891,-0.005849358974358954,50,0.46647302992520423,1.0
GSE41848_MS,classification,AUROC,StabilitySelection,RandomForest,-0.018551282051282057,-0.0180021367521368,50,0.001235703558341683,0.07661362061718435
GSE41848_MS,classification,AUROC,StabilitySelection,MutualInfo,0.05097685185185185,0.05098824786324785,50,1.080529443697742e-09,8.644235549581936e-08
GSE41848_MS,classification,AUROC,StabilitySelection,Boruta,-0.031398504273504296,-0.027982549857549888,50,2.2310435863204248e-06,0.00016732826897403186
GSE41848_MS,classification,AUROC,StabilitySelection,mRMR,-0.024899216524216516,-0.026575854700854606,50,4.6469730756726335e-05,0.0032528811529708435
GSE41848_MS,classification,AUROC,StabilitySelection,SNN-FS,-0.018012820512820528,-0.020405982905982945,50,0.0003887572930031904,0.025269224045207376
GSE41848_MS,classification,AUROC,StabilitySelection,OutcomeSNN-FS,-0.029008547008547002,-0.023103632478632452,50,1.206143563692308e-06,9.16669108406154e-05
GSE41848_MS,classification,AUROC,StabilitySelection,glmmLasso,-0.01535754985754986,-0.01521545584045575,50,0.00197803909377825,0.110770189251582
GSE41848_MS,classification,AUROC,StabilitySelection,PGEE,-0.020549857549857567,-0.019115028490028496,50,0.0002624791416003802,0.017848581628825855
GSE41848_MS,classification,AUROC,Stabl-RP,LongGroupLasso,-0.011591524216524212,-0.014405270655270641,50,0.031261656763490464,1.0
GSE41848_MS,classification,AUROC,Stabl-RP,LLSS,-0.0015206552706552667,-0.004273504273504314,50,0.546286897281925,1.0
GSE41848_MS,classification,AUROC,Stabl-RP,RandomForest,-0.015935897435897434,-0.016764601139601154,50,0.0021981232450851707,0.11869865523459922
GSE41848_MS,classification,AUROC,Stabl-RP,MutualInfo,0.05359223646723647,0.05383725071225065,50,7.65609797781508e-12,6.507683281142818e-10
GSE41848_MS,classification,AUROC,Stabl-RP,Boruta,-0.02878311965811967,-0.033903133903133875,50,6.710043898294771e-08,5.233834240669921e-06
GSE41848_MS,classification,AUROC,Stabl-RP,mRMR,-0.022283831908831892,-0.024367877492877388,50,2.191284211150446e-05,0.0015558117899168167
GSE41848_MS,classification,AUROC,Stabl-RP,SNN-FS,-0.015397435897435904,-0.012179487179487192,50,0.0022762251098509267,0.12063993082209912
GSE41848_MS,classification,AUROC,Stabl-RP,OutcomeSNN-FS,-0.02639316239316238,-0.026442307692307765,50,6.010637926934237e-06,0.00044478720659313353
GSE41848_MS,classification,AUROC,Stabl-RP,glmmLasso,-0.012742165242165237,-0.012028133903133842,50,0.008770301774992691,0.4209744851996492
GSE41848_MS,classification,AUROC,Stabl-RP,PGEE,-0.017934472934472943,-0.016737891737891808,50,0.0005197343287284574,0.03274326270989282
GSE41848_MS,classification,AUROC,LongGroupLasso,LLSS,0.010070868945868944,0.010523504273504292,50,0.10737600575610173,1.0
GSE41848_MS,classification,AUROC,LongGroupLasso,RandomForest,-0.004344373219373221,-0.007220441595441607,50,0.2999546071877397,1.0
GSE41848_MS,classification,AUROC,LongGroupLasso,MutualInfo,0.0651837606837607,0.0695601851851852,50,1.616786704516926e-10,1.3419329647490486e-08
GSE41848_MS,classification,AUROC,LongGroupLasso,Boruta,-0.01719159544159546,-0.010389957264957339,50,0.010235000033251859,0.4708100015295855
GSE41848_MS,classification,AUROC,LongGroupLasso,mRMR,-0.010692307692307682,-0.007754629629629584,50,0.05803543429142444,1.0
GSE41848_MS,classification,AUROC,LongGroupLasso,SNN-FS,-0.0038059116809116933,-0.004220085470085622,50,0.5335711137818162,1.0
GSE41848_MS,classification,AUROC,LongGroupLasso,OutcomeSNN-FS,-0.01480163817663817,-0.01305199430199433,50,0.0013800985654270903,0.08418601249105251
GSE41848_MS,classification,AUROC,LongGroupLasso,glmmLasso,-0.001150641025641026,0.002261396011396133,50,0.969474172425139,1.0
GSE41848_MS,classification,AUROC,LongGroupLasso,PGEE,-0.006342948717948731,0.0015046296296297168,50,0.4843032319103049,1.0
GSE41848_MS,classification,AUROC,LLSS,RandomForest,-0.014415242165242165,-0.01739672364672351,50,0.002896310240339872,0.15060813249767335
GSE41848_MS,classification,AUROC,LLSS,MutualInfo,0.055112891737891745,0.0542200854700855,50,1.34718902700115e-11,1.131638782680966e-09
GSE41848_MS,classification,AUROC,LLSS,Boruta,-0.0272624643874644,-0.02549857549857565,50,1.507920117660433e-07,1.1610984905985333e-05
GSE41848_MS,classification,AUROC,LLSS,mRMR,-0.02076317663817662,-0.020290242165242056,50,0.0015962870115284744,0.09258464666865152
GSE41848_MS,classification,AUROC,LLSS,SNN-FS,-0.013876780626780638,-0.020708689458689478,50,0.003913313547160513,0.19566567735802565
GSE41848_MS,classification,AUROC,LLSS,OutcomeSNN-FS,-0.024872507122507114,-0.028579059829059783,50,7.111603951059919e-06,0.0005191470884273741
GSE41848_MS,classification,AUROC,LLSS,glmmLasso,-0.01122150997150997,-0.012001424501424496,50,0.043975372036140215,1.0
GSE41848_MS,classification,AUROC,LLSS,PGEE,-0.016413817663817675,-0.01856303418803429,50,0.001539555129280501,0.09083375262754956
GSE41848_MS,classification,AUROC,RandomForest,MutualInfo,0.0695281339031339,0.07215099715099721,50,1.5588051849655002e-09,1.2314560961227453e-07
GSE41848_MS,classification,AUROC,RandomForest,Boruta,-0.012847222222222239,-0.008831908831908819,50,0.014479791748943427,0.6515906287024542
GSE41848_MS,classification,AUROC,RandomForest,mRMR,-0.00634793447293446,-0.0009704415954415735,50,0.2695104487517437,1.0
GSE41848_MS,classification,AUROC,RandomForest,SNN-FS,0.0005384615384615277,-0.0032496438746438816,50,0.9923668279164506,1.0
GSE41848_MS,classification,AUROC,RandomForest,OutcomeSNN-FS,-0.010457264957264949,-0.009107905982906006,50,0.05178623002471738,1.0
GSE41848_MS,classification,AUROC,RandomForest,glmmLasso,0.003193732193732195,0.005680199430199373,50,0.5335711137818162,1.0
GSE41848_MS,classification,AUROC,RandomForest,PGEE,-0.00199857549857551,-0.006899928774928676,50,0.5854692114990185,1.0
GSE41848_MS,classification,AUROC,MutualInfo,Boruta,-0.08237535612535617,-0.08069800569800578,50,1.7763568394002505e-15,1.616484723854228e-13
GSE41848_MS,classification,AUROC,MutualInfo,mRMR,-0.07587606837606836,-0.07394052706552712,50,8.27706850617583e-10,6.704425490002422e-08
GSE41848_MS,classification,AUROC,MutualInfo,SNN-FS,-0.06898967236467238,-0.06455662393162387,50,3.0890845437170356e-12,2.6566127075966506e-10
GSE41848_MS,classification,AUROC,MutualInfo,OutcomeSNN-FS,-0.07998539886039886,-0.08016381766381758,50,1.2434497875801753e-13,1.0942358130705543e-11
GSE41848_MS,classification,AUROC,MutualInfo,glmmLasso,-0.06633440170940172,-0.06966702279202269,50,5.861977570020827e-14,5.217160037318536e-12
GSE41848_MS,classification,AUROC,MutualInfo,PGEE,-0.07152670940170942,-0.07013888888888886,50,3.552713678800501e-15,3.197442310920451e-13
GSE41848_MS,classification,AUROC,Boruta,mRMR,0.006499287749287779,0.0005341880341880878,50,0.4262959591146398,1.0
GSE41848_MS,classification,AUROC,Boruta,SNN-FS,0.013385683760683767,0.012642450142450024,50,0.01958777690517799,0.8618621838278315
GSE41848_MS,classification,AUROC,Boruta,OutcomeSNN-FS,0.00238995726495729,0.0037393162393162815,50,0.5526669770606443,1.0
GSE41848_MS,classification,AUROC,Boruta,glmmLasso,0.016040954415954434,0.02053062678062678,50,0.0020406023145530493,0.1122331273004177
GSE41848_MS,classification,AUROC,Boruta,PGEE,0.01084864672364673,0.019043803418803462,50,0.008848884696840642,0.4209744851996492
GSE41848_MS,classification,AUROC,mRMR,SNN-FS,0.006886396011395988,0.0010416666666666075,50,0.27372721377670217,1.0
GSE41848_MS,classification,AUROC,mRMR,OutcomeSNN-FS,-0.004109330484330489,-0.005484330484330446,50,0.4723763440876976,1.0
GSE41848_MS,classification,AUROC,mRMR,glmmLasso,0.009541666666666655,0.012535612535612473,50,0.033687793845592395,1.0
GSE41848_MS,classification,AUROC,mRMR,PGEE,0.00434935897435895,-0.0014779202279204262,50,0.4547879869752496,1.0
GSE41848_MS,classification,AUROC,SNN-FS,OutcomeSNN-FS,-0.010995726495726476,-0.01164529914529927,50,0.027545164283727885,1.0
GSE41848_MS,classification,AUROC,SNN-FS,glmmLasso,0.002655270655270667,0.002305911680911543,50,0.3325668996889135,1.0
GSE41848_MS,classification,AUROC,SNN-FS,PGEE,-0.0025370370370370377,-0.0018607549857549421,50,0.559104623193516,1.0
GSE41848_MS,classification,AUROC,OutcomeSNN-FS,glmmLasso,0.013650997150997143,0.01946225071225066,50,0.026848578410895385,1.0
GSE41848_MS,classification,AUROC,OutcomeSNN-FS,PGEE,0.008458689458689439,0.012544515669515588,50,0.1156045718231283,1.0
GSE41848_MS,classification,AUROC,glmmLasso,PGEE,-0.005192307692307705,-0.006525997150997165,50,0.03205348601661129,1.0
GSE41849_MS,classification,AUROC,Lasso,ElasticNet,0.025519999999999998,0.01666666666666672,50,0.02242016338815764,0.7174452284210445
GSE41849_MS,classification,AUROC,Lasso,StabilitySelection,-0.03336,-0.03199999999999997,50,0.0025145767577028147,0.10812680058122104
GSE41849_MS,classification,AUROC,Lasso,Stabl-RP,-0.1488266666666667,-0.15000000000000002,50,8.275205653270656e-10,6.70743995606422e-08
GSE41849_MS,classification,AUROC,Lasso,LongGroupLasso,-0.14970666666666668,-0.15133333333333338,50,8.023852197739538e-10,6.70743995606422e-08
GSE41849_MS,classification,AUROC,Lasso,LLSS,-0.1658666666666667,-0.16800000000000004,50,7.536449388836203e-10,6.70743995606422e-08
GSE41849_MS,classification,AUROC,Lasso,RandomForest,-0.12864000000000003,-0.11933333333333324,50,9.057904604701287e-10,6.70743995606422e-08
GSE41849_MS,classification,AUROC,Lasso,MutualInfo,-0.15536,-0.16333333333333339,50,7.555220876380673e-10,6.70743995606422e-08
GSE41849_MS,classification,AUROC,Lasso,Boruta,-0.14000000000000004,-0.1346666666666667,50,7.555220876380673e-10,6.70743995606422e-08
GSE41849_MS,classification,AUROC,Lasso,mRMR,-0.15605333333333335,-0.14266666666666666,50,1.7763568394002505e-15,1.616484723854228e-13
GSE41849_MS,classification,AUROC,Lasso,SNN-FS,-0.03509333333333333,-0.037333333333333274,50,0.0011219269545492264,0.049364786000165965
GSE41849_MS,classification,AUROC,Lasso,OutcomeSNN-FS,-0.13448000000000002,-0.1246666666666667,50,1.0862799019512569e-09,6.70743995606422e-08
GSE41849_MS,classification,AUROC,Lasso,glmmLasso,-0.14621333333333333,-0.14133333333333337,50,9.063995250059829e-10,6.70743995606422e-08
GSE41849_MS,classification,AUROC,Lasso,PGEE,-0.14434666666666668,-0.13266666666666665,50,7.550097219539461e-10,6.70743995606422e-08
GSE41849_MS,classification,AUROC,ElasticNet,StabilitySelection,-0.05888,-0.07400000000000007,50,4.6323323764196236e-05,0.002223519540681419
GSE41849_MS,classification,AUROC,ElasticNet,Stabl-RP,-0.17434666666666668,-0.1733333333333334,50,3.552713678800501e-15,3.197442310920451e-13
GSE41849_MS,classification,AUROC,ElasticNet,LongGroupLasso,-0.17522666666666667,-0.18200000000000005,50,8.029280680234973e-10,6.70743995606422e-08
GSE41849_MS,classification,AUROC,ElasticNet,LLSS,-0.1913866666666667,-0.192,50,7.551804758280675e-10,6.70743995606422e-08
GSE41849_MS,classification,AUROC,ElasticNet,RandomForest,-0.15416000000000002,-0.14933333333333337,50,8.027470819789997e-10,6.70743995606422e-08
GSE41849_MS,classification,AUROC,ElasticNet,MutualInfo,-0.18088000000000004,-0.18733333333333335,50,7.550097219539461e-10,6.70743995606422e-08
GSE41849_MS,classification,AUROC,ElasticNet,Boruta,-0.16552000000000003,-0.16799999999999998,50,7.550097219539461e-10,6.70743995606422e-08
GSE41849_MS,classification,AUROC,ElasticNet,mRMR,-0.18157333333333334,-0.16866666666666663,50,7.553512643873762e-10,6.70743995606422e-08
GSE41849_MS,classification,AUROC,ElasticNet,SNN-FS,-0.06061333333333332,-0.04666666666666669,50,2.9158255783853097e-05,0.0014579127891926548
GSE41849_MS,classification,AUROC,ElasticNet,OutcomeSNN-FS,-0.16,-0.17333333333333334,50,8.027470819789997e-10,6.70743995606422e-08
GSE41849_MS,classification,AUROC,ElasticNet,glmmLasso,-0.17173333333333335,-0.17199999999999993,50,9.053846214817168e-10,6.70743995606422e-08
GSE41849_MS,classification,AUROC,ElasticNet,PGEE,-0.1698666666666667,-0.17133333333333334,50,7.553512643873762e-10,6.70743995606422e-08
GSE41849_MS,classification,AUROC,StabilitySelection,Stabl-RP,-0.11546666666666669,-0.10866666666666663,50,8.532308998540055e-10,6.70743995606422e-08
GSE41849_MS,classification,AUROC,StabilitySelection,LongGroupLasso,-0.11634666666666668,-0.11199999999999999,50,7.548390027588035e-10,6.70743995606422e-08
GSE41849_MS,classification,AUROC,StabilitySelection,LLSS,-0.13250666666666666,-0.1279999999999999,50,9.063995250059829e-10,6.70743995606422e-08
GSE41849_MS,classification,AUROC,StabilitySelection,RandomForest,-0.09528,-0.09133333333333343,50,2.4675916403146976e-09,1.2831476529636427e-07
GSE41849_MS,classification,AUROC,StabilitySelection,MutualInfo,-0.12200000000000003,-0.1193333333333334,50,8.027470819789997e-10,6.70743995606422e-08
GSE41849_MS,classification,AUROC,StabilitySelection,Boruta,-0.10664000000000001,-0.09466666666666673,50,1.7104272908725732e-09,9.065264641624637e-08
GSE41849_MS,classification,AUROC,StabilitySelection,mRMR,-0.12269333333333336,-0.1166666666666667,50,7.551804758280675e-10,6.70743995606422e-08
GSE41849_MS,classification,AUROC,StabilitySelection,SNN-FS,-0.0017333333333333267,0.007999999999999952,50,0.8506850558650346,1.0
GSE41849_MS,classification,AUROC,StabilitySelection,OutcomeSNN-FS,-0.10112,-0.09400000000000003,50,9.923725261244087e-10,6.70743995606422e-08
GSE41849_MS,classification,AUROC,StabilitySelection,glmmLasso,-0.11285333333333333,-0.10266666666666674,50,8.023852197739538e-10,6.70743995606422e-08
GSE41849_MS,classification,AUROC,StabilitySelection,PGEE,-0.11098666666666668,-0.10533333333333333,50,1.1185571909067585e-09,6.70743995606422e-08
GSE41849_MS,classification,AUROC,Stabl-RP,LongGroupLasso,-0.0008799999999999985,-0.0019999999999999463,50,0.7660799825326071,1.0
GSE41849_MS,classification,AUROC,Stabl-RP,LLSS,-0.017040000000000003,-0.01800000000000007,50,0.004141770208557663,0.17395434875942184
GSE41849_MS,classification,AUROC,Stabl-RP,RandomForest,0.020186666666666655,0.015333333333333365,50,0.015852512848585795,0.5302290774392703
GSE41849_MS,classification,AUROC,Stabl-RP,MutualInfo,-0.006533333333333342,-0.014666666666666661,50,0.12190582480029642,1.0
GSE41849_MS,classification,AUROC,Stabl-RP,Boruta,0.008826666666666663,0.012000000000000066,50,0.21477296949315716,1.0
GSE41849_MS,classification,AUROC,Stabl-RP,mRMR,-0.007226666666666682,-0.011333333333333417,50,0.3084638856459433,1.0
GSE41849_MS,classification,AUROC,Stabl-RP,SNN-FS,0.11373333333333335,0.11133333333333328,50,8.025661325646563e-10,6.70743995606422e-08
GSE41849_MS,classification,AUROC,Stabl-RP,OutcomeSNN-FS,0.014346666666666666,0.017333333333333256,50,0.01275053722204329,0.44626880277151515
GSE41849_MS,classification,AUROC,Stabl-RP,glmmLasso,0.002613333333333323,0.00599999999999995,50,0.3955930017624528,1.0
GSE41849_MS,classification,AUROC,Stabl-RP,PGEE,0.004479999999999995,0.0033333333333332993,50,0.3532536954005915,1.0
GSE41849_MS,classification,AUROC,LongGroupLasso,LLSS,-0.016160000000000004,-0.013333333333333364,50,0.02272736281655929,0.7174452284210445
GSE41849_MS,classification,AUROC,LongGroupLasso,RandomForest,0.021066666666666657,0.023999999999999966,50,0.006039610083264192,0.2295051831640393
GSE41849_MS,classification,AUROC,LongGroupLasso,MutualInfo,-0.0056533333333333435,-0.006666666666666599,50,0.40640857517690365,1.0
GSE41849_MS,classification,AUROC,LongGroupLasso,Boruta,0.009706666666666662,0.015999999999999903,50,0.09206290063719155,1.0
GSE41849_MS,classification,AUROC,LongGroupLasso,mRMR,-0.006346666666666683,-0.006000000000000061,50,0.2466814981191151,1.0
GSE41849_MS,classification,AUROC,LongGroupLasso,SNN-FS,0.11461333333333334,0.12266666666666665,50,8.273343176749264e-10,6.70743995606422e-08
GSE41849_MS,classification,AUROC,LongGroupLasso,OutcomeSNN-FS,0.015226666666666664,0.02200000000000002,50,0.007562253875847072,0.27980339340634164
GSE41849_MS,classification,AUROC,LongGroupLasso,glmmLasso,0.003493333333333322,0.005333333333333301,50,0.47796588164133647,1.0
GSE41849_MS,classification,AUROC,LongGroupLasso,PGEE,0.005359999999999993,0.0033333333333332993,50,0.5177615165462306,1.0
GSE41849_MS,classification,AUROC,LLSS,RandomForest,0.03722666666666666,0.04466666666666669,50,3.241727387181166e-05,0.0015884464197187713
GSE41849_MS,classification,AUROC,LLSS,MutualInfo,0.010506666666666662,0.004666666666666708,50,0.14385718852178378,1.0
GSE41849_MS,classification,AUROC,LLSS,Boruta,0.02586666666666667,0.03199999999999992,50,0.0001399088547747166,0.006575716174411679
GSE41849_MS,classification,AUROC,LLSS,mRMR,0.009813333333333323,0.019333333333333313,50,0.09467457483524737,1.0
GSE41849_MS,classification,AUROC,LLSS,SNN-FS,0.13077333333333332,0.12533333333333335,50,8.025661325646563e-10,6.70743995606422e-08
GSE41849_MS,classification,AUROC,LLSS,OutcomeSNN-FS,0.031386666666666674,0.026000000000000023,50,2.2068607666354497e-05,0.0011254989909840795
GSE41849_MS,classification,AUROC,LLSS,glmmLasso,0.019653333333333328,0.016000000000000014,50,0.00928543236318837,0.3342755650747813
GSE41849_MS,classification,AUROC,LLSS,PGEE,0.02152,0.023999999999999966,50,0.000507690830363788,0.02335377819673425
GSE41849_MS,classification,AUROC,RandomForest,MutualInfo,-0.026719999999999997,-0.026666666666666672,50,0.004401109069100142,0.1804454718331058
GSE41849_MS,classification,AUROC,RandomForest,Boruta,-0.011359999999999995,-0.014666666666666606,50,0.048347359786063054,1.0
GSE41849_MS,classification,AUROC,RandomForest,mRMR,-0.02741333333333334,-0.026666666666666672,50,0.000567130873150302,0.025520889291763587
GSE41849_MS,classification,AUROC,RandomForest,SNN-FS,0.09354666666666671,0.09333333333333338,50,9.049789456544107e-10,6.70743995606422e-08
GSE41849_MS,classification,AUROC,RandomForest,OutcomeSNN-FS,-0.005839999999999992,-0.010666666666666658,50,0.40642224297548246,1.0
GSE41849_MS,classification,AUROC,RandomForest,glmmLasso,-0.017573333333333337,-0.01266666666666666,50,0.07892145972303355,1.0
GSE41849_MS,classification,AUROC,RandomForest,PGEE,-0.01570666666666666,-0.0033333333333332993,50,0.06868612750538833,1.0
GSE41849_MS,classification,AUROC,MutualInfo,Boruta,0.015360000000000006,0.018000000000000016,50,0.015594972865860892,0.5302290774392703
GSE41849_MS,classification,AUROC,MutualInfo,mRMR,-0.0006933333333333391,-0.0019999999999998908,50,0.857547770520267,1.0
GSE41849_MS,classification,AUROC,MutualInfo,SNN-FS,0.1202666666666667,0.1133333333333334,50,9.338688224427828e-10,6.70743995606422e-08
GSE41849_MS,classification,AUROC,MutualInfo,OutcomeSNN-FS,0.02088000000000001,0.02133333333333337,50,0.005427940563774312,0.21711762255097247
GSE41849_MS,classification,AUROC,MutualInfo,glmmLasso,0.009146666666666666,-0.0006666666666667043,50,0.29855492421174856,1.0
GSE41849_MS,classification,AUROC,MutualInfo,PGEE,0.011013333333333337,0.013333333333333308,50,0.11009702115431008,1.0
GSE41849_MS,classification,AUROC,Boruta,mRMR,-0.016053333333333343,-0.01933333333333337,50,0.029663169057814222,0.8898950717344266
GSE41849_MS,classification,AUROC,Boruta,SNN-FS,0.10490666666666668,0.10666666666666669,50,1.4669572134596284e-09,8.068264674027957e-08
GSE41849_MS,classification,AUROC,Boruta,OutcomeSNN-FS,0.005520000000000002,-0.0026666666666667616,50,0.6709978616910459,1.0
GSE41849_MS,classification,AUROC,Boruta,glmmLasso,-0.00621333333333334,0.0006666666666666488,50,0.42738258038708754,1.0
GSE41849_MS,classification,AUROC,Boruta,PGEE,-0.004346666666666668,-0.007333333333333358,50,0.5624200248101605,1.0
GSE41849_MS,classification,AUROC,mRMR,SNN-FS,0.12096000000000001,0.1173333333333334,50,7.551804758280675e-10,6.70743995606422e-08
GSE41849_MS,classification,AUROC,mRMR,OutcomeSNN-FS,0.021573333333333347,0.018666666666666665,50,0.005769897789429264,0.22502601378774129
GSE41849_MS,classification,AUROC,mRMR,glmmLasso,0.009840000000000005,0.01200000000000001,50,0.09969202279932596,1.0
GSE41849_MS,classification,AUROC,mRMR,PGEE,0.011706666666666676,0.01866666666666672,50,0.11897167396020028,1.0
GSE41849_MS,classification,AUROC,SNN-FS,OutcomeSNN-FS,-0.09938666666666669,-0.09666666666666662,50,1.0867623080503283e-09,6.70743995606422e-08
GSE41849_MS,classification,AUROC,SNN-FS,glmmLasso,-0.11112000000000004,-0.11866666666666664,50,1.5581260292390283e-09,8.413880557890753e-08
GSE41849_MS,classification,AUROC,SNN-FS,PGEE,-0.10925333333333334,-0.1113333333333334,50,7.551804758280675e-10,6.70743995606422e-08
GSE41849_MS,classification,AUROC,OutcomeSNN-FS,glmmLasso,-0.011733333333333342,-0.011999999999999955,50,0.04554837882279342,1.0
GSE41849_MS,classification,AUROC,OutcomeSNN-FS,PGEE,-0.00986666666666667,-0.00666666666666671,50,0.19939664679271307,1.0
GSE41849_MS,classification,AUROC,glmmLasso,PGEE,0.001866666666666672,0.004666666666666652,50,0.6851384453325535,1.0
GSE48023_H1N1,regression,RMSE,Lasso,ElasticNet,-0.016472959106112683,-0.016697857790108683,50,0.0003107899432901462,0.01305317761818614
GSE48023_H1N1,regression,RMSE,Lasso,StabilitySelection,-0.00012914949233800766,-0.004858078707442148,50,0.8332778036429911,1.0
GSE48023_H1N1,regression,RMSE,Lasso,Stabl-RP,-0.06954451103558053,-0.06761126302325593,50,4.4941828036826337e-13,4.134648179388023e-11
GSE48023_H1N1,regression,RMSE,Lasso,LongGroupLasso,-0.014783166748765769,-0.01601270842749214,50,0.008085622213709343,0.25873991083869896
GSE48023_H1N1,regression,RMSE,Lasso,LLSS,-0.06395703473625503,-0.06333465114416303,50,4.440892098500626e-14,4.263256414560601e-12
GSE48023_H1N1,regression,RMSE,Lasso,RandomForest,0.00014344738151126802,-0.006008092535228937,50,0.9923668279164506,1.0
GSE48023_H1N1,regression,RMSE,Lasso,MutualInfo,-0.04091932953009149,-0.0437212805924031,50,5.572207957271758e-07,3.510491013081207e-05
GSE48023_H1N1,regression,RMSE,Lasso,Boruta,-0.0060202612644143505,-0.008163845296550232,50,0.1406841997467243,1.0
GSE48023_H1N1,regression,RMSE,Lasso,mRMR,-0.04695671700005736,-0.0446489820879824,50,1.4492140820721033e-09,1.1303869840162406e-07
GSE48023_H1N1,regression,RMSE,Lasso,SNN-FS,-0.0036418631262137733,-0.00278507693984531,50,0.5398998476772991,1.0
GSE48023_H1N1,regression,RMSE,Lasso,OutcomeSNN-FS,-0.010058592657706264,-0.008948900134591153,50,0.023585311964122724,0.683974046959559
GSE48023_H1N1,regression,RMSE,Lasso,geeVerse,-0.07286297795156212,-0.07320412363885176,50,1.7763568394002505e-15,1.865174681370263e-13
GSE48023_H1N1,regression,RMSE,Lasso,glmmLasso,-0.033968192944244885,-0.024970404653039124,50,1.3054913772236887e-07,8.746792227398714e-06
GSE48023_H1N1,regression,RMSE,Lasso,PGEE,-0.038872279785145195,-0.03597584407736376,50,7.798730550234723e-08,5.459111385164306e-06
GSE48023_H1N1,regression,RMSE,ElasticNet,StabilitySelection,0.016343809613774674,0.012502036146573414,50,0.007380741603101981,0.24356447290236538
GSE48023_H1N1,regression,RMSE,ElasticNet,Stabl-RP,-0.05307155192946786,-0.05424057914625757,50,9.07522945681194e-11,7.4416881545857905e-09
GSE48023_H1N1,regression,RMSE,ElasticNet,LongGroupLasso,0.0016897923573469154,0.0015299640108387136,50,0.9010179923007229,1.0
GSE48023_H1N1,regression,RMSE,ElasticNet,LLSS,-0.04748407563014235,-0.04726422324487056,50,3.489741828843762e-10,2.756896044786572e-08
GSE48023_H1N1,regression,RMSE,ElasticNet,RandomForest,0.016616406487623952,0.013599052167622472,50,0.002614123910062105,0.09933670858235999
GSE48023_H1N1,regression,RMSE,ElasticNet,MutualInfo,-0.02444637042397881,-0.02446370895852057,50,0.0007261627070427323,0.029046508281709293
GSE48023_H1N1,regression,RMSE,ElasticNet,Boruta,0.010452697841698333,0.01417577119570368,50,0.04944640680060175,1.0
GSE48023_H1N1,regression,RMSE,ElasticNet,mRMR,-0.030483757893944675,-0.031614475267246034,50,7.946967700789287e-06,0.0004132423204410429
GSE48023_H1N1,regression,RMSE,ElasticNet,SNN-FS,0.01283109597989891,0.009027135629384175,50,0.0035436448551049438,0.13111485963888292
GSE48023_H1N1,regression,RMSE,ElasticNet,OutcomeSNN-FS,0.006414366448406419,0.004675434638800824,50,0.18768390417341507,1.0
GSE48023_H1N1,regression,RMSE,ElasticNet,geeVerse,-0.056390018845449426,-0.0544346219198254,50,3.6148861681795097e-12,3.1449509663161734e-10
GSE48023_H1N1,regression,RMSE,ElasticNet,glmmLasso,-0.017495233838132198,-0.015473931838746346,50,0.0035436448551049438,0.13111485963888292
GSE48023_H1N1,regression,RMSE,ElasticNet,PGEE,-0.02239932067903251,-0.020933687990698835,50,0.0010251160635235124,0.03997952647741698
GSE48023_H1N1,regression,RMSE,StabilitySelection,Stabl-RP,-0.06941536154324252,-0.06787591596823062,50,1.7687185049908294e-11,1.4857235441922967e-09
GSE48023_H1N1,regression,RMSE,StabilitySelection,LongGroupLasso,-0.014654017256427761,-0.018590063110567767,50,0.017575449774248852,0.5448389430017144
GSE48023_H1N1,regression,RMSE,StabilitySelection,LLSS,-0.06382788524391701,-0.06663236186715771,50,1.3535839116229909e-12,1.2182255204606918e-10
GSE48023_H1N1,regression,RMSE,StabilitySelection,RandomForest,0.00027259687384927566,0.0015677729957943587,50,0.9923668279164506,1.0
GSE48023_H1N1,regression,RMSE,StabilitySelection,MutualInfo,-0.04079018003775348,-0.03890405170780409,50,3.486415511844143e-07,2.2313059275802516e-05
GSE48023_H1N1,regression,RMSE,StabilitySelection,Boruta,-0.005891111772076343,-0.008182028114674389,50,0.2260100302518655,1.0
GSE48023_H1N1,regression,RMSE,StabilitySelection,mRMR,-0.046827567507719346,-0.03887676634932802,50,5.802245794939154e-09,4.4677292621031484e-07
GSE48023_H1N1,regression,RMSE,StabilitySelection,SNN-FS,-0.003512713633875766,-0.003532545289575695,50,0.5148085516941183,1.0
GSE48023_H1N1,regression,RMSE,StabilitySelection,OutcomeSNN-FS,-0.009929443165368257,-0.009953399463321189,50,0.06780369678404519,1.0
GSE48023_H1N1,regression,RMSE,StabilitySelection,geeVerse,-0.0727338284592241,-0.0653342149447177,50,8.881784197001252e-15,8.970602038971265e-13
GSE48023_H1N1,regression,RMSE,StabilitySelection,glmmLasso,-0.03383904345190687,-0.03864784154613665,50,2.2310435863204248e-06,0.00012940052800658464
GSE48023_H1N1,regression,RMSE,StabilitySelection,PGEE,-0.03874313029280719,-0.04545480878638253,50,9.979758868183808e-07,6.187450498273961e-05
GSE48023_H1N1,regression,RMSE,Stabl-RP,LongGroupLasso,0.05476134428681476,0.05419950129901108,50,3.0020430585864233e-13,2.7919000444853737e-11
GSE48023_H1N1,regression,RMSE,Stabl-RP,LLSS,0.005587476299325509,0.009901735106410348,50,0.054216182330456775,1.0
GSE48023_H1N1,regression,RMSE,Stabl-RP,RandomForest,0.06968795841709179,0.07038645895217588,50,1.7763568394002505e-15,1.865174681370263e-13
GSE48023_H1N1,regression,RMSE,Stabl-RP,MutualInfo,0.028625181505489036,0.02125279575240102,50,1.0451820186219152e-05,0.0005330428294971767
GSE48023_H1N1,regression,RMSE,Stabl-RP,Boruta,0.06352424977116618,0.06189307860060811,50,2.433608869978343e-13,2.2875923377796425e-11
GSE48023_H1N1,regression,RMSE,Stabl-RP,mRMR,0.02258779403552317,0.021252518966555556,50,5.374574670646837e-05,0.0025260500952040132
GSE48023_H1N1,regression,RMSE,Stabl-RP,SNN-FS,0.06590264790936676,0.06930167517245966,50,2.239985974483716e-12,1.993587517290507e-10
GSE48023_H1N1,regression,RMSE,Stabl-RP,OutcomeSNN-FS,0.05948591837787427,0.05236898290463621,50,2.6343371928305714e-12,2.3182167296909029e-10
GSE48023_H1N1,regression,RMSE,Stabl-RP,geeVerse,-0.0033184669159815796,-0.00432544806705748,50,0.6390094850461736,1.0
GSE48023_H1N1,regression,RMSE,Stabl-RP,glmmLasso,0.03557631809133565,0.037337164142405066,50,3.348859145546612e-08,2.478155767704493e-06
GSE48023_H1N1,regression,RMSE,Stabl-RP,PGEE,0.030672231250435337,0.02825622661992988,50,2.4721383162784605e-07,1.6068899055809993e-05
GSE48023_H1N1,regression,RMSE,LongGroupLasso,LLSS,-0.04917386798748925,-0.04798126440904338,50,1.5631940186722204e-13,1.4850343177386094e-11
GSE48023_H1N1,regression,RMSE,LongGroupLasso,RandomForest,0.014926614130277037,0.017658184385107467,50,0.005758302166270823,0.195782273653208
GSE48023_H1N1,regression,RMSE,LongGroupLasso,MutualInfo,-0.026136162781325724,-0.03255633058648588,50,0.0002409992117797799,0.010362966106530536
GSE48023_H1N1,regression,RMSE,LongGroupLasso,Boruta,0.008762905484351418,0.006047143973583746,50,0.1255634661063354,1.0
GSE48023_H1N1,regression,RMSE,LongGroupLasso,mRMR,-0.032173550251291594,-0.03190098590776547,50,8.403119267086367e-08,5.71412110161873e-06
GSE48023_H1N1,regression,RMSE,LongGroupLasso,SNN-FS,0.011141303622551994,0.0073987577000997895,50,0.08054833435456032,1.0
GSE48023_H1N1,regression,RMSE,LongGroupLasso,OutcomeSNN-FS,0.004724574091059503,0.004903331973377223,50,0.5852066143769612,1.0
GSE48023_H1N1,regression,RMSE,LongGroupLasso,geeVerse,-0.05807981120279633,-0.056367911373914614,50,2.4868995751603507e-14,2.462030579408747e-12
GSE48023_H1N1,regression,RMSE,LongGroupLasso,glmmLasso,-0.019185026195479113,-0.021338752123756133,50,0.000367116559868208,0.015051778954596529
GSE48023_H1N1,regression,RMSE,LongGroupLasso,PGEE,-0.024089113036379426,-0.031425708726793844,50,5.9166993136017254e-05,0.0027216816842567937
GSE48023_H1N1,regression,RMSE,LLSS,RandomForest,0.06410048211776628,0.05825395728000238,50,1.7763568394002505e-15,1.865174681370263e-13
GSE48023_H1N1,regression,RMSE,LLSS,MutualInfo,0.02303770520616353,0.02474929816475646,50,0.0001941578147395262,0.008542943848539153
GSE48023_H1N1,regression,RMSE,LLSS,Boruta,0.05793677347184067,0.05408393354591301,50,2.4868995751603507e-14,2.462030579408747e-12
GSE48023_H1N1,regression,RMSE,LLSS,mRMR,0.01700031773619766,0.01643410684402269,50,0.0035436448551049438,0.13111485963888292
GSE48023_H1N1,regression,RMSE,LLSS,SNN-FS,0.06031517161004125,0.05390514609747887,50,4.9116266609416925e-12,4.2239989284098556e-10
GSE48023_H1N1,regression,RMSE,LLSS,OutcomeSNN-FS,0.05389844207854876,0.05359095314272344,50,7.65609797781508e-12,6.507683281142818e-10
GSE48023_H1N1,regression,RMSE,LLSS,geeVerse,-0.008905943215307088,-0.0076049958590794775,50,0.055465717070337206,1.0
GSE48023_H1N1,regression,RMSE,LLSS,glmmLasso,0.02998884179201014,0.023922332596105877,50,2.1499046276574063e-07,1.4189370542538882e-05
GSE48023_H1N1,regression,RMSE,LLSS,PGEE,0.025084754951109827,0.02070216002174874,50,4.521505763577238e-06,0.00023963980546959363
GSE48023_H1N1,regression,RMSE,RandomForest,MutualInfo,-0.04106277691160276,-0.04722268503026483,50,1.757493883758343e-08,1.3181204128187574e-06
GSE48023_H1N1,regression,RMSE,RandomForest,Boruta,-0.006163708645925619,-0.00968719367070714,50,0.10737600575610173,1.0
GSE48023_H1N1,regression,RMSE,RandomForest,mRMR,-0.04710016438156863,-0.05360343983132365,50,3.40367733997482e-11,2.8250521921791005e-09
GSE48023_H1N1,regression,RMSE,RandomForest,SNN-FS,-0.0037853105077250413,-0.002348299428060141,50,0.4843032319103049,1.0
GSE48023_H1N1,regression,RMSE,RandomForest,OutcomeSNN-FS,-0.010202040039217533,-0.007314115481708683,50,0.07885790741956278,1.0
GSE48023_H1N1,regression,RMSE,RandomForest,geeVerse,-0.07300642533307337,-0.06991537298267925,50,3.552713678800501e-15,3.623767952376511e-13
GSE48023_H1N1,regression,RMSE,RandomForest,glmmLasso,-0.03411164032575615,-0.035018753072542874,50,7.798730550234723e-08,5.459111385164306e-06
GSE48023_H1N1,regression,RMSE,RandomForest,PGEE,-0.03901572716665646,-0.04159717901860971,50,3.134559278805682e-10,2.5076474230445456e-08
GSE48023_H1N1,regression,RMSE,MutualInfo,Boruta,0.034899068265677145,0.029878335754434104,50,4.268415494834699e-06,0.00023476285221590842
GSE48023_H1N1,regression,RMSE,MutualInfo,mRMR,-0.0060373874699658665,-0.006693415071714726,50,0.35718707191412413,1.0
GSE48023_H1N1,regression,RMSE,MutualInfo,SNN-FS,0.03727746640387772,0.02773152326306294,50,2.5552926345540072e-05,0.0012776463172770036
GSE48023_H1N1,regression,RMSE,MutualInfo,OutcomeSNN-FS,0.03086073687238523,0.03801995384611423,50,0.00015581408102782746,0.0070116336462522355
GSE48023_H1N1,regression,RMSE,MutualInfo,geeVerse,-0.03194364842147061,-0.03682270359898776,50,1.4543591948523726e-06,8.726155169114236e-05
GSE48023_H1N1,regression,RMSE,MutualInfo,glmmLasso,0.006951136585846611,0.011405726334424715,50,0.2571237847552261,1.0
GSE48023_H1N1,regression,RMSE,MutualInfo,PGEE,0.0020470497449462987,-0.003047948842208714,50,0.8035269768960163,1.0
GSE48023_H1N1,regression,RMSE,Boruta,mRMR,-0.040936455735643,-0.03761204452711808,50,1.2871659293978155e-10,1.0426044028122305e-08
GSE48023_H1N1,regression,RMSE,Boruta,SNN-FS,0.002378398138200577,0.00793521861909352,50,0.6947463342363385,1.0
GSE48023_H1N1,regression,RMSE,Boruta,OutcomeSNN-FS,-0.004038331393291914,-0.005148662849849495,50,0.5024899674262855,1.0
GSE48023_H1N1,regression,RMSE,Boruta,geeVerse,-0.06684271668714775,-0.06391337682073062,50,2.4868995751603507e-14,2.462030579408747e-12
GSE48023_H1N1,regression,RMSE,Boruta,glmmLasso,-0.02794793167983053,-0.02755160464959261,50,1.206143563692308e-06,7.357475738523078e-05
GSE48023_H1N1,regression,RMSE,Boruta,PGEE,-0.032852018520730844,-0.03355890499422032,50,4.945666454148068e-08,3.511423182445128e-06
GSE48023_H1N1,regression,RMSE,mRMR,SNN-FS,0.04331485387384358,0.0464527925386613,50,4.2364032282193875e-08,3.050210324317959e-06
GSE48023_H1N1,regression,RMSE,mRMR,OutcomeSNN-FS,0.036898124342351096,0.0340875839786865,50,2.2310435863204248e-06,0.00012940052800658464
GSE48023_H1N1,regression,RMSE,mRMR,geeVerse,-0.02590626095150475,-0.027008500856881557,50,4.268415494834699e-06,0.00023476285221590842
GSE48023_H1N1,regression,RMSE,mRMR,glmmLasso,0.012988524055812477,0.018810982674857146,50,0.01806109651468013,0.5448389430017144
GSE48023_H1N1,regression,RMSE,mRMR,PGEE,0.008084437214912166,0.006374383212316204,50,0.11848533640686121,1.0
GSE48023_H1N1,regression,RMSE,SNN-FS,OutcomeSNN-FS,-0.006416729531492491,-0.012261045336538823,50,0.07237748012944856,1.0
GSE48023_H1N1,regression,RMSE,SNN-FS,geeVerse,-0.06922111482534833,-0.07007781303099014,50,8.881784197001252e-15,8.970602038971265e-13
GSE48023_H1N1,regression,RMSE,SNN-FS,glmmLasso,-0.030326329818031107,-0.030343491881226425,50,1.5471859846627467e-06,9.128397309510206e-05
GSE48023_H1N1,regression,RMSE,SNN-FS,PGEE,-0.035230416658931424,-0.027879705743933503,50,2.36936675790389e-06,0.00013268453844261785
GSE48023_H1N1,regression,RMSE,OutcomeSNN-FS,geeVerse,-0.06280438529385585,-0.05484748854916188,50,4.4941828036826337e-13,4.134648179388023e-11
GSE48023_H1N1,regression,RMSE,OutcomeSNN-FS,glmmLasso,-0.023909600286538615,-0.025700841106855665,50,3.818192634774675e-05,0.001870914391039591
GSE48023_H1N1,regression,RMSE,OutcomeSNN-FS,PGEE,-0.02881368712743893,-0.022989574460122286,50,4.011462634423424e-05,0.0019255020645232435
GSE48023_H1N1,regression,RMSE,geeVerse,glmmLasso,0.038894785007317224,0.03155732898636143,50,3.623269506647375e-08,2.644986739852584e-06
GSE48023_H1N1,regression,RMSE,geeVerse,PGEE,0.033990698166416915,0.02922056618426483,50,8.22989321136447e-09,6.254718840636997e-07
GSE48023_H1N1,regression,RMSE,glmmLasso,PGEE,-0.004904086840900312,-0.0076817462796987535,50,0.31832456588976044,1.0
IGG,regression,RMSE,Lasso,ElasticNet,0.00549858503729951,0.005545060169153293,50,0.0005510827602233093,0.028656303531612082
IGG,regression,RMSE,Lasso,StabilitySelection,0.0014411687693015774,0.0011963573342096967,50,0.4490067617286915,1.0
IGG,regression,RMSE,Lasso,Stabl-RP,0.0028054394599921918,0.0028202708282375477,50,0.008333363871146915,0.3416679187170235
IGG,regression,RMSE,Lasso,LongGroupLasso,0.0003293671351450378,0.0017436742291037644,50,0.5786292137562761,1.0
IGG,regression,RMSE,Lasso,LLSS,0.0032461802964355657,0.003545184137378532,50,0.04830953815983641,1.0
IGG,regression,RMSE,Lasso,RandomForest,0.001329923926456793,0.000902383793168926,50,0.2866420365460076,1.0
IGG,regression,RMSE,Lasso,MutualInfo,0.006985829729705846,0.0073961779073043465,50,1.5207189122179443e-05,0.0009580529146973049
IGG,regression,RMSE,Lasso,Boruta,0.0013217422064255246,0.0019614607613239188,50,0.31366564109611517,1.0
IGG,regression,RMSE,Lasso,mRMR,0.002915522901587322,0.003102787059635681,50,0.009116960633276605,0.3646784253310642
IGG,regression,RMSE,Lasso,SNN-FS,0.00025083985448615565,-0.0016596537220053276,50,0.8858855663449852,1.0
IGG,regression,RMSE,Lasso,OutcomeSNN-FS,-0.012041538669985127,-0.010612949856437626,50,3.6148861681795097e-12,3.397992998088739e-10
IGG,regression,RMSE,Lasso,geeVerse,0.011185392012499438,0.013910391056703886,50,1.4895306321704993e-08,1.1469385867712845e-06
IGG,regression,RMSE,Lasso,glmmLasso,-0.004176989870295242,-0.0022968365155406345,50,0.016185270214664982,0.5988549979426043
IGG,regression,RMSE,Lasso,PGEE,-0.008116208096893037,-0.0075736433253051905,50,5.572207957271758e-07,3.789101410944795e-05
IGG,regression,RMSE,ElasticNet,StabilitySelection,-0.004057416267997933,-0.005786567742913529,50,0.003099259960384515,0.13946669821730318
IGG,regression,RMSE,ElasticNet,Stabl-RP,-0.002693145577307319,-0.0033027081060728047,50,0.0054056035788701,0.23244095389141428
IGG,regression,RMSE,ElasticNet,LongGroupLasso,-0.005169217902154473,-0.0069302827835996395,50,5.9166993136017254e-05,0.0035500195881610352
IGG,regression,RMSE,ElasticNet,LLSS,-0.002252404740863945,-0.0029207277938698706,50,0.033687793845592395,1.0
IGG,regression,RMSE,ElasticNet,RandomForest,-0.0041686611108427175,-0.004182326624146693,50,0.0024399375469918994,0.11223712716162737
IGG,regression,RMSE,ElasticNet,MutualInfo,0.0014872446924063354,0.002002702368815501,50,0.27372721377670217,1.0
IGG,regression,RMSE,ElasticNet,Boruta,-0.004176842830873986,-0.0019643064177237712,50,0.02122367163684835,0.7428285072896923
IGG,regression,RMSE,ElasticNet,mRMR,-0.0025830621357121886,-0.0030854188207570243,50,0.02237794255729675,0.7608500469480894
IGG,regression,RMSE,ElasticNet,SNN-FS,-0.005247745182813355,-0.003218729606298487,50,0.0005734773907004609,0.029247346925723505
IGG,regression,RMSE,ElasticNet,OutcomeSNN-FS,-0.01754012370728464,-0.014721262511066258,50,1.2434497875801753e-14,1.2434497875801753e-12
IGG,regression,RMSE,ElasticNet,geeVerse,0.005686806975199927,0.005445611220266988,50,0.00032407658280853013,0.017500135471660627
IGG,regression,RMSE,ElasticNet,glmmLasso,-0.009675574907594752,-0.00868846937535167,50,1.757493883758343e-08,1.3356953516563408e-06
IGG,regression,RMSE,ElasticNet,PGEE,-0.013614793134192546,-0.014792962390999309,50,4.3148595807451784e-10,3.753927835248305e-08
IGG,regression,RMSE,StabilitySelection,Stabl-RP,0.0013642706906906144,0.000880906702242279,50,0.2910353177271219,1.0
IGG,regression,RMSE,StabilitySelection,LongGroupLasso,-0.0011118016341565395,-0.0013342083352746448,50,0.3230277659528582,1.0
IGG,regression,RMSE,StabilitySelection,LLSS,0.0018050115271339884,0.0023172347978352437,50,0.11848533640686121,1.0
IGG,regression,RMSE,StabilitySelection,RandomForest,-0.0001112448428447843,-0.0006212427651640651,50,0.9010179923007229,1.0
IGG,regression,RMSE,StabilitySelection,MutualInfo,0.005544660960404268,0.008150978966814049,50,0.0002624791416003802,0.014698831929621292
IGG,regression,RMSE,StabilitySelection,Boruta,-0.00011942656287605268,0.0013514869362370452,50,0.5526669770606443,1.0
IGG,regression,RMSE,StabilitySelection,mRMR,0.0014743541322857446,0.0011357841119978285,50,0.2954728324166016,1.0
IGG,regression,RMSE,StabilitySelection,SNN-FS,-0.0011903289148154216,-0.0011214427340290323,50,0.215052456193769,1.0
IGG,regression,RMSE,StabilitySelection,OutcomeSNN-FS,-0.013482707439286706,-0.011083191214231458,50,3.0020430585864233e-13,2.9119817668288306e-11
IGG,regression,RMSE,StabilitySelection,geeVerse,0.009744223243197861,0.009636893576938865,50,9.772863407420118e-09,7.622833457787692e-07
IGG,regression,RMSE,StabilitySelection,glmmLasso,-0.00561815863959682,-0.005867519252792386,50,0.0003107899432901462,0.01709344688095804
IGG,regression,RMSE,StabilitySelection,PGEE,-0.009557376866194614,-0.009190765176330384,50,2.649707155910619e-07,1.828297937578327e-05
IGG,regression,RMSE,Stabl-RP,LongGroupLasso,-0.0024760723248471537,-0.0028610678866108352,50,0.005579489549422334,0.23433856107573803
IGG,regression,RMSE,Stabl-RP,LLSS,0.00044074083644337405,0.000732403962809991,50,0.47831983611594175,1.0
IGG,regression,RMSE,Stabl-RP,RandomForest,-0.0014755155335353987,0.00014145610950611065,50,0.4262959591146398,1.0
IGG,regression,RMSE,Stabl-RP,MutualInfo,0.004180390269713654,0.006106349109507192,50,0.0014846473444478647,0.06977842518904964
IGG,regression,RMSE,Stabl-RP,Boruta,-0.001483697253566667,-0.0016004647962786223,50,0.32777522027848605,1.0
IGG,regression,RMSE,Stabl-RP,mRMR,0.00011008344159513017,0.0017197060734139291,50,0.7304479390240814,1.0
IGG,regression,RMSE,Stabl-RP,SNN-FS,-0.002554599605506036,-0.0008805685652830131,50,0.09513333936720869,1.0
IGG,regression,RMSE,Stabl-RP,OutcomeSNN-FS,-0.014846978129977319,-0.015085534450639648,50,8.881784197001252e-15,8.970602038971265e-13
IGG,regression,RMSE,Stabl-RP,geeVerse,0.008379952552507246,0.008066343802284381,50,1.4492140820721033e-09,1.2028476881198458e-07
IGG,regression,RMSE,Stabl-RP,glmmLasso,-0.006982429330287434,-0.005603406061762073,50,3.623269506647375e-08,2.644986739852584e-06
IGG,regression,RMSE,Stabl-RP,PGEE,-0.010921647556885229,-0.010873651589390243,50,2.994404724177002e-11,2.754852346242842e-09
IGG,regression,RMSE,LongGroupLasso,LLSS,0.002916813161290528,0.002494534195999709,50,0.009674503529771172,0.3773056376610757
IGG,regression,RMSE,LongGroupLasso,RandomForest,0.0010005567913117552,0.0006553436725129647,50,0.5086300594933544,1.0
IGG,regression,RMSE,LongGroupLasso,MutualInfo,0.006656462594560808,0.008241483631526103,50,5.6804637029728156e-06,0.000369230140693233
IGG,regression,RMSE,LongGroupLasso,Boruta,0.000992375071280487,0.0029114680398376613,50,0.30905100446984335,1.0
IGG,regression,RMSE,LongGroupLasso,mRMR,0.002586155766442284,0.002105124720716056,50,0.016637745581261854,0.5989588409254267
IGG,regression,RMSE,LongGroupLasso,SNN-FS,-7.852728065888215e-05,0.0018485745549856047,50,0.9389922173111831,1.0
IGG,regression,RMSE,LongGroupLasso,OutcomeSNN-FS,-0.012370905805130165,-0.010824540935427951,50,1.6058265828178264e-12,1.525535253676935e-10
IGG,regression,RMSE,LongGroupLasso,geeVerse,0.0108560248773544,0.010876263153868582,50,5.318447904301138e-10,4.520680718655967e-08
IGG,regression,RMSE,LongGroupLasso,glmmLasso,-0.00450635700544028,-0.00398013349488241,50,0.001235703558341683,0.06054947435874247
IGG,regression,RMSE,LongGroupLasso,PGEE,-0.008445575232038073,-0.008029243502297057,50,2.81308842886574e-09,2.3067325116699067e-07
IGG,regression,RMSE,LLSS,RandomForest,-0.0019162563699787727,-0.0014812387385070291,50,0.11848533640686121,1.0
IGG,regression,RMSE,LLSS,MutualInfo,0.00373964943327028,0.004801012647458802,50,0.0002409992117797799,0.013736955071447454
IGG,regression,RMSE,LLSS,Boruta,-0.001924438090010041,0.0009856842776209684,50,0.34720687274462314,1.0
IGG,regression,RMSE,LLSS,mRMR,-0.0003306573948482439,-0.0001378190126899992,50,0.8707939059443142,1.0
IGG,regression,RMSE,LLSS,SNN-FS,-0.00299534044194941,-0.0021164702379189992,50,0.04944640680060175,1.0
IGG,regression,RMSE,LLSS,OutcomeSNN-FS,-0.015287718966420694,-0.014384647716544519,50,9.769962616701378e-14,9.57456336436735e-12
IGG,regression,RMSE,LLSS,geeVerse,0.007939211716063871,0.0077060293216196785,50,3.094002387626915e-08,2.2895617668439172e-06
IGG,regression,RMSE,LLSS,glmmLasso,-0.007423170166730808,-0.007260331293096944,50,2.4721383162784605e-07,1.7304968213949223e-05
IGG,regression,RMSE,LLSS,PGEE,-0.011362388393328602,-0.01291027304627096,50,1.7687185049908294e-11,1.6449082096414713e-09
IGG,regression,RMSE,RandomForest,MutualInfo,0.0056559058032490525,0.005377809537374101,50,4.028586058524297e-06,0.0002658866798626036
IGG,regression,RMSE,RandomForest,Boruta,-8.18172003126838e-06,-5.5766901808251834e-05,50,0.8332778036429911,1.0
IGG,regression,RMSE,RandomForest,mRMR,0.0015855989751305288,0.0019437339444261514,50,0.16588679879439283,1.0
IGG,regression,RMSE,RandomForest,SNN-FS,-0.0010790840719706375,-0.0011489409881798585,50,0.5655778099255286,1.0
IGG,regression,RMSE,RandomForest,OutcomeSNN-FS,-0.01337146259644192,-0.014854477746640893,50,1.1467804483800137e-10,1.0435702080258125e-08
IGG,regression,RMSE,RandomForest,geeVerse,0.009855468086042644,0.010401934216874631,50,2.81308842886574e-09,2.3067325116699067e-07
IGG,regression,RMSE,RandomForest,glmmLasso,-0.0055069137967520354,-0.005477295770342061,50,0.0004506016805585489,0.02388188906960309
IGG,regression,RMSE,RandomForest,PGEE,-0.009446132023349828,-0.00927499607203891,50,3.623269506647375e-08,2.644986739852584e-06
IGG,regression,RMSE,MutualInfo,Boruta,-0.005664087523280321,-0.004908269480200234,50,5.9166993136017254e-05,0.0035500195881610352
IGG,regression,RMSE,MutualInfo,mRMR,-0.004070306828118524,-0.004787475002224262,50,0.0013303578723942167,0.0638571778749224
IGG,regression,RMSE,MutualInfo,SNN-FS,-0.00673498987521969,-0.006069638603165672,50,4.878706765687468e-05,0.0029760111270693557
IGG,regression,RMSE,MutualInfo,OutcomeSNN-FS,-0.019027368399690974,-0.019455494807967433,50,4.440892098500626e-14,4.39648317751562e-12
IGG,regression,RMSE,MutualInfo,geeVerse,0.004199562282793592,0.0026170534161134573,50,0.0007261627070427323,0.03630813535213662
IGG,regression,RMSE,MutualInfo,glmmLasso,-0.011162819600001088,-0.011166683653388132,50,4.3148595807451784e-10,3.753927835248305e-08
IGG,regression,RMSE,MutualInfo,PGEE,-0.015102037826598882,-0.015659700747065852,50,5.453415496958769e-13,5.235278877080418e-11
IGG,regression,RMSE,Boruta,mRMR,0.0015937806951617972,0.00024580026810827604,50,0.4375680954084249,1.0
IGG,regression,RMSE,Boruta,SNN-FS,-0.001070902351939369,-0.0009860875657341506,50,0.46647302992520423,1.0
IGG,regression,RMSE,Boruta,OutcomeSNN-FS,-0.013363280876410652,-0.013477911818515043,50,1.4432899320127035e-10,1.2989609388114332e-08
IGG,regression,RMSE,Boruta,geeVerse,0.009863649806073913,0.007584244324443323,50,3.8819791825517314e-10,3.4161416806455236e-08
IGG,regression,RMSE,Boruta,glmmLasso,-0.005498732076720767,-0.0059019907876456945,50,0.00014903614355255002,0.008644096326047901
IGG,regression,RMSE,Boruta,PGEE,-0.00943795030331856,-0.010728453929159054,50,1.9077969426462005e-08,1.4308477069846504e-06
IGG,regression,RMSE,mRMR,SNN-FS,-0.002664683047101166,-0.0029765162470489215,50,0.02616696817119646,0.8635099496494831
IGG,regression,RMSE,mRMR,OutcomeSNN-FS,-0.01495706157157245,-0.013624882561127094,50,1.7763568394002505e-15,1.865174681370263e-13
IGG,regression,RMSE,mRMR,geeVerse,0.008269869110912115,0.007393710471961246,50,3.0854181432005134e-09,2.468334514560411e-07
IGG,regression,RMSE,mRMR,glmmLasso,-0.007092512771882564,-0.007914939304513258,50,1.7394549622906652e-07,1.2350130232263723e-05
IGG,regression,RMSE,mRMR,PGEE,-0.011031730998480357,-0.012299081327415584,50,8.855280952957401e-10,7.438436000484216e-08
IGG,regression,RMSE,SNN-FS,OutcomeSNN-FS,-0.012292378524471284,-0.01241592118669882,50,1.8094681308866711e-10,1.6104266364891373e-08
IGG,regression,RMSE,SNN-FS,geeVerse,0.010934552158013281,0.011500442480151196,50,3.3822118439275073e-09,2.671947356702731e-07
IGG,regression,RMSE,SNN-FS,glmmLasso,-0.004427829724781398,-0.005156052070595274,50,0.0050721514649119115,0.2231746644561241
IGG,regression,RMSE,SNN-FS,PGEE,-0.008367047951379191,-0.008189943124044585,50,7.946967700789287e-06,0.0005086059328505144
IGG,regression,RMSE,OutcomeSNN-FS,geeVerse,0.02322693068248456,0.021683691641901093,50,1.7763568394002505e-15,1.865174681370263e-13
IGG,regression,RMSE,OutcomeSNN-FS,glmmLasso,0.007864548799689886,0.007775732964454163,50,1.7496796758109667e-06,0.00011722853827933477
IGG,regression,RMSE,OutcomeSNN-FS,PGEE,0.0039253305730920915,0.004009303850659618,50,0.012568191503659065,0.4775912771390445
IGG,regression,RMSE,geeVerse,glmmLasso,-0.01536238188279468,-0.016432130590546212,50,1.7763568394002505e-15,1.865174681370263e-13
IGG,regression,RMSE,geeVerse,PGEE,-0.019301600109392473,-0.018526754506009713,50,3.552713678800501e-15,3.623767952376511e-13
IGG,regression,RMSE,glmmLasso,PGEE,-0.003939218226597794,-0.004766608072333034,50,3.818192634774675e-05,0.0023672794335602987
IGM,regression,RMSE,Lasso,ElasticNet,0.00507621474461895,0.005204035767175319,50,0.0005966978973450665,0.019094332715042128
IGM,regression,RMSE,Lasso,StabilitySelection,0.005922806906955919,0.006962288123380289,50,0.007158095833210254,0.17895239583025635
IGM,regression,RMSE,Lasso,Stabl-RP,-0.006838568260447308,-0.007065745886864594,50,0.00021178724761483636,0.007412553666519273
IGM,regression,RMSE,Lasso,LongGroupLasso,-0.006093854171956003,-0.006934000329516632,50,0.0007847371187263974,0.023542113561791922
IGM,regression,RMSE,Lasso,LLSS,0.00746449363252673,0.008290039565464147,50,0.00015581408102782746,0.005765120998029616
IGM,regression,RMSE,Lasso,RandomForest,0.01747092493484127,0.01658634254587321,50,4.3806736016449577e-11,3.2855052012337183e-09
IGM,regression,RMSE,Lasso,MutualInfo,0.015730102398092635,0.012832659041822403,50,1.8989254613188677e-12,1.538129623668283e-10
IGM,regression,RMSE,Lasso,Boruta,0.014836314053898186,0.01731703698760778,50,2.8391607465039215e-07,1.5331468031121176e-05
IGM,regression,RMSE,Lasso,mRMR,0.005040711761083898,0.005168344339792075,50,0.005758302166270823,0.1497158563230414
IGM,regression,RMSE,Lasso,SNN-FS,0.0020740864177085385,0.001910439070494041,50,0.18125476399734453,1.0
IGM,regression,RMSE,Lasso,OutcomeSNN-FS,-0.00875352471292378,-0.009624473975459957,50,1.1287300338835848e-07,6.6595071999131505e-06
IGM,regression,RMSE,Lasso,geeVerse,0.024064319905791262,0.023979493401796836,50,8.881784197001252e-15,8.881784197001252e-13
IGM,regression,RMSE,Lasso,glmmLasso,-0.010481056678275964,-0.008617202233296317,50,1.8673260271384606e-07,1.0643758354689226e-05
IGM,regression,RMSE,Lasso,PGEE,-0.00893579397965467,-0.009679432521611742,50,3.457260659445183e-05,0.001417476870372525
IGM,regression,RMSE,ElasticNet,StabilitySelection,0.0008465921623369699,0.00015795762278669745,50,0.9389922173111831,1.0
IGM,regression,RMSE,ElasticNet,Stabl-RP,-0.011914783005066258,-0.014110664027336073,50,9.364108866094512e-07,4.775695521708201e-05
IGM,regression,RMSE,ElasticNet,LongGroupLasso,-0.011170068916574953,-0.011841290837761975,50,1.206143563692308e-06,5.910103462092309e-05
IGM,regression,RMSE,ElasticNet,LLSS,0.00238827888790778,0.0004344908211513232,50,0.5148085516941183,1.0
IGM,regression,RMSE,ElasticNet,RandomForest,0.012394710190222319,0.013480952745892893,50,2.36936675790389e-06,0.00011136023762148284
IGM,regression,RMSE,ElasticNet,MutualInfo,0.010653887653473686,0.00960013723021802,50,7.518488965629899e-06,0.00033081351448771557
IGM,regression,RMSE,ElasticNet,Boruta,0.009760099309279235,0.0096453516839764,50,0.0006983914307809869,0.021650134354210593
IGM,regression,RMSE,ElasticNet,mRMR,-3.550298353505177e-05,0.00024988855362229057,50,0.9542249738357711,1.0
IGM,regression,RMSE,ElasticNet,SNN-FS,-0.0030021283269104117,-0.001042641157219748,50,0.19427670053532076,1.0
IGM,regression,RMSE,ElasticNet,OutcomeSNN-FS,-0.013829739457542728,-0.01394311871783016,50,3.094002387626915e-08,1.9182814803286874e-06
IGM,regression,RMSE,ElasticNet,geeVerse,0.018988105161172313,0.018995753765631118,50,9.07522945681194e-11,6.624917503472716e-09
IGM,regression,RMSE,ElasticNet,glmmLasso,-0.015557271422894915,-0.018021519944317554,50,6.917133532624575e-09,4.426965460879728e-07
IGM,regression,RMSE,ElasticNet,PGEE,-0.014012008724273621,-0.014509383954085409,50,2.4721383162784605e-07,1.3843974571159379e-05
IGM,regression,RMSE,StabilitySelection,Stabl-RP,-0.012761375167403229,-0.015557848993192125,50,5.215646012857178e-07,2.7121359266857326e-05
IGM,regression,RMSE,StabilitySelection,LongGroupLasso,-0.012016661078911924,-0.01064993634655298,50,1.6455253124547653e-06,7.898521499782873e-05
IGM,regression,RMSE,StabilitySelection,LLSS,0.00154168672557081,0.0010846562237257773,50,0.6390094850461736,1.0
IGM,regression,RMSE,StabilitySelection,RandomForest,0.011548118027885348,0.012707245800157918,50,1.4422642710343325e-05,0.000620173636544763
IGM,regression,RMSE,StabilitySelection,MutualInfo,0.009807295491136715,0.008058698796158503,50,0.00017022784864551,0.00612820255123836
IGM,regression,RMSE,StabilitySelection,Boruta,0.008913507146942265,0.007132251715771809,50,0.0009149367393188612,0.025618228700928114
IGM,regression,RMSE,StabilitySelection,mRMR,-0.0008820951458720217,0.0004945449587316908,50,0.6596977023333945,1.0
IGM,regression,RMSE,StabilitySelection,SNN-FS,-0.0038487204892473812,-0.0030759843166158207,50,0.1515030570827971,1.0
IGM,regression,RMSE,StabilitySelection,OutcomeSNN-FS,-0.014676331619879699,-0.019131525106981795,50,6.3368066349767105e-09,4.182292379084629e-07
IGM,regression,RMSE,StabilitySelection,geeVerse,0.018141512998835343,0.017712729371783364,50,9.785132704109856e-10,6.849592892876899e-08
IGM,regression,RMSE,StabilitySelection,glmmLasso,-0.016403863585231885,-0.014898360105471409,50,8.855280952957401e-10,6.287249476599754e-08
IGM,regression,RMSE,StabilitySelection,PGEE,-0.014858600886610592,-0.014501447542350165,50,8.403119267086367e-08,5.0418715602518205e-06
IGM,regression,RMSE,Stabl-RP,LongGroupLasso,0.000744714088491305,0.001604601044539411,50,0.5148085516941183,1.0
IGM,regression,RMSE,Stabl-RP,LLSS,0.014303061892974039,0.015550446973873755,50,3.40367733997482e-11,2.6548683251803595e-09
IGM,regression,RMSE,Stabl-RP,RandomForest,0.024309493195288575,0.02456106290467397,50,2.4868995751603507e-14,2.3376856006507296e-12
IGM,regression,RMSE,Stabl-RP,MutualInfo,0.022568670658539944,0.022631358569631832,50,5.861977570020827e-14,5.217160037318536e-12
IGM,regression,RMSE,Stabl-RP,Boruta,0.021674882314345494,0.02193863985911404,50,3.6148861681795097e-12,2.891908934543608e-10
IGM,regression,RMSE,Stabl-RP,mRMR,0.011879280021531206,0.012084247086729949,50,8.22989321136447e-09,5.184832723159616e-07
IGM,regression,RMSE,Stabl-RP,SNN-FS,0.008912654678155846,0.012190252682161895,50,0.0002857006608838475,0.009713822470050815
IGM,regression,RMSE,Stabl-RP,OutcomeSNN-FS,-0.0019149564524764706,-0.0032716467023811147,50,0.18768390417341507,1.0
IGM,regression,RMSE,Stabl-RP,geeVerse,0.03090288816623857,0.032424580434771255,50,5.329070518200751e-15,5.435651928564766e-13
IGM,regression,RMSE,Stabl-RP,glmmLasso,-0.0036424884178286555,-0.004236214930833593,50,0.03453081197041463,0.7596778633491219
IGM,regression,RMSE,Stabl-RP,PGEE,-0.002097225719207363,-0.001850449325367265,50,0.10110987171644048,1.0
IGM,regression,RMSE,LongGroupLasso,LLSS,0.013558347804482734,0.013629422190953977,50,3.863753761379485e-11,2.9364528586484084e-09
IGM,regression,RMSE,LongGroupLasso,RandomForest,0.02356477910679727,0.02274998293650987,50,5.329070518200751e-15,5.435651928564766e-13
IGM,regression,RMSE,LongGroupLasso,MutualInfo,0.02182395657004864,0.022748098699813868,50,3.375077994860476e-14,3.071320975323033e-12
IGM,regression,RMSE,LongGroupLasso,Boruta,0.02093016822585419,0.021830915978541143,50,1.7763568394002505e-14,1.7053025658242404e-12
IGM,regression,RMSE,LongGroupLasso,mRMR,0.011134565933039901,0.009988550430322651,50,4.792291008470784e-10,3.450449526098964e-08
IGM,regression,RMSE,LongGroupLasso,SNN-FS,0.008167940589664541,0.008828577999016818,50,0.0004885945525092694,0.01612362023280589
IGM,regression,RMSE,LongGroupLasso,OutcomeSNN-FS,-0.0026596705409677756,-0.0010163789031029102,50,0.19427670053532076,1.0
IGM,regression,RMSE,LongGroupLasso,geeVerse,0.030158174077747266,0.0321850455137449,50,8.881784197001252e-15,8.881784197001252e-13
IGM,regression,RMSE,LongGroupLasso,glmmLasso,-0.0043872025063199606,-0.003985667408239357,50,0.017101069545240932,0.4104256690857824
IGM,regression,RMSE,LongGroupLasso,PGEE,-0.002841939807698668,-0.0028060799827532845,50,0.08054833435456032,1.0
IGM,regression,RMSE,LLSS,RandomForest,0.010006431302314538,0.009425005919903029,50,3.486415511844143e-07,1.847800221277396e-05
IGM,regression,RMSE,LLSS,MutualInfo,0.008265608765565906,0.009811602228809058,50,0.00012454807471407037,0.004732826839134674
IGM,regression,RMSE,LLSS,Boruta,0.007371820421371455,0.009485719685311422,50,0.0013303578723942167,0.03591966255464385
IGM,regression,RMSE,LLSS,mRMR,-0.002423781871442832,-0.002326997002424891,50,0.0894381024777875,1.0
IGM,regression,RMSE,LLSS,SNN-FS,-0.005390407214818192,-0.004782435821067854,50,0.028256978552906986,0.6499105067168607
IGM,regression,RMSE,LLSS,OutcomeSNN-FS,-0.01621801834545051,-0.014727355298047251,50,1.2434497875801753e-13,1.0942358130705543e-11
IGM,regression,RMSE,LLSS,geeVerse,0.016599826273264534,0.018607990746754455,50,3.40367733997482e-11,2.6548683251803595e-09
IGM,regression,RMSE,LLSS,glmmLasso,-0.017945550310802694,-0.016068102702619602,50,3.375077994860476e-14,3.071320975323033e-12
IGM,regression,RMSE,LLSS,PGEE,-0.016400287612181402,-0.01710505012088559,50,8.060396794462577e-11,5.964693627902307e-09
IGM,regression,RMSE,RandomForest,MutualInfo,-0.0017408225367486318,0.00022312746134844907,50,0.5210251168620434,1.0
IGM,regression,RMSE,RandomForest,Boruta,-0.0026346108809430823,-0.001388663711515803,50,0.24908489906916564,1.0
IGM,regression,RMSE,RandomForest,mRMR,-0.01243021317375737,-0.01220840180872551,50,1.7568968502246207e-09,1.194689858152742e-07
IGM,regression,RMSE,RandomForest,SNN-FS,-0.015396838517132728,-0.016174294541645318,50,6.3368066349767105e-09,4.182292379084629e-07
IGM,regression,RMSE,RandomForest,OutcomeSNN-FS,-0.026224449647765047,-0.029123239135903423,50,1.2434497875801753e-13,1.0942358130705543e-11
IGM,regression,RMSE,RandomForest,geeVerse,0.006593394970949995,0.004883575092616388,50,0.0008806696990912855,0.025539421273647278
IGM,regression,RMSE,RandomForest,glmmLasso,-0.02795198161311723,-0.02661020619254162,50,3.552713678800501e-15,3.659295089164516e-13
IGM,regression,RMSE,RandomForest,PGEE,-0.02640671891449594,-0.025529137376756772,50,1.2434497875801753e-14,1.20614629395277e-12
IGM,regression,RMSE,MutualInfo,Boruta,-0.0008937883441944506,-0.002898045103175262,50,0.3230277659528582,1.0
IGM,regression,RMSE,MutualInfo,mRMR,-0.010689390637008737,-0.010790907322966947,50,2.649707155910619e-07,1.4573389357508404e-05
IGM,regression,RMSE,MutualInfo,SNN-FS,-0.013656015980384097,-0.01362108571972065,50,7.798730550234723e-08,4.757225635643181e-06
IGM,regression,RMSE,MutualInfo,OutcomeSNN-FS,-0.024483627111016416,-0.023292347823511417,50,1.7763568394002505e-14,1.7053025658242404e-12
IGM,regression,RMSE,MutualInfo,geeVerse,0.008334217507698628,0.007947239019201136,50,4.521505763577238e-06,0.00020798926512455296
IGM,regression,RMSE,MutualInfo,glmmLasso,-0.0262111590763686,-0.024381284540200387,50,2.4868995751603507e-14,2.3376856006507296e-12
IGM,regression,RMSE,MutualInfo,PGEE,-0.02466589637774731,-0.021354752284288736,50,2.4868995751603507e-14,2.3376856006507296e-12
IGM,regression,RMSE,Boruta,mRMR,-0.009795602292814287,-0.011267177923728444,50,6.725303951071737e-06,0.00030263867779822817
IGM,regression,RMSE,Boruta,SNN-FS,-0.012762227636189647,-0.012474884158444666,50,2.191284211150446e-05,0.0009203393686831873
IGM,regression,RMSE,Boruta,OutcomeSNN-FS,-0.023589838766821965,-0.0262779960777465,50,7.65609797781508e-12,6.048317402473913e-10
IGM,regression,RMSE,Boruta,geeVerse,0.009228005851893078,0.0076167414825253354,50,8.237559280566131e-05,0.003212648119420791
IGM,regression,RMSE,Boruta,glmmLasso,-0.02531737073217415,-0.02467660345145839,50,2.433608869978343e-13,2.092903628181375e-11
IGM,regression,RMSE,Boruta,PGEE,-0.023772108033552855,-0.022571396958435908,50,3.0020430585864233e-13,2.5517365997984598e-11
IGM,regression,RMSE,mRMR,SNN-FS,-0.00296662534337536,-0.0036798020584778435,50,0.25308251223662737,1.0
IGM,regression,RMSE,mRMR,OutcomeSNN-FS,-0.013794236474007677,-0.013473550803171919,50,3.3822118439275073e-09,2.26608193543143e-07
IGM,regression,RMSE,mRMR,geeVerse,0.019023608144707365,0.019872408401402253,50,5.453415496958769e-13,4.580869017445366e-11
IGM,regression,RMSE,mRMR,glmmLasso,-0.015521768439359863,-0.015306823444050766,50,1.1368683772161603e-12,9.322320693172514e-11
IGM,regression,RMSE,mRMR,PGEE,-0.01397650574073857,-0.015088730832687913,50,1.080529443697742e-09,7.45565316151442e-08
IGM,regression,RMSE,SNN-FS,OutcomeSNN-FS,-0.010827611130632318,-0.012031015534855083,50,1.2141019567479816e-07,7.041791349138293e-06
IGM,regression,RMSE,SNN-FS,geeVerse,0.021990233488082725,0.0209628809328537,50,7.94031507211912e-13,6.590461509858869e-11
IGM,regression,RMSE,SNN-FS,glmmLasso,-0.012555143095984503,-0.012020566005709887,50,9.364108866094512e-07,4.775695521708201e-05
IGM,regression,RMSE,SNN-FS,PGEE,-0.01100988039736321,-0.012629067885249534,50,7.861200783665367e-05,0.003144480313466147
IGM,regression,RMSE,OutcomeSNN-FS,geeVerse,0.03281784461871504,0.03205655562246046,50,1.7763568394002505e-15,1.865174681370263e-13
IGM,regression,RMSE,OutcomeSNN-FS,glmmLasso,-0.0017275319653521847,-0.0008953395701846167,50,0.5024899674262855,1.0
IGM,regression,RMSE,OutcomeSNN-FS,PGEE,-0.00018226926673089227,-0.0005911976312046319,50,0.5272794190915597,1.0
IGM,regression,RMSE,geeVerse,glmmLasso,-0.03454537658406723,-0.0350056982592829,50,1.7763568394002505e-15,1.865174681370263e-13
IGM,regression,RMSE,geeVerse,PGEE,-0.033000113885445936,-0.03406574887453584,50,8.881784197001252e-15,8.881784197001252e-13
IGM,regression,RMSE,glmmLasso,PGEE,0.0015452626986212925,0.0008719819887410551,50,0.3673427625704484,1.0
KARE_STATUS,regression,RMSE,Lasso,ElasticNet,-0.0014268895937738747,-0.0011064473639377237,50,0.006131180232502587,0.12262360465005173
KARE_STATUS,regression,RMSE,Lasso,StabilitySelection,0.0022993698827657363,0.0018329953152130263,50,7.500770700019643e-05,0.0021752235030056966
KARE_STATUS,regression,RMSE,Lasso,Stabl-RP,0.005753804442550714,0.005687679778492494,50,7.65609797781508e-12,4.899902705801651e-10
KARE_STATUS,regression,RMSE,Lasso,LongGroupLasso,0.0010626111867658805,0.00078112030426708,50,0.024847675451864504,0.39756280722983206
KARE_STATUS,regression,RMSE,Lasso,LLSS,0.00896134381862344,0.009092362314607971,50,3.552713678800501e-15,2.7711166694643907e-13
KARE_STATUS,regression,RMSE,Lasso,RandomForest,0.005972273480776358,0.005296856362582203,50,3.0020430585864233e-13,2.0113688492529036e-11
KARE_STATUS,regression,RMSE,Lasso,MutualInfo,0.01720476265806272,0.016710347441635853,50,1.7763568394002505e-15,1.865174681370263e-13
KARE_STATUS,regression,RMSE,Lasso,Boruta,0.006605353724123231,0.006246339183013649,50,8.881784197001252e-15,6.483702463810914e-13
KARE_STATUS,regression,RMSE,Lasso,mRMR,0.0046281595798710095,0.004005565867587213,50,9.07522945681194e-11,5.1728807903828056e-09
KARE_STATUS,regression,RMSE,Lasso,SNN-FS,0.0015047481226746285,0.0017046235317761393,50,0.009116960633276605,0.1732222520322555
KARE_STATUS,regression,RMSE,Lasso,OutcomeSNN-FS,0.0034682895667526538,0.0033245757534651754,50,3.7312124412380854e-07,1.529797100907615e-05
KARE_STATUS,regression,RMSE,Lasso,geeVerse,0.017247756676952174,0.01737315615713203,50,1.7763568394002505e-15,1.865174681370263e-13
KARE_STATUS,regression,RMSE,Lasso,glmmLasso,0.0024330381311926663,0.002851139280656223,50,5.9166993136017254e-05,0.0018341767872165349
KARE_STATUS,regression,RMSE,Lasso,PGEE,0.003019868477175014,0.0031706561166945924,50,3.006746544187422e-06,0.00011425636867912203
KARE_STATUS,regression,RMSE,ElasticNet,StabilitySelection,0.0037262594765396107,0.0030303404978861415,50,4.8571529021046445e-09,2.428576451052322e-07
KARE_STATUS,regression,RMSE,ElasticNet,Stabl-RP,0.007180694036324589,0.006357442422504245,50,3.552713678800501e-15,2.7711166694643907e-13
KARE_STATUS,regression,RMSE,ElasticNet,LongGroupLasso,0.002489500780539755,0.0031806805793941906,50,5.121092026350027e-05,0.0016387494484320086
KARE_STATUS,regression,RMSE,ElasticNet,LLSS,0.010388233412397314,0.010753960684907748,50,1.7763568394002505e-15,1.865174681370263e-13
KARE_STATUS,regression,RMSE,ElasticNet,RandomForest,0.007399163074550233,0.007408930443081108,50,5.861977570020827e-14,4.04476452331437e-12
KARE_STATUS,regression,RMSE,ElasticNet,MutualInfo,0.018631652251836595,0.018988816421645738,50,1.7763568394002505e-15,1.865174681370263e-13
KARE_STATUS,regression,RMSE,ElasticNet,Boruta,0.008032243317897106,0.008362825929521756,50,4.440892098500626e-14,3.1530333899354446e-12
KARE_STATUS,regression,RMSE,ElasticNet,mRMR,0.006055049173644884,0.006339887152993384,50,4.4941828036826337e-13,2.966160650430538e-11
KARE_STATUS,regression,RMSE,ElasticNet,SNN-FS,0.002931637716448503,0.0031968711714664977,50,5.7649630846867694e-08,2.651883018955914e-06
KARE_STATUS,regression,RMSE,ElasticNet,OutcomeSNN-FS,0.004895179160526528,0.004359384485823736,50,1.5448975432263978e-11,9.578364768003667e-10
KARE_STATUS,regression,RMSE,ElasticNet,geeVerse,0.01867464627072605,0.018638229329669465,50,1.7763568394002505e-15,1.865174681370263e-13
KARE_STATUS,regression,RMSE,ElasticNet,glmmLasso,0.0038599277249665408,0.0041102653847548964,50,4.440531498062228e-09,2.2646710640117362e-07
KARE_STATUS,regression,RMSE,ElasticNet,PGEE,0.0044467580709488886,0.004440264207131117,50,5.897913268881894e-10,3.2438522978850415e-08
KARE_STATUS,regression,RMSE,StabilitySelection,Stabl-RP,0.003454434559784978,0.002490733917621779,50,2.8573925447972215e-08,1.3715484215026663e-06
KARE_STATUS,regression,RMSE,StabilitySelection,LongGroupLasso,-0.0012367586959998555,-0.000803792428566763,50,0.03286210881230289,0.4929316321845434
KARE_STATUS,regression,RMSE,StabilitySelection,LLSS,0.006661973935857704,0.006317684150389968,50,4.440892098500626e-14,3.1530333899354446e-12
KARE_STATUS,regression,RMSE,StabilitySelection,RandomForest,0.003672903598010622,0.003655633178960893,50,7.723469384046666e-07,3.0893877536186665e-05
KARE_STATUS,regression,RMSE,StabilitySelection,MutualInfo,0.014905392775296985,0.015530263644492948,50,1.7763568394002505e-15,1.865174681370263e-13
KARE_STATUS,regression,RMSE,StabilitySelection,Boruta,0.004305983841357494,0.004029471627054082,50,4.8571529021046445e-09,2.428576451052322e-07
KARE_STATUS,regression,RMSE,StabilitySelection,mRMR,0.0023287896971052736,0.0017395931508437656,50,0.0006715891126169993,0.016143138686208758
KARE_STATUS,regression,RMSE,StabilitySelection,SNN-FS,-0.0007946217600911076,-0.0010239764257124473,50,0.2260100302518655,1.0
KARE_STATUS,regression,RMSE,StabilitySelection,OutcomeSNN-FS,0.0011689196839869175,0.00047489875912087864,50,0.10737600575610173,1.0
KARE_STATUS,regression,RMSE,StabilitySelection,geeVerse,0.014948386794186436,0.01430682229121688,50,1.7763568394002505e-15,1.865174681370263e-13
KARE_STATUS,regression,RMSE,StabilitySelection,glmmLasso,0.00013366824842693027,0.00015375770520881238,50,0.6876822045635382,1.0
KARE_STATUS,regression,RMSE,StabilitySelection,PGEE,0.0007204985944092778,0.0010375345694548788,50,0.22231487615329293,1.0
KARE_STATUS,regression,RMSE,Stabl-RP,LongGroupLasso,-0.004691193255784833,-0.005302141214767242,50,2.8132163265581767e-10,1.575401142872579e-08
KARE_STATUS,regression,RMSE,Stabl-RP,LLSS,0.0032075393760727256,0.0037947884507997243,50,1.3054913772236887e-07,5.74416205978423e-06
KARE_STATUS,regression,RMSE,Stabl-RP,RandomForest,0.00021846903822564379,0.0001466036139881055,50,0.6185935400423848,1.0
KARE_STATUS,regression,RMSE,Stabl-RP,MutualInfo,0.011450958215512006,0.011797549744564817,50,3.552713678800501e-15,2.7711166694643907e-13
KARE_STATUS,regression,RMSE,Stabl-RP,Boruta,0.0008515492815725168,0.0006119937751683513,50,0.1781010477908609,1.0
KARE_STATUS,regression,RMSE,Stabl-RP,mRMR,-0.0011256448626797044,-0.0015173214618133812,50,0.011529687649083797,0.20753437768350835
KARE_STATUS,regression,RMSE,Stabl-RP,SNN-FS,-0.004249056319876086,-0.004275544456499469,50,3.3822118439275073e-09,1.7587501588423038e-07
KARE_STATUS,regression,RMSE,Stabl-RP,OutcomeSNN-FS,-0.00228551487579806,-0.002480246962408006,50,0.0003107899432901462,0.008080538525543801
KARE_STATUS,regression,RMSE,Stabl-RP,geeVerse,0.011493952234401458,0.01185071865543641,50,1.7763568394002505e-15,1.865174681370263e-13
KARE_STATUS,regression,RMSE,Stabl-RP,glmmLasso,-0.0033207663113580476,-0.003213279868139962,50,1.8673260271384606e-07,8.02950191669538e-06
KARE_STATUS,regression,RMSE,Stabl-RP,PGEE,-0.0027339359653757002,-0.003191341531758929,50,3.006746544187422e-06,0.00011425636867912203
KARE_STATUS,regression,RMSE,LongGroupLasso,LLSS,0.00789873263185756,0.008109689493475014,50,3.552713678800501e-15,2.7711166694643907e-13
KARE_STATUS,regression,RMSE,LongGroupLasso,RandomForest,0.004909662294010477,0.004878220367662833,50,1.7687185049908294e-11,1.0612311029944976e-09
KARE_STATUS,regression,RMSE,LongGroupLasso,MutualInfo,0.01614215147129684,0.015690473348968947,50,1.7763568394002505e-15,1.865174681370263e-13
KARE_STATUS,regression,RMSE,LongGroupLasso,Boruta,0.00554274253735735,0.005401657255277581,50,1.7763568394002505e-15,1.865174681370263e-13
KARE_STATUS,regression,RMSE,LongGroupLasso,mRMR,0.003565548393105129,0.003558630442422439,50,1.4492140820721033e-09,7.825756043189358e-08
KARE_STATUS,regression,RMSE,LongGroupLasso,SNN-FS,0.00044213693590874794,0.0004764517926880152,50,0.3374027667706141,1.0
KARE_STATUS,regression,RMSE,LongGroupLasso,OutcomeSNN-FS,0.002405678379986773,0.0020719762455575497,50,0.0001941578147395262,0.0052422609979672075
KARE_STATUS,regression,RMSE,LongGroupLasso,geeVerse,0.016185145490186292,0.015770635916902143,50,1.7763568394002505e-15,1.865174681370263e-13
KARE_STATUS,regression,RMSE,LongGroupLasso,glmmLasso,0.0013704269444267858,0.0015218248240442822,50,0.0006457255474483503,0.016143138686208758
KARE_STATUS,regression,RMSE,LongGroupLasso,PGEE,0.0019572572904091334,0.0022455134846119384,50,1.4422642710343325e-05,0.0004903698521516731
KARE_STATUS,regression,RMSE,LLSS,RandomForest,-0.002989070337847082,-0.002714702156793425,50,1.1287300338835848e-07,5.079285152476132e-06
KARE_STATUS,regression,RMSE,LLSS,MutualInfo,0.00824341883943928,0.00886597139626405,50,1.7763568394002505e-15,1.865174681370263e-13
KARE_STATUS,regression,RMSE,LLSS,Boruta,-0.002355990094500209,-0.002388084129691437,50,2.0810681753857807e-05,0.0006867524978773076
KARE_STATUS,regression,RMSE,LLSS,mRMR,-0.00433318423875243,-0.0044350873047187545,50,4.3806736016449577e-11,2.5407906889540754e-09
KARE_STATUS,regression,RMSE,LLSS,SNN-FS,-0.0074565956959488115,-0.007237220282734602,50,1.7763568394002505e-15,1.865174681370263e-13
KARE_STATUS,regression,RMSE,LLSS,OutcomeSNN-FS,-0.005493054251870786,-0.005204385726089944,50,4.218847493575595e-12,2.7422508708241367e-10
KARE_STATUS,regression,RMSE,LLSS,geeVerse,0.008286412858328733,0.008085617192680805,50,3.552713678800501e-15,2.7711166694643907e-13
KARE_STATUS,regression,RMSE,LLSS,glmmLasso,-0.006528305687430774,-0.0064787829112695206,50,9.769962616701378e-14,6.643574579356937e-12
KARE_STATUS,regression,RMSE,LLSS,PGEE,-0.005941475341448426,-0.005900774543970366,50,1.2434497875801753e-14,8.952838470577262e-13
KARE_STATUS,regression,RMSE,RandomForest,MutualInfo,0.011232489177286363,0.010901323557153342,50,1.7763568394002505e-15,1.865174681370263e-13
KARE_STATUS,regression,RMSE,RandomForest,Boruta,0.000633080243346873,0.000477482222360992,50,0.16588679879439283,1.0
KARE_STATUS,regression,RMSE,RandomForest,mRMR,-0.0013441139009053482,-0.0014466962006126072,50,0.01531204751384152,0.26030480773530584
KARE_STATUS,regression,RMSE,RandomForest,SNN-FS,-0.00446752535810173,-0.003931172735752553,50,2.994404724177002e-11,1.7666987872644313e-09
KARE_STATUS,regression,RMSE,RandomForest,OutcomeSNN-FS,-0.002503983914023704,-0.003013084885557238,50,0.00010381446904439429,0.00290680513324304
KARE_STATUS,regression,RMSE,RandomForest,geeVerse,0.011275483196175815,0.010633326546695243,50,1.7763568394002505e-15,1.865174681370263e-13
KARE_STATUS,regression,RMSE,RandomForest,glmmLasso,-0.0035392353495836914,-0.004017711180963557,50,3.348859145546612e-08,1.5739637984069077e-06
KARE_STATUS,regression,RMSE,RandomForest,PGEE,-0.002952405003601344,-0.0020540297288115794,50,2.2310435863204248e-06,8.701069986649657e-05
KARE_STATUS,regression,RMSE,MutualInfo,Boruta,-0.01059940893393949,-0.010684393448574303,50,1.7763568394002505e-15,1.865174681370263e-13
KARE_STATUS,regression,RMSE,MutualInfo,mRMR,-0.01257660307819171,-0.012455895371798698,50,1.7763568394002505e-15,1.865174681370263e-13
KARE_STATUS,regression,RMSE,MutualInfo,SNN-FS,-0.015700014535388093,-0.0158117239651015,50,1.7763568394002505e-15,1.865174681370263e-13
KARE_STATUS,regression,RMSE,MutualInfo,OutcomeSNN-FS,-0.013736473091310066,-0.013699686989730842,50,1.7763568394002505e-15,1.865174681370263e-13
KARE_STATUS,regression,RMSE,MutualInfo,geeVerse,4.299401888945287e-05,-0.00019585055253440453,50,0.9923668279164506,1.0
KARE_STATUS,regression,RMSE,MutualInfo,glmmLasso,-0.014771724526870054,-0.015117636355086006,50,1.7763568394002505e-15,1.865174681370263e-13
KARE_STATUS,regression,RMSE,MutualInfo,PGEE,-0.014184894180887706,-0.014287798372077276,50,1.7763568394002505e-15,1.865174681370263e-13
KARE_STATUS,regression,RMSE,Boruta,mRMR,-0.001977194144252221,-0.001918499636772597,50,6.508990648690371e-05,0.0019526971946071114
KARE_STATUS,regression,RMSE,Boruta,SNN-FS,-0.005100605601448602,-0.00542715723920284,50,7.65609797781508e-12,4.899902705801651e-10
KARE_STATUS,regression,RMSE,Boruta,OutcomeSNN-FS,-0.0031370641573705772,-0.003463538896894769,50,4.268415494834699e-06,0.00015366295781404915
KARE_STATUS,regression,RMSE,Boruta,geeVerse,0.010642402952828943,0.01008733583203536,50,1.7763568394002505e-15,1.865174681370263e-13
KARE_STATUS,regression,RMSE,Boruta,glmmLasso,-0.004172315592930564,-0.00413998071655608,50,1.5448975432263978e-11,9.578364768003667e-10
KARE_STATUS,regression,RMSE,Boruta,PGEE,-0.003585485246948217,-0.0033681618594983975,50,3.0854181432005134e-09,1.635271615896272e-07
KARE_STATUS,regression,RMSE,mRMR,SNN-FS,-0.003123411457196381,-0.002817723944088746,50,2.1499046276574063e-07,9.029599436161106e-06
KARE_STATUS,regression,RMSE,mRMR,OutcomeSNN-FS,-0.001159870013118356,-0.0022534941370262462,50,0.038081706053025854,0.533143884742362
KARE_STATUS,regression,RMSE,mRMR,geeVerse,0.012619597097081164,0.01270139164120676,50,1.7763568394002505e-15,1.865174681370263e-13
KARE_STATUS,regression,RMSE,mRMR,glmmLasso,-0.002195121448678343,-0.0023701771984897535,50,9.898605478397826e-06,0.0003464511917439239
KARE_STATUS,regression,RMSE,mRMR,PGEE,-0.0016082911026959956,-0.0009748662188744928,50,0.0008156048825487261,0.0187589122986207
KARE_STATUS,regression,RMSE,SNN-FS,OutcomeSNN-FS,0.0019635414440780253,0.002043933447567481,50,0.001235703558341683,0.02718547828351703
KARE_STATUS,regression,RMSE,SNN-FS,geeVerse,0.015743008554277543,0.015705030071816672,50,1.7763568394002505e-15,1.865174681370263e-13
KARE_STATUS,regression,RMSE,SNN-FS,glmmLasso,0.0009282900085180379,0.0009163136643521863,50,0.10110987171644048,1.0
KARE_STATUS,regression,RMSE,SNN-FS,PGEE,0.0015151203545003854,0.0015203543370386208,50,0.005579489549422334,0.11716928053786901
KARE_STATUS,regression,RMSE,OutcomeSNN-FS,geeVerse,0.01377946711019952,0.013777901310412788,50,1.7763568394002505e-15,1.865174681370263e-13
KARE_STATUS,regression,RMSE,OutcomeSNN-FS,glmmLasso,-0.0010352514355599874,-0.00019885930935198415,50,0.11171837302823029,1.0
KARE_STATUS,regression,RMSE,OutcomeSNN-FS,PGEE,-0.0004484210895776397,0.0002805364291031398,50,0.652772195247282,1.0
KARE_STATUS,regression,RMSE,geeVerse,glmmLasso,-0.014814718545759506,-0.015034029952470662,50,1.7763568394002505e-15,1.865174681370263e-13
KARE_STATUS,regression,RMSE,geeVerse,PGEE,-0.01422788819977716,-0.01396842118459457,50,1.7763568394002505e-15,1.865174681370263e-13
KARE_STATUS,regression,RMSE,glmmLasso,PGEE,0.0005868303459823476,0.0005377958552119089,50,0.07885790741956278,1.0
OLINK_COVID,classification,AUROC,Lasso,ElasticNet,-0.026136363636363645,-0.035511363636363646,50,0.027059030555936458,0.5682396416746656
OLINK_COVID,classification,AUROC,Lasso,StabilitySelection,-0.03403409090909091,-0.0355113636363637,50,0.0034482454998221636,0.08810820996782048
OLINK_COVID,classification,AUROC,Lasso,Stabl-RP,-0.15136363636363634,-0.14630681818181807,50,8.528474683027008e-10,6.481640759100526e-08
OLINK_COVID,classification,AUROC,Lasso,LongGroupLasso,-0.13943181818181818,-0.12357954545454541,50,8.029280680234973e-10,6.261427239436197e-08
OLINK_COVID,classification,AUROC,Lasso,LLSS,-0.18375,-0.16477272727272735,50,7.555220876380673e-10,6.179888498845686e-08
OLINK_COVID,classification,AUROC,Lasso,RandomForest,-0.14892045454545452,-0.13636363636363635,50,9.053846214817168e-10,6.790384661112876e-08
OLINK_COVID,classification,AUROC,Lasso,MutualInfo,-0.1655681818181818,-0.15909090909090906,50,7.553512643873762e-10,6.179888498845686e-08
OLINK_COVID,classification,AUROC,Lasso,Boruta,-0.14210227272727274,-0.13778409090909088,50,1.4213659949844472e-09,1.0091698564389575e-07
OLINK_COVID,classification,AUROC,Lasso,mRMR,-0.11426136363636362,-0.10795454545454541,50,6.374802926562217e-09,4.143621902265441e-07
OLINK_COVID,classification,AUROC,Lasso,SNN-FS,-0.07960227272727273,-0.07528409090909094,50,1.4300672705484064e-07,7.5793565339065535e-06
OLINK_COVID,classification,AUROC,Lasso,OutcomeSNN-FS,-0.08130681818181819,-0.07102272727272729,50,5.907542883953663e-08,3.3082240150140513e-06
OLINK_COVID,classification,AUROC,Lasso,glmmLasso,-0.16066919191919193,-0.16111111111111115,50,3.552713678800501e-15,3.197442310920451e-13
OLINK_COVID,classification,AUROC,Lasso,PGEE,-0.17797474747474748,-0.17023358585858578,50,1.7763568394002505e-15,1.616484723854228e-13
OLINK_COVID,classification,AUROC,ElasticNet,StabilitySelection,-0.007897727272727265,-0.007102272727272652,50,0.41739653431592105,1.0
OLINK_COVID,classification,AUROC,ElasticNet,Stabl-RP,-0.12522727272727271,-0.11505681818181812,50,1.6537277373187944e-09,1.1576094161231562e-07
OLINK_COVID,classification,AUROC,ElasticNet,LongGroupLasso,-0.11329545454545455,-0.12357954545454541,50,2.818485773011574e-09,1.9165703256478705e-07
OLINK_COVID,classification,AUROC,ElasticNet,LLSS,-0.15761363636363637,-0.153409090909091,50,7.536449388836203e-10,6.179888498845686e-08
OLINK_COVID,classification,AUROC,ElasticNet,RandomForest,-0.1227840909090909,-0.12073863636363624,50,1.4155308651026634e-08,8.776291363636512e-07
OLINK_COVID,classification,AUROC,ElasticNet,MutualInfo,-0.13943181818181818,-0.13778409090909088,50,8.027470819789997e-10,6.261427239436197e-08
OLINK_COVID,classification,AUROC,ElasticNet,Boruta,-0.11596590909090908,-0.10511363636363646,50,1.381599171213183e-09,9.947514032734918e-08
OLINK_COVID,classification,AUROC,ElasticNet,mRMR,-0.08812499999999998,-0.08380681818181823,50,4.411419096505276e-08,2.5145088850080076e-06
OLINK_COVID,classification,AUROC,ElasticNet,SNN-FS,-0.05346590909090909,-0.05539772727272729,50,1.493486943027603e-05,0.0006123296466413172
OLINK_COVID,classification,AUROC,ElasticNet,OutcomeSNN-FS,-0.05517045454545454,-0.05397727272727282,50,1.5605182194939474e-05,0.000624207287797579
OLINK_COVID,classification,AUROC,ElasticNet,glmmLasso,-0.1345328282828283,-0.13854166666666662,50,2.4868995751603507e-14,2.1884716261411086e-12
OLINK_COVID,classification,AUROC,ElasticNet,PGEE,-0.15183838383838383,-0.14889520202020212,50,5.861977570020827e-14,5.099920485918119e-12
OLINK_COVID,classification,AUROC,StabilitySelection,Stabl-RP,-0.11732954545454545,-0.11363636363636359,50,5.684387116025299e-09,3.7516954965766973e-07
OLINK_COVID,classification,AUROC,StabilitySelection,LongGroupLasso,-0.10539772727272727,-0.09659090909090912,50,2.293592138234758e-09,1.582578575381983e-07
OLINK_COVID,classification,AUROC,StabilitySelection,LLSS,-0.1497159090909091,-0.14772727272727282,50,7.544976683806673e-10,6.179888498845686e-08
OLINK_COVID,classification,AUROC,StabilitySelection,RandomForest,-0.11488636363636363,-0.12357954545454541,50,2.4725904244579336e-08,1.4588283504301808e-06
OLINK_COVID,classification,AUROC,StabilitySelection,MutualInfo,-0.1315340909090909,-0.12784090909090906,50,1.086521081003921e-09,8.040255999429015e-08
OLINK_COVID,classification,AUROC,StabilitySelection,Boruta,-0.1080681818181818,-0.096590909090909,50,9.250131382696969e-09,5.92008408492606e-07
OLINK_COVID,classification,AUROC,StabilitySelection,mRMR,-0.08022727272727272,-0.07528409090909094,50,9.612416774521841e-08,5.1907050582417945e-06
OLINK_COVID,classification,AUROC,StabilitySelection,SNN-FS,-0.045568181818181834,-0.0355113636363637,50,0.00036090449316730864,0.011909848274521184
OLINK_COVID,classification,AUROC,StabilitySelection,OutcomeSNN-FS,-0.047272727272727286,-0.04829545454545453,50,5.8475190678808224e-05,0.0021635820551159043
OLINK_COVID,classification,AUROC,StabilitySelection,glmmLasso,-0.12663510101010103,-0.12440025252525266,50,4.4941828036826337e-13,3.864997211167065e-11
OLINK_COVID,classification,AUROC,StabilitySelection,PGEE,-0.14394065656565658,-0.14087752525252528,50,3.552713678800501e-15,3.197442310920451e-13
OLINK_COVID,classification,AUROC,Stabl-RP,LongGroupLasso,0.011931818181818175,0.011363636363636465,50,0.3565533264750109,1.0
OLINK_COVID,classification,AUROC,Stabl-RP,LLSS,-0.03238636363636365,-0.032670454545454586,50,0.0001697823530587909,0.006112164710116472
OLINK_COVID,classification,AUROC,Stabl-RP,RandomForest,0.0024431818181818144,0.0,50,0.9493690166037738,1.0
OLINK_COVID,classification,AUROC,Stabl-RP,MutualInfo,-0.014204545454545452,-0.015624999999999889,50,0.042775636785998,0.8127370989339621
OLINK_COVID,classification,AUROC,Stabl-RP,Boruta,0.009261363636363634,0.011363636363636298,50,0.18745172359582596,1.0
OLINK_COVID,classification,AUROC,Stabl-RP,mRMR,0.03710227272727273,0.031249999999999944,50,0.000329122501350505,0.011519287547267675
OLINK_COVID,classification,AUROC,Stabl-RP,SNN-FS,0.07176136363636361,0.05681818181818177,50,9.377687939770774e-08,5.157728366873926e-06
OLINK_COVID,classification,AUROC,Stabl-RP,OutcomeSNN-FS,0.07005681818181818,0.056818181818181934,50,6.316968051720358e-07,3.284823386894586e-05
OLINK_COVID,classification,AUROC,Stabl-RP,glmmLasso,-0.009305555555555591,-0.018939393939393978,50,0.16015209046760637,1.0
OLINK_COVID,classification,AUROC,Stabl-RP,PGEE,-0.02661111111111113,-0.04125631313131323,50,0.0006983914307809869,0.02103124073195992
OLINK_COVID,classification,AUROC,LongGroupLasso,LLSS,-0.04431818181818183,-0.03125000000000011,50,3.1201040099504083e-06,0.0001497649924776196
OLINK_COVID,classification,AUROC,LongGroupLasso,RandomForest,-0.00948863636363636,-0.011363636363636409,50,0.1396701535965816,1.0
OLINK_COVID,classification,AUROC,LongGroupLasso,MutualInfo,-0.026136363636363624,-0.021306818181818232,50,0.0057613589716604685,0.13118803172645094
OLINK_COVID,classification,AUROC,LongGroupLasso,Boruta,-0.0026704545454545414,0.004261363636363702,50,0.6259369081525393,1.0
OLINK_COVID,classification,AUROC,LongGroupLasso,mRMR,0.025170454545454544,0.025568181818181823,50,0.0033887773064546337,0.08810820996782048
OLINK_COVID,classification,AUROC,LongGroupLasso,SNN-FS,0.059829545454545434,0.06534090909090917,50,9.568106650099482e-06,0.00043056479925447665
OLINK_COVID,classification,AUROC,LongGroupLasso,OutcomeSNN-FS,0.058125,0.05397727272727271,50,1.0236632095272984e-05,0.0004504118121920113
OLINK_COVID,classification,AUROC,LongGroupLasso,glmmLasso,-0.021237373737373763,-0.025536616161616232,50,0.056738698656332076,0.8908795215795428
OLINK_COVID,classification,AUROC,LongGroupLasso,PGEE,-0.03854292929292931,-0.044191919191919116,50,3.633577416550793e-05,0.0014170951924548092
OLINK_COVID,classification,AUROC,LLSS,RandomForest,0.03482954545454547,0.022727272727272818,50,0.0009908766134630938,0.028735421790429722
OLINK_COVID,classification,AUROC,LLSS,MutualInfo,0.018181818181818202,0.011363636363636409,50,0.0524046777399731,0.8908795215795428
OLINK_COVID,classification,AUROC,LLSS,Boruta,0.04164772727272728,0.03977272727272735,50,5.67724586838854e-05,0.002157353429987645
OLINK_COVID,classification,AUROC,LLSS,mRMR,0.06948863636363638,0.07386363636363635,50,2.2775553503515445e-08,1.3665332102109266e-06
OLINK_COVID,classification,AUROC,LLSS,SNN-FS,0.10414772727272727,0.09517045454545453,50,1.3005172328220783e-09,9.493775799601171e-08
OLINK_COVID,classification,AUROC,LLSS,OutcomeSNN-FS,0.10244318181818182,0.10653409090909083,50,4.774409776068531e-09,3.1988545499659156e-07
OLINK_COVID,classification,AUROC,LLSS,glmmLasso,0.023080808080808056,0.02064393939393927,50,0.03839241980553252,0.7678483961106504
OLINK_COVID,classification,AUROC,LLSS,PGEE,0.005775252525252521,0.010290404040403933,50,0.6390094850461736,1.0
OLINK_COVID,classification,AUROC,RandomForest,MutualInfo,-0.016647727272727265,-0.008522727272727293,50,0.14759103992260628,1.0
OLINK_COVID,classification,AUROC,RandomForest,Boruta,0.006818181818181819,0.002840909090909116,50,0.3955654790932501,1.0
OLINK_COVID,classification,AUROC,RandomForest,mRMR,0.03465909090909091,0.032670454545454586,50,0.001613321799768307,0.04355968859374429
OLINK_COVID,classification,AUROC,RandomForest,SNN-FS,0.06931818181818179,0.07528409090909094,50,2.294564639860644e-06,0.00011243366735317156
OLINK_COVID,classification,AUROC,RandomForest,OutcomeSNN-FS,0.06761363636363636,0.06392045454545453,50,6.909571232188042e-06,0.00032474984791283797
OLINK_COVID,classification,AUROC,RandomForest,glmmLasso,-0.011748737373737406,-0.010385101010101094,50,0.2882933333617025,1.0
OLINK_COVID,classification,AUROC,RandomForest,PGEE,-0.029054292929292947,-0.03042929292929286,50,0.0015438495256022912,0.043227786716864156
OLINK_COVID,classification,AUROC,MutualInfo,Boruta,0.023465909090909093,0.034090909090909116,50,0.004015880402374206,0.09638112965698095
OLINK_COVID,classification,AUROC,MutualInfo,mRMR,0.05130681818181818,0.05397727272727282,50,1.4337191146432846e-05,0.0006021620281501795
OLINK_COVID,classification,AUROC,MutualInfo,SNN-FS,0.08596590909090907,0.08380681818181812,50,9.763169323833122e-09,6.150796674014867e-07
OLINK_COVID,classification,AUROC,MutualInfo,OutcomeSNN-FS,0.08426136363636362,0.08522727272727271,50,3.992610007686098e-08,2.315713804457937e-06
OLINK_COVID,classification,AUROC,MutualInfo,glmmLasso,0.00489898989898986,-0.0021464646464646187,50,0.5918179227766114,1.0
OLINK_COVID,classification,AUROC,MutualInfo,PGEE,-0.01240656565656568,-0.010984848484848542,50,0.17654592065928587,1.0
OLINK_COVID,classification,AUROC,Boruta,mRMR,0.027840909090909093,0.015624999999999944,50,0.005703827466367432,0.13118803172645094
OLINK_COVID,classification,AUROC,Boruta,SNN-FS,0.06249999999999998,0.048295454545454475,50,1.3650640710715282e-06,6.82532035535764e-05
OLINK_COVID,classification,AUROC,Boruta,OutcomeSNN-FS,0.06079545454545454,0.046875,50,1.1459798250353032e-05,0.0004927713247651804
OLINK_COVID,classification,AUROC,Boruta,glmmLasso,-0.018566919191919228,-0.026073232323232387,50,0.048920909954075616,0.8805763791733611
OLINK_COVID,classification,AUROC,Boruta,PGEE,-0.035872474747474764,-0.05776515151515166,50,0.0003293603425183764,0.011519287547267675
OLINK_COVID,classification,AUROC,mRMR,SNN-FS,0.03465909090909089,0.03977272727272724,50,0.0004622866881827325,0.01479317402184744
OLINK_COVID,classification,AUROC,mRMR,OutcomeSNN-FS,0.03295454545454545,0.03409090909090895,50,0.0006784271203858039,0.02103124073195992
OLINK_COVID,classification,AUROC,mRMR,glmmLasso,-0.04640782828282831,-0.04794823232323231,50,8.398093875428003e-06,0.00038631231826968815
OLINK_COVID,classification,AUROC,mRMR,PGEE,-0.06371338383838386,-0.06783459595959612,50,6.481313598251719e-07,3.305469935108377e-05
OLINK_COVID,classification,AUROC,SNN-FS,OutcomeSNN-FS,-0.001704545454545443,-0.004261363636363591,50,0.7844052915250944,1.0
OLINK_COVID,classification,AUROC,SNN-FS,glmmLasso,-0.08106691919191922,-0.07881944444444444,50,5.897913268881894e-10,4.895268013171972e-08
OLINK_COVID,classification,AUROC,SNN-FS,PGEE,-0.09837247474747475,-0.09160353535353544,50,1.3535839116229909e-12,1.1505463248795422e-10
OLINK_COVID,classification,AUROC,OutcomeSNN-FS,glmmLasso,-0.07936237373737376,-0.08150252525252533,50,1.4989735761690155e-08,9.143738814630995e-07
OLINK_COVID,classification,AUROC,OutcomeSNN-FS,PGEE,-0.09666792929292932,-0.08522727272727282,50,2.630606843467831e-11,2.209709748512978e-09
OLINK_COVID,classification,AUROC,glmmLasso,PGEE,-0.01730555555555554,-0.010416666666666574,50,0.05414432694115638,0.8908795215795428
PE,classification,AUROC,Lasso,ElasticNet,0.010370370370370365,0.023148148148148084,50,0.15168537840595447,1.0
PE,classification,AUROC,Lasso,StabilitySelection,0.03259259259259258,0.02777777777777779,50,0.0054310374397859,0.2824139468688668
PE,classification,AUROC,Lasso,Stabl-RP,0.06759259259259259,0.0570987654320988,50,7.323085242598942e-07,6.004929898931133e-05
PE,classification,AUROC,Lasso,LongGroupLasso,-0.009999999999999995,-0.006172839506172756,50,0.44277736948726576,1.0
PE,classification,AUROC,Lasso,LLSS,0.018888888888888903,0.006172839506172811,50,0.14228251890927818,1.0
PE,classification,AUROC,Lasso,RandomForest,0.024814814814814817,0.0185185185185186,50,0.026390120286554224,1.0
PE,classification,AUROC,Lasso,MutualInfo,0.08641975308641976,0.07561728395061729,50,4.405864244928478e-08,3.833101893087776e-06
PE,classification,AUROC,Lasso,Boruta,0.03611111111111111,0.03549382716049376,50,0.00602375023028822,0.303524296413666
PE,classification,AUROC,Lasso,mRMR,0.023888888888888883,0.01697530864197533,50,0.0483578156957346,1.0
PE,classification,AUROC,Lasso,SNN-FS,-0.009814814814814823,0.007716049382716028,50,0.3392085338071199,1.0
PE,classification,AUROC,Lasso,OutcomeSNN-FS,0.04870370370370372,0.04938271604938271,50,9.054200595746609e-05,0.006337940417022626
PE,classification,AUROC,Lasso,glmmLasso,-0.007179012345679019,0.010879629629629628,50,0.878334307774896,1.0
PE,classification,AUROC,Lasso,PGEE,0.04115432098765431,0.03310185185185183,50,0.0011051033525024678,0.06741130450265054
PE,classification,AUROC,ElasticNet,StabilitySelection,0.022222222222222213,0.010802469135802462,50,0.11483654891478023,1.0
PE,classification,AUROC,ElasticNet,Stabl-RP,0.05722222222222223,0.037037037037037035,50,3.3094007257600304e-06,0.0002614426573350424
PE,classification,AUROC,ElasticNet,LongGroupLasso,-0.02037037037037036,-0.016975308641975273,50,0.06571324438693184,1.0
PE,classification,AUROC,ElasticNet,LLSS,0.008518518518518538,0.006172839506172867,50,0.32714719745929466,1.0
PE,classification,AUROC,ElasticNet,RandomForest,0.014444444444444456,0.013888888888888895,50,0.25662999041885837,1.0
PE,classification,AUROC,ElasticNet,MutualInfo,0.07604938271604937,0.09104938271604929,50,1.693169427187629e-08,1.4899890959251134e-06
PE,classification,AUROC,ElasticNet,Boruta,0.025740740740740745,0.029320987654321118,50,0.05060518761490342,1.0
PE,classification,AUROC,ElasticNet,mRMR,0.013518518518518518,-0.0015432098765431612,50,0.1279991532162161,1.0
PE,classification,AUROC,ElasticNet,SNN-FS,-0.02018518518518519,-0.029320987654321007,50,0.06040807573980811,1.0
PE,classification,AUROC,ElasticNet,OutcomeSNN-FS,0.03833333333333336,0.029320987654321007,50,0.003130537715768428,0.18157118751456883
PE,classification,AUROC,ElasticNet,glmmLasso,-0.017549382716049385,-0.0285493827160494,50,0.06346609527860991,1.0
PE,classification,AUROC,ElasticNet,PGEE,0.030783950617283944,0.027314814814814847,50,0.02271543636720865,0.976763763789972
PE,classification,AUROC,StabilitySelection,Stabl-RP,0.035000000000000024,0.012345679012345734,50,0.029848003359706395,1.0
PE,classification,AUROC,StabilitySelection,LongGroupLasso,-0.04259259259259258,-0.026234567901234518,50,0.006321916511751937,0.3097739090758449
PE,classification,AUROC,StabilitySelection,LLSS,-0.013703703703703678,-0.02314814814814814,50,0.4870174793506218,1.0
PE,classification,AUROC,StabilitySelection,RandomForest,-0.007777777777777761,0.0030864197530864335,50,0.8112892631938414,1.0
PE,classification,AUROC,StabilitySelection,MutualInfo,0.053827160493827166,0.04783950617283944,50,0.00027838118648791817,0.0183731583082026
PE,classification,AUROC,StabilitySelection,Boruta,0.0035185185185185254,0.007716049382716028,50,0.6886927522934438,1.0
PE,classification,AUROC,StabilitySelection,mRMR,-0.008703703703703698,-0.012345679012345734,50,0.4919411598157284,1.0
PE,classification,AUROC,StabilitySelection,SNN-FS,-0.042407407407407414,-0.03858024691358025,50,0.003580047169288007,0.2040626886494164
PE,classification,AUROC,StabilitySelection,OutcomeSNN-FS,0.01611111111111114,-0.0015432098765432167,50,0.2817441399541539,1.0
PE,classification,AUROC,StabilitySelection,glmmLasso,-0.039771604938271594,-0.030246913580246948,50,0.010261609457190346,0.48229564448794626
PE,classification,AUROC,StabilitySelection,PGEE,0.008561728395061726,0.011959876543209846,50,0.3776732059941086,1.0
PE,classification,AUROC,Stabl-RP,LongGroupLasso,-0.0775925925925926,-0.07561728395061734,50,4.331375172323621e-07,3.595041393028606e-05
PE,classification,AUROC,Stabl-RP,LLSS,-0.048703703703703694,-0.05092592592592582,50,8.690166375900899e-05,0.006170018126889639
PE,classification,AUROC,Stabl-RP,RandomForest,-0.042777777777777776,-0.050925925925925875,50,0.0002659961409203609,0.01782174144166418
PE,classification,AUROC,Stabl-RP,MutualInfo,0.01882716049382715,0.01851851851851849,50,0.12122793145638325,1.0
PE,classification,AUROC,Stabl-RP,Boruta,-0.031481481481481485,-0.021604938271605034,50,0.0010469603151045733,0.06491153953648354
PE,classification,AUROC,Stabl-RP,mRMR,-0.04370370370370372,-0.04012345679012336,50,9.61414387062723e-05,0.006633759270732789
PE,classification,AUROC,Stabl-RP,SNN-FS,-0.07740740740740742,-0.08179012345679004,50,4.1195016775540564e-07,3.460381409145407e-05
PE,classification,AUROC,Stabl-RP,OutcomeSNN-FS,-0.01888888888888888,-0.016975308641975384,50,0.0839670606489354,1.0
PE,classification,AUROC,Stabl-RP,glmmLasso,-0.07477160493827162,-0.08464506172839514,50,9.772863407420118e-09,8.697848432603905e-07
PE,classification,AUROC,Stabl-RP,PGEE,-0.02643827160493829,-0.024537037037037135,50,0.012931948668784443,0.5819376900952999
PE,classification,AUROC,LongGroupLasso,LLSS,0.0288888888888889,0.041666666666666685,50,0.0014676956664462853,0.08806173998677712
PE,classification,AUROC,LongGroupLasso,RandomForest,0.03481481481481482,0.027777777777777846,50,0.004141770208557663,0.2319391316792291
PE,classification,AUROC,LongGroupLasso,MutualInfo,0.09641975308641974,0.08487654320987659,50,7.574868726616273e-09,6.817381853954645e-07
PE,classification,AUROC,LongGroupLasso,Boruta,0.046111111111111096,0.033950617283950546,50,0.0008084006303962881,0.05092923971496615
PE,classification,AUROC,LongGroupLasso,mRMR,0.033888888888888885,0.023148148148148084,50,0.002839202192856112,0.16751292937851062
PE,classification,AUROC,LongGroupLasso,SNN-FS,0.00018518518518517268,0.007716049382716028,50,0.7832117011269837,1.0
PE,classification,AUROC,LongGroupLasso,OutcomeSNN-FS,0.05870370370370371,0.05555555555555558,50,1.3083183025916136e-05,0.0009812387269437103
PE,classification,AUROC,LongGroupLasso,glmmLasso,0.002820987654320977,0.0012345679012346067,50,0.9923668279164506,1.0
PE,classification,AUROC,LongGroupLasso,PGEE,0.05115432098765431,0.05169753086419748,50,1.6896629077223224e-05,0.0012503505517145186
PE,classification,AUROC,LLSS,RandomForest,0.005925925925925917,0.013888888888888895,50,0.5656743871980967,1.0
PE,classification,AUROC,LLSS,MutualInfo,0.06753086419753085,0.06481481481481483,50,2.8638998609312294e-06,0.00022911198887449834
PE,classification,AUROC,LLSS,Boruta,0.017222222222222205,5.551115123125783e-17,50,0.21368779080115785,1.0
PE,classification,AUROC,LLSS,mRMR,0.00499999999999998,-0.012345679012345734,50,0.8095082180505171,1.0
PE,classification,AUROC,LLSS,SNN-FS,-0.028703703703703728,-0.03549382716049382,50,0.015211461013412706,0.669304284590159
PE,classification,AUROC,LLSS,OutcomeSNN-FS,0.02981481481481482,0.01851851851851849,50,0.03976129482790491,1.0
PE,classification,AUROC,LLSS,glmmLasso,-0.026067901234567925,-0.04020061728395069,50,0.012213348101271393,0.5618140126584841
PE,classification,AUROC,LLSS,PGEE,0.022265432098765404,0.018981481481481488,50,0.03096514331620055,1.0
PE,classification,AUROC,RandomForest,MutualInfo,0.06160493827160493,0.05864197530864196,50,8.711502767810203e-06,0.0006620742103535754
PE,classification,AUROC,RandomForest,Boruta,0.011296296296296287,0.007716049382716084,50,0.3982556828232745,1.0
PE,classification,AUROC,RandomForest,mRMR,-0.0009259259259259367,-0.003086419753086378,50,0.9884461586457715,1.0
PE,classification,AUROC,RandomForest,SNN-FS,-0.03462962962962965,-0.024691358024691357,50,0.004653195392766806,0.2466193558166407
PE,classification,AUROC,RandomForest,OutcomeSNN-FS,0.0238888888888889,0.01851851851851849,50,0.05677838721269526,1.0
PE,classification,AUROC,RandomForest,glmmLasso,-0.03199382716049384,-0.03433641975308649,50,0.005951456792424824,0.303524296413666
PE,classification,AUROC,RandomForest,PGEE,0.016339506172839486,0.0251543209876543,50,0.2866420365460076,1.0
PE,classification,AUROC,MutualInfo,Boruta,-0.05030864197530864,-0.06327160493827166,50,6.63211457499922e-05,0.004775122493999438
PE,classification,AUROC,MutualInfo,mRMR,-0.06253086419753086,-0.06327160493827161,50,3.083625174097973e-07,2.621081397983277e-05
PE,classification,AUROC,MutualInfo,SNN-FS,-0.09623456790123458,-0.10185185185185186,50,4.5291623238086e-08,3.8950795984753965e-06
PE,classification,AUROC,MutualInfo,OutcomeSNN-FS,-0.03771604938271603,-0.04012345679012347,50,0.008764805175750637,0.42071064843603057
PE,classification,AUROC,MutualInfo,glmmLasso,-0.09359876543209875,-0.10432098765432096,50,1.2871659293978155e-10,1.1713209957520121e-08
PE,classification,AUROC,MutualInfo,PGEE,-0.04526543209876544,-0.05462962962962964,50,0.00044981649317315186,0.02923807205625487
PE,classification,AUROC,Boruta,mRMR,-0.012222222222222223,0.01080246913580235,50,0.5605427485992295,1.0
PE,classification,AUROC,Boruta,SNN-FS,-0.045925925925925926,-0.06172839506172839,50,0.0004579086775255927,0.029306155361637932
PE,classification,AUROC,Boruta,OutcomeSNN-FS,0.012592592592592614,0.010802469135802517,50,0.16299981223227933,1.0
PE,classification,AUROC,Boruta,glmmLasso,-0.04329012345679013,-0.041358024691358075,50,0.0001778852638985029,0.012096197945098197
PE,classification,AUROC,Boruta,PGEE,0.0050432098765432,0.0019290123456788821,50,0.6806447467771797,1.0
PE,classification,AUROC,mRMR,SNN-FS,-0.03370370370370371,-0.03703703703703709,50,0.004466926745431823,0.2412140442533184
PE,classification,AUROC,mRMR,OutcomeSNN-FS,0.024814814814814835,0.020061728395061706,50,0.028772104640722013,1.0
PE,classification,AUROC,mRMR,glmmLasso,-0.031067901234567902,-0.031790123456790054,50,0.004206930196575554,0.2319391316792291
PE,classification,AUROC,mRMR,PGEE,0.017265432098765424,0.015123456790123502,50,0.09513333936720869,1.0
PE,classification,AUROC,SNN-FS,OutcomeSNN-FS,0.058518518518518546,0.050925925925925986,50,6.242720333563351e-06,0.00048693218601794137
PE,classification,AUROC,SNN-FS,glmmLasso,0.002635802469135804,0.000694444444444331,50,0.969474172425139,1.0
PE,classification,AUROC,SNN-FS,PGEE,0.05096913580246913,0.06041666666666662,50,2.4281497463363166e-05,0.0017725493148255111
PE,classification,AUROC,OutcomeSNN-FS,glmmLasso,-0.05588271604938275,-0.057638888888888906,50,6.358623311442102e-06,0.0004896139949810419
PE,classification,AUROC,OutcomeSNN-FS,PGEE,-0.007549382716049413,-0.003935185185185153,50,0.5210251168620434,1.0
PE,classification,AUROC,glmmLasso,PGEE,0.04833333333333332,0.043749999999999956,50,1.0589358093697844e-06,8.577380055895254e-05
PE_LOPE_MATCHED,classification,AUROC,Lasso,ElasticNet,0.013076923076923081,0.002136752136752129,50,0.34201573889985204,1.0
PE_LOPE_MATCHED,classification,AUROC,Lasso,StabilitySelection,0.0076068376068376044,0.017094017094016978,50,0.4690268276412226,1.0
PE_LOPE_MATCHED,classification,AUROC,Lasso,Stabl-RP,0.029401709401709383,0.021367521367521403,50,0.009669192727394471,0.41577528727796226
PE_LOPE_MATCHED,classification,AUROC,Lasso,LongGroupLasso,-0.04863247863247864,-0.047008547008547064,50,0.0008761160962168244,0.04643415309949169
PE_LOPE_MATCHED,classification,AUROC,Lasso,LLSS,-0.05316239316239317,-0.051282051282051266,50,3.810753933453512e-05,0.0024007749780757125
PE_LOPE_MATCHED,classification,AUROC,Lasso,RandomForest,0.014871794871794868,0.019230769230769218,50,0.0893917845857444,1.0
PE_LOPE_MATCHED,classification,AUROC,Lasso,MutualInfo,0.033589743589743586,0.03632478632478642,50,0.004169418233192386,0.18762382049365736
PE_LOPE_MATCHED,classification,AUROC,Lasso,Boruta,0.02042735042735043,0.029914529914529864,50,0.038369864591330544,1.0
PE_LOPE_MATCHED,classification,AUROC,Lasso,mRMR,-0.04623931623931625,-0.05128205128205121,50,0.0002311451825375488,0.013406420587177831
PE_LOPE_MATCHED,classification,AUROC,Lasso,SNN-FS,0.017777777777777778,0.019230769230769218,50,0.19248310203393793,1.0
PE_LOPE_MATCHED,classification,AUROC,Lasso,OutcomeSNN-FS,0.05829059829059828,0.055555555555555525,50,1.7971017495990198e-06,0.00014197103821832256
PE_LOPE_MATCHED,classification,AUROC,Lasso,glmmLasso,-0.045491452991452984,-0.04839743589743589,50,0.0002409992117797799,0.013736955071447454
PE_LOPE_MATCHED,classification,AUROC,Lasso,PGEE,0.00117521367521369,0.00042735042735048134,50,0.9230969889487787,1.0
PE_LOPE_MATCHED,classification,AUROC,ElasticNet,StabilitySelection,-0.005470085470085477,-0.006410256410256443,50,0.9807454669303926,1.0
PE_LOPE_MATCHED,classification,AUROC,ElasticNet,Stabl-RP,0.0163247863247863,0.019230769230769162,50,0.129598176743981,1.0
PE_LOPE_MATCHED,classification,AUROC,ElasticNet,LongGroupLasso,-0.06170940170940172,-0.07051282051282054,50,6.162320766154745e-05,0.003820638875015942
PE_LOPE_MATCHED,classification,AUROC,ElasticNet,LLSS,-0.06623931623931625,-0.0641025641025641,50,8.520289658169315e-05,0.005112173794901589
PE_LOPE_MATCHED,classification,AUROC,ElasticNet,RandomForest,0.0017948717948717851,0.004273504273504314,50,0.7980834398802312,1.0
PE_LOPE_MATCHED,classification,AUROC,ElasticNet,MutualInfo,0.02051282051282051,0.021367521367521347,50,0.1621750179127821,1.0
PE_LOPE_MATCHED,classification,AUROC,ElasticNet,Boruta,0.007350427350427349,-0.002136752136752129,50,0.557248072993292,1.0
PE_LOPE_MATCHED,classification,AUROC,ElasticNet,mRMR,-0.05931623931623932,-0.05982905982905978,50,7.999864525674733e-06,0.0005679903813229061
PE_LOPE_MATCHED,classification,AUROC,ElasticNet,SNN-FS,0.004700854700854696,0.006410256410256443,50,0.8355621547550968,1.0
PE_LOPE_MATCHED,classification,AUROC,ElasticNet,OutcomeSNN-FS,0.0452136752136752,0.03846153846153849,50,0.00033547548879639253,0.01845115188380159
PE_LOPE_MATCHED,classification,AUROC,ElasticNet,glmmLasso,-0.05856837606837605,-0.05950854700854702,50,3.042456945163326e-05,0.001982992829951279
PE_LOPE_MATCHED,classification,AUROC,ElasticNet,PGEE,-0.011901709401709391,-0.02264957264957257,50,0.4257995032944296,1.0
PE_LOPE_MATCHED,classification,AUROC,StabilitySelection,Stabl-RP,0.021794871794871776,0.03205128205128199,50,0.032083806144201595,1.0
PE_LOPE_MATCHED,classification,AUROC,StabilitySelection,LongGroupLasso,-0.05623931623931625,-0.05128205128205132,50,7.55708864782005e-05,0.0046098240751702305
PE_LOPE_MATCHED,classification,AUROC,StabilitySelection,LLSS,-0.06076923076923077,-0.04914529914529919,50,0.0003112759406563327,0.01743145267675463
PE_LOPE_MATCHED,classification,AUROC,StabilitySelection,RandomForest,0.0072649572649572626,0.010683760683760646,50,0.49307470079254856,1.0
PE_LOPE_MATCHED,classification,AUROC,StabilitySelection,MutualInfo,0.02598290598290599,0.02564102564102566,50,0.04619203597038605,1.0
PE_LOPE_MATCHED,classification,AUROC,StabilitySelection,Boruta,0.012820512820512825,0.010683760683760646,50,0.24444482298977166,1.0
PE_LOPE_MATCHED,classification,AUROC,StabilitySelection,mRMR,-0.05384615384615385,-0.03418803418803412,50,0.0012623620670713695,0.06438046542063984
PE_LOPE_MATCHED,classification,AUROC,StabilitySelection,SNN-FS,0.010170940170940175,0.021367521367521403,50,0.46309744690408305,1.0
PE_LOPE_MATCHED,classification,AUROC,StabilitySelection,OutcomeSNN-FS,0.05068376068376066,0.03418803418803418,50,0.0003905211801370849,0.021088143727402583
PE_LOPE_MATCHED,classification,AUROC,StabilitySelection,glmmLasso,-0.053098290598290576,-0.05320512820512824,50,0.00020197452389497924,0.011916496909803774
PE_LOPE_MATCHED,classification,AUROC,StabilitySelection,PGEE,-0.006431623931623915,-0.02158119658119656,50,0.39025952680776843,1.0
PE_LOPE_MATCHED,classification,AUROC,Stabl-RP,LongGroupLasso,-0.078034188034188,-0.08333333333333331,50,2.0567994397248645e-07,1.6660075461771404e-05
PE_LOPE_MATCHED,classification,AUROC,Stabl-RP,LLSS,-0.08256410256410256,-0.07264957264957261,50,1.1115575139515439e-07,9.11477161440266e-06
PE_LOPE_MATCHED,classification,AUROC,Stabl-RP,RandomForest,-0.014529914529914511,-0.01495726495726496,50,0.2100440237153246,1.0
PE_LOPE_MATCHED,classification,AUROC,Stabl-RP,MutualInfo,0.00418803418803421,-0.006410256410256443,50,0.8383808854231318,1.0
PE_LOPE_MATCHED,classification,AUROC,Stabl-RP,Boruta,-0.00897435897435895,-0.006410256410256332,50,0.6851262948319978,1.0
PE_LOPE_MATCHED,classification,AUROC,Stabl-RP,mRMR,-0.07564102564102561,-0.06410256410256404,50,9.36643858454414e-08,7.774144025171637e-06
PE_LOPE_MATCHED,classification,AUROC,Stabl-RP,SNN-FS,-0.011623931623931603,-0.02777777777777768,50,0.12360775422361331,1.0
PE_LOPE_MATCHED,classification,AUROC,Stabl-RP,OutcomeSNN-FS,0.028888888888888905,0.010683760683760701,50,0.020174017430896266,0.8473087320976431
PE_LOPE_MATCHED,classification,AUROC,Stabl-RP,glmmLasso,-0.07489316239316236,-0.07756410256410251,50,3.0854181432005134e-09,2.776876328880462e-07
PE_LOPE_MATCHED,classification,AUROC,Stabl-RP,PGEE,-0.028226495726495687,-0.02264957264957268,50,0.037166605079788084,1.0
PE_LOPE_MATCHED,classification,AUROC,LongGroupLasso,LLSS,-0.0045299145299145275,-0.0021367521367521847,50,0.6569759226440789,1.0
PE_LOPE_MATCHED,classification,AUROC,LongGroupLasso,RandomForest,0.0635042735042735,0.053418803418803396,50,1.0709401809014535e-05,0.0007496581266310175
PE_LOPE_MATCHED,classification,AUROC,LongGroupLasso,MutualInfo,0.08222222222222224,0.0747863247863248,50,2.7865303204743395e-06,0.00021734936499699848
PE_LOPE_MATCHED,classification,AUROC,LongGroupLasso,Boruta,0.06905982905982906,0.06623931623931623,50,3.004534590835271e-05,0.001982992829951279
PE_LOPE_MATCHED,classification,AUROC,LongGroupLasso,mRMR,0.002393162393162397,0.021367521367521403,50,0.44362360385094823,1.0
PE_LOPE_MATCHED,classification,AUROC,LongGroupLasso,SNN-FS,0.06641025641025641,0.06623931623931623,50,5.317231415328233e-06,0.0004041095875649457
PE_LOPE_MATCHED,classification,AUROC,LongGroupLasso,OutcomeSNN-FS,0.10692307692307691,0.10897435897435892,50,7.559736441227702e-09,6.652568068280378e-07
PE_LOPE_MATCHED,classification,AUROC,LongGroupLasso,glmmLasso,0.003141025641025661,0.007264957264957239,50,0.7282006535758153,1.0
PE_LOPE_MATCHED,classification,AUROC,LongGroupLasso,PGEE,0.04980769230769232,0.04337606837606839,50,0.007380741603101981,0.3247526305364872
PE_LOPE_MATCHED,classification,AUROC,LLSS,RandomForest,0.06803418803418804,0.0641025641025641,50,7.644918073024274e-06,0.000558079019330772
PE_LOPE_MATCHED,classification,AUROC,LLSS,MutualInfo,0.08675213675213676,0.0641025641025641,50,1.7189804564557565e-08,1.4783231925519505e-06
PE_LOPE_MATCHED,classification,AUROC,LLSS,Boruta,0.0735897435897436,0.06623931623931623,50,8.917855064911573e-08,7.490998254525722e-06
PE_LOPE_MATCHED,classification,AUROC,LLSS,mRMR,0.006923076923076924,0.010683760683760701,50,0.5774566299775865,1.0
PE_LOPE_MATCHED,classification,AUROC,LLSS,SNN-FS,0.07094017094017095,0.05555555555555558,50,6.23103540689238e-06,0.0004610966201100361
PE_LOPE_MATCHED,classification,AUROC,LLSS,OutcomeSNN-FS,0.11145299145299145,0.12179487179487186,50,1.6533685441839901e-09,1.504565375207431e-07
PE_LOPE_MATCHED,classification,AUROC,LLSS,glmmLasso,0.0076709401709401884,0.015918803418803418,50,0.43191110415215306,1.0
PE_LOPE_MATCHED,classification,AUROC,LLSS,PGEE,0.05433760683760685,0.06153846153846154,50,0.0022762251098509267,0.10470635505314263
PE_LOPE_MATCHED,classification,AUROC,RandomForest,MutualInfo,0.01871794871794872,0.012820512820512886,50,0.1333042280577463,1.0
PE_LOPE_MATCHED,classification,AUROC,RandomForest,Boruta,0.005555555555555564,0.010683760683760757,50,0.4427800266727888,1.0
PE_LOPE_MATCHED,classification,AUROC,RandomForest,mRMR,-0.061111111111111116,-0.0641025641025641,50,1.5101205049460982e-05,0.0010268819433633467
PE_LOPE_MATCHED,classification,AUROC,RandomForest,SNN-FS,0.002905982905982911,-0.004273504273504369,50,0.8035874522295334,1.0
PE_LOPE_MATCHED,classification,AUROC,RandomForest,OutcomeSNN-FS,0.04341880341880342,0.03418803418803418,50,0.0014918631131979104,0.07459315565989552
PE_LOPE_MATCHED,classification,AUROC,RandomForest,glmmLasso,-0.06036324786324784,-0.07179487179487176,50,3.381753410509024e-05,0.0021643221827257753
PE_LOPE_MATCHED,classification,AUROC,RandomForest,PGEE,-0.013696581196581174,-0.018589743589743524,50,0.29491838813818494,1.0
PE_LOPE_MATCHED,classification,AUROC,MutualInfo,Boruta,-0.013162393162393158,-0.0021367521367521847,50,0.4924278175286284,1.0
PE_LOPE_MATCHED,classification,AUROC,MutualInfo,mRMR,-0.07982905982905983,-0.0854700854700855,50,6.098186047076683e-06,0.00045736395353075123
PE_LOPE_MATCHED,classification,AUROC,MutualInfo,SNN-FS,-0.01581196581196581,-0.02136752136752129,50,0.23886151379342224,1.0
PE_LOPE_MATCHED,classification,AUROC,MutualInfo,OutcomeSNN-FS,0.02470085470085469,0.021367521367521458,50,0.04242152843838459,1.0
PE_LOPE_MATCHED,classification,AUROC,MutualInfo,glmmLasso,-0.07908119658119657,-0.07521367521367522,50,4.945666454148068e-08,4.2038164860258576e-06
PE_LOPE_MATCHED,classification,AUROC,MutualInfo,PGEE,-0.032414529914529894,-0.028846153846153855,50,0.052989788310034314,1.0
PE_LOPE_MATCHED,classification,AUROC,Boruta,mRMR,-0.06666666666666667,-0.06837606837606847,50,5.06948214776409e-06,0.00039035012537783493
PE_LOPE_MATCHED,classification,AUROC,Boruta,SNN-FS,-0.0026495726495726524,-0.004273504273504314,50,0.6870123907939223,1.0
PE_LOPE_MATCHED,classification,AUROC,Boruta,OutcomeSNN-FS,0.03786324786324785,0.04914529914529908,50,0.0019433581397422578,0.09133783256788612
PE_LOPE_MATCHED,classification,AUROC,Boruta,glmmLasso,-0.0659188034188034,-0.06645299145299144,50,1.4543591948523726e-06,0.00011634873558818981
PE_LOPE_MATCHED,classification,AUROC,Boruta,PGEE,-0.019252136752136738,-0.023076923076922995,50,0.0857934137886982,1.0
PE_LOPE_MATCHED,classification,AUROC,mRMR,SNN-FS,0.064017094017094,0.059829059829059894,50,1.474420591090696e-05,0.0010173502078525802
PE_LOPE_MATCHED,classification,AUROC,mRMR,OutcomeSNN-FS,0.10452991452991452,0.1111111111111111,50,1.6486078603737958e-08,1.4342888385252023e-06
PE_LOPE_MATCHED,classification,AUROC,mRMR,glmmLasso,0.0007478632478632652,0.005341880341880323,50,0.9085978224870299,1.0
PE_LOPE_MATCHED,classification,AUROC,mRMR,PGEE,0.047414529914529935,0.05427350427350436,50,0.0011471783973160399,0.059653276660434074
PE_LOPE_MATCHED,classification,AUROC,SNN-FS,OutcomeSNN-FS,0.04051282051282051,0.03418803418803412,50,0.0017881905452521516,0.08583314617210328
PE_LOPE_MATCHED,classification,AUROC,SNN-FS,glmmLasso,-0.06326923076923077,-0.07297008547008543,50,7.665460980248243e-06,0.000558079019330772
PE_LOPE_MATCHED,classification,AUROC,SNN-FS,PGEE,-0.01660256410256409,-0.018589743589743524,50,0.16894543769307047,1.0
PE_LOPE_MATCHED,classification,AUROC,OutcomeSNN-FS,glmmLasso,-0.10378205128205126,-0.09668803418803423,50,4.252640137236981e-09,3.784849722140913e-07
PE_LOPE_MATCHED,classification,AUROC,OutcomeSNN-FS,PGEE,-0.057115384615384596,-0.05950854700854702,50,2.82830745792495e-05,0.0018949659968097166
PE_LOPE_MATCHED,classification,AUROC,glmmLasso,PGEE,0.04666666666666667,0.036111111111111094,50,0.0015686736398453304,0.07686500835242119
TRA,regression,RMSE,Lasso,ElasticNet,0.00823231773015511,0.007308995524284212,50,0.0001778852638985029,0.0060480989725490986
TRA,regression,RMSE,Lasso,StabilitySelection,-0.003539406144482995,-0.001480409107103231,50,0.18444897927691706,1.0
TRA,regression,RMSE,Lasso,Stabl-RP,-0.02737834619480228,-0.02840117447698942,50,1.5631940186722204e-13,1.4225065569917206e-11
TRA,regression,RMSE,Lasso,LongGroupLasso,-0.023822403135830027,-0.02397069347223335,50,1.1368683772161603e-12,9.663381206337363e-11
TRA,regression,RMSE,Lasso,LLSS,-0.023413704791233364,-0.02397255407555554,50,4.9116266609416925e-12,3.83106879553452e-10
TRA,regression,RMSE,Lasso,RandomForest,-0.01649428397760401,-0.016574736197924822,50,1.507920117660433e-07,7.991976623600294e-06
TRA,regression,RMSE,Lasso,MutualInfo,-0.002589409322222207,-0.004152585588399926,50,0.26120880915335754,1.0
TRA,regression,RMSE,Lasso,Boruta,-0.014535203151155853,-0.0143826617473094,50,5.3406212785489515e-08,3.0441541287729024e-06
TRA,regression,RMSE,Lasso,mRMR,-0.022728887535574557,-0.020045291546296085,50,9.769962616701378e-14,9.086065233532281e-12
TRA,regression,RMSE,Lasso,SNN-FS,-0.0022978426076503845,-0.005012815809639859,50,0.1781010477908609,1.0
TRA,regression,RMSE,Lasso,OutcomeSNN-FS,-0.006577932751011173,-0.00813439292583451,50,0.001909205638362721,0.051548552235793466
TRA,regression,RMSE,Lasso,geeVerse,-0.015346634474055775,-0.014754478055685083,50,1.6183291151605772e-08,1.0033640513995579e-06
TRA,regression,RMSE,Lasso,glmmLasso,-0.02700970772571938,-0.024205608252361732,50,4.440892098500626e-14,4.307665335545607e-12
TRA,regression,RMSE,Lasso,PGEE,-0.023414617578666242,-0.01937707679319589,50,1.9539925233402755e-13,1.758593271006248e-11
TRA,regression,RMSE,ElasticNet,StabilitySelection,-0.011771723874638105,-0.012229494068582314,50,2.670359481982132e-06,0.0001174958172072138
TRA,regression,RMSE,ElasticNet,Stabl-RP,-0.03561066392495739,-0.03779969207457734,50,3.552713678800501e-15,3.659295089164516e-13
TRA,regression,RMSE,ElasticNet,LongGroupLasso,-0.03205472086598513,-0.03536585691900351,50,5.329070518200751e-15,5.329070518200751e-13
TRA,regression,RMSE,ElasticNet,LLSS,-0.03164602252138848,-0.03420357134982488,50,4.440892098500626e-14,4.307665335545607e-12
TRA,regression,RMSE,ElasticNet,RandomForest,-0.02472660170775912,-0.02586137651484277,50,1.3535839116229909e-12,1.1370104857633123e-10
TRA,regression,RMSE,ElasticNet,MutualInfo,-0.010821727052377317,-0.010007087539961046,50,0.0003378810943459598,0.010474313924724754
TRA,regression,RMSE,ElasticNet,Boruta,-0.022767520881310965,-0.02088100765554579,50,3.6770586575585185e-13,3.162270445500326e-11
TRA,regression,RMSE,ElasticNet,mRMR,-0.030961205265729666,-0.03164643504366893,50,1.7763568394002505e-15,1.865174681370263e-13
TRA,regression,RMSE,ElasticNet,SNN-FS,-0.010530160337805494,-0.009281435391089277,50,5.572207957271758e-07,2.7303818990631612e-05
TRA,regression,RMSE,ElasticNet,OutcomeSNN-FS,-0.014810250481166283,-0.015751164115253236,50,7.798730550234723e-08,4.2893018026290974e-06
TRA,regression,RMSE,ElasticNet,geeVerse,-0.023578952204210885,-0.02330040958229007,50,2.239985974483716e-12,1.7919887795869727e-10
TRA,regression,RMSE,ElasticNet,glmmLasso,-0.035242025455874494,-0.03734682083533525,50,3.552713678800501e-15,3.659295089164516e-13
TRA,regression,RMSE,ElasticNet,PGEE,-0.03164693530882135,-0.03093676983989957,50,3.552713678800501e-15,3.659295089164516e-13
TRA,regression,RMSE,StabilitySelection,Stabl-RP,-0.023838940050319283,-0.025132898802134984,50,1.6058265828178264e-12,1.332836063738796e-10
TRA,regression,RMSE,StabilitySelection,LongGroupLasso,-0.02028299699134703,-0.01923065152783765,50,3.40367733997482e-11,2.4846844581816185e-09
TRA,regression,RMSE,StabilitySelection,LLSS,-0.01987429864675037,-0.02184919510308736,50,2.2601653881793027e-10,1.559514117843719e-08
TRA,regression,RMSE,StabilitySelection,RandomForest,-0.012954877833121015,-0.013831254785294456,50,4.788532343980023e-06,0.00020111835844716097
TRA,regression,RMSE,StabilitySelection,MutualInfo,0.0009499968222607879,-0.000746856668948026,50,0.7018365959451138,1.0
TRA,regression,RMSE,StabilitySelection,Boruta,-0.010995797006672858,-0.009867876678765986,50,5.639617199193481e-05,0.0019738660197177182
TRA,regression,RMSE,StabilitySelection,mRMR,-0.01918948139109156,-0.019533453906330767,50,1.34718902700115e-11,1.023863660520874e-09
TRA,regression,RMSE,StabilitySelection,SNN-FS,0.0012415635368326105,-0.0008572893757530231,50,0.7887529519630228,1.0
TRA,regression,RMSE,StabilitySelection,OutcomeSNN-FS,-0.003038526606528178,-0.002981434060928434,50,0.13045894629165566,1.0
TRA,regression,RMSE,StabilitySelection,geeVerse,-0.011807228329572782,-0.009708567886472896,50,1.6455253124547653e-06,7.404863906046444e-05
TRA,regression,RMSE,StabilitySelection,glmmLasso,-0.023470301581236388,-0.02334883040076796,50,1.5448975432263978e-11,1.1586731574197984e-09
TRA,regression,RMSE,StabilitySelection,PGEE,-0.01987521143418325,-0.01944033435543091,50,1.5961560961841315e-09,1.0375014625196854e-07
TRA,regression,RMSE,Stabl-RP,LongGroupLasso,0.003555943058972253,0.002687188858466638,50,0.017101069545240932,0.3762235299953005
TRA,regression,RMSE,Stabl-RP,LLSS,0.003964641403568914,0.003754334331936837,50,0.004606102327862516,0.11054645586870038
TRA,regression,RMSE,Stabl-RP,RandomForest,0.01088406221719827,0.0112082341547598,50,1.9077969426462005e-08,1.1446781655877203e-06
TRA,regression,RMSE,Stabl-RP,MutualInfo,0.02478893687258007,0.026291612857789803,50,1.7763568394002505e-15,1.865174681370263e-13
TRA,regression,RMSE,Stabl-RP,Boruta,0.012843143043646426,0.013536483107464026,50,8.855280952957401e-10,5.9330382384814584e-08
TRA,regression,RMSE,Stabl-RP,mRMR,0.004649458659227723,0.004592144149447641,50,0.0010644297047850415,0.029804031733981162
TRA,regression,RMSE,Stabl-RP,SNN-FS,0.025080503587151894,0.025960530488283617,50,3.0020430585864233e-13,2.6417978915560525e-11
TRA,regression,RMSE,Stabl-RP,OutcomeSNN-FS,0.020800413443791105,0.019497353832770403,50,1.6058265828178264e-12,1.332836063738796e-10
TRA,regression,RMSE,Stabl-RP,geeVerse,0.012031711720746503,0.011932594938099284,50,1.9326371614170057e-09,1.2368877833068836e-07
TRA,regression,RMSE,Stabl-RP,glmmLasso,0.00036863846908289586,0.0014246576863902183,50,0.8332778036429911,1.0
TRA,regression,RMSE,Stabl-RP,PGEE,0.003963728616136035,0.003717710449043121,50,0.010261609457190346,0.23601701751537796
TRA,regression,RMSE,LongGroupLasso,LLSS,0.00040869834459666076,0.000105325062902617,50,0.7961309923635564,1.0
TRA,regression,RMSE,LongGroupLasso,RandomForest,0.007328119158226017,0.006186161236124588,50,2.5552926345540072e-05,0.0009454582747849827
TRA,regression,RMSE,LongGroupLasso,MutualInfo,0.02123299381360782,0.02266117014912039,50,3.6148861681795097e-12,2.8557600728618127e-10
TRA,regression,RMSE,LongGroupLasso,Boruta,0.009287199984674173,0.01137264262037796,50,5.070202146129077e-06,0.00020280808584516308
TRA,regression,RMSE,LongGroupLasso,mRMR,0.0010935156002554703,0.000368508105575982,50,0.42072286282100535,1.0
TRA,regression,RMSE,LongGroupLasso,SNN-FS,0.02152456052817964,0.02270347274047213,50,7.65609797781508e-12,5.895195442917611e-10
TRA,regression,RMSE,LongGroupLasso,OutcomeSNN-FS,0.01724447038481885,0.01703974515342155,50,5.610267805877811e-11,3.983290142173246e-09
TRA,regression,RMSE,LongGroupLasso,geeVerse,0.00847576866177425,0.006605527649180876,50,3.623269506647375e-08,2.1377290089219514e-06
TRA,regression,RMSE,LongGroupLasso,glmmLasso,-0.003187304589889357,-0.002536657246166363,50,0.07395602411280144,1.0
TRA,regression,RMSE,LongGroupLasso,PGEE,0.00040778555716378226,0.00030929176797800384,50,0.7887529519630228,1.0
TRA,regression,RMSE,LLSS,RandomForest,0.006919420813629356,0.007121833767587349,50,1.7805245978053108e-05,0.0006765993471660181
TRA,regression,RMSE,LLSS,MutualInfo,0.02082429546901116,0.02171607186590141,50,1.2434497875801753e-13,1.1439738045737613e-11
TRA,regression,RMSE,LLSS,Boruta,0.008878501640077512,0.007967338156575576,50,6.78354924232849e-07,3.1882681438943905e-05
TRA,regression,RMSE,LLSS,mRMR,0.0006848172556588094,6.931578604429944e-06,50,0.559104623193516,1.0
TRA,regression,RMSE,LLSS,SNN-FS,0.02111586218358298,0.02158071049352006,50,1.5448975432263978e-11,1.1586731574197984e-09
TRA,regression,RMSE,LLSS,OutcomeSNN-FS,0.016835772040222192,0.015704730709998227,50,4.440531498062228e-09,2.7975348437792036e-07
TRA,regression,RMSE,LLSS,geeVerse,0.008067070317177589,0.008700706441628903,50,6.725303951071737e-06,0.00026228685409179775
TRA,regression,RMSE,LLSS,glmmLasso,-0.0035960029344860177,-0.003981390389257933,50,0.03048635454688231,0.6402134454845285
TRA,regression,RMSE,LLSS,PGEE,-9.127874328784813e-07,0.0004372445428459937,50,0.8332778036429911,1.0
TRA,regression,RMSE,RandomForest,MutualInfo,0.013904874655381802,0.014002041600447379,50,3.918623114884667e-08,2.272801406633107e-06
TRA,regression,RMSE,RandomForest,Boruta,0.001959080826448156,-0.0012921068367920396,50,0.38817752503383396,1.0
TRA,regression,RMSE,RandomForest,mRMR,-0.0062346035579705465,-0.008567615588461974,50,0.0001858580190070569,0.0060480989725490986
TRA,regression,RMSE,RandomForest,SNN-FS,0.014196441369953626,0.016016652824891286,50,1.6183291151605772e-08,1.0033640513995579e-06
TRA,regression,RMSE,RandomForest,OutcomeSNN-FS,0.009916351226592837,0.010103411604686308,50,3.288899332076767e-05,0.001184003759547636
TRA,regression,RMSE,RandomForest,geeVerse,0.0011476495035482336,0.0005893798179766874,50,0.5786292137562761,1.0
TRA,regression,RMSE,RandomForest,glmmLasso,-0.010515423748115373,-0.009914754609129162,50,1.0490046520317264e-07,5.664625120971323e-06
TRA,regression,RMSE,RandomForest,PGEE,-0.006920333601062234,-0.008703248578086797,50,0.0001778852638985029,0.0060480989725490986
TRA,regression,RMSE,MutualInfo,Boruta,-0.011945793828933647,-0.011338605699948157,50,1.8673260271384606e-07,9.336630135692303e-06
TRA,regression,RMSE,MutualInfo,mRMR,-0.02013947821335235,-0.019144333078533027,50,5.861977570020827e-14,5.568878691519785e-12
TRA,regression,RMSE,MutualInfo,SNN-FS,0.0002915667145718226,0.00031878687594055766,50,0.6321732707310517,1.0
TRA,regression,RMSE,MutualInfo,OutcomeSNN-FS,-0.003988523428788966,-0.0026148222659626574,50,0.16293225736063377,1.0
TRA,regression,RMSE,MutualInfo,geeVerse,-0.012757225151833569,-0.012742727867403825,50,1.6198182883897516e-07,8.261073270787733e-06
TRA,regression,RMSE,MutualInfo,glmmLasso,-0.024420298403497177,-0.02312701172215459,50,5.329070518200751e-15,5.329070518200751e-13
TRA,regression,RMSE,MutualInfo,PGEE,-0.020825208256444037,-0.01839631115490037,50,3.0020430585864233e-13,2.6417978915560525e-11
TRA,regression,RMSE,Boruta,mRMR,-0.008193684384418703,-0.006921669706073219,50,1.507920117660433e-07,7.991976623600294e-06
TRA,regression,RMSE,Boruta,SNN-FS,0.012237360543505469,0.011518184311653967,50,7.723469384046666e-07,3.5527959166614664e-05
TRA,regression,RMSE,Boruta,OutcomeSNN-FS,0.00795727040014468,0.007298556616345597,50,0.0007847371187263974,0.022757376443065525
TRA,regression,RMSE,Boruta,geeVerse,-0.0008114313228999226,0.0016441606056594171,50,0.7160933233749613,1.0
TRA,regression,RMSE,Boruta,glmmLasso,-0.01247450457456353,-0.011077227394667433,50,1.0206946399193839e-10,7.1448624794356874e-09
TRA,regression,RMSE,Boruta,PGEE,-0.00887941442751039,-0.00802003004553431,50,6.710043898294771e-08,3.7576245830450716e-06
TRA,regression,RMSE,mRMR,SNN-FS,0.02043104492792417,0.020977916416771714,50,2.433608869978343e-13,2.1659118942807254e-11
TRA,regression,RMSE,mRMR,OutcomeSNN-FS,0.01615095478456338,0.01619318316624141,50,4.9604764740251994e-11,3.5715430612981436e-09
TRA,regression,RMSE,mRMR,geeVerse,0.00738225306151878,0.007112268932773835,50,4.268415494834699e-06,0.00018354186627789204
TRA,regression,RMSE,mRMR,glmmLasso,-0.004280820190144827,-0.004013768138712681,50,0.0024399375469918994,0.06343837622178938
TRA,regression,RMSE,mRMR,PGEE,-0.0006857300430916879,-0.00011301194100910017,50,0.6390094850461736,1.0
TRA,regression,RMSE,SNN-FS,OutcomeSNN-FS,-0.004280090143360789,-0.0038201608629914174,50,0.060701401498306495,1.0
TRA,regression,RMSE,SNN-FS,geeVerse,-0.01304879186640539,-0.014425657285392801,50,5.572207957271758e-07,2.7303818990631612e-05
TRA,regression,RMSE,SNN-FS,glmmLasso,-0.024711865118069,-0.02584230672970156,50,1.7763568394002505e-14,1.7408297026122455e-12
TRA,regression,RMSE,SNN-FS,PGEE,-0.02111677497101586,-0.020291584902375037,50,1.8989254613188677e-12,1.538129623668283e-10
TRA,regression,RMSE,OutcomeSNN-FS,geeVerse,-0.008768701723044604,-0.00526334602045242,50,0.0005966978973450665,0.017900936920351995
TRA,regression,RMSE,OutcomeSNN-FS,glmmLasso,-0.02043177497470821,-0.0190953974146173,50,5.861977570020827e-14,5.568878691519785e-12
TRA,regression,RMSE,OutcomeSNN-FS,PGEE,-0.01683668482765507,-0.013394385812079967,50,8.855280952957401e-10,5.9330382384814584e-08
TRA,regression,RMSE,geeVerse,glmmLasso,-0.011663073251663608,-0.010535273496324993,50,5.318447904301138e-10,3.616544574924774e-08
TRA,regression,RMSE,geeVerse,PGEE,-0.008067983104610467,-0.009286317404971878,50,4.788532343980023e-06,0.00020111835844716097
TRA,regression,RMSE,glmmLasso,PGEE,0.003595090147053139,0.0028206032083682997,50,0.0027053239960554976,0.06763309990138744
TRB,regression,RMSE,Lasso,ElasticNet,0.005277739632224696,0.004265076454298078,50,0.07082612042920822,1.0
TRB,regression,RMSE,Lasso,StabilitySelection,-0.012425897986949406,-0.01125623492307104,50,1.9760169596594324e-05,0.001165850006199065
TRB,regression,RMSE,Lasso,Stabl-RP,-0.029229382896629644,-0.029112362678142212,50,9.521272659185342e-13,9.140421752817929e-11
TRB,regression,RMSE,Lasso,LongGroupLasso,-0.022025700440309947,-0.021785216011681374,50,2.8573925447972215e-08,2.257340110389805e-06
TRB,regression,RMSE,Lasso,LLSS,-0.023078822434831277,-0.023231117316711347,50,1.4432899320127035e-10,1.2989609388114332e-08
TRB,regression,RMSE,Lasso,RandomForest,-0.02424242451137455,-0.024252954488728773,50,2.5226754019058717e-10,2.219954353677167e-08
TRB,regression,RMSE,Lasso,MutualInfo,-0.01595052311582078,-0.01481132268523977,50,2.1002898957789284e-06,0.0001407194230171882
TRB,regression,RMSE,Lasso,Boruta,-0.02185541890015957,-0.02540265107962547,50,8.22989321136447e-09,6.66621350120522e-07
TRB,regression,RMSE,Lasso,mRMR,-0.02681012225508865,-0.026325016863925188,50,7.94031507211912e-13,7.702105619955546e-11
TRB,regression,RMSE,Lasso,SNN-FS,-0.006587170555044648,-0.006259269303400927,50,0.02898427633581413,0.7988097642281087
TRB,regression,RMSE,Lasso,OutcomeSNN-FS,-0.0181910531638013,-0.018907855693380937,50,9.051156624195755e-08,6.878879034388774e-06
TRB,regression,RMSE,Lasso,geeVerse,-0.018992217777567974,-0.02042412650176606,50,2.8391607465039215e-07,2.0441957374828235e-05
TRB,regression,RMSE,Lasso,glmmLasso,-0.03377096118126285,-0.031249387027548092,50,7.638334409421077e-14,7.714717753515288e-12
TRB,regression,RMSE,Lasso,PGEE,-0.028228896373711045,-0.02513554708699295,50,2.994404724177002e-11,2.784796393484612e-09
TRB,regression,RMSE,ElasticNet,StabilitySelection,-0.017703637619174102,-0.01619796789810546,50,2.4721383162784605e-07,1.804660970883276e-05
TRB,regression,RMSE,ElasticNet,Stabl-RP,-0.03450712252885434,-0.031252815282506785,50,1.7763568394002505e-14,1.8474111129762605e-12
TRB,regression,RMSE,ElasticNet,LongGroupLasso,-0.027303440072534643,-0.02504971002161993,50,1.8094681308866711e-10,1.6104266364891373e-08
TRB,regression,RMSE,ElasticNet,LLSS,-0.028356562067055974,-0.02534894321776482,50,4.440892098500626e-14,4.529709940470639e-12
TRB,regression,RMSE,ElasticNet,RandomForest,-0.029520164143599245,-0.03007099061777163,50,2.6343371928305714e-12,2.502620333189043e-10
TRB,regression,RMSE,ElasticNet,MutualInfo,-0.021228262748045477,-0.020981037862209062,50,8.403119267086367e-08,6.470401835656503e-06
TRB,regression,RMSE,ElasticNet,Boruta,-0.027133158532384266,-0.021394351643891585,50,3.863753761379485e-11,3.554653460469126e-09
TRB,regression,RMSE,ElasticNet,mRMR,-0.03208786188731334,-0.03158809372009774,50,2.4868995751603507e-14,2.561506562415161e-12
TRB,regression,RMSE,ElasticNet,SNN-FS,-0.011864910187269343,-0.009788074748110942,50,6.825250486741652e-05,0.003822140272575325
TRB,regression,RMSE,ElasticNet,OutcomeSNN-FS,-0.023468792796025997,-0.0184556756258224,50,1.0206946399193839e-10,9.288321223266394e-09
TRB,regression,RMSE,ElasticNet,geeVerse,-0.02426995740979267,-0.024139038246035027,50,1.9326371614170057e-09,1.6040888439761147e-07
TRB,regression,RMSE,ElasticNet,glmmLasso,-0.03904870081348754,-0.039479967051559095,50,5.329070518200751e-15,5.595524044110789e-13
TRB,regression,RMSE,ElasticNet,PGEE,-0.03350663600593574,-0.03149854877453828,50,3.6770586575585185e-13,3.6770586575585185e-11
TRB,regression,RMSE,StabilitySelection,Stabl-RP,-0.01680348490968024,-0.01620745661184242,50,5.7649630846867694e-08,4.49667120605568e-06
TRB,regression,RMSE,StabilitySelection,LongGroupLasso,-0.00959980245336054,-0.011364408472582355,50,0.0014846473444478647,0.06235518846681032
TRB,regression,RMSE,StabilitySelection,LLSS,-0.010652924447881872,-0.010212011974066293,50,9.915398697479816e-05,0.005255161309664302
TRB,regression,RMSE,StabilitySelection,RandomForest,-0.011816526524425143,-0.011377324663709554,50,0.00011374680137699045,0.005687340068849522
TRB,regression,RMSE,StabilitySelection,MutualInfo,-0.003524625128871377,-0.00042377690995987205,50,0.32777522027848605,1.0
TRB,regression,RMSE,StabilitySelection,Boruta,-0.009429520913210166,-0.006223686393884376,50,0.0006715891126169993,0.030221510067764967
TRB,regression,RMSE,StabilitySelection,mRMR,-0.014384224268139243,-0.011452600680517122,50,2.0039570713947796e-07,1.482928232832137e-05
TRB,regression,RMSE,StabilitySelection,SNN-FS,0.005838727431904758,0.006297377227333367,50,0.027545164283727885,0.7988097642281087
TRB,regression,RMSE,StabilitySelection,OutcomeSNN-FS,-0.005765155176851895,-0.007861911578986747,50,0.028256978552906986,0.7988097642281087
TRB,regression,RMSE,StabilitySelection,geeVerse,-0.006566319790618569,-0.003984181343589022,50,0.052989788310034314,1.0
TRB,regression,RMSE,StabilitySelection,glmmLasso,-0.02134506319431344,-0.020339204421400914,50,8.008242957657785e-10,6.887088943585695e-08
TRB,regression,RMSE,StabilitySelection,PGEE,-0.01580299838676164,-0.015003049654953027,50,6.010637926934237e-06,0.0003906914652507254
TRB,regression,RMSE,Stabl-RP,LongGroupLasso,0.0072036824563197,0.007526350006848426,50,0.00010381446904439429,0.005398352390308503
TRB,regression,RMSE,Stabl-RP,LLSS,0.006150560461798369,0.006549160277088406,50,0.0010644297047850415,0.045770477305756785
TRB,regression,RMSE,Stabl-RP,RandomForest,0.004986958385255096,0.007707103552645145,50,0.02616696817119646,0.7850090451358938
TRB,regression,RMSE,Stabl-RP,MutualInfo,0.013278859780808863,0.014578255984289745,50,6.78354924232849e-07,4.6806489772066584e-05
TRB,regression,RMSE,Stabl-RP,Boruta,0.007373963996470074,0.005802890755006951,50,0.002356807144249018,0.09427228576996072
TRB,regression,RMSE,Stabl-RP,mRMR,0.002419260641540997,0.002156201645628242,50,0.07556206690378708,1.0
TRB,regression,RMSE,Stabl-RP,SNN-FS,0.022642212341584998,0.0231987677585217,50,5.453415496958769e-13,5.398881341989181e-11
TRB,regression,RMSE,Stabl-RP,OutcomeSNN-FS,0.011038329732828344,0.012808886506238792,50,3.801371960321376e-06,0.0002508905493812108
TRB,regression,RMSE,Stabl-RP,geeVerse,0.010237165119061671,0.010061242615880484,50,1.367585375788849e-05,0.0008342270792311979
TRB,regression,RMSE,Stabl-RP,glmmLasso,-0.004541578284633201,-0.00609582487168292,50,0.03996834652842374,0.9592403166821697
TRB,regression,RMSE,Stabl-RP,PGEE,0.0010004865229186022,0.0007880844832345302,50,0.7232586770768918,1.0
TRB,regression,RMSE,LongGroupLasso,LLSS,-0.0010531219945213311,-0.0003480660606477448,50,0.6806447467771797,1.0
TRB,regression,RMSE,LongGroupLasso,RandomForest,-0.002216724071064604,-0.001273381370024973,50,0.38817752503383396,1.0
TRB,regression,RMSE,LongGroupLasso,MutualInfo,0.006075177324489162,0.0050131400147196414,50,0.055465717070337206,1.0
TRB,regression,RMSE,LongGroupLasso,Boruta,0.00017028154015037434,0.0022534273844418973,50,0.6947463342363385,1.0
TRB,regression,RMSE,LongGroupLasso,mRMR,-0.004784421814778703,-0.005919848397420546,50,0.011529687649083797,0.3920093800688491
TRB,regression,RMSE,LongGroupLasso,SNN-FS,0.015438529885265298,0.014769720297541089,50,9.979758868183808e-07,6.78623603036499e-05
TRB,regression,RMSE,LongGroupLasso,OutcomeSNN-FS,0.0038346472765086446,0.0036201024114490554,50,0.10316599771973678,1.0
TRB,regression,RMSE,LongGroupLasso,geeVerse,0.003033482662741971,0.0032474196189589133,50,0.17191424676435396,1.0
TRB,regression,RMSE,LongGroupLasso,glmmLasso,-0.0117452607409529,-0.009963351754362026,50,1.2288898243895119e-05,0.0007619116911214974
TRB,regression,RMSE,LongGroupLasso,PGEE,-0.006203195933401098,-0.004249246225984771,50,0.02420949942225903,0.7504944820900299
TRB,regression,RMSE,LLSS,RandomForest,-0.0011636020765432731,-0.0005930073393127788,50,0.652772195247282,1.0
TRB,regression,RMSE,LLSS,MutualInfo,0.007128299319010494,0.008925747073651125,50,0.00197803909377825,0.08109960284490825
TRB,regression,RMSE,LLSS,Boruta,0.0012234035346717054,-0.0003961302556882984,50,0.8407540567937097,1.0
TRB,regression,RMSE,LLSS,mRMR,-0.003731299820257372,-0.004467756025118286,50,0.01407853473248366,0.4645916461719608
TRB,regression,RMSE,LLSS,SNN-FS,0.01649165187978663,0.017702919578328147,50,1.0642100534141719e-08,8.513680427313375e-07
TRB,regression,RMSE,LLSS,OutcomeSNN-FS,0.0048877692710299755,0.005849619428951014,50,0.020120643634562896,0.6438605963060127
TRB,regression,RMSE,LLSS,geeVerse,0.004086604657263302,0.0029670729797737216,50,0.05935623218713815,1.0
TRB,regression,RMSE,LLSS,glmmLasso,-0.01069213874643157,-0.011070323620120726,50,1.0490046520317264e-07,7.867534890237948e-06
TRB,regression,RMSE,LLSS,PGEE,-0.005150073938879767,-0.0072017719658498125,50,0.007609452352863144,0.28154973705593633
TRB,regression,RMSE,RandomForest,MutualInfo,0.008291901395553768,0.009521618747200922,50,0.0009871220775430345,0.04343337141189352
TRB,regression,RMSE,RandomForest,Boruta,0.0023870056112149786,0.002688265572938331,50,0.2373529877703877,1.0
TRB,regression,RMSE,RandomForest,mRMR,-0.0025676977437140993,-0.0035567669969626126,50,0.1255634661063354,1.0
TRB,regression,RMSE,RandomForest,SNN-FS,0.0176552539563299,0.016671677604940816,50,8.008242957657785e-10,6.887088943585695e-08
TRB,regression,RMSE,RandomForest,OutcomeSNN-FS,0.006051371347573249,0.0042200998842043536,50,0.009964281765361349,0.3487498617876472
TRB,regression,RMSE,RandomForest,geeVerse,0.005250206733806575,0.005671173121629236,50,0.008587735636506721,0.30915848291424197
TRB,regression,RMSE,RandomForest,glmmLasso,-0.009528536669888297,-0.011698502061942118,50,9.040639391599825e-05,0.0048819452714639056
TRB,regression,RMSE,RandomForest,PGEE,-0.003986471862336494,-0.003339655802662711,50,0.0894381024777875,1.0
TRB,regression,RMSE,MutualInfo,Boruta,-0.005904895784338789,-0.005546044734179079,50,0.033687793845592395,0.8758826399854023
TRB,regression,RMSE,MutualInfo,mRMR,-0.010859599139267866,-0.010450937887683032,50,6.010637926934237e-06,0.0003906914652507254
TRB,regression,RMSE,MutualInfo,SNN-FS,0.009363352560776134,0.008894038139959926,50,0.00035222154756553437,0.01620219118801458
TRB,regression,RMSE,MutualInfo,OutcomeSNN-FS,-0.002240530047980518,-0.0035442864718256972,50,0.27372721377670217,1.0
TRB,regression,RMSE,MutualInfo,geeVerse,-0.003041694661747192,-0.005483613520999131,50,0.09908592454842413,1.0
TRB,regression,RMSE,MutualInfo,glmmLasso,-0.017820438065442062,-0.014935486751296079,50,1.3149694666481082e-09,1.1045743519844109e-07
TRB,regression,RMSE,MutualInfo,PGEE,-0.01227837325789026,-0.015658742992866737,50,1.1033688904760197e-05,0.0006951224009998924
TRB,regression,RMSE,Boruta,mRMR,-0.004954703354929078,-0.00513859740567435,50,0.005579489549422334,0.2120206028780487
TRB,regression,RMSE,Boruta,SNN-FS,0.015268248345114923,0.017960286002386527,50,4.56562391448756e-07,3.195936740141292e-05
TRB,regression,RMSE,Boruta,OutcomeSNN-FS,0.0036643657363582705,0.004146260313353967,50,0.12799334338745183,1.0
TRB,regression,RMSE,Boruta,geeVerse,0.0028632011225915967,0.005968908497993475,50,0.09513333936720869,1.0
TRB,regression,RMSE,Boruta,glmmLasso,-0.011915542281103276,-0.008063202891213095,50,1.7805245978053108e-05,0.0010683147586831865
TRB,regression,RMSE,Boruta,PGEE,-0.006373477473551472,-0.0032010422440023056,50,0.0362699414949752,0.90674853737438
TRB,regression,RMSE,mRMR,SNN-FS,0.020222951700044,0.018701283514151568,50,7.65609797781508e-12,7.196732099146175e-10
TRB,regression,RMSE,mRMR,OutcomeSNN-FS,0.008619069091287348,0.00572645392254556,50,0.0002308749851795966,0.011081999288620636
TRB,regression,RMSE,mRMR,geeVerse,0.007817904477520675,0.007107412645041222,50,6.206318512269604e-05,0.0035376015519936743
TRB,regression,RMSE,mRMR,glmmLasso,-0.006960838926174198,-0.006227041098182506,50,0.00012454807471407037,0.006102855660989448
TRB,regression,RMSE,mRMR,PGEE,-0.0014187741186223945,-0.0029862397223842096,50,0.44326672141018975,1.0
TRB,regression,RMSE,SNN-FS,OutcomeSNN-FS,-0.011603882608756652,-0.013092287828294968,50,7.500770700019643e-05,0.004125423885010804
TRB,regression,RMSE,SNN-FS,geeVerse,-0.012405047222523327,-0.014454814118393222,50,0.00010381446904439429,0.005398352390308503
TRB,regression,RMSE,SNN-FS,glmmLasso,-0.027183790626218198,-0.02491086135497589,50,5.453415496958769e-13,5.398881341989181e-11
TRB,regression,RMSE,SNN-FS,PGEE,-0.021641725818666396,-0.025793710853246665,50,7.237197507947712e-10,6.29636183191451e-08
TRB,regression,RMSE,OutcomeSNN-FS,geeVerse,-0.0008011646137666739,0.0009492071319661122,50,0.8332778036429911,1.0
TRB,regression,RMSE,OutcomeSNN-FS,glmmLasso,-0.015579908017461546,-0.010917499349677007,50,3.0412363649645613e-07,2.1592778191248385e-05
TRB,regression,RMSE,OutcomeSNN-FS,PGEE,-0.010037843209909742,-0.0076552095015753885,50,0.0002409992117797799,0.011326962953649655
TRB,regression,RMSE,geeVerse,glmmLasso,-0.014778743403694871,-0.016481569214095826,50,2.3344064459251967e-09,1.9142132856586613e-07
TRB,regression,RMSE,geeVerse,PGEE,-0.009236678596143069,-0.00928920993375415,50,5.121092026350027e-05,0.0029702333752830157
TRB,regression,RMSE,glmmLasso,PGEE,0.005542064807551803,0.003615229665464792,50,0.005236528699732901,0.20422461928958313
