Task,TaskType,Method,SelectedPanelSize,Metric,Mean,SD,OuterFolds,EvidenceLevel
BRIST1D,regression,Boruta,3,RMSE,1.769706962106413,0.42800579481336654,140,outer test conditional on the inner-selected panel size; not a fixed-budget experiment
BRIST1D,regression,Boruta,5,RMSE,2.0044383971800923,0.45508573369449334,44,outer test conditional on the inner-selected panel size; not a fixed-budget experiment
BRIST1D,regression,Boruta,10,RMSE,1.6845904965235639,0.3097939413614964,66,outer test conditional on the inner-selected panel size; not a fixed-budget experiment
BRIST1D,regression,ElasticNet,3,RMSE,1.8307749144063767,0.47190898666763,125,outer test conditional on the inner-selected panel size; not a fixed-budget experiment
BRIST1D,regression,ElasticNet,5,RMSE,1.7414687857425584,0.4183655000040644,45,outer test conditional on the inner-selected panel size; not a fixed-budget experiment
BRIST1D,regression,ElasticNet,10,RMSE,1.7481288730104354,0.30948572273693586,80,outer test conditional on the inner-selected panel size; not a fixed-budget experiment
BRIST1D,regression,LLSS,3,RMSE,1.7425301272069647,0.4323979062376279,135,outer test conditional on the inner-selected panel size; not a fixed-budget experiment
BRIST1D,regression,LLSS,5,RMSE,1.7960693092319842,0.44683173898662576,72,outer test conditional on the inner-selected panel size; not a fixed-budget experiment
BRIST1D,regression,LLSS,10,RMSE,1.8130059241157561,0.36132983188113804,43,outer test conditional on the inner-selected panel size; not a fixed-budget experiment
BRIST1D,regression,Lasso,3,RMSE,1.8149119515520016,0.47629201851136443,117,outer test conditional on the inner-selected panel size; not a fixed-budget experiment
BRIST1D,regression,Lasso,5,RMSE,1.8379852923110636,0.36554878904944055,47,outer test conditional on the inner-selected panel size; not a fixed-budget experiment
BRIST1D,regression,Lasso,10,RMSE,1.7170075173486277,0.3562726614719058,86,outer test conditional on the inner-selected panel size; not a fixed-budget experiment
BRIST1D,regression,LongGroupLasso,3,RMSE,1.8887502614610732,0.4569168886977923,96,outer test conditional on the inner-selected panel size; not a fixed-budget experiment
BRIST1D,regression,LongGroupLasso,5,RMSE,1.7286490791001168,0.4122275881650359,84,outer test conditional on the inner-selected panel size; not a fixed-budget experiment
BRIST1D,regression,LongGroupLasso,10,RMSE,1.6806486059946986,0.3314304810625801,70,outer test conditional on the inner-selected panel size; not a fixed-budget experiment
BRIST1D,regression,MutualInfo,3,RMSE,1.7652849756201168,0.4490775375347433,156,outer test conditional on the inner-selected panel size; not a fixed-budget experiment
BRIST1D,regression,MutualInfo,5,RMSE,1.8730556681190633,0.4161845525130705,29,outer test conditional on the inner-selected panel size; not a fixed-budget experiment
BRIST1D,regression,MutualInfo,10,RMSE,1.7701141753033405,0.33495890795575417,65,outer test conditional on the inner-selected panel size; not a fixed-budget experiment
BRIST1D,regression,OutcomeSNN-FS,3,RMSE,1.8508329052590393,0.46755551888682895,125,outer test conditional on the inner-selected panel size; not a fixed-budget experiment
BRIST1D,regression,OutcomeSNN-FS,5,RMSE,1.7426585148862408,0.36037233280912134,55,outer test conditional on the inner-selected panel size; not a fixed-budget experiment
BRIST1D,regression,OutcomeSNN-FS,10,RMSE,1.7174526438802977,0.34112020621009637,70,outer test conditional on the inner-selected panel size; not a fixed-budget experiment
BRIST1D,regression,PGEE,3,RMSE,1.7478767283508454,0.4613605225844844,148,outer test conditional on the inner-selected panel size; not a fixed-budget experiment
BRIST1D,regression,PGEE,5,RMSE,1.7213219298175435,0.42929555570153194,68,outer test conditional on the inner-selected panel size; not a fixed-budget experiment
BRIST1D,regression,PGEE,10,RMSE,1.8119515562459112,0.3666867062258822,34,outer test conditional on the inner-selected panel size; not a fixed-budget experiment
BRIST1D,regression,RandomForest,3,RMSE,1.768690521678483,0.44607163122466925,143,outer test conditional on the inner-selected panel size; not a fixed-budget experiment
BRIST1D,regression,RandomForest,5,RMSE,2.0048104853351223,0.44027790312452886,29,outer test conditional on the inner-selected panel size; not a fixed-budget experiment
BRIST1D,regression,RandomForest,10,RMSE,1.741578426340834,0.3414691567041056,78,outer test conditional on the inner-selected panel size; not a fixed-budget experiment
BRIST1D,regression,SNN-FS,3,RMSE,1.8598613533866726,0.4728599592699235,125,outer test conditional on the inner-selected panel size; not a fixed-budget experiment
BRIST1D,regression,SNN-FS,5,RMSE,1.7753575692471657,0.3597946348268585,40,outer test conditional on the inner-selected panel size; not a fixed-budget experiment
BRIST1D,regression,SNN-FS,10,RMSE,1.69080035422207,0.32955703247429363,85,outer test conditional on the inner-selected panel size; not a fixed-budget experiment
BRIST1D,regression,StabilitySelection,3,RMSE,1.7633711644954115,0.4505326387572106,139,outer test conditional on the inner-selected panel size; not a fixed-budget experiment
BRIST1D,regression,StabilitySelection,5,RMSE,1.803488220946569,0.4592299531084945,46,outer test conditional on the inner-selected panel size; not a fixed-budget experiment
BRIST1D,regression,StabilitySelection,10,RMSE,1.7884447943521098,0.3017638982404046,65,outer test conditional on the inner-selected panel size; not a fixed-budget experiment
BRIST1D,regression,Stabl-RP,3,RMSE,1.7709240376675182,0.42399332410795326,149,outer test conditional on the inner-selected panel size; not a fixed-budget experiment
BRIST1D,regression,Stabl-RP,5,RMSE,1.8996973193086912,0.414801826409798,46,outer test conditional on the inner-selected panel size; not a fixed-budget experiment
BRIST1D,regression,Stabl-RP,10,RMSE,1.7656817956095678,0.3653230353374435,55,outer test conditional on the inner-selected panel size; not a fixed-budget experiment
BRIST1D,regression,geeVerse,3,RMSE,1.802227381237578,0.4466951217368055,140,outer test conditional on the inner-selected panel size; not a fixed-budget experiment
BRIST1D,regression,geeVerse,5,RMSE,1.6871927647680254,0.3858397159411642,42,outer test conditional on the inner-selected panel size; not a fixed-budget experiment
BRIST1D,regression,geeVerse,10,RMSE,1.7736631886816556,0.4129977531936282,68,outer test conditional on the inner-selected panel size; not a fixed-budget experiment
BRIST1D,regression,glmmLasso,3,RMSE,1.7668946254845508,0.4538705334177883,118,outer test conditional on the inner-selected panel size; not a fixed-budget experiment
BRIST1D,regression,glmmLasso,5,RMSE,1.8911567866015744,0.45580898906930667,50,outer test conditional on the inner-selected panel size; not a fixed-budget experiment
BRIST1D,regression,glmmLasso,10,RMSE,1.7274569118087122,0.35525671647439827,82,outer test conditional on the inner-selected panel size; not a fixed-budget experiment
BRIST1D,regression,mRMR,3,RMSE,1.8129359656722548,0.4707408539744781,115,outer test conditional on the inner-selected panel size; not a fixed-budget experiment
BRIST1D,regression,mRMR,5,RMSE,1.7202046152724582,0.3938531227285456,73,outer test conditional on the inner-selected panel size; not a fixed-budget experiment
BRIST1D,regression,mRMR,10,RMSE,1.7667832996639865,0.31748201158947265,62,outer test conditional on the inner-selected panel size; not a fixed-budget experiment
FPG,regression,Boruta,3,RMSE,27.72402559304391,2.0263973178879184,21,outer test conditional on the inner-selected panel size; not a fixed-budget experiment
FPG,regression,Boruta,5,RMSE,28.034862933701906,1.9562727272910292,55,outer test conditional on the inner-selected panel size; not a fixed-budget experiment
FPG,regression,Boruta,10,RMSE,27.561792923382,2.043066792159436,174,outer test conditional on the inner-selected panel size; not a fixed-budget experiment
FPG,regression,ElasticNet,3,RMSE,28.45065804759088,2.4568475098927047,28,outer test conditional on the inner-selected panel size; not a fixed-budget experiment
FPG,regression,ElasticNet,5,RMSE,27.74562170558374,2.0501913546838275,29,outer test conditional on the inner-selected panel size; not a fixed-budget experiment
FPG,regression,ElasticNet,10,RMSE,27.587189750207433,1.9873617286248568,193,outer test conditional on the inner-selected panel size; not a fixed-budget experiment
FPG,regression,LLSS,3,RMSE,28.224327924972854,1.8092093999399013,8,outer test conditional on the inner-selected panel size; not a fixed-budget experiment
FPG,regression,LLSS,5,RMSE,28.00289311399723,2.1915961587624277,22,outer test conditional on the inner-selected panel size; not a fixed-budget experiment
FPG,regression,LLSS,10,RMSE,27.47552349034515,2.0030106696928094,220,outer test conditional on the inner-selected panel size; not a fixed-budget experiment
FPG,regression,Lasso,3,RMSE,28.209869049012507,2.443798211945612,17,outer test conditional on the inner-selected panel size; not a fixed-budget experiment
FPG,regression,Lasso,5,RMSE,28.751504713675295,2.2123200438002324,23,outer test conditional on the inner-selected panel size; not a fixed-budget experiment
FPG,regression,Lasso,10,RMSE,27.673254063297247,2.0176281322884644,210,outer test conditional on the inner-selected panel size; not a fixed-budget experiment
FPG,regression,LongGroupLasso,3,RMSE,27.998151742795056,1.9830975292299857,30,outer test conditional on the inner-selected panel size; not a fixed-budget experiment
FPG,regression,LongGroupLasso,5,RMSE,27.41883608854523,1.9036996703273017,147,outer test conditional on the inner-selected panel size; not a fixed-budget experiment
FPG,regression,LongGroupLasso,10,RMSE,27.84306409979757,2.1321101970639185,73,outer test conditional on the inner-selected panel size; not a fixed-budget experiment
FPG,regression,MutualInfo,3,RMSE,27.498336071877333,1.9349239182757585,27,outer test conditional on the inner-selected panel size; not a fixed-budget experiment
FPG,regression,MutualInfo,5,RMSE,27.68315501143379,2.2453616949648114,46,outer test conditional on the inner-selected panel size; not a fixed-budget experiment
FPG,regression,MutualInfo,10,RMSE,27.824343763374277,1.953363198556146,177,outer test conditional on the inner-selected panel size; not a fixed-budget experiment
FPG,regression,OutcomeSNN-FS,3,RMSE,28.477355974684134,2.1913252133387027,24,outer test conditional on the inner-selected panel size; not a fixed-budget experiment
FPG,regression,OutcomeSNN-FS,5,RMSE,27.436352588446073,2.07558138473207,35,outer test conditional on the inner-selected panel size; not a fixed-budget experiment
FPG,regression,OutcomeSNN-FS,10,RMSE,27.718860726994254,1.9945172684811365,191,outer test conditional on the inner-selected panel size; not a fixed-budget experiment
FPG,regression,PGEE,3,RMSE,28.076897239953517,2.4106448048428675,22,outer test conditional on the inner-selected panel size; not a fixed-budget experiment
FPG,regression,PGEE,5,RMSE,28.010887783419793,2.097857941626257,69,outer test conditional on the inner-selected panel size; not a fixed-budget experiment
FPG,regression,PGEE,10,RMSE,27.817772214407302,2.0402446076556977,159,outer test conditional on the inner-selected panel size; not a fixed-budget experiment
FPG,regression,RandomForest,3,RMSE,27.54993738183257,2.155708513408976,18,outer test conditional on the inner-selected panel size; not a fixed-budget experiment
FPG,regression,RandomForest,5,RMSE,27.789778548257647,1.9063944715033785,84,outer test conditional on the inner-selected panel size; not a fixed-budget experiment
FPG,regression,RandomForest,10,RMSE,27.655632931845254,2.048405728559996,148,outer test conditional on the inner-selected panel size; not a fixed-budget experiment
FPG,regression,SNN-FS,3,RMSE,28.212040431224644,2.0410900612207086,36,outer test conditional on the inner-selected panel size; not a fixed-budget experiment
FPG,regression,SNN-FS,5,RMSE,28.084550722798355,2.156930445337891,32,outer test conditional on the inner-selected panel size; not a fixed-budget experiment
FPG,regression,SNN-FS,10,RMSE,27.675401711045716,2.0619212296578247,182,outer test conditional on the inner-selected panel size; not a fixed-budget experiment
FPG,regression,StabilitySelection,3,RMSE,32.30735806215721,1.1424923198101258,4,outer test conditional on the inner-selected panel size; not a fixed-budget experiment
FPG,regression,StabilitySelection,5,RMSE,31.639192089762425,2.010397846837633,44,outer test conditional on the inner-selected panel size; not a fixed-budget experiment
FPG,regression,StabilitySelection,10,RMSE,31.208962901705274,2.055836381191353,202,outer test conditional on the inner-selected panel size; not a fixed-budget experiment
FPG,regression,Stabl-RP,3,RMSE,27.47494661506201,1.6139921728733095,12,outer test conditional on the inner-selected panel size; not a fixed-budget experiment
FPG,regression,Stabl-RP,5,RMSE,28.21257000953717,2.6394081009609445,24,outer test conditional on the inner-selected panel size; not a fixed-budget experiment
FPG,regression,Stabl-RP,10,RMSE,27.43948101700037,1.9295879705567058,214,outer test conditional on the inner-selected panel size; not a fixed-budget experiment
FPG,regression,geeVerse,3,RMSE,35.11240025428268,,1,outer test conditional on the inner-selected panel size; not a fixed-budget experiment
FPG,regression,geeVerse,5,RMSE,36.103857732656564,4.258169469662282,4,outer test conditional on the inner-selected panel size; not a fixed-budget experiment
FPG,regression,geeVerse,10,RMSE,29.92584669931307,3.644464866066066,245,outer test conditional on the inner-selected panel size; not a fixed-budget experiment
FPG,regression,glmmLasso,3,RMSE,27.139109899498013,1.8699791754738293,49,outer test conditional on the inner-selected panel size; not a fixed-budget experiment
FPG,regression,glmmLasso,5,RMSE,27.766429558957462,1.9400725352200598,60,outer test conditional on the inner-selected panel size; not a fixed-budget experiment
FPG,regression,glmmLasso,10,RMSE,27.76096262412926,2.013405415130021,141,outer test conditional on the inner-selected panel size; not a fixed-budget experiment
FPG,regression,mRMR,3,RMSE,28.371100047943763,1.7337487173351296,34,outer test conditional on the inner-selected panel size; not a fixed-budget experiment
FPG,regression,mRMR,5,RMSE,28.341251492365195,1.946726713048025,68,outer test conditional on the inner-selected panel size; not a fixed-budget experiment
FPG,regression,mRMR,10,RMSE,27.552873327094513,2.1124864812306194,148,outer test conditional on the inner-selected panel size; not a fixed-budget experiment
FPG_KARE,regression,Boruta,3,RMSE,11.569513158807316,1.6467962394726978,65,outer test conditional on the inner-selected panel size; not a fixed-budget experiment
FPG_KARE,regression,Boruta,5,RMSE,11.576691449373104,1.8451581555006367,60,outer test conditional on the inner-selected panel size; not a fixed-budget experiment
FPG_KARE,regression,Boruta,10,RMSE,11.59512011287024,1.8024397417719469,125,outer test conditional on the inner-selected panel size; not a fixed-budget experiment
FPG_KARE,regression,ElasticNet,3,RMSE,14.30107134543776,,1,outer test conditional on the inner-selected panel size; not a fixed-budget experiment
FPG_KARE,regression,ElasticNet,5,RMSE,11.968434161284474,1.7014166762446914,20,outer test conditional on the inner-selected panel size; not a fixed-budget experiment
FPG_KARE,regression,ElasticNet,10,RMSE,11.44879943412995,1.6874753565282532,229,outer test conditional on the inner-selected panel size; not a fixed-budget experiment
FPG_KARE,regression,LLSS,3,RMSE,11.508300252657758,1.7213633118229792,112,outer test conditional on the inner-selected panel size; not a fixed-budget experiment
FPG_KARE,regression,LLSS,5,RMSE,11.652813666917188,1.7640566147517698,57,outer test conditional on the inner-selected panel size; not a fixed-budget experiment
FPG_KARE,regression,LLSS,10,RMSE,11.828660118859208,1.9299956615622467,81,outer test conditional on the inner-selected panel size; not a fixed-budget experiment
FPG_KARE,regression,Lasso,3,RMSE,11.100363214338543,1.297302274704834,2,outer test conditional on the inner-selected panel size; not a fixed-budget experiment
FPG_KARE,regression,Lasso,5,RMSE,12.04999987738137,1.7853574372441838,16,outer test conditional on the inner-selected panel size; not a fixed-budget experiment
FPG_KARE,regression,Lasso,10,RMSE,11.475016948315137,1.679644041086779,232,outer test conditional on the inner-selected panel size; not a fixed-budget experiment
FPG_KARE,regression,LongGroupLasso,3,RMSE,11.212064506776517,1.6455955503991744,75,outer test conditional on the inner-selected panel size; not a fixed-budget experiment
FPG_KARE,regression,LongGroupLasso,5,RMSE,11.43850687692828,1.7302461433148957,49,outer test conditional on the inner-selected panel size; not a fixed-budget experiment
FPG_KARE,regression,LongGroupLasso,10,RMSE,11.839664138638344,1.8130977928674548,126,outer test conditional on the inner-selected panel size; not a fixed-budget experiment
FPG_KARE,regression,MutualInfo,3,RMSE,11.086949148081649,1.2395514385393251,6,outer test conditional on the inner-selected panel size; not a fixed-budget experiment
FPG_KARE,regression,MutualInfo,5,RMSE,11.255068009693709,1.5551296382011885,50,outer test conditional on the inner-selected panel size; not a fixed-budget experiment
FPG_KARE,regression,MutualInfo,10,RMSE,11.695821673390233,1.841296433199863,194,outer test conditional on the inner-selected panel size; not a fixed-budget experiment
FPG_KARE,regression,OutcomeSNN-FS,3,RMSE,12.415236181064468,,1,outer test conditional on the inner-selected panel size; not a fixed-budget experiment
FPG_KARE,regression,OutcomeSNN-FS,5,RMSE,12.336660811178456,1.9803186433998052,12,outer test conditional on the inner-selected panel size; not a fixed-budget experiment
FPG_KARE,regression,OutcomeSNN-FS,10,RMSE,11.488543821078514,1.7661961173370773,237,outer test conditional on the inner-selected panel size; not a fixed-budget experiment
FPG_KARE,regression,PGEE,3,RMSE,11.637597580513578,1.6176757490491036,36,outer test conditional on the inner-selected panel size; not a fixed-budget experiment
FPG_KARE,regression,PGEE,5,RMSE,11.273697375598926,1.5160184915335355,73,outer test conditional on the inner-selected panel size; not a fixed-budget experiment
FPG_KARE,regression,PGEE,10,RMSE,11.671438808981666,1.8617342091331441,141,outer test conditional on the inner-selected panel size; not a fixed-budget experiment
FPG_KARE,regression,RandomForest,3,RMSE,11.72868877500102,1.6689907121503054,75,outer test conditional on the inner-selected panel size; not a fixed-budget experiment
FPG_KARE,regression,RandomForest,5,RMSE,11.559539605237193,1.6869364422468158,64,outer test conditional on the inner-selected panel size; not a fixed-budget experiment
FPG_KARE,regression,RandomForest,10,RMSE,11.500561780421624,1.8729759675920212,111,outer test conditional on the inner-selected panel size; not a fixed-budget experiment
FPG_KARE,regression,SNN-FS,3,RMSE,11.651944260669865,1.327442377235833,4,outer test conditional on the inner-selected panel size; not a fixed-budget experiment
FPG_KARE,regression,SNN-FS,5,RMSE,12.590073723939323,1.337679010902923,14,outer test conditional on the inner-selected panel size; not a fixed-budget experiment
FPG_KARE,regression,SNN-FS,10,RMSE,11.485458607216158,1.7025534214099987,232,outer test conditional on the inner-selected panel size; not a fixed-budget experiment
FPG_KARE,regression,StabilitySelection,3,RMSE,12.551663774136207,2.634907831490248,6,outer test conditional on the inner-selected panel size; not a fixed-budget experiment
FPG_KARE,regression,StabilitySelection,5,RMSE,11.89215545768009,1.239475043979515,18,outer test conditional on the inner-selected panel size; not a fixed-budget experiment
FPG_KARE,regression,StabilitySelection,10,RMSE,12.060612369167155,1.8325074313181864,226,outer test conditional on the inner-selected panel size; not a fixed-budget experiment
FPG_KARE,regression,Stabl-RP,3,RMSE,11.424069345063137,1.8264013772847991,101,outer test conditional on the inner-selected panel size; not a fixed-budget experiment
FPG_KARE,regression,Stabl-RP,5,RMSE,11.782873541252144,1.7907609817704566,74,outer test conditional on the inner-selected panel size; not a fixed-budget experiment
FPG_KARE,regression,Stabl-RP,10,RMSE,11.72245839138505,1.7859188456582626,75,outer test conditional on the inner-selected panel size; not a fixed-budget experiment
FPG_KARE,regression,geeVerse,3,RMSE,11.80118380578777,2.0075889243277314,15,outer test conditional on the inner-selected panel size; not a fixed-budget experiment
FPG_KARE,regression,geeVerse,5,RMSE,11.958201293603764,1.6401403780706005,16,outer test conditional on the inner-selected panel size; not a fixed-budget experiment
FPG_KARE,regression,geeVerse,10,RMSE,11.529889019284994,1.7829475987651424,219,outer test conditional on the inner-selected panel size; not a fixed-budget experiment
FPG_KARE,regression,glmmLasso,3,RMSE,11.67209190778689,1.8505400265431757,38,outer test conditional on the inner-selected panel size; not a fixed-budget experiment
FPG_KARE,regression,glmmLasso,5,RMSE,11.419849145740258,1.6120155920967252,110,outer test conditional on the inner-selected panel size; not a fixed-budget experiment
FPG_KARE,regression,glmmLasso,10,RMSE,11.653763430284233,1.8556983097920676,102,outer test conditional on the inner-selected panel size; not a fixed-budget experiment
FPG_KARE,regression,mRMR,3,RMSE,11.603874872533959,1.721378268950923,81,outer test conditional on the inner-selected panel size; not a fixed-budget experiment
FPG_KARE,regression,mRMR,5,RMSE,11.204205645490012,1.5176282567229071,48,outer test conditional on the inner-selected panel size; not a fixed-budget experiment
FPG_KARE,regression,mRMR,10,RMSE,11.736081641731285,1.879320012825642,121,outer test conditional on the inner-selected panel size; not a fixed-budget experiment
GSE41848_MS,classification,Boruta,3,AUROC,0.8135189142133586,0.07924857667847336,63,outer test conditional on the inner-selected panel size; not a fixed-budget experiment
GSE41848_MS,classification,Boruta,5,AUROC,0.8346084918665564,0.08435991580703413,62,outer test conditional on the inner-selected panel size; not a fixed-budget experiment
GSE41848_MS,classification,Boruta,10,AUROC,0.8548874643874644,0.08504344532531649,125,outer test conditional on the inner-selected panel size; not a fixed-budget experiment
GSE41848_MS,classification,ElasticNet,3,AUROC,0.8062852633931067,0.09240805011291645,102,outer test conditional on the inner-selected panel size; not a fixed-budget experiment
GSE41848_MS,classification,ElasticNet,5,AUROC,0.8168610266067892,0.07724198933190703,59,outer test conditional on the inner-selected panel size; not a fixed-budget experiment
GSE41848_MS,classification,ElasticNet,10,AUROC,0.8176868257626685,0.10759164277878343,89,outer test conditional on the inner-selected panel size; not a fixed-budget experiment
GSE41848_MS,classification,LLSS,3,AUROC,0.7815366809116808,0.1059215066287462,50,outer test conditional on the inner-selected panel size; not a fixed-budget experiment
GSE41848_MS,classification,LLSS,5,AUROC,0.8112029054916986,0.09450904562464393,58,outer test conditional on the inner-selected panel size; not a fixed-budget experiment
GSE41848_MS,classification,LLSS,10,AUROC,0.8233530456241724,0.09647326616538444,142,outer test conditional on the inner-selected panel size; not a fixed-budget experiment
GSE41848_MS,classification,Lasso,3,AUROC,0.8298888611388612,0.09347246403159551,77,outer test conditional on the inner-selected panel size; not a fixed-budget experiment
GSE41848_MS,classification,Lasso,5,AUROC,0.8295350482850483,0.08379359024613549,77,outer test conditional on the inner-selected panel size; not a fixed-budget experiment
GSE41848_MS,classification,Lasso,10,AUROC,0.8296070008309591,0.09324647713209755,96,outer test conditional on the inner-selected panel size; not a fixed-budget experiment
GSE41848_MS,classification,LongGroupLasso,3,AUROC,0.7911294606209862,0.09489647148902362,59,outer test conditional on the inner-selected panel size; not a fixed-budget experiment
GSE41848_MS,classification,LongGroupLasso,5,AUROC,0.80824338098045,0.10342210382203544,58,outer test conditional on the inner-selected panel size; not a fixed-budget experiment
GSE41848_MS,classification,LongGroupLasso,10,AUROC,0.842148105306,0.09559375338920265,133,outer test conditional on the inner-selected panel size; not a fixed-budget experiment
GSE41848_MS,classification,MutualInfo,3,AUROC,0.6994468928062677,0.11947056917216918,48,outer test conditional on the inner-selected panel size; not a fixed-budget experiment
GSE41848_MS,classification,MutualInfo,5,AUROC,0.745437143874644,0.10823867337526434,52,outer test conditional on the inner-selected panel size; not a fixed-budget experiment
GSE41848_MS,classification,MutualInfo,10,AUROC,0.7795221984805318,0.10939771211893659,150,outer test conditional on the inner-selected panel size; not a fixed-budget experiment
GSE41848_MS,classification,OutcomeSNN-FS,3,AUROC,0.8207163207163207,0.09892198524250444,91,outer test conditional on the inner-selected panel size; not a fixed-budget experiment
GSE41848_MS,classification,OutcomeSNN-FS,5,AUROC,0.8444848618459729,0.0803171642969913,63,outer test conditional on the inner-selected panel size; not a fixed-budget experiment
GSE41848_MS,classification,OutcomeSNN-FS,10,AUROC,0.8476367743945868,0.08194260676450653,96,outer test conditional on the inner-selected panel size; not a fixed-budget experiment
GSE41848_MS,classification,PGEE,3,AUROC,0.8158601655368897,0.10581488117872873,58,outer test conditional on the inner-selected panel size; not a fixed-budget experiment
GSE41848_MS,classification,PGEE,5,AUROC,0.8364482270732271,0.09199798998114739,74,outer test conditional on the inner-selected panel size; not a fixed-budget experiment
GSE41848_MS,classification,PGEE,10,AUROC,0.8299078902892464,0.08880684137663962,118,outer test conditional on the inner-selected panel size; not a fixed-budget experiment
GSE41848_MS,classification,RandomForest,3,AUROC,0.8310233571782485,0.09581384463164046,92,outer test conditional on the inner-selected panel size; not a fixed-budget experiment
GSE41848_MS,classification,RandomForest,5,AUROC,0.8040019586894587,0.09007709420982235,60,outer test conditional on the inner-selected panel size; not a fixed-budget experiment
GSE41848_MS,classification,RandomForest,10,AUROC,0.8362477469620325,0.07874495513204513,98,outer test conditional on the inner-selected panel size; not a fixed-budget experiment
GSE41848_MS,classification,SNN-FS,3,AUROC,0.8117730737923046,0.08066081567819064,91,outer test conditional on the inner-selected panel size; not a fixed-budget experiment
GSE41848_MS,classification,SNN-FS,5,AUROC,0.8306129313073757,0.0909432309613258,45,outer test conditional on the inner-selected panel size; not a fixed-budget experiment
GSE41848_MS,classification,SNN-FS,10,AUROC,0.8356403383815665,0.09460133719800912,114,outer test conditional on the inner-selected panel size; not a fixed-budget experiment
GSE41848_MS,classification,StabilitySelection,3,AUROC,0.8086882846498231,0.08937507137499406,91,outer test conditional on the inner-selected panel size; not a fixed-budget experiment
GSE41848_MS,classification,StabilitySelection,5,AUROC,0.8062534463744142,0.09698857729683179,62,outer test conditional on the inner-selected panel size; not a fixed-budget experiment
GSE41848_MS,classification,StabilitySelection,10,AUROC,0.8085605927100773,0.08917914935134645,97,outer test conditional on the inner-selected panel size; not a fixed-budget experiment
GSE41848_MS,classification,Stabl-RP,3,AUROC,0.7945671098448878,0.08663153028120077,45,outer test conditional on the inner-selected panel size; not a fixed-budget experiment
GSE41848_MS,classification,Stabl-RP,5,AUROC,0.8024750712250712,0.09790095625843334,65,outer test conditional on the inner-selected panel size; not a fixed-budget experiment
GSE41848_MS,classification,Stabl-RP,10,AUROC,0.8196155118030118,0.09620277251560046,140,outer test conditional on the inner-selected panel size; not a fixed-budget experiment
GSE41848_MS,classification,glmmLasso,3,AUROC,0.8026161724078391,0.10542864598858764,66,outer test conditional on the inner-selected panel size; not a fixed-budget experiment
GSE41848_MS,classification,glmmLasso,5,AUROC,0.8469778224680186,0.09234415951812205,51,outer test conditional on the inner-selected panel size; not a fixed-budget experiment
GSE41848_MS,classification,glmmLasso,10,AUROC,0.824658467750573,0.09472620958447187,133,outer test conditional on the inner-selected panel size; not a fixed-budget experiment
GSE41848_MS,classification,mRMR,3,AUROC,0.8040857574848803,0.09637079360086513,57,outer test conditional on the inner-selected panel size; not a fixed-budget experiment
GSE41848_MS,classification,mRMR,5,AUROC,0.8192298935126804,0.11245315364741303,61,outer test conditional on the inner-selected panel size; not a fixed-budget experiment
GSE41848_MS,classification,mRMR,10,AUROC,0.8517243751618752,0.09293133188884721,132,outer test conditional on the inner-selected panel size; not a fixed-budget experiment
GSE41849_MS,classification,Boruta,3,AUROC,0.7658503401360544,0.13543915302576137,49,outer test conditional on the inner-selected panel size; not a fixed-budget experiment
GSE41849_MS,classification,Boruta,5,AUROC,0.7755913978494624,0.1499432487586127,62,outer test conditional on the inner-selected panel size; not a fixed-budget experiment
GSE41849_MS,classification,Boruta,10,AUROC,0.7788968824940049,0.14656913121017365,139,outer test conditional on the inner-selected panel size; not a fixed-budget experiment
GSE41849_MS,classification,ElasticNet,3,AUROC,0.5992982456140351,0.16313245280926042,57,outer test conditional on the inner-selected panel size; not a fixed-budget experiment
GSE41849_MS,classification,ElasticNet,5,AUROC,0.6169398907103826,0.17631442356280486,61,outer test conditional on the inner-selected panel size; not a fixed-budget experiment
GSE41849_MS,classification,ElasticNet,10,AUROC,0.6114141414141415,0.14144901478951,132,outer test conditional on the inner-selected panel size; not a fixed-budget experiment
GSE41849_MS,classification,LLSS,3,AUROC,0.7916666666666665,0.13611373052448628,88,outer test conditional on the inner-selected panel size; not a fixed-budget experiment
GSE41849_MS,classification,LLSS,5,AUROC,0.7966666666666665,0.1391891864680214,76,outer test conditional on the inner-selected panel size; not a fixed-budget experiment
GSE41849_MS,classification,LLSS,10,AUROC,0.8155038759689922,0.12381492349033606,86,outer test conditional on the inner-selected panel size; not a fixed-budget experiment
GSE41849_MS,classification,Lasso,3,AUROC,0.6060317460317459,0.15990012243630689,63,outer test conditional on the inner-selected panel size; not a fixed-budget experiment
GSE41849_MS,classification,Lasso,5,AUROC,0.6079781420765026,0.15221242306885005,61,outer test conditional on the inner-selected panel size; not a fixed-budget experiment
GSE41849_MS,classification,Lasso,10,AUROC,0.6635978835978834,0.15106766882550982,126,outer test conditional on the inner-selected panel size; not a fixed-budget experiment
GSE41849_MS,classification,LongGroupLasso,3,AUROC,0.7219047619047619,0.15548004036053484,35,outer test conditional on the inner-selected panel size; not a fixed-budget experiment
GSE41849_MS,classification,LongGroupLasso,5,AUROC,0.7555555555555555,0.1531040829470389,63,outer test conditional on the inner-selected panel size; not a fixed-budget experiment
GSE41849_MS,classification,LongGroupLasso,10,AUROC,0.8121052631578948,0.14074420313216898,152,outer test conditional on the inner-selected panel size; not a fixed-budget experiment
GSE41849_MS,classification,MutualInfo,3,AUROC,0.8084848484848485,0.13823084796259114,88,outer test conditional on the inner-selected panel size; not a fixed-budget experiment
GSE41849_MS,classification,MutualInfo,5,AUROC,0.8081818181818181,0.13523664832045731,66,outer test conditional on the inner-selected panel size; not a fixed-budget experiment
GSE41849_MS,classification,MutualInfo,10,AUROC,0.7628472222222222,0.14744528505777996,96,outer test conditional on the inner-selected panel size; not a fixed-budget experiment
GSE41849_MS,classification,OutcomeSNN-FS,3,AUROC,0.7593777777777777,0.13572261649639913,75,outer test conditional on the inner-selected panel size; not a fixed-budget experiment
GSE41849_MS,classification,OutcomeSNN-FS,5,AUROC,0.7712554112554112,0.12369203286572597,77,outer test conditional on the inner-selected panel size; not a fixed-budget experiment
GSE41849_MS,classification,OutcomeSNN-FS,10,AUROC,0.7771428571428569,0.12729631890362997,98,outer test conditional on the inner-selected panel size; not a fixed-budget experiment
GSE41849_MS,classification,PGEE,3,AUROC,0.7651612903225807,0.1421121922929478,62,outer test conditional on the inner-selected panel size; not a fixed-budget experiment
GSE41849_MS,classification,PGEE,5,AUROC,0.7791304347826088,0.14987538633606037,69,outer test conditional on the inner-selected panel size; not a fixed-budget experiment
GSE41849_MS,classification,PGEE,10,AUROC,0.7879551820728291,0.13757457094039785,119,outer test conditional on the inner-selected panel size; not a fixed-budget experiment
GSE41849_MS,classification,RandomForest,3,AUROC,0.6866666666666666,0.19332873557751315,26,outer test conditional on the inner-selected panel size; not a fixed-budget experiment
GSE41849_MS,classification,RandomForest,5,AUROC,0.7483870967741936,0.14037646746396854,62,outer test conditional on the inner-selected panel size; not a fixed-budget experiment
GSE41849_MS,classification,RandomForest,10,AUROC,0.782633744855967,0.12886585601822784,162,outer test conditional on the inner-selected panel size; not a fixed-budget experiment
GSE41849_MS,classification,SNN-FS,3,AUROC,0.6516666666666666,0.19209145879061104,52,outer test conditional on the inner-selected panel size; not a fixed-budget experiment
GSE41849_MS,classification,SNN-FS,5,AUROC,0.6336612021857922,0.14310020436100115,61,outer test conditional on the inner-selected panel size; not a fixed-budget experiment
GSE41849_MS,classification,SNN-FS,10,AUROC,0.6942579075425791,0.13432275655766435,137,outer test conditional on the inner-selected panel size; not a fixed-budget experiment
GSE41849_MS,classification,StabilitySelection,3,AUROC,0.637829457364341,0.16663314539235385,43,outer test conditional on the inner-selected panel size; not a fixed-budget experiment
GSE41849_MS,classification,StabilitySelection,5,AUROC,0.6658888888888889,0.1405830831369167,60,outer test conditional on the inner-selected panel size; not a fixed-budget experiment
GSE41849_MS,classification,StabilitySelection,10,AUROC,0.6791836734693877,0.13505937125984344,147,outer test conditional on the inner-selected panel size; not a fixed-budget experiment
GSE41849_MS,classification,Stabl-RP,3,AUROC,0.7785714285714285,0.16018644769627574,42,outer test conditional on the inner-selected panel size; not a fixed-budget experiment
GSE41849_MS,classification,Stabl-RP,5,AUROC,0.7682352941176471,0.15921914619012023,68,outer test conditional on the inner-selected panel size; not a fixed-budget experiment
GSE41849_MS,classification,Stabl-RP,10,AUROC,0.793904761904762,0.12692888600889907,140,outer test conditional on the inner-selected panel size; not a fixed-budget experiment
GSE41849_MS,classification,glmmLasso,3,AUROC,0.6941666666666667,0.1410025546935499,32,outer test conditional on the inner-selected panel size; not a fixed-budget experiment
GSE41849_MS,classification,glmmLasso,5,AUROC,0.8125396825396825,0.1251921223263656,42,outer test conditional on the inner-selected panel size; not a fixed-budget experiment
GSE41849_MS,classification,glmmLasso,10,AUROC,0.7903030303030303,0.13199099186543728,176,outer test conditional on the inner-selected panel size; not a fixed-budget experiment
GSE41849_MS,classification,mRMR,3,AUROC,0.7571212121212121,0.15829451324854815,44,outer test conditional on the inner-selected panel size; not a fixed-budget experiment
GSE41849_MS,classification,mRMR,5,AUROC,0.7834166666666668,0.14158433944405263,80,outer test conditional on the inner-selected panel size; not a fixed-budget experiment
GSE41849_MS,classification,mRMR,10,AUROC,0.8087830687830688,0.1313902436253524,126,outer test conditional on the inner-selected panel size; not a fixed-budget experiment
GSE48023_H1N1,regression,Boruta,3,RMSE,1.3990413855719688,0.19072412488955331,109,outer test conditional on the inner-selected panel size; not a fixed-budget experiment
GSE48023_H1N1,regression,Boruta,5,RMSE,1.4168509464483197,0.23242545875699133,60,outer test conditional on the inner-selected panel size; not a fixed-budget experiment
GSE48023_H1N1,regression,Boruta,10,RMSE,1.4629706996587943,0.18264494752049235,81,outer test conditional on the inner-selected panel size; not a fixed-budget experiment
GSE48023_H1N1,regression,ElasticNet,3,RMSE,1.4021500346813722,0.17918207580849296,165,outer test conditional on the inner-selected panel size; not a fixed-budget experiment
GSE48023_H1N1,regression,ElasticNet,5,RMSE,1.4222977201334852,0.20527957245047393,41,outer test conditional on the inner-selected panel size; not a fixed-budget experiment
GSE48023_H1N1,regression,ElasticNet,10,RMSE,1.448296767688232,0.19200577378857836,44,outer test conditional on the inner-selected panel size; not a fixed-budget experiment
GSE48023_H1N1,regression,LLSS,3,RMSE,1.3512165507632672,0.1932660264716172,127,outer test conditional on the inner-selected panel size; not a fixed-budget experiment
GSE48023_H1N1,regression,LLSS,5,RMSE,1.3863753723100998,0.1774480022265159,64,outer test conditional on the inner-selected panel size; not a fixed-budget experiment
GSE48023_H1N1,regression,LLSS,10,RMSE,1.3761097515909262,0.19630827293333994,59,outer test conditional on the inner-selected panel size; not a fixed-budget experiment
GSE48023_H1N1,regression,Lasso,3,RMSE,1.4087912766560797,0.17976296554269028,164,outer test conditional on the inner-selected panel size; not a fixed-budget experiment
GSE48023_H1N1,regression,Lasso,5,RMSE,1.4517138166763641,0.1915953481540541,47,outer test conditional on the inner-selected panel size; not a fixed-budget experiment
GSE48023_H1N1,regression,Lasso,10,RMSE,1.4933318217262443,0.2017333482898551,39,outer test conditional on the inner-selected panel size; not a fixed-budget experiment
GSE48023_H1N1,regression,LongGroupLasso,3,RMSE,1.4017847986511582,0.20770971182059225,94,outer test conditional on the inner-selected panel size; not a fixed-budget experiment
GSE48023_H1N1,regression,LongGroupLasso,5,RMSE,1.4228067862027611,0.18057926341515998,71,outer test conditional on the inner-selected panel size; not a fixed-budget experiment
GSE48023_H1N1,regression,LongGroupLasso,10,RMSE,1.4238754731989807,0.18527257548428389,85,outer test conditional on the inner-selected panel size; not a fixed-budget experiment
GSE48023_H1N1,regression,MutualInfo,3,RMSE,1.3952782876874827,0.19249069341095656,92,outer test conditional on the inner-selected panel size; not a fixed-budget experiment
GSE48023_H1N1,regression,MutualInfo,5,RMSE,1.3847633878853411,0.16784241232853334,74,outer test conditional on the inner-selected panel size; not a fixed-budget experiment
GSE48023_H1N1,regression,MutualInfo,10,RMSE,1.3862420743978947,0.17706891682233247,84,outer test conditional on the inner-selected panel size; not a fixed-budget experiment
GSE48023_H1N1,regression,OutcomeSNN-FS,3,RMSE,1.4072214578336082,0.18822668031441442,143,outer test conditional on the inner-selected panel size; not a fixed-budget experiment
GSE48023_H1N1,regression,OutcomeSNN-FS,5,RMSE,1.4046291864063065,0.203601443339318,57,outer test conditional on the inner-selected panel size; not a fixed-budget experiment
GSE48023_H1N1,regression,OutcomeSNN-FS,10,RMSE,1.4740215908583538,0.2004854408799386,50,outer test conditional on the inner-selected panel size; not a fixed-budget experiment
GSE48023_H1N1,regression,PGEE,3,RMSE,1.373197425656371,0.19340419375385975,86,outer test conditional on the inner-selected panel size; not a fixed-budget experiment
GSE48023_H1N1,regression,PGEE,5,RMSE,1.4155697324893262,0.16523061837167363,62,outer test conditional on the inner-selected panel size; not a fixed-budget experiment
GSE48023_H1N1,regression,PGEE,10,RMSE,1.3915087042709535,0.181838697037279,102,outer test conditional on the inner-selected panel size; not a fixed-budget experiment
GSE48023_H1N1,regression,RandomForest,3,RMSE,1.4450160710689317,0.1872289289740996,125,outer test conditional on the inner-selected panel size; not a fixed-budget experiment
GSE48023_H1N1,regression,RandomForest,5,RMSE,1.4164365370343903,0.19717480942907742,54,outer test conditional on the inner-selected panel size; not a fixed-budget experiment
GSE48023_H1N1,regression,RandomForest,10,RMSE,1.414556898093154,0.19729084288779772,71,outer test conditional on the inner-selected panel size; not a fixed-budget experiment
GSE48023_H1N1,regression,SNN-FS,3,RMSE,1.4030301331724404,0.1973427943484444,146,outer test conditional on the inner-selected panel size; not a fixed-budget experiment
GSE48023_H1N1,regression,SNN-FS,5,RMSE,1.441585306907861,0.15183312039194366,59,outer test conditional on the inner-selected panel size; not a fixed-budget experiment
GSE48023_H1N1,regression,SNN-FS,10,RMSE,1.482352477120359,0.18669652770412518,45,outer test conditional on the inner-selected panel size; not a fixed-budget experiment
GSE48023_H1N1,regression,StabilitySelection,3,RMSE,1.415889960299391,0.19357145950249577,147,outer test conditional on the inner-selected panel size; not a fixed-budget experiment
GSE48023_H1N1,regression,StabilitySelection,5,RMSE,1.4358773825177136,0.19374481487536022,59,outer test conditional on the inner-selected panel size; not a fixed-budget experiment
GSE48023_H1N1,regression,StabilitySelection,10,RMSE,1.4688041522061277,0.20297105162477214,44,outer test conditional on the inner-selected panel size; not a fixed-budget experiment
GSE48023_H1N1,regression,Stabl-RP,3,RMSE,1.3534629896737969,0.1802367896737837,120,outer test conditional on the inner-selected panel size; not a fixed-budget experiment
GSE48023_H1N1,regression,Stabl-RP,5,RMSE,1.374042517078422,0.1917099935002192,72,outer test conditional on the inner-selected panel size; not a fixed-budget experiment
GSE48023_H1N1,regression,Stabl-RP,10,RMSE,1.3582674491950444,0.18207355865836342,58,outer test conditional on the inner-selected panel size; not a fixed-budget experiment
GSE48023_H1N1,regression,geeVerse,3,RMSE,1.3329727653965109,0.17833781344028468,126,outer test conditional on the inner-selected panel size; not a fixed-budget experiment
GSE48023_H1N1,regression,geeVerse,5,RMSE,1.3400036335280456,0.17442629850940453,54,outer test conditional on the inner-selected panel size; not a fixed-budget experiment
GSE48023_H1N1,regression,geeVerse,10,RMSE,1.4140250094906335,0.18590348298428183,70,outer test conditional on the inner-selected panel size; not a fixed-budget experiment
GSE48023_H1N1,regression,glmmLasso,3,RMSE,1.3759161629828776,0.19444501510202308,107,outer test conditional on the inner-selected panel size; not a fixed-budget experiment
GSE48023_H1N1,regression,glmmLasso,5,RMSE,1.4069593704911811,0.19827647565768075,68,outer test conditional on the inner-selected panel size; not a fixed-budget experiment
GSE48023_H1N1,regression,glmmLasso,10,RMSE,1.4149859324544034,0.19398008147420148,75,outer test conditional on the inner-selected panel size; not a fixed-budget experiment
GSE48023_H1N1,regression,mRMR,3,RMSE,1.3509392439406551,0.18361877382014993,137,outer test conditional on the inner-selected panel size; not a fixed-budget experiment
GSE48023_H1N1,regression,mRMR,5,RMSE,1.4084859466607793,0.1717939337058445,70,outer test conditional on the inner-selected panel size; not a fixed-budget experiment
GSE48023_H1N1,regression,mRMR,10,RMSE,1.4441950666644439,0.20366808390954175,43,outer test conditional on the inner-selected panel size; not a fixed-budget experiment
IGG,regression,Boruta,3,RMSE,0.775705538005828,0.07325829105655961,89,outer test conditional on the inner-selected panel size; not a fixed-budget experiment
IGG,regression,Boruta,5,RMSE,0.7621289915626259,0.07058080057804209,52,outer test conditional on the inner-selected panel size; not a fixed-budget experiment
IGG,regression,Boruta,10,RMSE,0.7725937138884006,0.08598306859743776,109,outer test conditional on the inner-selected panel size; not a fixed-budget experiment
IGG,regression,ElasticNet,3,RMSE,0.775697552000223,0.07153607090861196,78,outer test conditional on the inner-selected panel size; not a fixed-budget experiment
IGG,regression,ElasticNet,5,RMSE,0.7659668867125006,0.08135145395324599,64,outer test conditional on the inner-selected panel size; not a fixed-budget experiment
IGG,regression,ElasticNet,10,RMSE,0.78331159730054,0.06795136637464945,108,outer test conditional on the inner-selected panel size; not a fixed-budget experiment
IGG,regression,LLSS,3,RMSE,0.7581344011841802,0.06508297031477253,114,outer test conditional on the inner-selected panel size; not a fixed-budget experiment
IGG,regression,LLSS,5,RMSE,0.783355347837008,0.09292306724232163,60,outer test conditional on the inner-selected panel size; not a fixed-budget experiment
IGG,regression,LLSS,10,RMSE,0.7881906016148879,0.08856910610144934,76,outer test conditional on the inner-selected panel size; not a fixed-budget experiment
IGG,regression,Lasso,3,RMSE,0.7742365513748487,0.0636297686186898,50,outer test conditional on the inner-selected panel size; not a fixed-budget experiment
IGG,regression,Lasso,5,RMSE,0.7676793048667486,0.0769072310573817,59,outer test conditional on the inner-selected panel size; not a fixed-budget experiment
IGG,regression,Lasso,10,RMSE,0.7706472297207134,0.07734040451732835,141,outer test conditional on the inner-selected panel size; not a fixed-budget experiment
IGG,regression,LongGroupLasso,3,RMSE,0.7655235109840325,0.07530736191434308,122,outer test conditional on the inner-selected panel size; not a fixed-budget experiment
IGG,regression,LongGroupLasso,5,RMSE,0.7753163538918655,0.07883995945159532,71,outer test conditional on the inner-selected panel size; not a fixed-budget experiment
IGG,regression,LongGroupLasso,10,RMSE,0.7756974605287944,0.08462998098647898,57,outer test conditional on the inner-selected panel size; not a fixed-budget experiment
IGG,regression,MutualInfo,3,RMSE,0.7575109357022626,0.07557631215559268,96,outer test conditional on the inner-selected panel size; not a fixed-budget experiment
IGG,regression,MutualInfo,5,RMSE,0.799527678968616,0.07232191887683437,64,outer test conditional on the inner-selected panel size; not a fixed-budget experiment
IGG,regression,MutualInfo,10,RMSE,0.7828894780125633,0.07840450788988977,90,outer test conditional on the inner-selected panel size; not a fixed-budget experiment
IGG,regression,OutcomeSNN-FS,3,RMSE,0.7574058363168298,0.07006951975797371,50,outer test conditional on the inner-selected panel size; not a fixed-budget experiment
IGG,regression,OutcomeSNN-FS,5,RMSE,0.7589705333091221,0.07069459268229913,89,outer test conditional on the inner-selected panel size; not a fixed-budget experiment
IGG,regression,OutcomeSNN-FS,10,RMSE,0.7572847397064576,0.09022333459724141,111,outer test conditional on the inner-selected panel size; not a fixed-budget experiment
IGG,regression,PGEE,3,RMSE,0.7636698404762875,0.0758666371595731,99,outer test conditional on the inner-selected panel size; not a fixed-budget experiment
IGG,regression,PGEE,5,RMSE,0.761113379786516,0.07049674376260989,72,outer test conditional on the inner-selected panel size; not a fixed-budget experiment
IGG,regression,PGEE,10,RMSE,0.7734420054721628,0.08246377865155448,79,outer test conditional on the inner-selected panel size; not a fixed-budget experiment
IGG,regression,RandomForest,3,RMSE,0.7603603483422205,0.07834154529273722,88,outer test conditional on the inner-selected panel size; not a fixed-budget experiment
IGG,regression,RandomForest,5,RMSE,0.7626225206278849,0.07567953517912006,73,outer test conditional on the inner-selected panel size; not a fixed-budget experiment
IGG,regression,RandomForest,10,RMSE,0.7898780779327542,0.0784395533506812,89,outer test conditional on the inner-selected panel size; not a fixed-budget experiment
IGG,regression,SNN-FS,3,RMSE,0.7840390177198464,0.06962096535207096,52,outer test conditional on the inner-selected panel size; not a fixed-budget experiment
IGG,regression,SNN-FS,5,RMSE,0.7860708822127013,0.0748701869931628,78,outer test conditional on the inner-selected panel size; not a fixed-budget experiment
IGG,regression,SNN-FS,10,RMSE,0.7552948075059632,0.07582831037309411,120,outer test conditional on the inner-selected panel size; not a fixed-budget experiment
IGG,regression,StabilitySelection,3,RMSE,0.7609141748698797,0.06529748009584367,92,outer test conditional on the inner-selected panel size; not a fixed-budget experiment
IGG,regression,StabilitySelection,5,RMSE,0.7617902547425189,0.07252357186289436,69,outer test conditional on the inner-selected panel size; not a fixed-budget experiment
IGG,regression,StabilitySelection,10,RMSE,0.7920467024802024,0.07837590106040104,89,outer test conditional on the inner-selected panel size; not a fixed-budget experiment
IGG,regression,Stabl-RP,3,RMSE,0.7560742405390158,0.07580699487292052,90,outer test conditional on the inner-selected panel size; not a fixed-budget experiment
IGG,regression,Stabl-RP,5,RMSE,0.7733909541652734,0.07762151189307602,60,outer test conditional on the inner-selected panel size; not a fixed-budget experiment
IGG,regression,Stabl-RP,10,RMSE,0.787390035063089,0.08518996758194977,100,outer test conditional on the inner-selected panel size; not a fixed-budget experiment
IGG,regression,geeVerse,3,RMSE,0.776408599193565,0.08061416074947164,106,outer test conditional on the inner-selected panel size; not a fixed-budget experiment
IGG,regression,geeVerse,5,RMSE,0.7913797711617991,0.08097464251452091,65,outer test conditional on the inner-selected panel size; not a fixed-budget experiment
IGG,regression,geeVerse,10,RMSE,0.7923012578657691,0.07720184247288975,79,outer test conditional on the inner-selected panel size; not a fixed-budget experiment
IGG,regression,glmmLasso,3,RMSE,0.7614388668416432,0.07500075903106967,110,outer test conditional on the inner-selected panel size; not a fixed-budget experiment
IGG,regression,glmmLasso,5,RMSE,0.7781181286771459,0.08438435328270305,74,outer test conditional on the inner-selected panel size; not a fixed-budget experiment
IGG,regression,glmmLasso,10,RMSE,0.7750179343339751,0.07556894145497906,66,outer test conditional on the inner-selected panel size; not a fixed-budget experiment
IGG,regression,mRMR,3,RMSE,0.7717559163640599,0.0799447814268163,92,outer test conditional on the inner-selected panel size; not a fixed-budget experiment
IGG,regression,mRMR,5,RMSE,0.767975499637751,0.07641954660240893,65,outer test conditional on the inner-selected panel size; not a fixed-budget experiment
IGG,regression,mRMR,10,RMSE,0.7784234607169347,0.07843270592120051,93,outer test conditional on the inner-selected panel size; not a fixed-budget experiment
IGM,regression,Boruta,3,RMSE,1.0457318783203629,0.0891809963128156,69,outer test conditional on the inner-selected panel size; not a fixed-budget experiment
IGM,regression,Boruta,5,RMSE,1.0641922206840326,0.08638112728171632,72,outer test conditional on the inner-selected panel size; not a fixed-budget experiment
IGM,regression,Boruta,10,RMSE,1.0813295428605818,0.09223809149404286,109,outer test conditional on the inner-selected panel size; not a fixed-budget experiment
IGM,regression,ElasticNet,3,RMSE,1.0585072368202397,0.08907280016125647,83,outer test conditional on the inner-selected panel size; not a fixed-budget experiment
IGM,regression,ElasticNet,5,RMSE,1.0411851526132012,0.08730400137017658,75,outer test conditional on the inner-selected panel size; not a fixed-budget experiment
IGM,regression,ElasticNet,10,RMSE,1.0683796905697107,0.0875122435767415,92,outer test conditional on the inner-selected panel size; not a fixed-budget experiment
IGM,regression,LLSS,3,RMSE,1.06619711732656,0.08509987180029975,60,outer test conditional on the inner-selected panel size; not a fixed-budget experiment
IGM,regression,LLSS,5,RMSE,1.0811642742873158,0.09344338262021379,52,outer test conditional on the inner-selected panel size; not a fixed-budget experiment
IGM,regression,LLSS,10,RMSE,1.0476071473818356,0.09254769493106117,138,outer test conditional on the inner-selected panel size; not a fixed-budget experiment
IGM,regression,Lasso,3,RMSE,1.0474579458070747,0.08013344318535763,98,outer test conditional on the inner-selected panel size; not a fixed-budget experiment
IGM,regression,Lasso,5,RMSE,1.0535374509796838,0.0985950366579904,69,outer test conditional on the inner-selected panel size; not a fixed-budget experiment
IGM,regression,Lasso,10,RMSE,1.0557984217955638,0.08645065860272934,83,outer test conditional on the inner-selected panel size; not a fixed-budget experiment
IGM,regression,LongGroupLasso,3,RMSE,1.0456682769918657,0.0904673553820361,76,outer test conditional on the inner-selected panel size; not a fixed-budget experiment
IGM,regression,LongGroupLasso,5,RMSE,1.0383146978660949,0.09340861358102662,61,outer test conditional on the inner-selected panel size; not a fixed-budget experiment
IGM,regression,LongGroupLasso,10,RMSE,1.0494737098093132,0.09145659961289575,113,outer test conditional on the inner-selected panel size; not a fixed-budget experiment
IGM,regression,MutualInfo,3,RMSE,1.0637428368288597,0.08576206018738623,87,outer test conditional on the inner-selected panel size; not a fixed-budget experiment
IGM,regression,MutualInfo,5,RMSE,1.065090314377742,0.08830552583017763,56,outer test conditional on the inner-selected panel size; not a fixed-budget experiment
IGM,regression,MutualInfo,10,RMSE,1.071343451077434,0.09948780139728955,107,outer test conditional on the inner-selected panel size; not a fixed-budget experiment
IGM,regression,OutcomeSNN-FS,3,RMSE,1.0535811940801063,0.08190191024803396,60,outer test conditional on the inner-selected panel size; not a fixed-budget experiment
IGM,regression,OutcomeSNN-FS,5,RMSE,1.028164791488156,0.10357581195908261,59,outer test conditional on the inner-selected panel size; not a fixed-budget experiment
IGM,regression,OutcomeSNN-FS,10,RMSE,1.0440937458003345,0.09201936951424014,131,outer test conditional on the inner-selected panel size; not a fixed-budget experiment
IGM,regression,PGEE,3,RMSE,1.046333366584023,0.08789034086133275,59,outer test conditional on the inner-selected panel size; not a fixed-budget experiment
IGM,regression,PGEE,5,RMSE,1.049009723146078,0.09128114755694558,48,outer test conditional on the inner-selected panel size; not a fixed-budget experiment
IGM,regression,PGEE,10,RMSE,1.045577301510163,0.09182343371646841,143,outer test conditional on the inner-selected panel size; not a fixed-budget experiment
IGM,regression,RandomForest,3,RMSE,1.071689734240649,0.09460919249486212,80,outer test conditional on the inner-selected panel size; not a fixed-budget experiment
IGM,regression,RandomForest,5,RMSE,1.063315459890962,0.08288520642913311,61,outer test conditional on the inner-selected panel size; not a fixed-budget experiment
IGM,regression,RandomForest,10,RMSE,1.0708109788423616,0.08964326799063249,109,outer test conditional on the inner-selected panel size; not a fixed-budget experiment
IGM,regression,SNN-FS,3,RMSE,1.043930956155791,0.09529399606537242,81,outer test conditional on the inner-selected panel size; not a fixed-budget experiment
IGM,regression,SNN-FS,5,RMSE,1.055580752414117,0.0813675171204062,69,outer test conditional on the inner-selected panel size; not a fixed-budget experiment
IGM,regression,SNN-FS,10,RMSE,1.0604900643018305,0.09394587746602062,100,outer test conditional on the inner-selected panel size; not a fixed-budget experiment
IGM,regression,StabilitySelection,3,RMSE,1.0654825280696467,0.08968301313562246,73,outer test conditional on the inner-selected panel size; not a fixed-budget experiment
IGM,regression,StabilitySelection,5,RMSE,1.0665715951179824,0.10160021016846828,64,outer test conditional on the inner-selected panel size; not a fixed-budget experiment
IGM,regression,StabilitySelection,10,RMSE,1.047948344659954,0.08126973610786008,113,outer test conditional on the inner-selected panel size; not a fixed-budget experiment
IGM,regression,Stabl-RP,3,RMSE,1.033117790502741,0.08990208641785513,64,outer test conditional on the inner-selected panel size; not a fixed-budget experiment
IGM,regression,Stabl-RP,5,RMSE,1.0478435889214843,0.08977897833976178,65,outer test conditional on the inner-selected panel size; not a fixed-budget experiment
IGM,regression,Stabl-RP,10,RMSE,1.0493911029073144,0.09519907860086867,121,outer test conditional on the inner-selected panel size; not a fixed-budget experiment
IGM,regression,geeVerse,3,RMSE,1.0873175587878365,0.08317746908369218,105,outer test conditional on the inner-selected panel size; not a fixed-budget experiment
IGM,regression,geeVerse,5,RMSE,1.0826445593991547,0.10369895399175555,48,outer test conditional on the inner-selected panel size; not a fixed-budget experiment
IGM,regression,geeVerse,10,RMSE,1.0692622206484705,0.0853667750566443,97,outer test conditional on the inner-selected panel size; not a fixed-budget experiment
IGM,regression,glmmLasso,3,RMSE,1.0480300249458858,0.08679477214257354,69,outer test conditional on the inner-selected panel size; not a fixed-budget experiment
IGM,regression,glmmLasso,5,RMSE,1.0476190275029575,0.09974515461823802,62,outer test conditional on the inner-selected panel size; not a fixed-budget experiment
IGM,regression,glmmLasso,10,RMSE,1.0416043895320808,0.08907712135382619,119,outer test conditional on the inner-selected panel size; not a fixed-budget experiment
IGM,regression,mRMR,3,RMSE,1.0616913762336662,0.089565422045179,65,outer test conditional on the inner-selected panel size; not a fixed-budget experiment
IGM,regression,mRMR,5,RMSE,1.0654467789172595,0.08619942120099588,46,outer test conditional on the inner-selected panel size; not a fixed-budget experiment
IGM,regression,mRMR,10,RMSE,1.052248781664379,0.087613530412049,139,outer test conditional on the inner-selected panel size; not a fixed-budget experiment
KARE_STATUS,regression,Boruta,3,RMSE,0.7380933559283472,0.021966153922531994,11,outer test conditional on the inner-selected panel size; not a fixed-budget experiment
KARE_STATUS,regression,Boruta,5,RMSE,0.7348853796199396,0.024450867460656184,41,outer test conditional on the inner-selected panel size; not a fixed-budget experiment
KARE_STATUS,regression,Boruta,10,RMSE,0.730346697044879,0.025055760106114735,198,outer test conditional on the inner-selected panel size; not a fixed-budget experiment
KARE_STATUS,regression,ElasticNet,3,RMSE,0.7365541572950511,0.01995404536146709,4,outer test conditional on the inner-selected panel size; not a fixed-budget experiment
KARE_STATUS,regression,ElasticNet,5,RMSE,0.7367843713022704,0.029491629620741644,23,outer test conditional on the inner-selected panel size; not a fixed-budget experiment
KARE_STATUS,regression,ElasticNet,10,RMSE,0.7216997615175348,0.026169069020752448,223,outer test conditional on the inner-selected panel size; not a fixed-budget experiment
KARE_STATUS,regression,LLSS,3,RMSE,0.7510814275331348,0.01821388146828298,6,outer test conditional on the inner-selected panel size; not a fixed-budget experiment
KARE_STATUS,regression,LLSS,5,RMSE,0.741909000381006,0.024980367249922208,48,outer test conditional on the inner-selected panel size; not a fixed-budget experiment
KARE_STATUS,regression,LLSS,10,RMSE,0.7312759047611792,0.02398037329124121,196,outer test conditional on the inner-selected panel size; not a fixed-budget experiment
KARE_STATUS,regression,Lasso,3,RMSE,0.7305926056455739,0.02264313060912407,4,outer test conditional on the inner-selected panel size; not a fixed-budget experiment
KARE_STATUS,regression,Lasso,5,RMSE,0.7307012623009096,0.025514751716667894,36,outer test conditional on the inner-selected panel size; not a fixed-budget experiment
KARE_STATUS,regression,Lasso,10,RMSE,0.7236656117541298,0.025860936335896006,210,outer test conditional on the inner-selected panel size; not a fixed-budget experiment
KARE_STATUS,regression,LongGroupLasso,3,RMSE,0.7493929554958413,0.02856669608243325,4,outer test conditional on the inner-selected panel size; not a fixed-budget experiment
KARE_STATUS,regression,LongGroupLasso,5,RMSE,0.7270012254398813,0.022514974178385796,49,outer test conditional on the inner-selected panel size; not a fixed-budget experiment
KARE_STATUS,regression,LongGroupLasso,10,RMSE,0.725146578281613,0.02478698567868465,197,outer test conditional on the inner-selected panel size; not a fixed-budget experiment
KARE_STATUS,regression,MutualInfo,5,RMSE,0.7591268322781397,0.022162811415822412,9,outer test conditional on the inner-selected panel size; not a fixed-budget experiment
KARE_STATUS,regression,MutualInfo,10,RMSE,0.7413877850811184,0.025371919492820697,241,outer test conditional on the inner-selected panel size; not a fixed-budget experiment
KARE_STATUS,regression,OutcomeSNN-FS,3,RMSE,0.738891387086082,0.029799120607061427,5,outer test conditional on the inner-selected panel size; not a fixed-budget experiment
KARE_STATUS,regression,OutcomeSNN-FS,5,RMSE,0.7229617456368116,0.026264104852811273,39,outer test conditional on the inner-selected panel size; not a fixed-budget experiment
KARE_STATUS,regression,OutcomeSNN-FS,10,RMSE,0.7290558607195664,0.024139146193579916,206,outer test conditional on the inner-selected panel size; not a fixed-budget experiment
KARE_STATUS,regression,PGEE,3,RMSE,0.7590553524035665,0.026390844878874338,3,outer test conditional on the inner-selected panel size; not a fixed-budget experiment
KARE_STATUS,regression,PGEE,5,RMSE,0.7247212613247541,0.024141733551153677,39,outer test conditional on the inner-selected panel size; not a fixed-budget experiment
KARE_STATUS,regression,PGEE,10,RMSE,0.7284570307597407,0.02506941547246407,208,outer test conditional on the inner-selected panel size; not a fixed-budget experiment
KARE_STATUS,regression,RandomForest,3,RMSE,0.7449280923130331,0.028325016438516915,14,outer test conditional on the inner-selected panel size; not a fixed-budget experiment
KARE_STATUS,regression,RandomForest,5,RMSE,0.7361018377957758,0.02746613312441238,28,outer test conditional on the inner-selected panel size; not a fixed-budget experiment
KARE_STATUS,regression,RandomForest,10,RMSE,0.7291151032257397,0.024314479938932803,208,outer test conditional on the inner-selected panel size; not a fixed-budget experiment
KARE_STATUS,regression,SNN-FS,3,RMSE,0.7294348629554934,0.013664328589782187,4,outer test conditional on the inner-selected panel size; not a fixed-budget experiment
KARE_STATUS,regression,SNN-FS,5,RMSE,0.7319003951006826,0.026660753684406267,34,outer test conditional on the inner-selected panel size; not a fixed-budget experiment
KARE_STATUS,regression,SNN-FS,10,RMSE,0.725327024318555,0.026019013638692915,212,outer test conditional on the inner-selected panel size; not a fixed-budget experiment
KARE_STATUS,regression,StabilitySelection,3,RMSE,0.7618859360584032,0.02418715179018343,3,outer test conditional on the inner-selected panel size; not a fixed-budget experiment
KARE_STATUS,regression,StabilitySelection,5,RMSE,0.734406181838058,0.026867460333935264,9,outer test conditional on the inner-selected panel size; not a fixed-budget experiment
KARE_STATUS,regression,StabilitySelection,10,RMSE,0.7263783661613903,0.025507678367896535,238,outer test conditional on the inner-selected panel size; not a fixed-budget experiment
KARE_STATUS,regression,Stabl-RP,3,RMSE,0.734392440521431,0.024613693122141587,4,outer test conditional on the inner-selected panel size; not a fixed-budget experiment
KARE_STATUS,regression,Stabl-RP,5,RMSE,0.7318198573255136,0.02621586526776618,33,outer test conditional on the inner-selected panel size; not a fixed-budget experiment
KARE_STATUS,regression,Stabl-RP,10,RMSE,0.7303146447077036,0.024610680058858306,213,outer test conditional on the inner-selected panel size; not a fixed-budget experiment
KARE_STATUS,regression,geeVerse,10,RMSE,0.7424693187873859,0.024715179861590195,250,outer test conditional on the inner-selected panel size; not a fixed-budget experiment
KARE_STATUS,regression,glmmLasso,5,RMSE,0.7312082021200135,0.021314312581110523,39,outer test conditional on the inner-selected panel size; not a fixed-budget experiment
KARE_STATUS,regression,glmmLasso,10,RMSE,0.7269977733541519,0.025811995364370854,211,outer test conditional on the inner-selected panel size; not a fixed-budget experiment
KARE_STATUS,regression,mRMR,3,RMSE,0.7604687946248596,0.016232895967035876,9,outer test conditional on the inner-selected panel size; not a fixed-budget experiment
KARE_STATUS,regression,mRMR,5,RMSE,0.7316508582951258,0.025238013601431148,46,outer test conditional on the inner-selected panel size; not a fixed-budget experiment
KARE_STATUS,regression,mRMR,10,RMSE,0.7274897862868326,0.02435805882163004,195,outer test conditional on the inner-selected panel size; not a fixed-budget experiment
OLINK_COVID,classification,Boruta,3,AUROC,0.8741219667943806,0.16834988146611654,87,outer test conditional on the inner-selected panel size; not a fixed-budget experiment
OLINK_COVID,classification,Boruta,5,AUROC,0.8490668402777778,0.197608431298593,64,outer test conditional on the inner-selected panel size; not a fixed-budget experiment
OLINK_COVID,classification,Boruta,10,AUROC,0.8571829405162739,0.1671948170363617,99,outer test conditional on the inner-selected panel size; not a fixed-budget experiment
OLINK_COVID,classification,ElasticNet,3,AUROC,0.646043771043771,0.3122321616886099,33,outer test conditional on the inner-selected panel size; not a fixed-budget experiment
OLINK_COVID,classification,ElasticNet,5,AUROC,0.6691784869976358,0.2717701249155019,47,outer test conditional on the inner-selected panel size; not a fixed-budget experiment
OLINK_COVID,classification,ElasticNet,10,AUROC,0.7762663398692811,0.23795360686237318,170,outer test conditional on the inner-selected panel size; not a fixed-budget experiment
OLINK_COVID,classification,LLSS,3,AUROC,0.905128205128205,0.15542450206240377,65,outer test conditional on the inner-selected panel size; not a fixed-budget experiment
OLINK_COVID,classification,LLSS,5,AUROC,0.9050643631436314,0.154205415357911,82,outer test conditional on the inner-selected panel size; not a fixed-budget experiment
OLINK_COVID,classification,LLSS,10,AUROC,0.9034519956850054,0.15904443953748817,103,outer test conditional on the inner-selected panel size; not a fixed-budget experiment
OLINK_COVID,classification,Lasso,3,AUROC,0.6529139433551198,0.32684215039266196,51,outer test conditional on the inner-selected panel size; not a fixed-budget experiment
OLINK_COVID,classification,Lasso,5,AUROC,0.6530349794238682,0.26845588420242217,54,outer test conditional on the inner-selected panel size; not a fixed-budget experiment
OLINK_COVID,classification,Lasso,10,AUROC,0.7551724137931034,0.2546898330953534,145,outer test conditional on the inner-selected panel size; not a fixed-budget experiment
OLINK_COVID,classification,LongGroupLasso,3,AUROC,0.8575757575757575,0.18957411307675467,55,outer test conditional on the inner-selected panel size; not a fixed-budget experiment
OLINK_COVID,classification,LongGroupLasso,5,AUROC,0.9458333333333332,0.09275448809480001,60,outer test conditional on the inner-selected panel size; not a fixed-budget experiment
OLINK_COVID,classification,LongGroupLasso,10,AUROC,0.8578703703703704,0.17560382087850768,135,outer test conditional on the inner-selected panel size; not a fixed-budget experiment
OLINK_COVID,classification,MutualInfo,3,AUROC,0.7952777777777778,0.22808935605631164,50,outer test conditional on the inner-selected panel size; not a fixed-budget experiment
OLINK_COVID,classification,MutualInfo,5,AUROC,0.8990610328638498,0.15001024631521964,71,outer test conditional on the inner-selected panel size; not a fixed-budget experiment
OLINK_COVID,classification,MutualInfo,10,AUROC,0.9302863910422049,0.11384575285098425,129,outer test conditional on the inner-selected panel size; not a fixed-budget experiment
OLINK_COVID,classification,OutcomeSNN-FS,3,AUROC,0.7657952069716775,0.2690865264231811,51,outer test conditional on the inner-selected panel size; not a fixed-budget experiment
OLINK_COVID,classification,OutcomeSNN-FS,5,AUROC,0.8157131011608624,0.2185196610703912,67,outer test conditional on the inner-selected panel size; not a fixed-budget experiment
OLINK_COVID,classification,OutcomeSNN-FS,10,AUROC,0.8280723905723907,0.21336536879769571,132,outer test conditional on the inner-selected panel size; not a fixed-budget experiment
OLINK_COVID,classification,PGEE,3,AUROC,0.897125322997416,0.1313186200302177,43,outer test conditional on the inner-selected panel size; not a fixed-budget experiment
OLINK_COVID,classification,PGEE,5,AUROC,0.8540331196581195,0.18454660997668618,52,outer test conditional on the inner-selected panel size; not a fixed-budget experiment
OLINK_COVID,classification,PGEE,10,AUROC,0.8865591397849464,0.16985894345985209,155,outer test conditional on the inner-selected panel size; not a fixed-budget experiment
OLINK_COVID,classification,RandomForest,3,AUROC,0.8793168168168168,0.1387351827499709,74,outer test conditional on the inner-selected panel size; not a fixed-budget experiment
OLINK_COVID,classification,RandomForest,5,AUROC,0.8865740740740742,0.1563263067908234,78,outer test conditional on the inner-selected panel size; not a fixed-budget experiment
OLINK_COVID,classification,RandomForest,10,AUROC,0.8771967120181409,0.17509701163291624,98,outer test conditional on the inner-selected panel size; not a fixed-budget experiment
OLINK_COVID,classification,SNN-FS,3,AUROC,0.8101053639846744,0.22702664523986799,58,outer test conditional on the inner-selected panel size; not a fixed-budget experiment
OLINK_COVID,classification,SNN-FS,5,AUROC,0.7467948717948718,0.27999892387136766,65,outer test conditional on the inner-selected panel size; not a fixed-budget experiment
OLINK_COVID,classification,SNN-FS,10,AUROC,0.7999781277340332,0.22063378949093967,127,outer test conditional on the inner-selected panel size; not a fixed-budget experiment
OLINK_COVID,classification,StabilitySelection,3,AUROC,0.711520947176685,0.2824479339768875,61,outer test conditional on the inner-selected panel size; not a fixed-budget experiment
OLINK_COVID,classification,StabilitySelection,5,AUROC,0.7013888888888888,0.28791192644969626,65,outer test conditional on the inner-selected panel size; not a fixed-budget experiment
OLINK_COVID,classification,StabilitySelection,10,AUROC,0.7822020609318995,0.24687735193056895,124,outer test conditional on the inner-selected panel size; not a fixed-budget experiment
OLINK_COVID,classification,Stabl-RP,3,AUROC,0.8518518518518519,0.16673757115585922,69,outer test conditional on the inner-selected panel size; not a fixed-budget experiment
OLINK_COVID,classification,Stabl-RP,5,AUROC,0.9001279239766081,0.14191140400259086,76,outer test conditional on the inner-selected panel size; not a fixed-budget experiment
OLINK_COVID,classification,Stabl-RP,10,AUROC,0.8739417989417989,0.16628166489729315,105,outer test conditional on the inner-selected panel size; not a fixed-budget experiment
OLINK_COVID,classification,glmmLasso,3,AUROC,0.8603670634920635,0.17294976179516292,28,outer test conditional on the inner-selected panel size; not a fixed-budget experiment
OLINK_COVID,classification,glmmLasso,5,AUROC,0.8753654970760234,0.16686507005226078,57,outer test conditional on the inner-selected panel size; not a fixed-budget experiment
OLINK_COVID,classification,glmmLasso,10,AUROC,0.8611531986531986,0.20471320761239212,165,outer test conditional on the inner-selected panel size; not a fixed-budget experiment
OLINK_COVID,classification,mRMR,3,AUROC,0.7968189964157705,0.2137979999768917,62,outer test conditional on the inner-selected panel size; not a fixed-budget experiment
OLINK_COVID,classification,mRMR,5,AUROC,0.808425925925926,0.23931618732399418,75,outer test conditional on the inner-selected panel size; not a fixed-budget experiment
OLINK_COVID,classification,mRMR,10,AUROC,0.864306784660767,0.2105148584472323,113,outer test conditional on the inner-selected panel size; not a fixed-budget experiment
PE,classification,Boruta,3,AUROC,0.7592147435897435,0.20749067579265237,52,outer test conditional on the inner-selected panel size; not a fixed-budget experiment
PE,classification,Boruta,5,AUROC,0.7784722222222221,0.18869154765631818,60,outer test conditional on the inner-selected panel size; not a fixed-budget experiment
PE,classification,Boruta,10,AUROC,0.7857789855072463,0.1709084075299206,138,outer test conditional on the inner-selected panel size; not a fixed-budget experiment
PE,classification,ElasticNet,3,AUROC,0.7295751633986929,0.1888603520350582,51,outer test conditional on the inner-selected panel size; not a fixed-budget experiment
PE,classification,ElasticNet,5,AUROC,0.8174242424242424,0.14427984502783822,55,outer test conditional on the inner-selected panel size; not a fixed-budget experiment
PE,classification,ElasticNet,10,AUROC,0.8287037037037037,0.14201512669417604,144,outer test conditional on the inner-selected panel size; not a fixed-budget experiment
PE,classification,LLSS,3,AUROC,0.8138661202185792,0.19668361701829698,61,outer test conditional on the inner-selected panel size; not a fixed-budget experiment
PE,classification,LLSS,5,AUROC,0.801349765258216,0.17736605532986705,71,outer test conditional on the inner-selected panel size; not a fixed-budget experiment
PE,classification,LLSS,10,AUROC,0.7856638418079097,0.17629552207320265,118,outer test conditional on the inner-selected panel size; not a fixed-budget experiment
PE,classification,Lasso,3,AUROC,0.75,0.1850805437973092,40,outer test conditional on the inner-selected panel size; not a fixed-budget experiment
PE,classification,Lasso,5,AUROC,0.7874348958333334,0.18478634790324083,64,outer test conditional on the inner-selected panel size; not a fixed-budget experiment
PE,classification,Lasso,10,AUROC,0.8444634703196346,0.13464166789299636,146,outer test conditional on the inner-selected panel size; not a fixed-budget experiment
PE,classification,LongGroupLasso,3,AUROC,0.7395833333333333,0.24797567518583546,32,outer test conditional on the inner-selected panel size; not a fixed-budget experiment
PE,classification,LongGroupLasso,5,AUROC,0.8194444444444444,0.17346174129889405,81,outer test conditional on the inner-selected panel size; not a fixed-budget experiment
PE,classification,LongGroupLasso,10,AUROC,0.8458029197080292,0.16104687162653508,137,outer test conditional on the inner-selected panel size; not a fixed-budget experiment
PE,classification,MutualInfo,3,AUROC,0.6484375,0.21641316428189258,40,outer test conditional on the inner-selected panel size; not a fixed-budget experiment
PE,classification,MutualInfo,5,AUROC,0.7156432748538013,0.19322009059957002,57,outer test conditional on the inner-selected panel size; not a fixed-budget experiment
PE,classification,MutualInfo,10,AUROC,0.758578431372549,0.18582538931453227,153,outer test conditional on the inner-selected panel size; not a fixed-budget experiment
PE,classification,OutcomeSNN-FS,3,AUROC,0.65625,0.20060449955612972,40,outer test conditional on the inner-selected panel size; not a fixed-budget experiment
PE,classification,OutcomeSNN-FS,5,AUROC,0.7224462365591398,0.19392726457966905,62,outer test conditional on the inner-selected panel size; not a fixed-budget experiment
PE,classification,OutcomeSNN-FS,10,AUROC,0.8108108108108109,0.1895829987026013,148,outer test conditional on the inner-selected panel size; not a fixed-budget experiment
PE,classification,PGEE,3,AUROC,0.6739341085271318,0.19351484069913952,43,outer test conditional on the inner-selected panel size; not a fixed-budget experiment
PE,classification,PGEE,5,AUROC,0.7731918238993711,0.17021760016586068,53,outer test conditional on the inner-selected panel size; not a fixed-budget experiment
PE,classification,PGEE,10,AUROC,0.781926406926407,0.17314756467497103,154,outer test conditional on the inner-selected panel size; not a fixed-budget experiment
PE,classification,RandomForest,3,AUROC,0.7195833333333335,0.2006760293711542,50,outer test conditional on the inner-selected panel size; not a fixed-budget experiment
PE,classification,RandomForest,5,AUROC,0.8081896551724139,0.16950968003627365,58,outer test conditional on the inner-selected panel size; not a fixed-budget experiment
PE,classification,RandomForest,10,AUROC,0.7981220657276996,0.1703418501378615,142,outer test conditional on the inner-selected panel size; not a fixed-budget experiment
PE,classification,SNN-FS,3,AUROC,0.7375,0.1892898898334573,40,outer test conditional on the inner-selected panel size; not a fixed-budget experiment
PE,classification,SNN-FS,5,AUROC,0.8113839285714286,0.2066377837090906,56,outer test conditional on the inner-selected panel size; not a fixed-budget experiment
PE,classification,SNN-FS,10,AUROC,0.8520021645021646,0.14598243294575852,154,outer test conditional on the inner-selected panel size; not a fixed-budget experiment
PE,classification,StabilitySelection,3,AUROC,0.750484496124031,0.19274457360293606,43,outer test conditional on the inner-selected panel size; not a fixed-budget experiment
PE,classification,StabilitySelection,5,AUROC,0.8036616161616161,0.17461268976535305,66,outer test conditional on the inner-selected panel size; not a fixed-budget experiment
PE,classification,StabilitySelection,10,AUROC,0.8017139479905436,0.16180795167326872,141,outer test conditional on the inner-selected panel size; not a fixed-budget experiment
PE,classification,Stabl-RP,3,AUROC,0.6765873015873016,0.2011588891811794,42,outer test conditional on the inner-selected panel size; not a fixed-budget experiment
PE,classification,Stabl-RP,5,AUROC,0.7627487562189056,0.19207230982004672,67,outer test conditional on the inner-selected panel size; not a fixed-budget experiment
PE,classification,Stabl-RP,10,AUROC,0.7489657210401891,0.19821134455477196,141,outer test conditional on the inner-selected panel size; not a fixed-budget experiment
PE,classification,glmmLasso,3,AUROC,0.8070652173913045,0.15844506185893759,46,outer test conditional on the inner-selected panel size; not a fixed-budget experiment
PE,classification,glmmLasso,5,AUROC,0.81781045751634,0.1533674745309732,51,outer test conditional on the inner-selected panel size; not a fixed-budget experiment
PE,classification,glmmLasso,10,AUROC,0.8080065359477124,0.17857570928944513,153,outer test conditional on the inner-selected panel size; not a fixed-budget experiment
PE,classification,mRMR,3,AUROC,0.6756535947712419,0.20426251584973593,51,outer test conditional on the inner-selected panel size; not a fixed-budget experiment
PE,classification,mRMR,5,AUROC,0.782051282051282,0.18491699274014767,65,outer test conditional on the inner-selected panel size; not a fixed-budget experiment
PE,classification,mRMR,10,AUROC,0.8221393034825872,0.15106868150118133,134,outer test conditional on the inner-selected panel size; not a fixed-budget experiment
PE_LOPE_MATCHED,classification,Boruta,3,AUROC,0.6482426303854876,0.2513049109513094,49,outer test conditional on the inner-selected panel size; not a fixed-budget experiment
PE_LOPE_MATCHED,classification,Boruta,5,AUROC,0.6242389649923896,0.21079932521570538,73,outer test conditional on the inner-selected panel size; not a fixed-budget experiment
PE_LOPE_MATCHED,classification,Boruta,10,AUROC,0.6769748263888888,0.24619964388191773,128,outer test conditional on the inner-selected panel size; not a fixed-budget experiment
PE_LOPE_MATCHED,classification,ElasticNet,3,AUROC,0.6322115384615384,0.2506722139132789,52,outer test conditional on the inner-selected panel size; not a fixed-budget experiment
PE_LOPE_MATCHED,classification,ElasticNet,5,AUROC,0.6115319865319866,0.2198318242769228,66,outer test conditional on the inner-selected panel size; not a fixed-budget experiment
PE_LOPE_MATCHED,classification,ElasticNet,10,AUROC,0.6830808080808082,0.2096250468702571,132,outer test conditional on the inner-selected panel size; not a fixed-budget experiment
PE_LOPE_MATCHED,classification,LLSS,3,AUROC,0.6800595238095237,0.23329371184936806,56,outer test conditional on the inner-selected panel size; not a fixed-budget experiment
PE_LOPE_MATCHED,classification,LLSS,5,AUROC,0.7691498316498316,0.20509253047344658,66,outer test conditional on the inner-selected panel size; not a fixed-budget experiment
PE_LOPE_MATCHED,classification,LLSS,10,AUROC,0.728515625,0.2109946622400739,128,outer test conditional on the inner-selected panel size; not a fixed-budget experiment
PE_LOPE_MATCHED,classification,Lasso,3,AUROC,0.6236772486772487,0.22944744489008956,42,outer test conditional on the inner-selected panel size; not a fixed-budget experiment
PE_LOPE_MATCHED,classification,Lasso,5,AUROC,0.6458333333333334,0.1967108710722508,48,outer test conditional on the inner-selected panel size; not a fixed-budget experiment
PE_LOPE_MATCHED,classification,Lasso,10,AUROC,0.6880208333333333,0.20266207881709172,160,outer test conditional on the inner-selected panel size; not a fixed-budget experiment
PE_LOPE_MATCHED,classification,LongGroupLasso,3,AUROC,0.730654761904762,0.19917898563378028,56,outer test conditional on the inner-selected panel size; not a fixed-budget experiment
PE_LOPE_MATCHED,classification,LongGroupLasso,5,AUROC,0.7081481481481482,0.2347657898570367,75,outer test conditional on the inner-selected panel size; not a fixed-budget experiment
PE_LOPE_MATCHED,classification,LongGroupLasso,10,AUROC,0.7106676003734829,0.2299327300916481,119,outer test conditional on the inner-selected panel size; not a fixed-budget experiment
PE_LOPE_MATCHED,classification,MutualInfo,3,AUROC,0.6119614512471655,0.21491172887809692,49,outer test conditional on the inner-selected panel size; not a fixed-budget experiment
PE_LOPE_MATCHED,classification,MutualInfo,5,AUROC,0.5924242424242423,0.20132623159345608,55,outer test conditional on the inner-selected panel size; not a fixed-budget experiment
PE_LOPE_MATCHED,classification,MutualInfo,10,AUROC,0.6618150684931506,0.23621866192441657,146,outer test conditional on the inner-selected panel size; not a fixed-budget experiment
PE_LOPE_MATCHED,classification,OutcomeSNN-FS,3,AUROC,0.602668845315904,0.19853006177215915,51,outer test conditional on the inner-selected panel size; not a fixed-budget experiment
PE_LOPE_MATCHED,classification,OutcomeSNN-FS,5,AUROC,0.5444958847736625,0.20232207398755153,54,outer test conditional on the inner-selected panel size; not a fixed-budget experiment
PE_LOPE_MATCHED,classification,OutcomeSNN-FS,10,AUROC,0.6473180076628353,0.21521116397522125,145,outer test conditional on the inner-selected panel size; not a fixed-budget experiment
PE_LOPE_MATCHED,classification,PGEE,3,AUROC,0.6168981481481483,0.24975088279832225,48,outer test conditional on the inner-selected panel size; not a fixed-budget experiment
PE_LOPE_MATCHED,classification,PGEE,5,AUROC,0.6527777777777778,0.22624651803276488,60,outer test conditional on the inner-selected panel size; not a fixed-budget experiment
PE_LOPE_MATCHED,classification,PGEE,10,AUROC,0.6722417840375587,0.22716660024628169,142,outer test conditional on the inner-selected panel size; not a fixed-budget experiment
PE_LOPE_MATCHED,classification,RandomForest,3,AUROC,0.6099537037037037,0.2442353216857288,60,outer test conditional on the inner-selected panel size; not a fixed-budget experiment
PE_LOPE_MATCHED,classification,RandomForest,5,AUROC,0.6666666666666667,0.21374549001774043,58,outer test conditional on the inner-selected panel size; not a fixed-budget experiment
PE_LOPE_MATCHED,classification,RandomForest,10,AUROC,0.6880260942760944,0.23104188378092866,132,outer test conditional on the inner-selected panel size; not a fixed-budget experiment
PE_LOPE_MATCHED,classification,SNN-FS,3,AUROC,0.5641975308641975,0.28547247925766484,45,outer test conditional on the inner-selected panel size; not a fixed-budget experiment
PE_LOPE_MATCHED,classification,SNN-FS,5,AUROC,0.6785353535353533,0.2457837506352256,55,outer test conditional on the inner-selected panel size; not a fixed-budget experiment
PE_LOPE_MATCHED,classification,SNN-FS,10,AUROC,0.6737962962962963,0.2303393586363175,150,outer test conditional on the inner-selected panel size; not a fixed-budget experiment
PE_LOPE_MATCHED,classification,StabilitySelection,3,AUROC,0.5658333333333334,0.23804248754273977,50,outer test conditional on the inner-selected panel size; not a fixed-budget experiment
PE_LOPE_MATCHED,classification,StabilitySelection,5,AUROC,0.6351410934744268,0.2366403297025174,63,outer test conditional on the inner-selected panel size; not a fixed-budget experiment
PE_LOPE_MATCHED,classification,StabilitySelection,10,AUROC,0.7013381995133819,0.21335268876171737,137,outer test conditional on the inner-selected panel size; not a fixed-budget experiment
PE_LOPE_MATCHED,classification,Stabl-RP,3,AUROC,0.6075498575498576,0.2159362676846368,39,outer test conditional on the inner-selected panel size; not a fixed-budget experiment
PE_LOPE_MATCHED,classification,Stabl-RP,5,AUROC,0.6242592592592593,0.22252575616454168,75,outer test conditional on the inner-selected panel size; not a fixed-budget experiment
PE_LOPE_MATCHED,classification,Stabl-RP,10,AUROC,0.6483864379084967,0.2278587016609583,136,outer test conditional on the inner-selected panel size; not a fixed-budget experiment
PE_LOPE_MATCHED,classification,glmmLasso,3,AUROC,0.6967592592592592,0.22013396752544612,72,outer test conditional on the inner-selected panel size; not a fixed-budget experiment
PE_LOPE_MATCHED,classification,glmmLasso,5,AUROC,0.6530054644808744,0.21987317184694644,61,outer test conditional on the inner-selected panel size; not a fixed-budget experiment
PE_LOPE_MATCHED,classification,glmmLasso,10,AUROC,0.7342117758784424,0.19083529559070003,117,outer test conditional on the inner-selected panel size; not a fixed-budget experiment
PE_LOPE_MATCHED,classification,mRMR,3,AUROC,0.6515151515151513,0.2711697647573106,55,outer test conditional on the inner-selected panel size; not a fixed-budget experiment
PE_LOPE_MATCHED,classification,mRMR,5,AUROC,0.7235449735449735,0.22860886123551413,63,outer test conditional on the inner-selected panel size; not a fixed-budget experiment
PE_LOPE_MATCHED,classification,mRMR,10,AUROC,0.7366372053872055,0.21525746369880272,132,outer test conditional on the inner-selected panel size; not a fixed-budget experiment
TRA,regression,Boruta,3,RMSE,1.0705902229219415,0.09066976139196145,50,outer test conditional on the inner-selected panel size; not a fixed-budget experiment
TRA,regression,Boruta,5,RMSE,1.0470970045944235,0.08177060459748381,67,outer test conditional on the inner-selected panel size; not a fixed-budget experiment
TRA,regression,Boruta,10,RMSE,1.0535975061983238,0.09193987366282562,133,outer test conditional on the inner-selected panel size; not a fixed-budget experiment
TRA,regression,ElasticNet,3,RMSE,1.0693974509952207,0.08913968983780611,77,outer test conditional on the inner-selected panel size; not a fixed-budget experiment
TRA,regression,ElasticNet,5,RMSE,1.0787066629547843,0.09021635160744013,71,outer test conditional on the inner-selected panel size; not a fixed-budget experiment
TRA,regression,ElasticNet,10,RMSE,1.0834896230516142,0.09745400033280918,102,outer test conditional on the inner-selected panel size; not a fixed-budget experiment
TRA,regression,LLSS,3,RMSE,1.048884867967286,0.08773705013206841,72,outer test conditional on the inner-selected panel size; not a fixed-budget experiment
TRA,regression,LLSS,5,RMSE,1.0388948752321083,0.08259584132847002,78,outer test conditional on the inner-selected panel size; not a fixed-budget experiment
TRA,regression,LLSS,10,RMSE,1.0505356853537884,0.09010534439748685,100,outer test conditional on the inner-selected panel size; not a fixed-budget experiment
TRA,regression,Lasso,3,RMSE,1.0658162156287188,0.08610864654040648,67,outer test conditional on the inner-selected panel size; not a fixed-budget experiment
TRA,regression,Lasso,5,RMSE,1.081548798884675,0.09995015569818354,85,outer test conditional on the inner-selected panel size; not a fixed-budget experiment
TRA,regression,Lasso,10,RMSE,1.0612774003183196,0.09323623996185276,98,outer test conditional on the inner-selected panel size; not a fixed-budget experiment
TRA,regression,LongGroupLasso,3,RMSE,1.0846483771411841,0.08754188133903178,41,outer test conditional on the inner-selected panel size; not a fixed-budget experiment
TRA,regression,LongGroupLasso,5,RMSE,1.0539292295123264,0.09108078617391857,67,outer test conditional on the inner-selected panel size; not a fixed-budget experiment
TRA,regression,LongGroupLasso,10,RMSE,1.0308283873959914,0.08292569721541093,142,outer test conditional on the inner-selected panel size; not a fixed-budget experiment
TRA,regression,MutualInfo,3,RMSE,1.1225294441762967,0.10302435552418966,41,outer test conditional on the inner-selected panel size; not a fixed-budget experiment
TRA,regression,MutualInfo,5,RMSE,1.0632908320384762,0.09099952748047582,54,outer test conditional on the inner-selected panel size; not a fixed-budget experiment
TRA,regression,MutualInfo,10,RMSE,1.05374211522377,0.08313662873675391,155,outer test conditional on the inner-selected panel size; not a fixed-budget experiment
TRA,regression,OutcomeSNN-FS,3,RMSE,1.0625156317175548,0.09522904130767582,76,outer test conditional on the inner-selected panel size; not a fixed-budget experiment
TRA,regression,OutcomeSNN-FS,5,RMSE,1.0619437879881566,0.09064860714515909,69,outer test conditional on the inner-selected panel size; not a fixed-budget experiment
TRA,regression,OutcomeSNN-FS,10,RMSE,1.063484851051864,0.09541310747985769,105,outer test conditional on the inner-selected panel size; not a fixed-budget experiment
TRA,regression,PGEE,3,RMSE,1.0781121032830825,0.10590738219052656,31,outer test conditional on the inner-selected panel size; not a fixed-budget experiment
TRA,regression,PGEE,5,RMSE,1.0654459128185607,0.08038148667808682,39,outer test conditional on the inner-selected panel size; not a fixed-budget experiment
TRA,regression,PGEE,10,RMSE,1.0417546333923584,0.08837352936302958,180,outer test conditional on the inner-selected panel size; not a fixed-budget experiment
TRA,regression,RandomForest,3,RMSE,1.0626785418739717,0.1019381019955205,51,outer test conditional on the inner-selected panel size; not a fixed-budget experiment
TRA,regression,RandomForest,5,RMSE,1.049147758382381,0.09302990356902074,66,outer test conditional on the inner-selected panel size; not a fixed-budget experiment
TRA,regression,RandomForest,10,RMSE,1.051179321163103,0.08821401757915531,133,outer test conditional on the inner-selected panel size; not a fixed-budget experiment
TRA,regression,SNN-FS,3,RMSE,1.059874217365333,0.09442334468222892,106,outer test conditional on the inner-selected panel size; not a fixed-budget experiment
TRA,regression,SNN-FS,5,RMSE,1.0578524922825314,0.0931401467229137,74,outer test conditional on the inner-selected panel size; not a fixed-budget experiment
TRA,regression,SNN-FS,10,RMSE,1.0880291533664794,0.09291461265476914,70,outer test conditional on the inner-selected panel size; not a fixed-budget experiment
TRA,regression,StabilitySelection,3,RMSE,1.0605786516989824,0.09588577677362967,79,outer test conditional on the inner-selected panel size; not a fixed-budget experiment
TRA,regression,StabilitySelection,5,RMSE,1.050585563513342,0.0943478335047374,56,outer test conditional on the inner-selected panel size; not a fixed-budget experiment
TRA,regression,StabilitySelection,10,RMSE,1.0773940222879057,0.08637655479451098,115,outer test conditional on the inner-selected panel size; not a fixed-budget experiment
TRA,regression,Stabl-RP,3,RMSE,1.0589828329658588,0.08208378162017006,53,outer test conditional on the inner-selected panel size; not a fixed-budget experiment
TRA,regression,Stabl-RP,5,RMSE,1.057292962243765,0.08898697979059185,75,outer test conditional on the inner-selected panel size; not a fixed-budget experiment
TRA,regression,Stabl-RP,10,RMSE,1.02610775323991,0.08309750009411893,122,outer test conditional on the inner-selected panel size; not a fixed-budget experiment
TRA,regression,geeVerse,3,RMSE,1.0602159945540792,0.12174115877899766,6,outer test conditional on the inner-selected panel size; not a fixed-budget experiment
TRA,regression,geeVerse,5,RMSE,1.0771212875878857,0.09971773126025651,48,outer test conditional on the inner-selected panel size; not a fixed-budget experiment
TRA,regression,geeVerse,10,RMSE,1.0532835602904775,0.08665262889538035,196,outer test conditional on the inner-selected panel size; not a fixed-budget experiment
TRA,regression,glmmLasso,3,RMSE,1.040780325075241,0.09469150205237195,51,outer test conditional on the inner-selected panel size; not a fixed-budget experiment
TRA,regression,glmmLasso,5,RMSE,1.0477649388287116,0.09564776081686363,66,outer test conditional on the inner-selected panel size; not a fixed-budget experiment
TRA,regression,glmmLasso,10,RMSE,1.0478093589024693,0.08231459670084855,133,outer test conditional on the inner-selected panel size; not a fixed-budget experiment
TRA,regression,mRMR,3,RMSE,1.0619437143322632,0.08843320304565783,59,outer test conditional on the inner-selected panel size; not a fixed-budget experiment
TRA,regression,mRMR,5,RMSE,1.0275146123448353,0.07843790427879978,75,outer test conditional on the inner-selected panel size; not a fixed-budget experiment
TRA,regression,mRMR,10,RMSE,1.05218032084446,0.08912710094119027,116,outer test conditional on the inner-selected panel size; not a fixed-budget experiment
TRB,regression,Boruta,3,RMSE,1.2224756975459412,0.11551348730358868,67,outer test conditional on the inner-selected panel size; not a fixed-budget experiment
TRB,regression,Boruta,5,RMSE,1.1987345979163087,0.10982841819519133,53,outer test conditional on the inner-selected panel size; not a fixed-budget experiment
TRB,regression,Boruta,10,RMSE,1.1931253383866076,0.11363283577874445,130,outer test conditional on the inner-selected panel size; not a fixed-budget experiment
TRB,regression,ElasticNet,3,RMSE,1.234514473492722,0.1089582654341078,101,outer test conditional on the inner-selected panel size; not a fixed-budget experiment
TRB,regression,ElasticNet,5,RMSE,1.2277569101564048,0.11170583495677827,74,outer test conditional on the inner-selected panel size; not a fixed-budget experiment
TRB,regression,ElasticNet,10,RMSE,1.223728726851639,0.12686193529210274,75,outer test conditional on the inner-selected panel size; not a fixed-budget experiment
TRB,regression,LLSS,3,RMSE,1.206671396735601,0.10791552685778828,62,outer test conditional on the inner-selected panel size; not a fixed-budget experiment
TRB,regression,LLSS,5,RMSE,1.2100973742200398,0.11378511699973669,94,outer test conditional on the inner-selected panel size; not a fixed-budget experiment
TRB,regression,LLSS,10,RMSE,1.1898529393827282,0.09844949981778173,94,outer test conditional on the inner-selected panel size; not a fixed-budget experiment
TRB,regression,Lasso,3,RMSE,1.240144315086519,0.11937614825781112,110,outer test conditional on the inner-selected panel size; not a fixed-budget experiment
TRB,regression,Lasso,5,RMSE,1.1969226409842206,0.09852298855046758,70,outer test conditional on the inner-selected panel size; not a fixed-budget experiment
TRB,regression,Lasso,10,RMSE,1.2262487664800241,0.117793635754182,70,outer test conditional on the inner-selected panel size; not a fixed-budget experiment
TRB,regression,LongGroupLasso,3,RMSE,1.2203549496198076,0.11169405451095785,51,outer test conditional on the inner-selected panel size; not a fixed-budget experiment
TRB,regression,LongGroupLasso,5,RMSE,1.2082702220769765,0.1260252168843154,77,outer test conditional on the inner-selected panel size; not a fixed-budget experiment
TRB,regression,LongGroupLasso,10,RMSE,1.1904511380955223,0.10326874114861209,122,outer test conditional on the inner-selected panel size; not a fixed-budget experiment
TRB,regression,MutualInfo,3,RMSE,1.230089461047131,0.12073232150174819,74,outer test conditional on the inner-selected panel size; not a fixed-budget experiment
TRB,regression,MutualInfo,5,RMSE,1.1789514763944184,0.10818298414857155,61,outer test conditional on the inner-selected panel size; not a fixed-budget experiment
TRB,regression,MutualInfo,10,RMSE,1.20850827648244,0.11350075259806566,115,outer test conditional on the inner-selected panel size; not a fixed-budget experiment
TRB,regression,OutcomeSNN-FS,3,RMSE,1.2009532005240702,0.12143379515829272,90,outer test conditional on the inner-selected panel size; not a fixed-budget experiment
TRB,regression,OutcomeSNN-FS,5,RMSE,1.1995221963780835,0.09586573852180093,77,outer test conditional on the inner-selected panel size; not a fixed-budget experiment
TRB,regression,OutcomeSNN-FS,10,RMSE,1.2170777604282634,0.12088276805644584,83,outer test conditional on the inner-selected panel size; not a fixed-budget experiment
TRB,regression,PGEE,3,RMSE,1.2117782408903592,0.10511319734264038,42,outer test conditional on the inner-selected panel size; not a fixed-budget experiment
TRB,regression,PGEE,5,RMSE,1.2435965822723192,0.11498433296267443,43,outer test conditional on the inner-selected panel size; not a fixed-budget experiment
TRB,regression,PGEE,10,RMSE,1.1878440792585627,0.10922626093228065,165,outer test conditional on the inner-selected panel size; not a fixed-budget experiment
TRB,regression,RandomForest,3,RMSE,1.2209124327852658,0.1134473734535738,80,outer test conditional on the inner-selected panel size; not a fixed-budget experiment
TRB,regression,RandomForest,5,RMSE,1.1976143985387835,0.09588765871777452,72,outer test conditional on the inner-selected panel size; not a fixed-budget experiment
TRB,regression,RandomForest,10,RMSE,1.18422149848483,0.12134161487404742,98,outer test conditional on the inner-selected panel size; not a fixed-budget experiment
TRB,regression,SNN-FS,3,RMSE,1.2099431857606977,0.11550440852952132,111,outer test conditional on the inner-selected panel size; not a fixed-budget experiment
TRB,regression,SNN-FS,5,RMSE,1.2039239471243235,0.11195074308693113,77,outer test conditional on the inner-selected panel size; not a fixed-budget experiment
TRB,regression,SNN-FS,10,RMSE,1.2495912049923181,0.0995273917838431,62,outer test conditional on the inner-selected panel size; not a fixed-budget experiment
TRB,regression,StabilitySelection,3,RMSE,1.2282148703620945,0.12057266817774885,91,outer test conditional on the inner-selected panel size; not a fixed-budget experiment
TRB,regression,StabilitySelection,5,RMSE,1.1940069211339324,0.08986175678138508,83,outer test conditional on the inner-selected panel size; not a fixed-budget experiment
TRB,regression,StabilitySelection,10,RMSE,1.2116011400905364,0.12431690223136077,76,outer test conditional on the inner-selected panel size; not a fixed-budget experiment
TRB,regression,Stabl-RP,3,RMSE,1.1993698291182484,0.11237938788437998,56,outer test conditional on the inner-selected panel size; not a fixed-budget experiment
TRB,regression,Stabl-RP,5,RMSE,1.1985464506192642,0.09905119371316251,75,outer test conditional on the inner-selected panel size; not a fixed-budget experiment
TRB,regression,Stabl-RP,10,RMSE,1.1915840125120538,0.10964702368359734,119,outer test conditional on the inner-selected panel size; not a fixed-budget experiment
TRB,regression,geeVerse,3,RMSE,1.211274510977001,0.09088363348459691,14,outer test conditional on the inner-selected panel size; not a fixed-budget experiment
TRB,regression,geeVerse,5,RMSE,1.2043557472337092,0.12642678072791935,48,outer test conditional on the inner-selected panel size; not a fixed-budget experiment
TRB,regression,geeVerse,10,RMSE,1.21226522798355,0.10831024563735368,188,outer test conditional on the inner-selected panel size; not a fixed-budget experiment
TRB,regression,glmmLasso,3,RMSE,1.2314840819521073,0.10506275739399845,56,outer test conditional on the inner-selected panel size; not a fixed-budget experiment
TRB,regression,glmmLasso,5,RMSE,1.1738417587711876,0.10505196754108298,53,outer test conditional on the inner-selected panel size; not a fixed-budget experiment
TRB,regression,glmmLasso,10,RMSE,1.1900806682743885,0.10910882251164934,141,outer test conditional on the inner-selected panel size; not a fixed-budget experiment
TRB,regression,mRMR,3,RMSE,1.2105126814539056,0.125879753327538,59,outer test conditional on the inner-selected panel size; not a fixed-budget experiment
TRB,regression,mRMR,5,RMSE,1.182138349080194,0.08823616679993945,60,outer test conditional on the inner-selected panel size; not a fixed-budget experiment
TRB,regression,mRMR,10,RMSE,1.1990338154782052,0.10661474916255732,131,outer test conditional on the inner-selected panel size; not a fixed-budget experiment
