Task,Method,Feature,SelectionEvents,RepeatsSelected,MeanRank,Repeats,RepeatSelectionFrequency
BRIST1D,Boruta,insulin_mean,249,50,1.4417670682730923,50,1.0
BRIST1D,Boruta,cals_mean,235,50,1.804255319148936,50,1.0
BRIST1D,Boruta,insulin_sd,178,50,3.252808988764045,50,1.0
BRIST1D,Boruta,hr_mean,127,50,3.4173228346456694,50,1.0
BRIST1D,Boruta,carbs_mean,103,49,5.271844660194175,50,0.98
BRIST1D,Boruta,dist_mean,106,47,4.632075471698113,50,0.94
BRIST1D,Boruta,cals_sd,68,46,8.102941176470589,50,0.92
BRIST1D,Boruta,steps_mean,83,45,6.783132530120482,50,0.9
BRIST1D,Boruta,carbs_sd,65,44,5.892307692307693,50,0.88
BRIST1D,Boruta,steps_sd,48,37,9.520833333333334,50,0.74
BRIST1D,Boruta,dist_sd,20,19,8.7,50,0.38
BRIST1D,Boruta,hr_sd,18,15,9.555555555555555,50,0.3
BRIST1D,ElasticNet,insulin_mean,250,50,1.316,50,1.0
BRIST1D,ElasticNet,insulin_sd,181,50,2.546961325966851,50,1.0
BRIST1D,ElasticNet,cals_mean,177,50,2.9604519774011298,50,1.0
BRIST1D,ElasticNet,hr_mean,191,50,3.2041884816753927,50,1.0
BRIST1D,ElasticNet,dist_mean,153,50,3.6862745098039214,50,1.0
BRIST1D,ElasticNet,hr_sd,114,48,5.307017543859649,50,0.96
BRIST1D,ElasticNet,steps_sd,78,43,8.397435897435898,50,0.86
BRIST1D,ElasticNet,carbs_mean,73,42,6.945205479452055,50,0.84
BRIST1D,ElasticNet,carbs_sd,75,41,7.346666666666667,50,0.82
BRIST1D,ElasticNet,cals_sd,74,41,9.283783783783784,50,0.82
BRIST1D,ElasticNet,dist_sd,34,27,9.705882352941176,50,0.54
BRIST1D,LLSS,dist_mean,217,50,1.9723502304147464,50,1.0
BRIST1D,LLSS,steps_mean,173,50,2.8497109826589595,50,1.0
BRIST1D,LLSS,dist_sd,151,50,2.880794701986755,50,1.0
BRIST1D,LLSS,insulin_mean,116,50,3.6724137931034484,50,1.0
BRIST1D,LLSS,hr_mean,134,49,2.8134328358208953,50,0.98
BRIST1D,LLSS,steps_sd,142,49,3.683098591549296,50,0.98
BRIST1D,LLSS,cals_mean,70,42,4.542857142857143,50,0.84
BRIST1D,LLSS,hr_sd,73,41,4.616438356164384,50,0.82
BRIST1D,LLSS,carbs_sd,44,35,5.840909090909091,50,0.7
BRIST1D,LLSS,insulin_sd,44,31,8.5,50,0.62
BRIST1D,LLSS,cals_sd,17,17,8.941176470588236,50,0.34
BRIST1D,LLSS,carbs_mean,14,11,9.642857142857142,50,0.22
BRIST1D,Lasso,insulin_mean,241,50,1.6639004149377594,50,1.0
BRIST1D,Lasso,cals_mean,204,50,2.6029411764705883,50,1.0
BRIST1D,Lasso,hr_mean,201,50,2.890547263681592,50,1.0
BRIST1D,Lasso,insulin_sd,157,50,3.1337579617834397,50,1.0
BRIST1D,Lasso,dist_mean,162,50,3.7962962962962963,50,1.0
BRIST1D,Lasso,hr_sd,120,47,5.216666666666667,50,0.94
BRIST1D,Lasso,cals_sd,86,45,8.593023255813954,50,0.9
BRIST1D,Lasso,steps_sd,86,45,9.081395348837209,50,0.9
BRIST1D,Lasso,carbs_sd,80,44,6.3,50,0.88
BRIST1D,Lasso,carbs_mean,64,39,6.703125,50,0.78
BRIST1D,Lasso,dist_sd,45,34,9.733333333333333,50,0.68
BRIST1D,LongGroupLasso,hr_mean,213,50,1.5070422535211268,50,1.0
BRIST1D,LongGroupLasso,insulin_mean,250,50,1.948,50,1.0
BRIST1D,LongGroupLasso,dist_mean,208,50,3.4278846153846154,50,1.0
BRIST1D,LongGroupLasso,cals_mean,133,50,4.082706766917293,50,1.0
BRIST1D,LongGroupLasso,hr_sd,141,50,4.2695035460992905,50,1.0
BRIST1D,LongGroupLasso,steps_mean,129,48,4.488372093023256,50,0.96
BRIST1D,LongGroupLasso,carbs_sd,92,46,5.510869565217392,50,0.92
BRIST1D,LongGroupLasso,cals_sd,66,41,8.56060606060606,50,0.82
BRIST1D,LongGroupLasso,carbs_mean,62,40,8.5,50,0.8
BRIST1D,LongGroupLasso,insulin_sd,52,35,6.288461538461538,50,0.7
BRIST1D,LongGroupLasso,steps_sd,45,31,9.133333333333333,50,0.62
BRIST1D,LongGroupLasso,dist_sd,17,17,6.117647058823529,50,0.34
BRIST1D,MutualInfo,insulin_mean,246,50,1.2032520325203253,50,1.0
BRIST1D,MutualInfo,cals_mean,246,50,2.16260162601626,50,1.0
BRIST1D,MutualInfo,dist_mean,138,50,3.282608695652174,50,1.0
BRIST1D,MutualInfo,carbs_mean,163,50,3.331288343558282,50,1.0
BRIST1D,MutualInfo,insulin_sd,114,49,4.605263157894737,50,0.98
BRIST1D,MutualInfo,steps_mean,73,44,6.3561643835616435,50,0.88
BRIST1D,MutualInfo,steps_sd,68,43,6.955882352941177,50,0.86
BRIST1D,MutualInfo,hr_mean,63,42,6.444444444444445,50,0.84
BRIST1D,MutualInfo,carbs_sd,58,39,7.551724137931035,50,0.78
BRIST1D,MutualInfo,hr_sd,50,36,9.02,50,0.72
BRIST1D,MutualInfo,cals_sd,42,32,8.261904761904763,50,0.64
BRIST1D,MutualInfo,dist_sd,2,2,9.0,50,0.04
BRIST1D,OutcomeSNN-FS,insulin_mean,225,50,1.8266666666666667,50,1.0
BRIST1D,OutcomeSNN-FS,cals_mean,200,50,2.165,50,1.0
BRIST1D,OutcomeSNN-FS,dist_mean,155,50,3.270967741935484,50,1.0
BRIST1D,OutcomeSNN-FS,insulin_sd,130,50,3.4,50,1.0
BRIST1D,OutcomeSNN-FS,hr_mean,156,50,3.5705128205128207,50,1.0
BRIST1D,OutcomeSNN-FS,steps_sd,131,50,5.282442748091603,50,1.0
BRIST1D,OutcomeSNN-FS,carbs_sd,76,47,5.407894736842105,50,0.94
BRIST1D,OutcomeSNN-FS,hr_sd,85,46,6.317647058823529,50,0.92
BRIST1D,OutcomeSNN-FS,cals_sd,74,46,8.067567567567568,50,0.92
BRIST1D,OutcomeSNN-FS,dist_sd,55,42,7.327272727272727,50,0.84
BRIST1D,OutcomeSNN-FS,carbs_mean,59,40,6.8474576271186445,50,0.8
BRIST1D,OutcomeSNN-FS,steps_mean,4,4,7.75,50,0.08
BRIST1D,PGEE,insulin_mean,250,50,1.004,50,1.0
BRIST1D,PGEE,insulin_sd,235,50,2.157446808510638,50,1.0
BRIST1D,PGEE,steps_sd,167,50,3.395209580838323,50,1.0
BRIST1D,PGEE,steps_mean,110,50,4.027272727272727,50,1.0
BRIST1D,PGEE,dist_mean,133,49,3.3157894736842106,50,0.98
BRIST1D,PGEE,dist_sd,74,45,4.5,50,0.9
BRIST1D,PGEE,carbs_mean,37,30,7.783783783783784,50,0.6
BRIST1D,PGEE,carbs_sd,37,29,7.621621621621622,50,0.58
BRIST1D,PGEE,cals_mean,34,25,7.294117647058823,50,0.5
BRIST1D,PGEE,cals_sd,25,23,8.4,50,0.46
BRIST1D,PGEE,hr_mean,10,10,9.3,50,0.2
BRIST1D,PGEE,hr_sd,12,10,9.583333333333334,50,0.2
BRIST1D,RandomForest,insulin_mean,250,50,1.264,50,1.0
BRIST1D,RandomForest,cals_mean,236,50,1.9406779661016949,50,1.0
BRIST1D,RandomForest,insulin_sd,216,50,2.9537037037037037,50,1.0
BRIST1D,RandomForest,carbs_mean,117,50,4.700854700854701,50,1.0
BRIST1D,RandomForest,hr_mean,112,49,3.9642857142857144,50,0.98
BRIST1D,RandomForest,dist_mean,97,49,5.742268041237113,50,0.98
BRIST1D,RandomForest,cals_sd,79,48,7.253164556962025,50,0.96
BRIST1D,RandomForest,steps_mean,81,46,7.790123456790123,50,0.92
BRIST1D,RandomForest,carbs_sd,57,42,6.894736842105263,50,0.84
BRIST1D,RandomForest,steps_sd,48,38,9.4375,50,0.76
BRIST1D,RandomForest,hr_sd,37,31,9.45945945945946,50,0.62
BRIST1D,RandomForest,dist_sd,24,24,9.166666666666666,50,0.48
BRIST1D,SNN-FS,insulin_mean,248,50,1.4798387096774193,50,1.0
BRIST1D,SNN-FS,insulin_sd,179,50,2.625698324022346,50,1.0
BRIST1D,SNN-FS,hr_mean,202,50,2.8514851485148514,50,1.0
BRIST1D,SNN-FS,cals_mean,171,50,3.3391812865497075,50,1.0
BRIST1D,SNN-FS,dist_mean,144,50,3.8402777777777777,50,1.0
BRIST1D,SNN-FS,hr_sd,108,46,5.555555555555555,50,0.92
BRIST1D,SNN-FS,steps_sd,92,45,8.423913043478262,50,0.9
BRIST1D,SNN-FS,carbs_sd,74,44,6.527027027027027,50,0.88
BRIST1D,SNN-FS,cals_sd,84,44,8.392857142857142,50,0.88
BRIST1D,SNN-FS,carbs_mean,50,38,6.42,50,0.76
BRIST1D,SNN-FS,dist_sd,71,37,8.450704225352112,50,0.74
BRIST1D,SNN-FS,steps_mean,2,2,2.0,50,0.04
BRIST1D,StabilitySelection,hr_sd,227,50,1.8458149779735682,50,1.0
BRIST1D,StabilitySelection,insulin_mean,192,50,2.4895833333333335,50,1.0
BRIST1D,StabilitySelection,hr_mean,165,50,3.0,50,1.0
BRIST1D,StabilitySelection,cals_mean,179,50,3.089385474860335,50,1.0
BRIST1D,StabilitySelection,dist_mean,116,49,3.5344827586206895,50,0.98
BRIST1D,StabilitySelection,carbs_mean,100,48,5.67,50,0.96
BRIST1D,StabilitySelection,carbs_sd,103,47,4.533980582524272,50,0.94
BRIST1D,StabilitySelection,insulin_sd,85,47,5.729411764705882,50,0.94
BRIST1D,StabilitySelection,cals_sd,64,44,9.265625,50,0.88
BRIST1D,StabilitySelection,steps_sd,54,39,9.537037037037036,50,0.78
BRIST1D,StabilitySelection,dist_sd,12,12,9.583333333333334,50,0.24
BRIST1D,Stabl-RP,cals_mean,179,50,2.189944134078212,50,1.0
BRIST1D,Stabl-RP,insulin_mean,172,50,2.5406976744186047,50,1.0
BRIST1D,Stabl-RP,insulin_sd,164,50,2.926829268292683,50,1.0
BRIST1D,Stabl-RP,hr_mean,124,50,3.1693548387096775,50,1.0
BRIST1D,Stabl-RP,dist_mean,139,50,3.3741007194244603,50,1.0
BRIST1D,Stabl-RP,carbs_mean,113,49,4.3097345132743365,50,0.98
BRIST1D,Stabl-RP,steps_mean,103,48,4.631067961165049,50,0.96
BRIST1D,Stabl-RP,dist_sd,66,43,6.5606060606060606,50,0.86
BRIST1D,Stabl-RP,carbs_sd,57,41,4.7894736842105265,50,0.82
BRIST1D,Stabl-RP,steps_sd,49,37,6.8979591836734695,50,0.74
BRIST1D,Stabl-RP,cals_sd,44,36,6.363636363636363,50,0.72
BRIST1D,Stabl-RP,hr_sd,17,16,8.823529411764707,50,0.32
BRIST1D,geeVerse,insulin_mean,250,50,1.0,50,1.0
BRIST1D,geeVerse,insulin_sd,250,50,2.008,50,1.0
BRIST1D,geeVerse,carbs_mean,153,50,3.496732026143791,50,1.0
BRIST1D,geeVerse,carbs_sd,149,50,3.597315436241611,50,1.0
BRIST1D,geeVerse,cals_sd,121,49,4.471074380165289,50,0.98
BRIST1D,geeVerse,steps_sd,78,46,7.051282051282051,50,0.92
BRIST1D,geeVerse,hr_sd,72,44,6.569444444444445,50,0.88
BRIST1D,geeVerse,cals_mean,68,42,7.014705882352941,50,0.84
BRIST1D,geeVerse,dist_sd,56,41,9.017857142857142,50,0.82
BRIST1D,geeVerse,steps_mean,54,37,7.962962962962963,50,0.74
BRIST1D,geeVerse,hr_mean,41,31,6.878048780487805,50,0.62
BRIST1D,geeVerse,dist_mean,18,14,7.166666666666667,50,0.28
BRIST1D,glmmLasso,insulin_mean,245,50,1.0816326530612246,50,1.0
BRIST1D,glmmLasso,insulin_sd,195,50,2.41025641025641,50,1.0
BRIST1D,glmmLasso,cals_mean,202,50,2.891089108910891,50,1.0
BRIST1D,glmmLasso,dist_mean,160,50,3.75,50,1.0
BRIST1D,glmmLasso,hr_mean,119,48,4.991596638655462,50,0.96
BRIST1D,glmmLasso,carbs_mean,97,48,5.969072164948454,50,0.96
BRIST1D,glmmLasso,carbs_sd,103,47,5.621359223300971,50,0.94
BRIST1D,glmmLasso,hr_sd,82,44,6.414634146341464,50,0.88
BRIST1D,glmmLasso,steps_mean,70,42,7.6571428571428575,50,0.84
BRIST1D,glmmLasso,steps_sd,51,37,7.0,50,0.74
BRIST1D,glmmLasso,dist_sd,49,36,8.612244897959183,50,0.72
BRIST1D,glmmLasso,cals_sd,51,33,8.941176470588236,50,0.66
BRIST1D,mRMR,dist_mean,240,50,1.8916666666666666,50,1.0
BRIST1D,mRMR,cals_mean,220,50,2.2454545454545456,50,1.0
BRIST1D,mRMR,hr_mean,166,50,3.036144578313253,50,1.0
BRIST1D,mRMR,insulin_mean,154,50,3.1948051948051948,50,1.0
BRIST1D,mRMR,steps_mean,125,50,4.464,50,1.0
BRIST1D,mRMR,carbs_sd,112,48,4.866071428571429,50,0.96
BRIST1D,mRMR,dist_sd,79,47,6.037974683544304,50,0.94
BRIST1D,mRMR,steps_sd,74,42,6.013513513513513,50,0.84
BRIST1D,mRMR,carbs_mean,60,40,7.716666666666667,50,0.8
BRIST1D,mRMR,hr_sd,44,36,7.75,50,0.72
BRIST1D,mRMR,insulin_sd,37,27,6.864864864864865,50,0.54
BRIST1D,mRMR,cals_sd,19,16,8.842105263157896,50,0.32
FPG,Boruta,Urinary_sugar,250,50,1.0,50,1.0
FPG,Boruta,HbA1c_NGSP,250,50,2.0,50,1.0
FPG,Boruta,Cl,240,50,3.6333333333333333,50,1.0
FPG,Boruta,Urinary_protein,232,50,3.7586206896551726,50,1.0
FPG,Boruta,age,215,50,5.283720930232558,50,1.0
FPG,Boruta,Hemoglobin,158,50,7.132911392405063,50,1.0
FPG,Boruta,Triglyceride,131,50,7.396946564885496,50,1.0
FPG,Boruta,Drinking_habit,120,50,7.866666666666666,50,1.0
FPG,Boruta,Na,163,49,6.877300613496932,50,0.98
FPG,Boruta,eGFR,97,47,8.030927835051546,50,0.94
FPG,Boruta,γ_GTP,75,40,8.386666666666667,50,0.8
FPG,Boruta,Red_blood_cell,33,29,8.818181818181818,50,0.58
FPG,Boruta,LDL_C,31,26,8.612903225806452,50,0.52
FPG,Boruta,Smoking_habit,28,25,9.0,50,0.5
FPG,Boruta,Initial_body_height,18,16,9.222222222222221,50,0.32
FPG,Boruta,History_of_hypertension,13,13,9.76923076923077,50,0.26
FPG,Boruta,Allocation_group,12,12,9.0,50,0.24
FPG,Boruta,Body_weight,9,9,9.222222222222221,50,0.18
FPG,Boruta,Hematocrit,2,2,9.0,50,0.04
FPG,Boruta,History_of_dyslipidemia,1,1,10.0,50,0.02
FPG,ElasticNet,HbA1c_NGSP,250,50,1.0,50,1.0
FPG,ElasticNet,Urinary_sugar,250,50,2.048,50,1.0
FPG,ElasticNet,AST,236,50,4.080508474576271,50,1.0
FPG,ElasticNet,Hemoglobin,223,50,4.197309417040358,50,1.0
FPG,ElasticNet,Cl,213,50,4.981220657276995,50,1.0
FPG,ElasticNet,Platele,185,50,6.789189189189189,50,1.0
FPG,ElasticNet,Body_weight,170,50,7.029411764705882,50,1.0
FPG,ElasticNet,γ_GTP,166,50,7.608433734939759,50,1.0
FPG,ElasticNet,Red_blood_cell,72,47,8.11111111111111,50,0.94
FPG,ElasticNet,Hematocrit,56,46,5.964285714285714,50,0.92
FPG,ElasticNet,Creatinine,75,46,7.64,50,0.92
FPG,ElasticNet,Triglyceride,84,46,8.583333333333334,50,0.92
FPG,ElasticNet,BMI,60,41,8.583333333333334,50,0.82
FPG,ElasticNet,Initial_body_height,56,39,8.571428571428571,50,0.78
FPG,ElasticNet,age,17,16,9.470588235294118,50,0.32
FPG,ElasticNet,sex,15,14,8.333333333333334,50,0.28
FPG,ElasticNet,eGFR,10,10,9.0,50,0.2
FPG,ElasticNet,Drinking_habit,9,8,9.555555555555555,50,0.16
FPG,ElasticNet,ALT,5,5,9.4,50,0.1
FPG,ElasticNet,Na,4,4,9.25,50,0.08
FPG,ElasticNet,Uric_acid,1,1,9.0,50,0.02
FPG,ElasticNet,HDL_C,1,1,10.0,50,0.02
FPG,ElasticNet,History_of_retinopathy,1,1,10.0,50,0.02
FPG,LLSS,HbA1c_NGSP,250,50,1.0,50,1.0
FPG,LLSS,Urinary_sugar,250,50,2.0,50,1.0
FPG,LLSS,Cl,247,50,3.9109311740890687,50,1.0
FPG,LLSS,age,242,50,4.355371900826446,50,1.0
FPG,LLSS,Triglyceride,229,50,5.393013100436681,50,1.0
FPG,LLSS,Urinary_protein,215,50,5.776744186046511,50,1.0
FPG,LLSS,Hemoglobin,214,50,7.313084112149533,50,1.0
FPG,LLSS,γ_GTP,172,50,7.540697674418604,50,1.0
FPG,LLSS,Na,171,50,7.9298245614035086,50,1.0
FPG,LLSS,Red_blood_cell,129,50,8.806201550387597,50,1.0
FPG,LLSS,eGFR,107,49,8.570093457943925,50,0.98
FPG,LLSS,Body_weight,69,44,8.53623188405797,50,0.88
FPG,LLSS,Hematocrit,19,18,9.578947368421053,50,0.36
FPG,LLSS,Initial_body_height,12,11,9.25,50,0.22
FPG,LLSS,Drinking_habit,3,3,10.0,50,0.06
FPG,LLSS,Pulse_rate,3,2,9.333333333333334,50,0.04
FPG,LLSS,Diastolic_blood_pressure,1,1,10.0,50,0.02
FPG,LLSS,History_of_kidney_disease,1,1,10.0,50,0.02
FPG,Lasso,HbA1c_NGSP,250,50,1.0,50,1.0
FPG,Lasso,Urinary_sugar,250,50,2.176,50,1.0
FPG,Lasso,Body_weight,231,50,4.268398268398268,50,1.0
FPG,Lasso,Hemoglobin,224,50,4.90625,50,1.0
FPG,Lasso,AST,224,50,5.464285714285714,50,1.0
FPG,Lasso,BMI,168,50,6.779761904761905,50,1.0
FPG,Lasso,Cl,205,50,6.839024390243902,50,1.0
FPG,Lasso,Initial_body_height,133,50,7.443609022556391,50,1.0
FPG,Lasso,Platele,133,50,7.984962406015038,50,1.0
FPG,Lasso,γ_GTP,109,50,8.880733944954128,50,1.0
FPG,Lasso,Creatinine,122,49,5.967213114754099,50,0.98
FPG,Lasso,Hematocrit,58,48,5.758620689655173,50,0.96
FPG,Lasso,eGFR,61,41,7.245901639344262,50,0.82
FPG,Lasso,Red_blood_cell,44,34,8.340909090909092,50,0.68
FPG,Lasso,Triglyceride,27,26,8.74074074074074,50,0.52
FPG,Lasso,sex,19,17,7.894736842105263,50,0.34
FPG,Lasso,age,3,3,8.666666666666666,50,0.06
FPG,Lasso,ALT,3,3,10.0,50,0.06
FPG,Lasso,Drinking_habit,2,2,10.0,50,0.04
FPG,LongGroupLasso,HbA1c_NGSP,250,50,1.0,50,1.0
FPG,LongGroupLasso,Urinary_sugar,250,50,2.0,50,1.0
FPG,LongGroupLasso,Cl,247,50,3.145748987854251,50,1.0
FPG,LongGroupLasso,γ_GTP,219,50,3.958904109589041,50,1.0
FPG,LongGroupLasso,Na,163,50,5.245398773006135,50,1.0
FPG,LongGroupLasso,Hemoglobin,112,47,5.669642857142857,50,0.94
FPG,LongGroupLasso,Triglyceride,80,44,6.7375,50,0.88
FPG,LongGroupLasso,age,64,42,7.25,50,0.84
FPG,LongGroupLasso,sex,44,31,9.409090909090908,50,0.62
FPG,LongGroupLasso,Drinking_habit,34,28,7.852941176470588,50,0.56
FPG,LongGroupLasso,Platele,24,22,8.708333333333334,50,0.44
FPG,LongGroupLasso,Urinary_protein,23,22,9.130434782608695,50,0.44
FPG,LongGroupLasso,eGFR,22,19,9.818181818181818,50,0.38
FPG,LongGroupLasso,Initial_body_height,8,8,7.625,50,0.16
FPG,LongGroupLasso,History_of_retinopathy,3,3,9.333333333333334,50,0.06
FPG,LongGroupLasso,History_of_kidney_disease,2,2,8.0,50,0.04
FPG,LongGroupLasso,Pulse_rate,2,2,8.5,50,0.04
FPG,LongGroupLasso,Smoking_habit,2,2,9.5,50,0.04
FPG,LongGroupLasso,Allocation_group,1,1,9.0,50,0.02
FPG,LongGroupLasso,History_of_atrial_fibrillation,1,1,9.0,50,0.02
FPG,LongGroupLasso,LDL_C,1,1,9.0,50,0.02
FPG,LongGroupLasso,Red_blood_cell,1,1,9.0,50,0.02
FPG,LongGroupLasso,BUN,1,1,10.0,50,0.02
FPG,LongGroupLasso,Duration_of_T2DM,1,1,10.0,50,0.02
FPG,MutualInfo,HbA1c_NGSP,250,50,1.0,50,1.0
FPG,MutualInfo,Urinary_sugar,250,50,2.0,50,1.0
FPG,MutualInfo,age,248,50,3.161290322580645,50,1.0
FPG,MutualInfo,Initial_body_height,208,50,4.793269230769231,50,1.0
FPG,MutualInfo,Cl,186,50,5.483870967741935,50,1.0
FPG,MutualInfo,Hematocrit,112,50,7.142857142857143,50,1.0
FPG,MutualInfo,Body_weight,106,50,7.632075471698113,50,1.0
FPG,MutualInfo,γ_GTP,128,49,6.71875,50,0.98
FPG,MutualInfo,Na,93,48,7.086021505376344,50,0.96
FPG,MutualInfo,Duration_of_T2DM,86,45,7.209302325581396,50,0.9
FPG,MutualInfo,White_blood_cell,70,42,7.785714285714286,50,0.84
FPG,MutualInfo,BMI,51,36,7.803921568627451,50,0.72
FPG,MutualInfo,eGFR,43,33,7.906976744186046,50,0.66
FPG,MutualInfo,Urinary_protein,39,31,8.435897435897436,50,0.62
FPG,MutualInfo,Pulse_rate,34,28,7.529411764705882,50,0.56
FPG,MutualInfo,Drinking_habit,40,28,7.875,50,0.56
FPG,MutualInfo,Red_blood_cell,32,26,7.46875,50,0.52
FPG,MutualInfo,AST,19,17,8.052631578947368,50,0.34
FPG,MutualInfo,Hemoglobin,15,13,8.266666666666667,50,0.26
FPG,MutualInfo,Creatinine,12,12,8.0,50,0.24
FPG,MutualInfo,ALT,9,9,7.777777777777778,50,0.18
FPG,MutualInfo,Uric_acid,9,8,8.555555555555555,50,0.16
FPG,MutualInfo,Diastolic_blood_pressure,6,6,8.666666666666666,50,0.12
FPG,MutualInfo,Smoking_habit,5,5,8.0,50,0.1
FPG,MutualInfo,History_of_complications,6,5,8.166666666666666,50,0.1
FPG,MutualInfo,HDL_C,5,5,8.6,50,0.1
FPG,MutualInfo,History_of_kidney_disease,3,3,8.0,50,0.06
FPG,MutualInfo,History_of_arteriosclerosis_obliterans,3,3,8.333333333333334,50,0.06
FPG,MutualInfo,History_of_heart_failure,3,3,9.0,50,0.06
FPG,MutualInfo,History_of_retinopathy,2,2,8.5,50,0.04
FPG,MutualInfo,Allocation_group,2,2,9.0,50,0.04
FPG,MutualInfo,sex,2,2,9.5,50,0.04
FPG,MutualInfo,History_of_dyslipidemia,1,1,6.0,50,0.02
FPG,MutualInfo,LDL_C,1,1,7.0,50,0.02
FPG,MutualInfo,K,1,1,9.0,50,0.02
FPG,MutualInfo,History_of_cerebral_infarction,1,1,10.0,50,0.02
FPG,OutcomeSNN-FS,HbA1c_NGSP,250,50,1.0,50,1.0
FPG,OutcomeSNN-FS,Urinary_sugar,250,50,2.124,50,1.0
FPG,OutcomeSNN-FS,Hemoglobin,243,50,3.3333333333333335,50,1.0
FPG,OutcomeSNN-FS,Cl,216,50,4.796296296296297,50,1.0
FPG,OutcomeSNN-FS,AST,205,50,5.717073170731707,50,1.0
FPG,OutcomeSNN-FS,Platele,194,50,6.185567010309279,50,1.0
FPG,OutcomeSNN-FS,Body_weight,172,50,6.645348837209302,50,1.0
FPG,OutcomeSNN-FS,sex,142,50,7.528169014084507,50,1.0
FPG,OutcomeSNN-FS,BMI,131,50,7.709923664122138,50,1.0
FPG,OutcomeSNN-FS,Hematocrit,63,48,6.174603174603175,50,0.96
FPG,OutcomeSNN-FS,γ_GTP,101,48,8.603960396039604,50,0.96
FPG,OutcomeSNN-FS,Red_blood_cell,36,31,8.61111111111111,50,0.62
FPG,OutcomeSNN-FS,Triglyceride,27,23,9.148148148148149,50,0.46
FPG,OutcomeSNN-FS,ALT,24,22,8.583333333333334,50,0.44
FPG,OutcomeSNN-FS,Drinking_habit,24,22,9.291666666666666,50,0.44
FPG,OutcomeSNN-FS,Creatinine,22,18,8.272727272727273,50,0.36
FPG,OutcomeSNN-FS,eGFR,10,10,8.3,50,0.2
FPG,OutcomeSNN-FS,Uric_acid,8,8,9.625,50,0.16
FPG,OutcomeSNN-FS,Duration_of_T2DM,7,6,8.571428571428571,50,0.12
FPG,OutcomeSNN-FS,History_of_retinopathy,6,6,8.833333333333334,50,0.12
FPG,OutcomeSNN-FS,age,5,5,9.4,50,0.1
FPG,OutcomeSNN-FS,History_of_dyslipidemia,5,5,10.0,50,0.1
FPG,OutcomeSNN-FS,Diastolic_blood_pressure,4,4,9.5,50,0.08
FPG,OutcomeSNN-FS,History_of_kidney_disease,4,4,10.0,50,0.08
FPG,OutcomeSNN-FS,Pulse_rate,3,3,10.0,50,0.06
FPG,OutcomeSNN-FS,Systolic_blood_pressure,1,1,9.0,50,0.02
FPG,OutcomeSNN-FS,History_of_hypertension,1,1,10.0,50,0.02
FPG,OutcomeSNN-FS,Initial_body_height,1,1,10.0,50,0.02
FPG,OutcomeSNN-FS,K,1,1,10.0,50,0.02
FPG,OutcomeSNN-FS,Na,1,1,10.0,50,0.02
FPG,PGEE,HbA1c_NGSP,250,50,1.0,50,1.0
FPG,PGEE,Urinary_sugar,250,50,2.196,50,1.0
FPG,PGEE,Hemoglobin,247,50,2.8906882591093117,50,1.0
FPG,PGEE,Red_blood_cell,206,50,5.218446601941747,50,1.0
FPG,PGEE,Cl,204,50,5.485294117647059,50,1.0
FPG,PGEE,Hematocrit,95,49,6.189473684210526,50,0.98
FPG,PGEE,Na,116,49,7.922413793103448,50,0.98
FPG,PGEE,Drinking_habit,120,48,7.758333333333334,50,0.96
FPG,PGEE,Triglyceride,111,48,8.018018018018019,50,0.96
FPG,PGEE,Body_weight,75,46,4.72,50,0.92
FPG,PGEE,Initial_body_height,93,46,6.752688172043011,50,0.92
FPG,PGEE,age,86,46,8.348837209302326,50,0.92
FPG,PGEE,BMI,54,37,5.962962962962963,50,0.74
FPG,PGEE,Pulse_rate,30,26,8.966666666666667,50,0.52
FPG,PGEE,Urinary_protein,24,21,9.208333333333334,50,0.42
FPG,PGEE,sex,15,14,9.066666666666666,50,0.28
FPG,PGEE,History_of_kidney_disease,12,12,9.0,50,0.24
FPG,PGEE,ALT,8,8,9.375,50,0.16
FPG,PGEE,History_of_liver_disease,1,1,8.0,50,0.02
FPG,PGEE,γ_GTP,2,1,9.0,50,0.02
FPG,PGEE,LDL_C,1,1,10.0,50,0.02
FPG,PGEE,White_blood_cell,1,1,10.0,50,0.02
FPG,RandomForest,Urinary_sugar,250,50,1.0,50,1.0
FPG,RandomForest,HbA1c_NGSP,250,50,2.0,50,1.0
FPG,RandomForest,Cl,244,50,3.3401639344262297,50,1.0
FPG,RandomForest,Urinary_protein,220,50,4.204545454545454,50,1.0
FPG,RandomForest,age,213,50,4.7981220657277,50,1.0
FPG,RandomForest,Na,152,50,6.644736842105263,50,1.0
FPG,RandomForest,Hemoglobin,156,50,6.717948717948718,50,1.0
FPG,RandomForest,Triglyceride,96,50,7.3125,50,1.0
FPG,RandomForest,eGFR,65,44,8.384615384615385,50,0.88
FPG,RandomForest,γ_GTP,66,41,8.378787878787879,50,0.82
FPG,RandomForest,Allocation_group,62,41,9.161290322580646,50,0.82
FPG,RandomForest,Drinking_habit,51,38,8.196078431372548,50,0.76
FPG,RandomForest,Initial_body_height,45,30,9.022222222222222,50,0.6
FPG,RandomForest,Red_blood_cell,30,26,9.033333333333333,50,0.52
FPG,RandomForest,LDL_C,24,24,8.458333333333334,50,0.48
FPG,RandomForest,Smoking_habit,17,17,8.882352941176471,50,0.34
FPG,RandomForest,Body_weight,7,7,9.428571428571429,50,0.14
FPG,RandomForest,History_of_hypertension,5,5,9.2,50,0.1
FPG,RandomForest,Hematocrit,1,1,9.0,50,0.02
FPG,SNN-FS,HbA1c_NGSP,250,50,1.0,50,1.0
FPG,SNN-FS,Urinary_sugar,250,50,2.084,50,1.0
FPG,SNN-FS,Hemoglobin,222,50,4.328828828828829,50,1.0
FPG,SNN-FS,Cl,209,50,4.7894736842105265,50,1.0
FPG,SNN-FS,AST,209,50,5.138755980861244,50,1.0
FPG,SNN-FS,Platele,199,50,5.8542713567839195,50,1.0
FPG,SNN-FS,Body_weight,166,50,6.13855421686747,50,1.0
FPG,SNN-FS,BMI,125,50,7.784,50,1.0
FPG,SNN-FS,Triglyceride,96,45,8.677083333333334,50,0.9
FPG,SNN-FS,Hematocrit,51,44,5.882352941176471,50,0.88
FPG,SNN-FS,Creatinine,68,43,7.794117647058823,50,0.86
FPG,SNN-FS,Red_blood_cell,73,42,8.342465753424657,50,0.84
FPG,SNN-FS,sex,53,39,7.981132075471698,50,0.78
FPG,SNN-FS,γ_GTP,36,31,9.083333333333334,50,0.62
FPG,SNN-FS,eGFR,25,20,7.88,50,0.4
FPG,SNN-FS,ALT,14,13,9.214285714285714,50,0.26
FPG,SNN-FS,Initial_body_height,13,11,9.384615384615385,50,0.22
FPG,SNN-FS,Drinking_habit,8,8,9.625,50,0.16
FPG,SNN-FS,age,7,7,8.857142857142858,50,0.14
FPG,SNN-FS,K,5,5,9.6,50,0.1
FPG,SNN-FS,Uric_acid,4,4,9.0,50,0.08
FPG,SNN-FS,History_of_kidney_disease,1,1,9.0,50,0.02
FPG,SNN-FS,HDL_C,1,1,10.0,50,0.02
FPG,SNN-FS,History_of_retinopathy,1,1,10.0,50,0.02
FPG,SNN-FS,Na,1,1,10.0,50,0.02
FPG,SNN-FS,Urinary_protein,1,1,10.0,50,0.02
FPG,StabilitySelection,γ_GTP,245,50,1.0,50,1.0
FPG,StabilitySelection,age,137,50,2.2481751824817517,50,1.0
FPG,StabilitySelection,Urinary_sugar,249,50,3.2248995983935744,50,1.0
FPG,StabilitySelection,Urinary_protein,144,50,4.256944444444445,50,1.0
FPG,StabilitySelection,Uric_acid,174,50,4.816091954022989,50,1.0
FPG,StabilitySelection,Triglyceride,205,50,5.46829268292683,50,1.0
FPG,StabilitySelection,Pulse_rate,159,50,7.849056603773585,50,1.0
FPG,StabilitySelection,Platele,173,50,8.335260115606937,50,1.0
FPG,StabilitySelection,Red_blood_cell,134,49,7.1940298507462686,50,0.98
FPG,StabilitySelection,Smoking_habit,95,47,6.831578947368421,50,0.94
FPG,StabilitySelection,Na,100,44,8.97,50,0.88
FPG,StabilitySelection,White_blood_cell,96,43,2.8541666666666665,50,0.86
FPG,StabilitySelection,Systolic_blood_pressure,73,41,6.383561643835616,50,0.82
FPG,StabilitySelection,LDL_C,64,41,9.125,50,0.82
FPG,StabilitySelection,K,70,41,9.3,50,0.82
FPG,StabilitySelection,sex,65,40,1.9846153846153847,50,0.8
FPG,StabilitySelection,History_of_retinopathy,17,16,9.529411764705882,50,0.32
FPG,StabilitySelection,eGFR,14,13,2.2857142857142856,50,0.26
FPG,StabilitySelection,Initial_body_height,15,13,9.533333333333333,50,0.26
FPG,StabilitySelection,History_of_myocardial_infarction,8,8,9.625,50,0.16
FPG,StabilitySelection,History_of_liver_disease,8,7,9.875,50,0.14
FPG,StabilitySelection,History_of_kidney_disease,3,3,9.666666666666666,50,0.06
FPG,StabilitySelection,History_of_hyperuricemia,2,2,10.0,50,0.04
FPG,StabilitySelection,History_of_heart_failure,1,1,10.0,50,0.02
FPG,StabilitySelection,History_of_hypertension,1,1,10.0,50,0.02
FPG,Stabl-RP,HbA1c_NGSP,250,50,1.0,50,1.0
FPG,Stabl-RP,Urinary_sugar,250,50,2.0,50,1.0
FPG,Stabl-RP,Cl,248,50,3.2903225806451615,50,1.0
FPG,Stabl-RP,age,229,50,5.25764192139738,50,1.0
FPG,Stabl-RP,Triglyceride,219,50,5.894977168949771,50,1.0
FPG,Stabl-RP,γ_GTP,216,50,6.347222222222222,50,1.0
FPG,Stabl-RP,Urinary_protein,202,50,6.3861386138613865,50,1.0
FPG,Stabl-RP,Na,208,50,6.836538461538462,50,1.0
FPG,Stabl-RP,Hemoglobin,208,50,7.326923076923077,50,1.0
FPG,Stabl-RP,Red_blood_cell,129,50,9.426356589147288,50,1.0
FPG,Stabl-RP,eGFR,43,32,9.674418604651162,50,0.64
FPG,Stabl-RP,Body_weight,37,28,9.486486486486486,50,0.56
FPG,Stabl-RP,Hematocrit,22,22,9.454545454545455,50,0.44
FPG,Stabl-RP,Initial_body_height,12,12,9.833333333333334,50,0.24
FPG,Stabl-RP,Pulse_rate,7,7,9.857142857142858,50,0.14
FPG,Stabl-RP,Drinking_habit,6,6,10.0,50,0.12
FPG,Stabl-RP,LDL_C,5,5,9.6,50,0.1
FPG,Stabl-RP,ALT,2,2,9.5,50,0.04
FPG,Stabl-RP,Diastolic_blood_pressure,2,2,9.5,50,0.04
FPG,Stabl-RP,History_of_kidney_disease,1,1,10.0,50,0.02
FPG,geeVerse,HbA1c_NGSP,166,50,4.433734939759036,50,1.0
FPG,geeVerse,Hemoglobin,185,50,4.524324324324325,50,1.0
FPG,geeVerse,Urinary_sugar,165,50,5.296969696969697,50,1.0
FPG,geeVerse,Cl,134,50,5.559701492537314,50,1.0
FPG,geeVerse,sex,142,50,6.253521126760563,50,1.0
FPG,geeVerse,Hematocrit,127,49,4.47244094488189,50,0.98
FPG,geeVerse,γ_GTP,163,49,5.607361963190184,50,0.98
FPG,geeVerse,eGFR,136,49,5.882352941176471,50,0.98
FPG,geeVerse,Red_blood_cell,114,48,5.052631578947368,50,0.96
FPG,geeVerse,BMI,108,48,5.361111111111111,50,0.96
FPG,geeVerse,Initial_body_height,102,47,5.176470588235294,50,0.94
FPG,geeVerse,Body_weight,107,47,5.747663551401869,50,0.94
FPG,geeVerse,Creatinine,97,46,4.577319587628866,50,0.92
FPG,geeVerse,AST,69,43,5.159420289855072,50,0.86
FPG,geeVerse,ALT,53,36,5.113207547169812,50,0.72
FPG,geeVerse,age,67,36,7.298507462686567,50,0.72
FPG,geeVerse,Drinking_habit,42,34,5.428571428571429,50,0.68
FPG,geeVerse,Uric_acid,50,32,6.56,50,0.64
FPG,geeVerse,White_blood_cell,56,32,7.178571428571429,50,0.64
FPG,geeVerse,Pulse_rate,33,26,6.0606060606060606,50,0.52
FPG,geeVerse,History_of_retinopathy,37,25,6.135135135135135,50,0.5
FPG,geeVerse,Urinary_protein,27,23,7.814814814814815,50,0.46
FPG,geeVerse,Platele,23,22,5.043478260869565,50,0.44
FPG,geeVerse,Duration_of_T2DM,26,22,5.846153846153846,50,0.44
FPG,geeVerse,LDL_C,23,21,6.434782608695652,50,0.42
FPG,geeVerse,Triglyceride,24,19,7.458333333333333,50,0.38
FPG,geeVerse,History_of_kidney_disease,21,17,5.571428571428571,50,0.34
FPG,geeVerse,History_of_complications,19,17,5.631578947368421,50,0.34
FPG,geeVerse,HDL_C,17,16,6.764705882352941,50,0.32
FPG,geeVerse,K,15,14,5.066666666666666,50,0.28
FPG,geeVerse,Na,15,13,6.133333333333334,50,0.26
FPG,geeVerse,Diastolic_blood_pressure,16,13,6.625,50,0.26
FPG,geeVerse,History_of_hypertension,13,12,6.538461538461538,50,0.24
FPG,geeVerse,History_of_arteriosclerosis_obliterans,11,10,5.090909090909091,50,0.2
FPG,geeVerse,Systolic_blood_pressure,10,10,5.5,50,0.2
FPG,geeVerse,BUN,11,10,6.2727272727272725,50,0.2
FPG,geeVerse,History_of_cerebral_infarction,9,9,4.888888888888889,50,0.18
FPG,geeVerse,History_of_liver_disease,8,8,3.5,50,0.16
FPG,geeVerse,Allocation_group,8,7,3.875,50,0.14
FPG,geeVerse,History_of_dyslipidemia,8,7,4.5,50,0.14
FPG,geeVerse,History_of_heart_failure,6,5,6.833333333333333,50,0.1
FPG,geeVerse,Smoking_habit,6,5,8.166666666666666,50,0.1
FPG,geeVerse,History_of_hyperuricemia,2,2,8.0,50,0.04
FPG,geeVerse,History_of_angina_pectoris,1,1,1.0,50,0.02
FPG,geeVerse,History_of_myocardial_infarction,1,1,6.0,50,0.02
FPG,glmmLasso,HbA1c_NGSP,250,50,1.0,50,1.0
FPG,glmmLasso,Urinary_sugar,250,50,2.0,50,1.0
FPG,glmmLasso,Cl,250,50,3.052,50,1.0
FPG,glmmLasso,Na,195,50,4.271794871794872,50,1.0
FPG,glmmLasso,γ_GTP,175,50,5.611428571428571,50,1.0
FPG,glmmLasso,Triglyceride,154,50,6.14935064935065,50,1.0
FPG,glmmLasso,Hemoglobin,101,49,8.346534653465346,50,0.98
FPG,glmmLasso,Urinary_protein,118,48,7.279661016949152,50,0.96
FPG,glmmLasso,Drinking_habit,122,48,7.598360655737705,50,0.96
FPG,glmmLasso,age,98,47,8.040816326530612,50,0.94
FPG,glmmLasso,Pulse_rate,65,42,8.430769230769231,50,0.84
FPG,glmmLasso,History_of_kidney_disease,33,30,8.424242424242424,50,0.6
FPG,glmmLasso,eGFR,31,25,9.419354838709678,50,0.5
FPG,glmmLasso,ALT,6,6,10.0,50,0.12
FPG,glmmLasso,LDL_C,3,3,8.333333333333334,50,0.06
FPG,glmmLasso,History_of_retinopathy,2,2,7.0,50,0.04
FPG,glmmLasso,Red_blood_cell,2,2,10.0,50,0.04
FPG,glmmLasso,History_of_cerebral_infarction,1,1,10.0,50,0.02
FPG,glmmLasso,History_of_hypertension,1,1,10.0,50,0.02
FPG,mRMR,HbA1c_NGSP,250,50,1.0,50,1.0
FPG,mRMR,Urinary_sugar,250,50,2.0,50,1.0
FPG,mRMR,Cl,171,50,5.093567251461988,50,1.0
FPG,mRMR,History_of_angina_pectoris,129,48,6.131782945736434,50,0.96
FPG,mRMR,History_of_liver_disease,106,47,4.0,50,0.94
FPG,mRMR,Triglyceride,94,47,7.787234042553192,50,0.94
FPG,mRMR,Drinking_habit,80,46,6.6375,50,0.92
FPG,mRMR,Urinary_protein,70,45,8.157142857142857,50,0.9
FPG,mRMR,Pulse_rate,79,44,8.139240506329115,50,0.88
FPG,mRMR,BUN,79,43,3.4177215189873418,50,0.86
FPG,mRMR,Na,56,39,6.107142857142857,50,0.78
FPG,mRMR,Creatinine,47,38,3.5106382978723403,50,0.76
FPG,mRMR,History_of_myocardial_infarction,55,38,4.454545454545454,50,0.76
FPG,mRMR,History_of_atrial_fibrillation,63,38,8.174603174603174,50,0.76
FPG,mRMR,γ_GTP,43,35,6.069767441860465,50,0.7
FPG,mRMR,K,37,31,6.783783783783784,50,0.62
FPG,mRMR,Duration_of_T2DM,38,30,3.5526315789473686,50,0.6
FPG,mRMR,History_of_cerebral_infarction,33,27,6.181818181818182,50,0.54
FPG,mRMR,History_of_arteriosclerosis_obliterans,26,25,7.769230769230769,50,0.5
FPG,mRMR,Systolic_blood_pressure,27,24,5.814814814814815,50,0.48
FPG,mRMR,AST,27,22,3.5555555555555554,50,0.44
FPG,mRMR,History_of_dyslipidemia,21,20,6.761904761904762,50,0.4
FPG,mRMR,Hemoglobin,20,18,7.85,50,0.36
FPG,mRMR,Allocation_group,23,18,8.608695652173912,50,0.36
FPG,mRMR,age,18,17,8.88888888888889,50,0.34
FPG,mRMR,History_of_retinopathy,16,16,5.8125,50,0.32
FPG,mRMR,HDL_C,10,10,4.7,50,0.2
FPG,mRMR,History_of_hyperuricemia,12,10,9.166666666666666,50,0.2
FPG,mRMR,History_of_heart_failure,11,9,7.181818181818182,50,0.18
FPG,mRMR,History_of_complications,9,8,4.888888888888889,50,0.16
FPG,mRMR,Smoking_habit,4,4,6.75,50,0.08
FPG,mRMR,sex,4,4,8.5,50,0.08
FPG,mRMR,Initial_body_height,3,3,9.666666666666666,50,0.06
FPG,mRMR,LDL_C,3,3,9.666666666666666,50,0.06
FPG,mRMR,History_of_hypertension,3,2,5.333333333333333,50,0.04
FPG,mRMR,White_blood_cell,2,2,7.5,50,0.04
FPG,mRMR,eGFR,2,2,10.0,50,0.04
FPG,mRMR,History_of_kidney_disease,1,1,8.0,50,0.02
FPG_KARE,Boruta,Glutamate,250,50,1.492,50,1.0
FPG_KARE,Boruta,Alanine,250,50,1.532,50,1.0
FPG_KARE,Boruta,bmi,225,50,3.3866666666666667,50,1.0
FPG_KARE,Boruta,Glutamine,170,50,4.358823529411764,50,1.0
FPG_KARE,Boruta,sex,153,50,5.196078431372549,50,1.0
FPG_KARE,Boruta,Leucine,97,49,7.154639175257732,50,0.98
FPG_KARE,Boruta,Valine,113,48,6.345132743362832,50,0.96
FPG_KARE,Boruta,Glycine,78,45,7.217948717948718,50,0.9
FPG_KARE,Boruta,Lactate,75,44,7.573333333333333,50,0.88
FPG_KARE,Boruta,Isoleucine,85,44,7.858823529411764,50,0.88
FPG_KARE,Boruta,Lysine,81,42,7.407407407407407,50,0.84
FPG_KARE,Boruta,Tyrosine,56,36,7.303571428571429,50,0.72
FPG_KARE,Boruta,Xanthine,49,35,7.204081632653061,50,0.7
FPG_KARE,Boruta,Phenylalanine,27,21,8.222222222222221,50,0.42
FPG_KARE,Boruta,Asparagine,10,10,9.1,50,0.2
FPG_KARE,Boruta,gamma_Aminobutyrate__GABA_,6,6,7.666666666666667,50,0.12
FPG_KARE,Boruta,sn_glycerol_3_phosphocholine,6,6,8.5,50,0.12
FPG_KARE,Boruta,Urea,4,4,9.0,50,0.08
FPG_KARE,Boruta,Isovaleryl_carnitine,3,3,9.0,50,0.06
FPG_KARE,Boruta,Citrulline,2,2,8.0,50,0.04
FPG_KARE,Boruta,Uridine,2,2,10.0,50,0.04
FPG_KARE,Boruta,Choline,1,1,10.0,50,0.02
FPG_KARE,Boruta,Hypoxanthine,1,1,10.0,50,0.02
FPG_KARE,Boruta,Proline,1,1,10.0,50,0.02
FPG_KARE,ElasticNet,Alanine,250,50,1.016,50,1.0
FPG_KARE,ElasticNet,Lysine,246,50,3.073170731707317,50,1.0
FPG_KARE,ElasticNet,Acetoacetate,240,50,3.183333333333333,50,1.0
FPG_KARE,ElasticNet,Taurine,239,50,4.949790794979079,50,1.0
FPG_KARE,ElasticNet,Glutamine,215,50,5.158139534883721,50,1.0
FPG_KARE,ElasticNet,Uridine,236,50,5.216101694915254,50,1.0
FPG_KARE,ElasticNet,Glutamate,174,50,7.114942528735632,50,1.0
FPG_KARE,ElasticNet,Xanthine,132,50,7.363636363636363,50,1.0
FPG_KARE,ElasticNet,Tryptophan,112,50,7.517857142857143,50,1.0
FPG_KARE,ElasticNet,Urea,120,50,7.575,50,1.0
FPG_KARE,ElasticNet,Glycine,101,50,8.099009900990099,50,1.0
FPG_KARE,ElasticNet,sn_glycerol_3_phosphocholine,87,49,8.39080459770115,50,0.98
FPG_KARE,ElasticNet,Creatinine,35,32,8.485714285714286,50,0.64
FPG_KARE,ElasticNet,Asparagine,28,25,8.214285714285714,50,0.5
FPG_KARE,ElasticNet,X3_Hydroxybutyrate,20,19,7.85,50,0.38
FPG_KARE,ElasticNet,Lauroyl_carnitine,19,18,9.0,50,0.36
FPG_KARE,ElasticNet,Betaine,16,16,9.0625,50,0.32
FPG_KARE,ElasticNet,Serine,16,16,9.375,50,0.32
FPG_KARE,ElasticNet,bmi,13,13,9.153846153846153,50,0.26
FPG_KARE,ElasticNet,Acetylcholine,14,13,9.285714285714286,50,0.26
FPG_KARE,ElasticNet,Octanoyl_carnitine,13,12,8.076923076923077,50,0.24
FPG_KARE,ElasticNet,Hexanoyl_carnitine,10,10,7.6,50,0.2
FPG_KARE,ElasticNet,Histidine,9,8,9.222222222222221,50,0.16
FPG_KARE,ElasticNet,Leucine,6,6,7.666666666666667,50,0.12
FPG_KARE,ElasticNet,Tyrosine,6,6,9.333333333333334,50,0.12
FPG_KARE,ElasticNet,Uric_acid,6,6,9.333333333333334,50,0.12
FPG_KARE,ElasticNet,Aspartate,5,5,10.0,50,0.1
FPG_KARE,ElasticNet,Phenylalanine,4,4,8.5,50,0.08
FPG_KARE,ElasticNet,Threonine,3,3,8.333333333333334,50,0.06
FPG_KARE,ElasticNet,Xanthosine,3,3,9.333333333333334,50,0.06
FPG_KARE,ElasticNet,Riboflavin,3,3,9.666666666666666,50,0.06
FPG_KARE,ElasticNet,Carnitine,2,2,9.0,50,0.04
FPG_KARE,ElasticNet,Cysteine,2,2,9.0,50,0.04
FPG_KARE,ElasticNet,gamma_Aminobutyrate__GABA_,1,1,6.0,50,0.02
FPG_KARE,ElasticNet,X5_Methyl_THF,1,1,7.0,50,0.02
FPG_KARE,ElasticNet,Asymmetric_dimethylarginitine__ADMA_,1,1,9.0,50,0.02
FPG_KARE,ElasticNet,Acetylcarnitine,1,1,10.0,50,0.02
FPG_KARE,ElasticNet,Dimethylglycine__DMG_,1,1,10.0,50,0.02
FPG_KARE,ElasticNet,Inosine,1,1,10.0,50,0.02
FPG_KARE,ElasticNet,Methionine,1,1,10.0,50,0.02
FPG_KARE,ElasticNet,Trimethylamine_N_oxide__TMAO_,1,1,10.0,50,0.02
FPG_KARE,LLSS,Glutamate,250,50,1.116,50,1.0
FPG_KARE,LLSS,Alanine,250,50,1.884,50,1.0
FPG_KARE,LLSS,Valine,176,50,3.625,50,1.0
FPG_KARE,LLSS,Leucine,177,50,3.8757062146892656,50,1.0
FPG_KARE,LLSS,Isoleucine,132,50,4.886363636363637,50,1.0
FPG_KARE,LLSS,Phenylalanine,94,47,6.48936170212766,50,0.94
FPG_KARE,LLSS,bmi,89,46,6.752808988764045,50,0.92
FPG_KARE,LLSS,Tyrosine,81,45,7.061728395061729,50,0.9
FPG_KARE,LLSS,Lactate,83,42,7.313253012048193,50,0.84
FPG_KARE,LLSS,Xanthine,52,37,8.153846153846153,50,0.74
FPG_KARE,LLSS,Glutamine,12,12,9.0,50,0.24
FPG_KARE,LLSS,Isovaleryl_carnitine,13,12,9.615384615384615,50,0.24
FPG_KARE,LLSS,Lysine,11,10,9.909090909090908,50,0.2
FPG_KARE,LLSS,Glycine,4,4,9.75,50,0.08
FPG_KARE,LLSS,Proline,4,4,9.75,50,0.08
FPG_KARE,LLSS,sn_glycerol_3_phosphocholine,2,2,9.5,50,0.04
FPG_KARE,LLSS,Methionine,1,1,10.0,50,0.02
FPG_KARE,Lasso,Alanine,250,50,1.024,50,1.0
FPG_KARE,Lasso,Acetoacetate,237,50,3.067510548523207,50,1.0
FPG_KARE,Lasso,Lysine,247,50,3.165991902834008,50,1.0
FPG_KARE,Lasso,Taurine,243,50,4.925925925925926,50,1.0
FPG_KARE,Lasso,Glutamine,217,50,5.202764976958525,50,1.0
FPG_KARE,Lasso,Uridine,236,50,5.258474576271187,50,1.0
FPG_KARE,Lasso,Glutamate,158,50,7.139240506329114,50,1.0
FPG_KARE,Lasso,Xanthine,131,50,7.366412213740458,50,1.0
FPG_KARE,Lasso,Urea,119,50,7.823529411764706,50,1.0
FPG_KARE,Lasso,Glycine,99,50,8.121212121212121,50,1.0
FPG_KARE,Lasso,sn_glycerol_3_phosphocholine,89,50,8.325842696629213,50,1.0
FPG_KARE,Lasso,Tryptophan,116,49,7.551724137931035,50,0.98
FPG_KARE,Lasso,Creatinine,31,28,8.419354838709678,50,0.56
FPG_KARE,Lasso,X3_Hydroxybutyrate,31,27,7.548387096774194,50,0.54
FPG_KARE,Lasso,Asparagine,28,26,8.214285714285714,50,0.52
FPG_KARE,Lasso,Octanoyl_carnitine,24,21,7.375,50,0.42
FPG_KARE,Lasso,Acetylcholine,18,17,9.222222222222221,50,0.34
FPG_KARE,Lasso,Serine,18,17,9.444444444444445,50,0.34
FPG_KARE,Lasso,Hexanoyl_carnitine,13,13,7.923076923076923,50,0.26
FPG_KARE,Lasso,Lauroyl_carnitine,14,13,8.928571428571429,50,0.26
FPG_KARE,Lasso,Betaine,13,12,8.923076923076923,50,0.24
FPG_KARE,Lasso,bmi,10,10,8.9,50,0.2
FPG_KARE,Lasso,Histidine,8,8,9.0,50,0.16
FPG_KARE,Lasso,Phenylalanine,7,7,8.714285714285714,50,0.14
FPG_KARE,Lasso,Aspartate,7,7,9.714285714285714,50,0.14
FPG_KARE,Lasso,Leucine,6,6,7.5,50,0.12
FPG_KARE,Lasso,Uric_acid,5,5,9.2,50,0.1
FPG_KARE,Lasso,Tyrosine,4,4,9.0,50,0.08
FPG_KARE,Lasso,Cysteine,4,4,9.25,50,0.08
FPG_KARE,Lasso,Threonine,3,3,7.0,50,0.06
FPG_KARE,Lasso,X5_Methyl_THF,3,3,7.666666666666667,50,0.06
FPG_KARE,Lasso,Carnitine,3,3,9.0,50,0.06
FPG_KARE,Lasso,Xanthosine,3,3,9.333333333333334,50,0.06
FPG_KARE,Lasso,Riboflavin,3,3,9.666666666666666,50,0.06
FPG_KARE,Lasso,Asymmetric_dimethylarginitine__ADMA_,2,2,9.5,50,0.04
FPG_KARE,Lasso,gamma_Aminobutyrate__GABA_,1,1,5.0,50,0.02
FPG_KARE,Lasso,Methionine,1,1,7.0,50,0.02
FPG_KARE,Lasso,Acetylcarnitine,1,1,10.0,50,0.02
FPG_KARE,Lasso,Decanoyl_carnitine,1,1,10.0,50,0.02
FPG_KARE,Lasso,Dimethylglycine__DMG_,1,1,10.0,50,0.02
FPG_KARE,Lasso,Trimethylamine_N_oxide__TMAO_,1,1,10.0,50,0.02
FPG_KARE,LongGroupLasso,Glutamate,250,50,1.016,50,1.0
FPG_KARE,LongGroupLasso,Alanine,250,50,1.984,50,1.0
FPG_KARE,LongGroupLasso,Glutamine,228,50,3.276315789473684,50,1.0
FPG_KARE,LongGroupLasso,bmi,174,50,4.206896551724138,50,1.0
FPG_KARE,LongGroupLasso,Valine,110,50,6.5181818181818185,50,1.0
FPG_KARE,LongGroupLasso,Phenylalanine,102,50,7.196078431372549,50,1.0
FPG_KARE,LongGroupLasso,Tyrosine,116,49,6.379310344827586,50,0.98
FPG_KARE,LongGroupLasso,Leucine,116,49,7.060344827586207,50,0.98
FPG_KARE,LongGroupLasso,Isoleucine,116,49,7.293103448275862,50,0.98
FPG_KARE,LongGroupLasso,Glycine,75,46,7.36,50,0.92
FPG_KARE,LongGroupLasso,Uridine,59,42,7.779661016949152,50,0.84
FPG_KARE,LongGroupLasso,Lactate,52,40,7.288461538461538,50,0.8
FPG_KARE,LongGroupLasso,Xanthine,29,27,7.620689655172414,50,0.54
FPG_KARE,LongGroupLasso,Cystathionine,17,16,7.588235294117647,50,0.32
FPG_KARE,LongGroupLasso,Lysine,15,12,7.933333333333334,50,0.24
FPG_KARE,LongGroupLasso,Proline,10,10,8.2,50,0.2
FPG_KARE,LongGroupLasso,Isovaleryl_carnitine,7,7,8.428571428571429,50,0.14
FPG_KARE,LongGroupLasso,sn_glycerol_3_phosphocholine,2,2,7.5,50,0.04
FPG_KARE,LongGroupLasso,Urea,1,1,6.0,50,0.02
FPG_KARE,LongGroupLasso,Citrulline,1,1,9.0,50,0.02
FPG_KARE,MutualInfo,Glutamate,249,50,1.5542168674698795,50,1.0
FPG_KARE,MutualInfo,Alanine,244,50,1.9385245901639345,50,1.0
FPG_KARE,MutualInfo,bmi,151,50,4.827814569536423,50,1.0
FPG_KARE,MutualInfo,Creatine,111,50,5.711711711711712,50,1.0
FPG_KARE,MutualInfo,Xanthine,99,50,5.898989898989899,50,1.0
FPG_KARE,MutualInfo,Cystathionine,100,50,6.03,50,1.0
FPG_KARE,MutualInfo,Methionine,104,49,5.25,50,0.98
FPG_KARE,MutualInfo,Tyrosine,130,49,5.407692307692308,50,0.98
FPG_KARE,MutualInfo,Isoleucine,112,49,5.535714285714286,50,0.98
FPG_KARE,MutualInfo,Phenylalanine,89,49,6.123595505617978,50,0.98
FPG_KARE,MutualInfo,Aspartate,71,46,6.084507042253521,50,0.92
FPG_KARE,MutualInfo,Serine,75,45,6.44,50,0.9
FPG_KARE,MutualInfo,Urea,66,44,6.424242424242424,50,0.88
FPG_KARE,MutualInfo,Valine,70,43,5.928571428571429,50,0.86
FPG_KARE,MutualInfo,Glycine,60,39,6.483333333333333,50,0.78
FPG_KARE,MutualInfo,Riboflavin,59,38,7.016949152542373,50,0.76
FPG_KARE,MutualInfo,X3_Hydroxybutyrate,43,35,7.116279069767442,50,0.7
FPG_KARE,MutualInfo,Acetoacetate,42,33,7.380952380952381,50,0.66
FPG_KARE,MutualInfo,Leucine,43,32,7.255813953488372,50,0.64
FPG_KARE,MutualInfo,Dimethylglycine__DMG_,29,24,7.448275862068965,50,0.48
FPG_KARE,MutualInfo,sex,30,23,7.1,50,0.46
FPG_KARE,MutualInfo,Uric_acid,27,22,7.296296296296297,50,0.44
FPG_KARE,MutualInfo,Uridine,22,20,7.363636363636363,50,0.4
FPG_KARE,MutualInfo,Hypoxanthine,18,17,6.277777777777778,50,0.34
FPG_KARE,MutualInfo,Lysine,16,15,6.25,50,0.3
FPG_KARE,MutualInfo,Proline,13,13,7.461538461538462,50,0.26
FPG_KARE,MutualInfo,Lauroyl_carnitine,12,12,7.083333333333333,50,0.24
FPG_KARE,MutualInfo,Isovaleryl_carnitine,10,10,8.2,50,0.2
FPG_KARE,MutualInfo,Nicotinamide,10,9,6.4,50,0.18
FPG_KARE,MutualInfo,Acetylcarnitine,9,9,8.333333333333334,50,0.18
FPG_KARE,MutualInfo,Propionyl_carnitine,8,8,7.375,50,0.16
FPG_KARE,MutualInfo,X5_Methyl_THF,9,8,8.0,50,0.16
FPG_KARE,MutualInfo,S_adenosylhomocysteine__SAH_,7,7,7.142857142857143,50,0.14
FPG_KARE,MutualInfo,gamma_Aminobutyrate__GABA_,8,7,7.625,50,0.14
FPG_KARE,MutualInfo,Creatinine,7,7,8.285714285714286,50,0.14
FPG_KARE,MutualInfo,Decanoyl_carnitine,7,7,9.0,50,0.14
FPG_KARE,MutualInfo,Cysteine,6,6,7.666666666666667,50,0.12
FPG_KARE,MutualInfo,Betaine,6,6,7.833333333333333,50,0.12
FPG_KARE,MutualInfo,Guanine,5,5,6.6,50,0.1
FPG_KARE,MutualInfo,Lactate,5,5,6.8,50,0.1
FPG_KARE,MutualInfo,Asymmetric_dimethylarginitine__ADMA_,5,5,8.0,50,0.1
FPG_KARE,MutualInfo,Glutamine,3,3,7.0,50,0.06
FPG_KARE,MutualInfo,age,3,3,7.666666666666667,50,0.06
FPG_KARE,MutualInfo,Pyroglutamic_acid,3,3,9.333333333333334,50,0.06
FPG_KARE,MutualInfo,Asparagine,3,3,9.666666666666666,50,0.06
FPG_KARE,MutualInfo,Carnitine,2,2,8.5,50,0.04
FPG_KARE,MutualInfo,Succinate,2,2,9.0,50,0.04
FPG_KARE,MutualInfo,Butanoyl_carnitine,1,1,7.0,50,0.02
FPG_KARE,MutualInfo,Xanthosine,1,1,7.0,50,0.02
FPG_KARE,MutualInfo,Hippurate,1,1,10.0,50,0.02
FPG_KARE,MutualInfo,Kynurenine,1,1,10.0,50,0.02
FPG_KARE,MutualInfo,Octanoyl_carnitine,1,1,10.0,50,0.02
FPG_KARE,OutcomeSNN-FS,Alanine,250,50,1.008,50,1.0
FPG_KARE,OutcomeSNN-FS,sex,245,50,3.730612244897959,50,1.0
FPG_KARE,OutcomeSNN-FS,Hexanoyl_carnitine,239,50,3.786610878661088,50,1.0
FPG_KARE,OutcomeSNN-FS,Tyrosine,239,50,4.7782426778242675,50,1.0
FPG_KARE,OutcomeSNN-FS,Glutamate,236,50,4.906779661016949,50,1.0
FPG_KARE,OutcomeSNN-FS,Tryptophan,223,50,5.632286995515695,50,1.0
FPG_KARE,OutcomeSNN-FS,Acetoacetate,163,50,6.343558282208589,50,1.0
FPG_KARE,OutcomeSNN-FS,Uridine,207,50,6.681159420289855,50,1.0
FPG_KARE,OutcomeSNN-FS,Octanoyl_carnitine,113,50,7.106194690265487,50,1.0
FPG_KARE,OutcomeSNN-FS,Taurine,130,50,7.815384615384615,50,1.0
FPG_KARE,OutcomeSNN-FS,bmi,100,49,8.25,50,0.98
FPG_KARE,OutcomeSNN-FS,Lysine,76,49,8.710526315789474,50,0.98
FPG_KARE,OutcomeSNN-FS,Glutamine,49,40,8.83673469387755,50,0.8
FPG_KARE,OutcomeSNN-FS,Isoleucine,32,29,8.78125,50,0.58
FPG_KARE,OutcomeSNN-FS,Creatinine,26,23,8.653846153846153,50,0.46
FPG_KARE,OutcomeSNN-FS,Inosine,15,15,9.133333333333333,50,0.3
FPG_KARE,OutcomeSNN-FS,X3_Hydroxybutyrate,15,13,7.733333333333333,50,0.26
FPG_KARE,OutcomeSNN-FS,Cystathionine,12,12,9.0,50,0.24
FPG_KARE,OutcomeSNN-FS,Glycine,11,11,9.272727272727273,50,0.22
FPG_KARE,OutcomeSNN-FS,Creatine,12,10,9.166666666666666,50,0.2
FPG_KARE,OutcomeSNN-FS,Xanthine,9,9,8.777777777777779,50,0.18
FPG_KARE,OutcomeSNN-FS,Phenylalanine,8,8,9.125,50,0.16
FPG_KARE,OutcomeSNN-FS,Hypoxanthine,6,6,9.0,50,0.12
FPG_KARE,OutcomeSNN-FS,Serine,5,5,8.6,50,0.1
FPG_KARE,OutcomeSNN-FS,Butanoyl_carnitine,4,4,9.5,50,0.08
FPG_KARE,OutcomeSNN-FS,Urea,4,4,9.5,50,0.08
FPG_KARE,OutcomeSNN-FS,Asymmetric_dimethylarginitine__ADMA_,2,2,9.0,50,0.04
FPG_KARE,OutcomeSNN-FS,Leucine,1,1,6.0,50,0.02
FPG_KARE,OutcomeSNN-FS,X5_Methyl_THF,1,1,10.0,50,0.02
FPG_KARE,PGEE,Alanine,250,50,1.632,50,1.0
FPG_KARE,PGEE,Glutamate,250,50,1.644,50,1.0
FPG_KARE,PGEE,Glutamine,248,50,2.774193548387097,50,1.0
FPG_KARE,PGEE,Lysine,188,50,5.042553191489362,50,1.0
FPG_KARE,PGEE,bmi,179,50,5.245810055865922,50,1.0
FPG_KARE,PGEE,Glycine,135,50,6.525925925925926,50,1.0
FPG_KARE,PGEE,Leucine,115,48,6.469565217391304,50,0.96
FPG_KARE,PGEE,Isoleucine,100,47,7.63,50,0.94
FPG_KARE,PGEE,Lactate,80,43,8.1625,50,0.86
FPG_KARE,PGEE,Tyrosine,55,42,8.218181818181819,50,0.84
FPG_KARE,PGEE,Isovaleryl_carnitine,37,30,9.0,50,0.6
FPG_KARE,PGEE,sex,29,28,8.448275862068966,50,0.56
FPG_KARE,PGEE,Phenylalanine,32,27,8.375,50,0.54
FPG_KARE,PGEE,Valine,28,23,8.178571428571429,50,0.46
FPG_KARE,PGEE,Aspartate,26,21,8.153846153846153,50,0.42
FPG_KARE,PGEE,Uridine,19,18,3.789473684210526,50,0.36
FPG_KARE,PGEE,Methionine,19,18,8.789473684210526,50,0.36
FPG_KARE,PGEE,Urea,13,13,4.923076923076923,50,0.26
FPG_KARE,PGEE,Cystathionine,13,13,6.6923076923076925,50,0.26
FPG_KARE,PGEE,Xanthine,12,12,8.333333333333334,50,0.24
FPG_KARE,PGEE,Choline,9,9,6.666666666666667,50,0.18
FPG_KARE,PGEE,gamma_Aminobutyrate__GABA_,9,9,8.666666666666666,50,0.18
FPG_KARE,PGEE,Citrulline,6,6,6.333333333333333,50,0.12
FPG_KARE,PGEE,X3_Hydroxybutyrate,5,5,4.8,50,0.1
FPG_KARE,PGEE,Proline,6,5,9.166666666666666,50,0.1
FPG_KARE,PGEE,Propionyl_carnitine,5,5,9.8,50,0.1
FPG_KARE,PGEE,Riboflavin,4,4,5.25,50,0.08
FPG_KARE,PGEE,Asparagine,3,3,3.6666666666666665,50,0.06
FPG_KARE,PGEE,Tryptophan,2,2,4.5,50,0.04
FPG_KARE,PGEE,S_adenosylhomocysteine__SAH_,2,2,9.0,50,0.04
FPG_KARE,PGEE,Uric_acid,2,2,9.5,50,0.04
FPG_KARE,PGEE,Asymmetric_dimethylarginitine__ADMA_,1,1,10.0,50,0.02
FPG_KARE,PGEE,sn_glycerol_3_phosphocholine,1,1,10.0,50,0.02
FPG_KARE,RandomForest,Alanine,250,50,1.504,50,1.0
FPG_KARE,RandomForest,Glutamate,250,50,1.508,50,1.0
FPG_KARE,RandomForest,bmi,225,50,3.3644444444444446,50,1.0
FPG_KARE,RandomForest,Glutamine,172,50,3.9011627906976742,50,1.0
FPG_KARE,RandomForest,sex,109,50,6.165137614678899,50,1.0
FPG_KARE,RandomForest,Valine,107,50,6.401869158878505,50,1.0
FPG_KARE,RandomForest,Lysine,104,47,6.375,50,0.94
FPG_KARE,RandomForest,Glycine,101,47,6.445544554455446,50,0.94
FPG_KARE,RandomForest,Lactate,62,39,7.67741935483871,50,0.78
FPG_KARE,RandomForest,Xanthine,52,37,7.423076923076923,50,0.74
FPG_KARE,RandomForest,Isoleucine,60,37,8.166666666666666,50,0.74
FPG_KARE,RandomForest,Leucine,60,36,7.55,50,0.72
FPG_KARE,RandomForest,Tyrosine,49,36,7.795918367346939,50,0.72
FPG_KARE,RandomForest,Asparagine,19,18,8.736842105263158,50,0.36
FPG_KARE,RandomForest,Phenylalanine,18,17,8.61111111111111,50,0.34
FPG_KARE,RandomForest,Citrulline,5,5,9.8,50,0.1
FPG_KARE,RandomForest,sn_glycerol_3_phosphocholine,3,3,9.0,50,0.06
FPG_KARE,RandomForest,Urea,2,2,7.5,50,0.04
FPG_KARE,RandomForest,gamma_Aminobutyrate__GABA_,2,2,8.5,50,0.04
FPG_KARE,RandomForest,Isovaleryl_carnitine,2,2,9.0,50,0.04
FPG_KARE,RandomForest,Choline,2,2,9.5,50,0.04
FPG_KARE,RandomForest,Uric_acid,1,1,10.0,50,0.02
FPG_KARE,SNN-FS,Alanine,250,50,1.012,50,1.0
FPG_KARE,SNN-FS,Lysine,244,50,3.19672131147541,50,1.0
FPG_KARE,SNN-FS,Acetoacetate,231,50,3.83982683982684,50,1.0
FPG_KARE,SNN-FS,Glutamine,209,50,4.8086124401913874,50,1.0
FPG_KARE,SNN-FS,Taurine,236,50,5.233050847457627,50,1.0
FPG_KARE,SNN-FS,Uridine,234,50,5.243589743589744,50,1.0
FPG_KARE,SNN-FS,Tryptophan,164,50,6.530487804878049,50,1.0
FPG_KARE,SNN-FS,Glutamate,118,50,6.88135593220339,50,1.0
FPG_KARE,SNN-FS,Xanthine,97,50,7.463917525773196,50,1.0
FPG_KARE,SNN-FS,sn_glycerol_3_phosphocholine,127,50,7.661417322834645,50,1.0
FPG_KARE,SNN-FS,Glycine,124,50,7.693548387096774,50,1.0
FPG_KARE,SNN-FS,Serine,56,41,8.446428571428571,50,0.82
FPG_KARE,SNN-FS,Hexanoyl_carnitine,34,29,7.176470588235294,50,0.58
FPG_KARE,SNN-FS,bmi,30,27,8.466666666666667,50,0.54
FPG_KARE,SNN-FS,Urea,28,24,8.25,50,0.48
FPG_KARE,SNN-FS,Acetylcholine,25,23,9.2,50,0.46
FPG_KARE,SNN-FS,Tyrosine,23,21,8.695652173913043,50,0.42
FPG_KARE,SNN-FS,Asparagine,21,20,8.095238095238095,50,0.4
FPG_KARE,SNN-FS,Phenylalanine,19,19,7.842105263157895,50,0.38
FPG_KARE,SNN-FS,Betaine,20,18,8.6,50,0.36
FPG_KARE,SNN-FS,Creatinine,17,17,8.764705882352942,50,0.34
FPG_KARE,SNN-FS,Octanoyl_carnitine,15,15,8.066666666666666,50,0.3
FPG_KARE,SNN-FS,X3_Hydroxybutyrate,11,10,7.909090909090909,50,0.2
FPG_KARE,SNN-FS,Threonine,10,10,8.2,50,0.2
FPG_KARE,SNN-FS,Histidine,12,10,9.0,50,0.2
FPG_KARE,SNN-FS,sex,9,9,9.333333333333334,50,0.18
FPG_KARE,SNN-FS,Aspartate,8,8,8.75,50,0.16
FPG_KARE,SNN-FS,Leucine,6,6,6.333333333333333,50,0.12
FPG_KARE,SNN-FS,Lauroyl_carnitine,6,6,9.0,50,0.12
FPG_KARE,SNN-FS,Isoleucine,5,5,9.4,50,0.1
FPG_KARE,SNN-FS,X5_Methyl_THF,4,4,8.0,50,0.08
FPG_KARE,SNN-FS,Carnitine,2,2,8.5,50,0.04
FPG_KARE,SNN-FS,gamma_Aminobutyrate__GABA_,1,1,3.0,50,0.02
FPG_KARE,SNN-FS,Kynurenine,1,1,9.0,50,0.02
FPG_KARE,SNN-FS,Xanthosine,1,1,9.0,50,0.02
FPG_KARE,SNN-FS,Asymmetric_dimethylarginitine__ADMA_,1,1,10.0,50,0.02
FPG_KARE,SNN-FS,Cystathionine,1,1,10.0,50,0.02
FPG_KARE,SNN-FS,Norepinephrine,1,1,10.0,50,0.02
FPG_KARE,SNN-FS,Riboflavin,1,1,10.0,50,0.02
FPG_KARE,StabilitySelection,Xanthine,221,50,1.3167420814479638,50,1.0
FPG_KARE,StabilitySelection,Uridine,250,50,2.216,50,1.0
FPG_KARE,StabilitySelection,Urea,229,50,3.6026200873362444,50,1.0
FPG_KARE,StabilitySelection,Tryptophan,221,50,4.981900452488688,50,1.0
FPG_KARE,StabilitySelection,Trimethylamine_N_oxide__TMAO_,118,50,6.593220338983051,50,1.0
FPG_KARE,StabilitySelection,Taurine,227,50,7.145374449339207,50,1.0
FPG_KARE,StabilitySelection,sn_glycerol_3_phosphocholine,179,50,8.17877094972067,50,1.0
FPG_KARE,StabilitySelection,Serine,155,50,8.67741935483871,50,1.0
FPG_KARE,StabilitySelection,Tyrosine,112,49,4.419642857142857,50,0.98
FPG_KARE,StabilitySelection,Uric_acid,98,48,3.2244897959183674,50,0.96
FPG_KARE,StabilitySelection,Trans_4_Hydroxy_L_proline,89,48,6.101123595505618,50,0.96
FPG_KARE,StabilitySelection,Riboflavin,98,47,9.081632653061224,50,0.94
FPG_KARE,StabilitySelection,Xanthosine,78,43,1.0,50,0.86
FPG_KARE,StabilitySelection,Trigonelline,51,33,6.03921568627451,50,0.66
FPG_KARE,StabilitySelection,Norepinephrine,38,30,9.31578947368421,50,0.6
FPG_KARE,StabilitySelection,Threonine,31,28,6.774193548387097,50,0.56
FPG_KARE,StabilitySelection,Nicotinamide,35,27,9.428571428571429,50,0.54
FPG_KARE,StabilitySelection,Pyroglutamic_acid,33,24,9.121212121212121,50,0.48
FPG_KARE,StabilitySelection,Lysine,29,22,9.655172413793103,50,0.44
FPG_KARE,StabilitySelection,Succinate,20,19,7.95,50,0.38
FPG_KARE,StabilitySelection,Phenylalanine,18,16,9.333333333333334,50,0.32
FPG_KARE,StabilitySelection,Proline,10,9,9.3,50,0.18
FPG_KARE,StabilitySelection,Valine,5,5,2.6,50,0.1
FPG_KARE,StabilitySelection,Propionyl_carnitine,5,5,9.2,50,0.1
FPG_KARE,StabilitySelection,S_adenosylhomocysteine__SAH_,4,4,9.0,50,0.08
FPG_KARE,StabilitySelection,Lauroyl_carnitine,3,3,9.666666666666666,50,0.06
FPG_KARE,StabilitySelection,Inosine,2,2,9.0,50,0.04
FPG_KARE,StabilitySelection,Histidine,2,2,9.5,50,0.04
FPG_KARE,StabilitySelection,Methionine,2,2,10.0,50,0.04
FPG_KARE,StabilitySelection,Octanoyl_carnitine,2,2,10.0,50,0.04
FPG_KARE,StabilitySelection,Guanine,1,1,10.0,50,0.02
FPG_KARE,StabilitySelection,Isoleucine,1,1,10.0,50,0.02
FPG_KARE,StabilitySelection,Kynurenine,1,1,10.0,50,0.02
FPG_KARE,Stabl-RP,Glutamate,250,50,1.004,50,1.0
FPG_KARE,Stabl-RP,Alanine,250,50,2.0,50,1.0
FPG_KARE,Stabl-RP,bmi,205,50,3.4,50,1.0
FPG_KARE,Stabl-RP,Valine,133,49,4.774436090225564,50,0.98
FPG_KARE,Stabl-RP,Tyrosine,116,48,4.594827586206897,50,0.96
FPG_KARE,Stabl-RP,Isoleucine,130,48,4.9,50,0.96
FPG_KARE,Stabl-RP,Leucine,86,44,6.674418604651163,50,0.88
FPG_KARE,Stabl-RP,Lactate,80,43,7.0375,50,0.86
FPG_KARE,Stabl-RP,Glutamine,39,32,6.923076923076923,50,0.64
FPG_KARE,Stabl-RP,Phenylalanine,46,32,8.804347826086957,50,0.64
FPG_KARE,Stabl-RP,Glycine,40,29,9.075,50,0.58
FPG_KARE,Stabl-RP,Proline,23,20,8.217391304347826,50,0.4
FPG_KARE,Stabl-RP,Isovaleryl_carnitine,18,14,8.88888888888889,50,0.28
FPG_KARE,Stabl-RP,Cystathionine,4,4,9.0,50,0.08
FPG_KARE,Stabl-RP,Xanthine,1,1,9.0,50,0.02
FPG_KARE,Stabl-RP,sn_glycerol_3_phosphocholine,1,1,9.0,50,0.02
FPG_KARE,Stabl-RP,Lysine,1,1,10.0,50,0.02
FPG_KARE,geeVerse,Glutamate,246,50,1.1747967479674797,50,1.0
FPG_KARE,geeVerse,Alanine,244,50,1.9549180327868851,50,1.0
FPG_KARE,geeVerse,Xanthosine,238,50,3.4201680672268906,50,1.0
FPG_KARE,geeVerse,Xanthine,227,50,4.387665198237886,50,1.0
FPG_KARE,geeVerse,Valine,226,50,5.393805309734513,50,1.0
FPG_KARE,geeVerse,Uridine,221,50,6.199095022624435,50,1.0
FPG_KARE,geeVerse,Uric_acid,211,50,7.37914691943128,50,1.0
FPG_KARE,geeVerse,Tyrosine,224,50,7.848214285714286,50,1.0
FPG_KARE,geeVerse,Tryptophan,222,50,8.198198198198199,50,1.0
FPG_KARE,geeVerse,Urea,206,50,8.310679611650485,50,1.0
FPG_KARE,geeVerse,Trans_4_Hydroxy_L_proline,17,15,9.705882352941176,50,0.3
FPG_KARE,geeVerse,sex,12,12,3.4166666666666665,50,0.24
FPG_KARE,geeVerse,bmi,5,5,4.4,50,0.1
FPG_KARE,geeVerse,Glutamine,3,3,8.0,50,0.06
FPG_KARE,geeVerse,Lysine,3,3,8.666666666666666,50,0.06
FPG_KARE,geeVerse,Phenylalanine,2,2,7.0,50,0.04
FPG_KARE,geeVerse,Lactate,2,2,10.0,50,0.04
FPG_KARE,geeVerse,Trigonelline,2,2,10.0,50,0.04
FPG_KARE,geeVerse,Acetoacetate,1,1,2.0,50,0.02
FPG_KARE,geeVerse,X3_Hydroxybutyrate,1,1,9.0,50,0.02
FPG_KARE,geeVerse,Succinate,1,1,10.0,50,0.02
FPG_KARE,geeVerse,Threonine,1,1,10.0,50,0.02
FPG_KARE,glmmLasso,Glutamate,250,50,1.828,50,1.0
FPG_KARE,glmmLasso,Alanine,249,50,1.9236947791164658,50,1.0
FPG_KARE,glmmLasso,Glutamine,248,50,2.3588709677419355,50,1.0
FPG_KARE,glmmLasso,bmi,192,50,4.494791666666667,50,1.0
FPG_KARE,glmmLasso,Lysine,158,50,5.265822784810126,50,1.0
FPG_KARE,glmmLasso,Glycine,148,50,5.554054054054054,50,1.0
FPG_KARE,glmmLasso,Tyrosine,94,47,7.6063829787234045,50,0.94
FPG_KARE,glmmLasso,Isoleucine,39,31,8.743589743589743,50,0.62
FPG_KARE,glmmLasso,Xanthine,37,28,8.621621621621621,50,0.56
FPG_KARE,glmmLasso,sex,27,25,8.592592592592593,50,0.5
FPG_KARE,glmmLasso,Leucine,31,25,8.741935483870968,50,0.5
FPG_KARE,glmmLasso,Proline,28,23,8.5,50,0.46
FPG_KARE,glmmLasso,Uridine,20,18,2.65,50,0.36
FPG_KARE,glmmLasso,Cystathionine,19,18,6.631578947368421,50,0.36
FPG_KARE,glmmLasso,Lactate,18,17,8.555555555555555,50,0.34
FPG_KARE,glmmLasso,Phenylalanine,16,16,9.25,50,0.32
FPG_KARE,glmmLasso,Urea,15,14,4.466666666666667,50,0.28
FPG_KARE,glmmLasso,Xanthosine,13,13,8.461538461538462,50,0.26
FPG_KARE,glmmLasso,Isovaleryl_carnitine,13,13,8.923076923076923,50,0.26
FPG_KARE,glmmLasso,Aspartate,14,13,8.928571428571429,50,0.26
FPG_KARE,glmmLasso,Methionine,8,8,8.375,50,0.16
FPG_KARE,glmmLasso,Valine,10,8,9.2,50,0.16
FPG_KARE,glmmLasso,sn_glycerol_3_phosphocholine,6,6,9.333333333333334,50,0.12
FPG_KARE,glmmLasso,Citrulline,6,5,5.5,50,0.1
FPG_KARE,glmmLasso,gamma_Aminobutyrate__GABA_,5,5,9.4,50,0.1
FPG_KARE,glmmLasso,Riboflavin,4,4,5.0,50,0.08
FPG_KARE,glmmLasso,Asparagine,3,3,4.0,50,0.06
FPG_KARE,glmmLasso,Propionyl_carnitine,3,3,9.333333333333334,50,0.06
FPG_KARE,glmmLasso,Succinate,2,2,6.0,50,0.04
FPG_KARE,glmmLasso,Asymmetric_dimethylarginitine__ADMA_,2,2,8.0,50,0.04
FPG_KARE,glmmLasso,Uric_acid,2,2,8.5,50,0.04
FPG_KARE,glmmLasso,Choline,2,2,10.0,50,0.04
FPG_KARE,glmmLasso,Trans_4_Hydroxy_L_proline,1,1,7.0,50,0.02
FPG_KARE,glmmLasso,S_adenosylhomocysteine__SAH_,1,1,8.0,50,0.02
FPG_KARE,mRMR,Glutamate,250,50,1.02,50,1.0
FPG_KARE,mRMR,Alanine,250,50,1.98,50,1.0
FPG_KARE,mRMR,bmi,235,50,3.106382978723404,50,1.0
FPG_KARE,mRMR,Glutamine,166,50,4.379518072289157,50,1.0
FPG_KARE,mRMR,Lactate,106,49,7.339622641509434,50,0.98
FPG_KARE,mRMR,Valine,127,48,5.52755905511811,50,0.96
FPG_KARE,mRMR,Tyrosine,91,48,7.065934065934066,50,0.96
FPG_KARE,mRMR,Glycine,97,48,7.88659793814433,50,0.96
FPG_KARE,mRMR,Xanthine,99,46,7.121212121212121,50,0.92
FPG_KARE,mRMR,Isoleucine,76,43,7.328947368421052,50,0.86
FPG_KARE,mRMR,Phenylalanine,41,33,6.975609756097561,50,0.66
FPG_KARE,mRMR,Isovaleryl_carnitine,31,25,8.32258064516129,50,0.5
FPG_KARE,mRMR,Lysine,25,24,7.52,50,0.48
FPG_KARE,mRMR,Proline,23,23,8.521739130434783,50,0.46
FPG_KARE,mRMR,Uridine,20,20,7.5,50,0.4
FPG_KARE,mRMR,Leucine,21,19,6.285714285714286,50,0.38
FPG_KARE,mRMR,Riboflavin,18,16,8.5,50,0.32
FPG_KARE,mRMR,sn_glycerol_3_phosphocholine,4,4,7.75,50,0.08
FPG_KARE,mRMR,Cystathionine,4,4,8.0,50,0.08
FPG_KARE,mRMR,Xanthosine,3,3,8.0,50,0.06
FPG_KARE,mRMR,Citrulline,3,3,10.0,50,0.06
FPG_KARE,mRMR,sex,1,1,4.0,50,0.02
FPG_KARE,mRMR,Asymmetric_dimethylarginitine__ADMA_,1,1,10.0,50,0.02
FPG_KARE,mRMR,X3_Hydroxybutyrate,1,1,10.0,50,0.02
GSE41848_MS,Boruta,probe_4048279,250,50,1.056,50,1.0
GSE41848_MS,Boruta,probe_4048242,246,50,2.1910569105691056,50,1.0
GSE41848_MS,Boruta,probe_2861617,164,50,4.2682926829268295,50,1.0
GSE41848_MS,Boruta,probe_2813715,152,50,4.381578947368421,50,1.0
GSE41848_MS,Boruta,probe_3529612,103,49,5.165048543689321,50,0.98
GSE41848_MS,Boruta,probe_3079174,65,45,4.892307692307693,50,0.9
GSE41848_MS,Boruta,probe_3357844,55,39,5.418181818181818,50,0.78
GSE41848_MS,Boruta,probe_4041423,69,36,5.913043478260869,50,0.72
GSE41848_MS,Boruta,probe_3872984,50,36,6.04,50,0.72
GSE41848_MS,Boruta,probe_3822350,51,34,6.431372549019608,50,0.68
GSE41848_MS,Boruta,probe_3031633,40,32,6.175,50,0.64
GSE41848_MS,Boruta,probe_3527495,36,29,6.805555555555555,50,0.58
GSE41848_MS,Boruta,probe_3688312,35,28,6.4,50,0.56
GSE41848_MS,Boruta,probe_3417242,38,28,6.7894736842105265,50,0.56
GSE41848_MS,Boruta,probe_3476742,32,25,6.84375,50,0.5
GSE41848_MS,Boruta,probe_3819106,26,21,7.230769230769231,50,0.42
GSE41848_MS,Boruta,probe_3921999,22,20,5.681818181818182,50,0.4
GSE41848_MS,Boruta,probe_3484068,18,18,6.0,50,0.36
GSE41848_MS,Boruta,probe_3923213,19,18,7.2631578947368425,50,0.36
GSE41848_MS,Boruta,probe_3982471,19,17,7.526315789473684,50,0.34
GSE41848_MS,Boruta,probe_3662813,14,13,6.285714285714286,50,0.26
GSE41848_MS,Boruta,probe_3557987,12,12,8.833333333333334,50,0.24
GSE41848_MS,Boruta,probe_3860138,12,11,6.833333333333333,50,0.22
GSE41848_MS,Boruta,probe_2318739,12,11,7.25,50,0.22
GSE41848_MS,Boruta,probe_3053387,10,10,8.0,50,0.2
GSE41848_MS,Boruta,probe_3382078,11,10,8.272727272727273,50,0.2
GSE41848_MS,Boruta,probe_4041534,9,8,6.555555555555555,50,0.16
GSE41848_MS,Boruta,probe_2902449,8,8,7.375,50,0.16
GSE41848_MS,Boruta,probe_3337180,8,8,7.625,50,0.16
GSE41848_MS,Boruta,probe_2902430,7,7,6.571428571428571,50,0.14
GSE41848_MS,Boruta,probe_2638872,8,7,7.0,50,0.14
GSE41848_MS,Boruta,probe_3893462,7,7,8.857142857142858,50,0.14
GSE41848_MS,Boruta,probe_3376000,6,6,6.333333333333333,50,0.12
GSE41848_MS,Boruta,probe_3339349,6,6,6.666666666666667,50,0.12
GSE41848_MS,Boruta,probe_2475073,6,6,7.166666666666667,50,0.12
GSE41848_MS,Boruta,probe_4007010,6,6,8.0,50,0.12
GSE41848_MS,Boruta,probe_3971810,6,6,8.166666666666666,50,0.12
GSE41848_MS,Boruta,probe_2903191,5,5,5.6,50,0.1
GSE41848_MS,Boruta,probe_2973872,5,5,6.4,50,0.1
GSE41848_MS,Boruta,probe_3445788,6,5,6.833333333333333,50,0.1
GSE41848_MS,Boruta,probe_3830651,5,5,7.8,50,0.1
GSE41848_MS,Boruta,probe_3708188,6,5,7.833333333333333,50,0.1
GSE41848_MS,Boruta,probe_2324086,4,4,7.25,50,0.08
GSE41848_MS,Boruta,probe_3815730,4,4,7.5,50,0.08
GSE41848_MS,Boruta,probe_2782507,4,4,7.75,50,0.08
GSE41848_MS,Boruta,probe_3224334,4,4,7.75,50,0.08
GSE41848_MS,Boruta,probe_3917272,4,4,8.0,50,0.08
GSE41848_MS,Boruta,probe_2669980,4,4,8.25,50,0.08
GSE41848_MS,Boruta,probe_3557812,4,4,8.75,50,0.08
GSE41848_MS,Boruta,probe_3642646,3,3,6.333333333333333,50,0.06
GSE41848_MS,Boruta,probe_3782196,3,3,6.333333333333333,50,0.06
GSE41848_MS,Boruta,probe_2403262,3,3,7.333333333333333,50,0.06
GSE41848_MS,Boruta,probe_2439003,3,3,7.333333333333333,50,0.06
GSE41848_MS,Boruta,probe_2772161,3,3,9.333333333333334,50,0.06
GSE41848_MS,Boruta,probe_3748451,3,3,9.333333333333334,50,0.06
GSE41848_MS,Boruta,probe_2737620,2,2,6.5,50,0.04
GSE41848_MS,Boruta,probe_3724547,2,2,7.0,50,0.04
GSE41848_MS,Boruta,probe_3960177,2,2,7.0,50,0.04
GSE41848_MS,Boruta,probe_3719963,3,2,8.0,50,0.04
GSE41848_MS,Boruta,probe_3273148,2,2,8.5,50,0.04
GSE41848_MS,Boruta,probe_3628924,2,2,9.5,50,0.04
GSE41848_MS,Boruta,probe_4045599,1,1,4.0,50,0.02
GSE41848_MS,Boruta,probe_2936859,1,1,5.0,50,0.02
GSE41848_MS,Boruta,probe_3315679,1,1,5.0,50,0.02
GSE41848_MS,Boruta,probe_3416911,1,1,5.0,50,0.02
GSE41848_MS,Boruta,probe_2895814,1,1,6.0,50,0.02
GSE41848_MS,Boruta,probe_3046559,1,1,6.0,50,0.02
GSE41848_MS,Boruta,probe_3726968,1,1,6.0,50,0.02
GSE41848_MS,Boruta,probe_3316212,1,1,7.0,50,0.02
GSE41848_MS,Boruta,probe_3333900,1,1,7.0,50,0.02
GSE41848_MS,Boruta,probe_3441959,1,1,7.0,50,0.02
GSE41848_MS,Boruta,probe_3757334,1,1,7.0,50,0.02
GSE41848_MS,Boruta,probe_3862116,1,1,7.0,50,0.02
GSE41848_MS,Boruta,probe_2510470,1,1,8.0,50,0.02
GSE41848_MS,Boruta,probe_3293442,1,1,8.0,50,0.02
GSE41848_MS,Boruta,probe_3325743,1,1,8.0,50,0.02
GSE41848_MS,Boruta,probe_3708202,1,1,8.0,50,0.02
GSE41848_MS,Boruta,probe_3861949,1,1,8.0,50,0.02
GSE41848_MS,Boruta,probe_2369350,1,1,9.0,50,0.02
GSE41848_MS,Boruta,probe_2713956,1,1,10.0,50,0.02
GSE41848_MS,Boruta,probe_2756406,1,1,10.0,50,0.02
GSE41848_MS,Boruta,probe_2809795,1,1,10.0,50,0.02
GSE41848_MS,Boruta,probe_2821369,1,1,10.0,50,0.02
GSE41848_MS,Boruta,probe_2860184,1,1,10.0,50,0.02
GSE41848_MS,Boruta,probe_3444087,1,1,10.0,50,0.02
GSE41848_MS,Boruta,probe_3865854,1,1,10.0,50,0.02
GSE41848_MS,ElasticNet,probe_4048279,250,50,1.2,50,1.0
GSE41848_MS,ElasticNet,probe_4041534,120,50,2.0833333333333335,50,1.0
GSE41848_MS,ElasticNet,probe_2861617,193,50,3.1709844559585494,50,1.0
GSE41848_MS,ElasticNet,probe_3053387,110,49,4.1454545454545455,50,0.98
GSE41848_MS,ElasticNet,probe_3417242,93,49,5.139784946236559,50,0.98
GSE41848_MS,ElasticNet,probe_3921999,60,45,4.533333333333333,50,0.9
GSE41848_MS,ElasticNet,probe_2936859,56,41,3.4285714285714284,50,0.82
GSE41848_MS,ElasticNet,probe_3917272,55,40,4.236363636363636,50,0.8
GSE41848_MS,ElasticNet,probe_3662813,67,38,5.7164179104477615,50,0.76
GSE41848_MS,ElasticNet,probe_2813715,51,37,6.666666666666667,50,0.74
GSE41848_MS,ElasticNet,probe_3642646,52,35,5.673076923076923,50,0.7
GSE41848_MS,ElasticNet,probe_3079174,36,29,7.138888888888889,50,0.58
GSE41848_MS,ElasticNet,probe_3748451,30,25,5.9,50,0.5
GSE41848_MS,ElasticNet,probe_2772161,20,19,6.7,50,0.38
GSE41848_MS,ElasticNet,probe_3527495,17,17,6.117647058823529,50,0.34
GSE41848_MS,ElasticNet,probe_3031633,18,17,7.055555555555555,50,0.34
GSE41848_MS,ElasticNet,probe_3724547,17,16,6.352941176470588,50,0.32
GSE41848_MS,ElasticNet,probe_3563401,17,16,6.588235294117647,50,0.32
GSE41848_MS,ElasticNet,probe_2974611,13,13,3.4615384615384617,50,0.26
GSE41848_MS,ElasticNet,probe_2821369,13,13,6.3076923076923075,50,0.26
GSE41848_MS,ElasticNet,probe_3822350,13,13,7.230769230769231,50,0.26
GSE41848_MS,ElasticNet,probe_4048242,13,13,8.153846153846153,50,0.26
GSE41848_MS,ElasticNet,probe_3382078,12,12,4.666666666666667,50,0.24
GSE41848_MS,ElasticNet,probe_3923213,10,10,7.9,50,0.2
GSE41848_MS,ElasticNet,probe_2324086,10,9,7.2,50,0.18
GSE41848_MS,ElasticNet,probe_2540163,8,8,7.125,50,0.16
GSE41848_MS,ElasticNet,probe_3476742,7,7,6.571428571428571,50,0.14
GSE41848_MS,ElasticNet,probe_2400663,7,7,7.0,50,0.14
GSE41848_MS,ElasticNet,probe_2895814,6,6,7.666666666666667,50,0.12
GSE41848_MS,ElasticNet,probe_2497163,5,5,5.4,50,0.1
GSE41848_MS,ElasticNet,probe_4052276,5,5,6.8,50,0.1
GSE41848_MS,ElasticNet,probe_3046559,5,5,7.2,50,0.1
GSE41848_MS,ElasticNet,probe_2973872,4,4,5.0,50,0.08
GSE41848_MS,ElasticNet,probe_2510470,4,4,5.25,50,0.08
GSE41848_MS,ElasticNet,probe_3227122,4,4,6.0,50,0.08
GSE41848_MS,ElasticNet,probe_3332277,4,4,6.25,50,0.08
GSE41848_MS,ElasticNet,probe_3339203,4,4,6.25,50,0.08
GSE41848_MS,ElasticNet,probe_4035834,4,4,7.25,50,0.08
GSE41848_MS,ElasticNet,probe_2766290,3,3,5.333333333333333,50,0.06
GSE41848_MS,ElasticNet,probe_4041423,3,3,5.333333333333333,50,0.06
GSE41848_MS,ElasticNet,probe_2723925,3,3,6.666666666666667,50,0.06
GSE41848_MS,ElasticNet,probe_3154139,3,3,8.333333333333334,50,0.06
GSE41848_MS,ElasticNet,probe_2439103,3,3,10.0,50,0.06
GSE41848_MS,ElasticNet,probe_3046709,2,2,2.0,50,0.04
GSE41848_MS,ElasticNet,probe_3945007,2,2,3.5,50,0.04
GSE41848_MS,ElasticNet,probe_3360686,2,2,6.5,50,0.04
GSE41848_MS,ElasticNet,probe_2514308,2,2,7.0,50,0.04
GSE41848_MS,ElasticNet,probe_3019160,2,2,7.0,50,0.04
GSE41848_MS,ElasticNet,probe_3593067,2,2,7.5,50,0.04
GSE41848_MS,ElasticNet,probe_2782507,2,2,8.0,50,0.04
GSE41848_MS,ElasticNet,probe_3719026,2,2,8.0,50,0.04
GSE41848_MS,ElasticNet,probe_3782196,2,2,8.0,50,0.04
GSE41848_MS,ElasticNet,probe_2714820,2,2,9.0,50,0.04
GSE41848_MS,ElasticNet,probe_3670911,2,2,9.0,50,0.04
GSE41848_MS,ElasticNet,probe_3449071,2,2,9.5,50,0.04
GSE41848_MS,ElasticNet,probe_3484068,2,2,10.0,50,0.04
GSE41848_MS,ElasticNet,probe_3443807,1,1,2.0,50,0.02
GSE41848_MS,ElasticNet,probe_2955829,1,1,4.0,50,0.02
GSE41848_MS,ElasticNet,probe_3371543,1,1,4.0,50,0.02
GSE41848_MS,ElasticNet,probe_3638608,1,1,4.0,50,0.02
GSE41848_MS,ElasticNet,probe_2390299,1,1,5.0,50,0.02
GSE41848_MS,ElasticNet,probe_3219624,1,1,5.0,50,0.02
GSE41848_MS,ElasticNet,probe_3610621,1,1,5.0,50,0.02
GSE41848_MS,ElasticNet,probe_4037672,1,1,5.0,50,0.02
GSE41848_MS,ElasticNet,probe_2515242,1,1,6.0,50,0.02
GSE41848_MS,ElasticNet,probe_3388753,1,1,6.0,50,0.02
GSE41848_MS,ElasticNet,probe_2977691,1,1,7.0,50,0.02
GSE41848_MS,ElasticNet,probe_2475073,1,1,8.0,50,0.02
GSE41848_MS,ElasticNet,probe_2779488,1,1,8.0,50,0.02
GSE41848_MS,ElasticNet,probe_3061486,1,1,8.0,50,0.02
GSE41848_MS,ElasticNet,probe_3217078,1,1,8.0,50,0.02
GSE41848_MS,ElasticNet,probe_3325743,1,1,8.0,50,0.02
GSE41848_MS,ElasticNet,probe_4045599,1,1,8.0,50,0.02
GSE41848_MS,ElasticNet,probe_2362724,1,1,9.0,50,0.02
GSE41848_MS,ElasticNet,probe_2369350,1,1,9.0,50,0.02
GSE41848_MS,ElasticNet,probe_2616132,1,1,9.0,50,0.02
GSE41848_MS,ElasticNet,probe_2835801,1,1,9.0,50,0.02
GSE41848_MS,ElasticNet,probe_2956567,1,1,9.0,50,0.02
GSE41848_MS,ElasticNet,probe_3077657,1,1,9.0,50,0.02
GSE41848_MS,ElasticNet,probe_3142976,1,1,9.0,50,0.02
GSE41848_MS,ElasticNet,probe_3208502,1,1,9.0,50,0.02
GSE41848_MS,ElasticNet,probe_3527664,1,1,9.0,50,0.02
GSE41848_MS,ElasticNet,probe_2367052,1,1,10.0,50,0.02
GSE41848_MS,ElasticNet,probe_2384272,1,1,10.0,50,0.02
GSE41848_MS,ElasticNet,probe_2398823,1,1,10.0,50,0.02
GSE41848_MS,ElasticNet,probe_2903224,1,1,10.0,50,0.02
GSE41848_MS,ElasticNet,probe_2962878,1,1,10.0,50,0.02
GSE41848_MS,ElasticNet,probe_3021159,1,1,10.0,50,0.02
GSE41848_MS,ElasticNet,probe_3095226,1,1,10.0,50,0.02
GSE41848_MS,ElasticNet,probe_3442943,1,1,10.0,50,0.02
GSE41848_MS,ElasticNet,probe_3839911,1,1,10.0,50,0.02
GSE41848_MS,ElasticNet,probe_3869457,1,1,10.0,50,0.02
GSE41848_MS,ElasticNet,probe_3917595,1,1,10.0,50,0.02
GSE41848_MS,LLSS,probe_4048279,242,50,1.4421487603305785,50,1.0
GSE41848_MS,LLSS,probe_4048242,171,50,3.4502923976608186,50,1.0
GSE41848_MS,LLSS,probe_3822350,200,50,3.52,50,1.0
GSE41848_MS,LLSS,probe_3357844,169,50,4.556213017751479,50,1.0
GSE41848_MS,LLSS,probe_3860138,116,50,5.5,50,1.0
GSE41848_MS,LLSS,probe_3527495,148,49,5.1891891891891895,50,0.98
GSE41848_MS,LLSS,probe_4041423,92,49,5.836956521739131,50,0.98
GSE41848_MS,LLSS,probe_2973872,86,48,4.744186046511628,50,0.96
GSE41848_MS,LLSS,probe_3484068,90,47,5.711111111111111,50,0.94
GSE41848_MS,LLSS,probe_3688312,85,45,6.694117647058824,50,0.9
GSE41848_MS,LLSS,probe_3191675,44,37,5.409090909090909,50,0.74
GSE41848_MS,LLSS,probe_3872984,47,33,7.23404255319149,50,0.66
GSE41848_MS,LLSS,probe_2902430,37,32,7.351351351351352,50,0.64
GSE41848_MS,LLSS,probe_2324086,29,25,6.724137931034483,50,0.5
GSE41848_MS,LLSS,probe_3136168,29,25,6.9655172413793105,50,0.5
GSE41848_MS,LLSS,probe_3031633,24,21,6.458333333333333,50,0.42
GSE41848_MS,LLSS,probe_3079174,23,19,4.6521739130434785,50,0.38
GSE41848_MS,LLSS,probe_3824875,18,18,7.722222222222222,50,0.36
GSE41848_MS,LLSS,probe_2463518,19,17,6.684210526315789,50,0.34
GSE41848_MS,LLSS,probe_2861617,15,14,6.266666666666667,50,0.28
GSE41848_MS,LLSS,probe_2318739,12,12,8.75,50,0.24
GSE41848_MS,LLSS,probe_3053387,11,11,5.454545454545454,50,0.22
GSE41848_MS,LLSS,probe_2713956,11,11,7.2727272727272725,50,0.22
GSE41848_MS,LLSS,probe_3917595,9,9,5.777777777777778,50,0.18
GSE41848_MS,LLSS,probe_3662813,9,9,6.111111111111111,50,0.18
GSE41848_MS,LLSS,probe_2772161,7,7,6.428571428571429,50,0.14
GSE41848_MS,LLSS,probe_2969206,9,7,7.333333333333333,50,0.14
GSE41848_MS,LLSS,probe_3971810,7,7,8.857142857142858,50,0.14
GSE41848_MS,LLSS,probe_3360686,5,5,5.8,50,0.1
GSE41848_MS,LLSS,probe_3822542,5,5,6.0,50,0.1
GSE41848_MS,LLSS,probe_2972414,5,5,6.2,50,0.1
GSE41848_MS,LLSS,probe_2813715,5,5,6.6,50,0.1
GSE41848_MS,LLSS,probe_3273148,5,5,6.8,50,0.1
GSE41848_MS,LLSS,probe_3724547,4,4,5.0,50,0.08
GSE41848_MS,LLSS,probe_3722343,4,4,7.75,50,0.08
GSE41848_MS,LLSS,probe_3921999,4,4,7.75,50,0.08
GSE41848_MS,LLSS,probe_2403262,4,4,8.0,50,0.08
GSE41848_MS,LLSS,probe_3299473,4,4,8.5,50,0.08
GSE41848_MS,LLSS,probe_3230491,4,4,8.75,50,0.08
GSE41848_MS,LLSS,probe_3183351,3,3,6.333333333333333,50,0.06
GSE41848_MS,LLSS,probe_3719963,3,3,8.0,50,0.06
GSE41848_MS,LLSS,probe_3748451,3,3,8.0,50,0.06
GSE41848_MS,LLSS,probe_3884562,2,2,3.5,50,0.04
GSE41848_MS,LLSS,probe_2571967,2,2,6.5,50,0.04
GSE41848_MS,LLSS,probe_2439305,2,2,7.5,50,0.04
GSE41848_MS,LLSS,probe_3529612,2,2,8.0,50,0.04
GSE41848_MS,LLSS,probe_3274641,2,2,8.5,50,0.04
GSE41848_MS,LLSS,probe_2899092,2,2,9.0,50,0.04
GSE41848_MS,LLSS,probe_2491288,2,2,9.5,50,0.04
GSE41848_MS,LLSS,probe_2860184,2,2,10.0,50,0.04
GSE41848_MS,LLSS,probe_2424769,1,1,3.0,50,0.02
GSE41848_MS,LLSS,probe_2439103,1,1,3.0,50,0.02
GSE41848_MS,LLSS,probe_2835801,1,1,3.0,50,0.02
GSE41848_MS,LLSS,probe_3046559,1,1,5.0,50,0.02
GSE41848_MS,LLSS,probe_2439003,1,1,6.0,50,0.02
GSE41848_MS,LLSS,probe_3502719,1,1,6.0,50,0.02
GSE41848_MS,LLSS,probe_3770564,1,1,6.0,50,0.02
GSE41848_MS,LLSS,probe_2362364,1,1,7.0,50,0.02
GSE41848_MS,LLSS,probe_2510470,1,1,7.0,50,0.02
GSE41848_MS,LLSS,probe_3830651,1,1,7.0,50,0.02
GSE41848_MS,LLSS,probe_2359665,1,1,8.0,50,0.02
GSE41848_MS,LLSS,probe_2590493,1,1,8.0,50,0.02
GSE41848_MS,LLSS,probe_3142976,1,1,8.0,50,0.02
GSE41848_MS,LLSS,probe_3224334,1,1,8.0,50,0.02
GSE41848_MS,LLSS,probe_3815245,1,1,8.0,50,0.02
GSE41848_MS,LLSS,probe_2390144,1,1,9.0,50,0.02
GSE41848_MS,LLSS,probe_3188232,1,1,9.0,50,0.02
GSE41848_MS,LLSS,probe_3203414,1,1,9.0,50,0.02
GSE41848_MS,LLSS,probe_3333900,1,1,9.0,50,0.02
GSE41848_MS,LLSS,probe_3417242,1,1,9.0,50,0.02
GSE41848_MS,LLSS,probe_3723757,1,1,9.0,50,0.02
GSE41848_MS,LLSS,probe_2903306,1,1,10.0,50,0.02
GSE41848_MS,LLSS,probe_3053230,1,1,10.0,50,0.02
GSE41848_MS,LLSS,probe_3293442,1,1,10.0,50,0.02
GSE41848_MS,LLSS,probe_3385181,1,1,10.0,50,0.02
GSE41848_MS,LLSS,probe_3475799,1,1,10.0,50,0.02
GSE41848_MS,LLSS,probe_3557987,1,1,10.0,50,0.02
GSE41848_MS,Lasso,probe_4048279,250,50,1.212,50,1.0
GSE41848_MS,Lasso,probe_2861617,233,50,2.2875536480686693,50,1.0
GSE41848_MS,Lasso,probe_4041534,112,50,3.1517857142857144,50,1.0
GSE41848_MS,Lasso,probe_3053387,125,50,4.512,50,1.0
GSE41848_MS,Lasso,probe_3417242,112,48,4.625,50,0.96
GSE41848_MS,Lasso,probe_3079174,75,45,5.36,50,0.9
GSE41848_MS,Lasso,probe_3921999,53,39,6.150943396226415,50,0.78
GSE41848_MS,Lasso,probe_3662813,74,38,5.472972972972973,50,0.76
GSE41848_MS,Lasso,probe_2936859,43,35,4.8604651162790695,50,0.7
GSE41848_MS,Lasso,probe_3917272,44,32,5.181818181818182,50,0.64
GSE41848_MS,Lasso,probe_3724547,32,29,5.78125,50,0.58
GSE41848_MS,Lasso,probe_3642646,30,27,7.033333333333333,50,0.54
GSE41848_MS,Lasso,probe_2324086,30,25,6.566666666666666,50,0.5
GSE41848_MS,Lasso,probe_3822350,33,24,5.393939393939394,50,0.48
GSE41848_MS,Lasso,probe_3748451,27,22,6.444444444444445,50,0.44
GSE41848_MS,Lasso,probe_3382078,16,16,5.875,50,0.32
GSE41848_MS,Lasso,probe_3527495,18,16,6.0,50,0.32
GSE41848_MS,Lasso,probe_3031633,17,15,5.588235294117647,50,0.3
GSE41848_MS,Lasso,probe_2973872,17,15,6.0,50,0.3
GSE41848_MS,Lasso,probe_2772161,15,14,7.066666666666666,50,0.28
GSE41848_MS,Lasso,probe_3563401,15,14,7.333333333333333,50,0.28
GSE41848_MS,Lasso,probe_3923213,15,14,8.266666666666667,50,0.28
GSE41848_MS,Lasso,probe_3046559,15,13,6.933333333333334,50,0.26
GSE41848_MS,Lasso,probe_2974611,12,12,5.583333333333333,50,0.24
GSE41848_MS,Lasso,probe_2821369,11,11,6.909090909090909,50,0.22
GSE41848_MS,Lasso,probe_2510470,11,11,8.0,50,0.22
GSE41848_MS,Lasso,probe_2497163,7,7,6.142857142857143,50,0.14
GSE41848_MS,Lasso,probe_3484068,7,7,7.0,50,0.14
GSE41848_MS,Lasso,probe_4035834,6,6,6.0,50,0.12
GSE41848_MS,Lasso,probe_2540163,5,5,6.6,50,0.1
GSE41848_MS,Lasso,probe_2400663,5,5,6.8,50,0.1
GSE41848_MS,Lasso,probe_4052276,4,4,5.75,50,0.08
GSE41848_MS,Lasso,probe_2940203,4,4,6.5,50,0.08
GSE41848_MS,Lasso,probe_2895814,4,4,7.0,50,0.08
GSE41848_MS,Lasso,probe_3214452,4,4,9.0,50,0.08
GSE41848_MS,Lasso,probe_2835801,3,3,5.333333333333333,50,0.06
GSE41848_MS,Lasso,probe_3154139,3,3,5.333333333333333,50,0.06
GSE41848_MS,Lasso,probe_2439103,3,3,6.0,50,0.06
GSE41848_MS,Lasso,probe_3476742,3,3,7.0,50,0.06
GSE41848_MS,Lasso,probe_4041423,3,3,7.0,50,0.06
GSE41848_MS,Lasso,probe_3019160,3,3,8.666666666666666,50,0.06
GSE41848_MS,Lasso,probe_3021159,3,3,8.666666666666666,50,0.06
GSE41848_MS,Lasso,probe_2390299,3,3,9.333333333333334,50,0.06
GSE41848_MS,Lasso,probe_3046709,2,2,3.0,50,0.04
GSE41848_MS,Lasso,probe_2956567,2,2,5.5,50,0.04
GSE41848_MS,Lasso,probe_2369350,2,2,6.0,50,0.04
GSE41848_MS,Lasso,probe_3945007,2,2,6.0,50,0.04
GSE41848_MS,Lasso,probe_3227122,2,2,6.5,50,0.04
GSE41848_MS,Lasso,probe_2782507,2,2,7.5,50,0.04
GSE41848_MS,Lasso,probe_2463518,2,2,8.0,50,0.04
GSE41848_MS,Lasso,probe_2324417,2,2,8.5,50,0.04
GSE41848_MS,Lasso,probe_3385181,2,2,8.5,50,0.04
GSE41848_MS,Lasso,probe_3041123,2,2,9.0,50,0.04
GSE41848_MS,Lasso,probe_3191675,2,2,9.0,50,0.04
GSE41848_MS,Lasso,probe_3339349,2,2,9.0,50,0.04
GSE41848_MS,Lasso,probe_3670911,2,2,9.5,50,0.04
GSE41848_MS,Lasso,probe_3449071,2,2,10.0,50,0.04
GSE41848_MS,Lasso,probe_2766290,1,1,3.0,50,0.02
GSE41848_MS,Lasso,probe_2955829,1,1,4.0,50,0.02
GSE41848_MS,Lasso,probe_3325743,1,1,4.0,50,0.02
GSE41848_MS,Lasso,probe_3893462,1,1,4.0,50,0.02
GSE41848_MS,Lasso,probe_2449108,1,1,5.0,50,0.02
GSE41848_MS,Lasso,probe_2514308,1,1,5.0,50,0.02
GSE41848_MS,Lasso,probe_3443807,1,1,5.0,50,0.02
GSE41848_MS,Lasso,probe_3638608,1,1,5.0,50,0.02
GSE41848_MS,Lasso,probe_3703886,1,1,5.0,50,0.02
GSE41848_MS,Lasso,probe_3371543,1,1,6.0,50,0.02
GSE41848_MS,Lasso,probe_2860184,1,1,7.0,50,0.02
GSE41848_MS,Lasso,probe_3318116,1,1,7.0,50,0.02
GSE41848_MS,Lasso,probe_3610621,1,1,7.0,50,0.02
GSE41848_MS,Lasso,probe_2737853,1,1,8.0,50,0.02
GSE41848_MS,Lasso,probe_3077657,1,1,8.0,50,0.02
GSE41848_MS,Lasso,probe_3332277,1,1,8.0,50,0.02
GSE41848_MS,Lasso,probe_3339203,1,1,8.0,50,0.02
GSE41848_MS,Lasso,probe_3974020,1,1,8.0,50,0.02
GSE41848_MS,Lasso,probe_2347744,1,1,9.0,50,0.02
GSE41848_MS,Lasso,probe_2357857,1,1,9.0,50,0.02
GSE41848_MS,Lasso,probe_2701034,1,1,9.0,50,0.02
GSE41848_MS,Lasso,probe_2714820,1,1,9.0,50,0.02
GSE41848_MS,Lasso,probe_2723925,1,1,9.0,50,0.02
GSE41848_MS,Lasso,probe_2950147,1,1,9.0,50,0.02
GSE41848_MS,Lasso,probe_3142976,1,1,9.0,50,0.02
GSE41848_MS,Lasso,probe_3360686,1,1,9.0,50,0.02
GSE41848_MS,Lasso,probe_3442943,1,1,9.0,50,0.02
GSE41848_MS,Lasso,probe_3502719,1,1,9.0,50,0.02
GSE41848_MS,Lasso,probe_3593067,1,1,9.0,50,0.02
GSE41848_MS,Lasso,probe_3719026,1,1,9.0,50,0.02
GSE41848_MS,Lasso,probe_2439003,1,1,10.0,50,0.02
GSE41848_MS,Lasso,probe_2475073,1,1,10.0,50,0.02
GSE41848_MS,Lasso,probe_2929143,1,1,10.0,50,0.02
GSE41848_MS,Lasso,probe_2948932,1,1,10.0,50,0.02
GSE41848_MS,Lasso,probe_2962878,1,1,10.0,50,0.02
GSE41848_MS,Lasso,probe_3219624,1,1,10.0,50,0.02
GSE41848_MS,Lasso,probe_3318977,1,1,10.0,50,0.02
GSE41848_MS,Lasso,probe_3693838,1,1,10.0,50,0.02
GSE41848_MS,Lasso,probe_3723757,1,1,10.0,50,0.02
GSE41848_MS,Lasso,probe_3835816,1,1,10.0,50,0.02
GSE41848_MS,Lasso,probe_3841760,1,1,10.0,50,0.02
GSE41848_MS,Lasso,probe_3917595,1,1,10.0,50,0.02
GSE41848_MS,Lasso,probe_3935487,1,1,10.0,50,0.02
GSE41848_MS,LongGroupLasso,probe_4048279,250,50,1.084,50,1.0
GSE41848_MS,LongGroupLasso,probe_2861617,144,50,3.2152777777777777,50,1.0
GSE41848_MS,LongGroupLasso,probe_2973872,174,50,3.3850574712643677,50,1.0
GSE41848_MS,LongGroupLasso,probe_4048242,204,50,3.5392156862745097,50,1.0
GSE41848_MS,LongGroupLasso,probe_3357844,116,50,5.896551724137931,50,1.0
GSE41848_MS,LongGroupLasso,probe_3822350,113,48,7.106194690265487,50,0.96
GSE41848_MS,LongGroupLasso,probe_2813715,89,46,4.910112359550562,50,0.92
GSE41848_MS,LongGroupLasso,probe_3079174,78,45,5.794871794871795,50,0.9
GSE41848_MS,LongGroupLasso,probe_3031633,62,42,6.193548387096774,50,0.84
GSE41848_MS,LongGroupLasso,probe_4041423,76,42,7.2105263157894735,50,0.84
GSE41848_MS,LongGroupLasso,probe_3527495,62,42,7.870967741935484,50,0.84
GSE41848_MS,LongGroupLasso,probe_3191675,43,39,4.906976744186046,50,0.78
GSE41848_MS,LongGroupLasso,probe_3921999,51,37,4.901960784313726,50,0.74
GSE41848_MS,LongGroupLasso,probe_3053387,39,32,5.769230769230769,50,0.64
GSE41848_MS,LongGroupLasso,probe_3662813,30,27,5.8,50,0.54
GSE41848_MS,LongGroupLasso,probe_3484068,26,25,7.423076923076923,50,0.5
GSE41848_MS,LongGroupLasso,probe_3748451,20,20,5.05,50,0.4
GSE41848_MS,LongGroupLasso,probe_2463518,18,17,7.333333333333333,50,0.34
GSE41848_MS,LongGroupLasso,probe_3724547,16,16,6.5,50,0.32
GSE41848_MS,LongGroupLasso,probe_3860138,15,15,8.533333333333333,50,0.3
GSE41848_MS,LongGroupLasso,probe_3136168,14,14,6.142857142857143,50,0.28
GSE41848_MS,LongGroupLasso,probe_2324086,15,14,8.4,50,0.28
GSE41848_MS,LongGroupLasso,probe_2510470,11,11,7.545454545454546,50,0.22
GSE41848_MS,LongGroupLasso,probe_3417242,9,9,8.11111111111111,50,0.18
GSE41848_MS,LongGroupLasso,probe_2439003,8,8,7.5,50,0.16
GSE41848_MS,LongGroupLasso,probe_2972414,7,7,5.714285714285714,50,0.14
GSE41848_MS,LongGroupLasso,probe_3273148,6,6,7.166666666666667,50,0.12
GSE41848_MS,LongGroupLasso,probe_2835801,6,6,7.666666666666667,50,0.12
GSE41848_MS,LongGroupLasso,probe_3475799,6,6,7.666666666666667,50,0.12
GSE41848_MS,LongGroupLasso,probe_3046559,5,5,5.4,50,0.1
GSE41848_MS,LongGroupLasso,probe_2969206,5,5,8.0,50,0.1
GSE41848_MS,LongGroupLasso,probe_2713956,5,5,9.0,50,0.1
GSE41848_MS,LongGroupLasso,probe_3623656,4,4,5.25,50,0.08
GSE41848_MS,LongGroupLasso,probe_3339349,4,4,6.25,50,0.08
GSE41848_MS,LongGroupLasso,probe_2400663,4,4,7.0,50,0.08
GSE41848_MS,LongGroupLasso,probe_2772161,3,3,1.6666666666666667,50,0.06
GSE41848_MS,LongGroupLasso,probe_3360686,3,3,2.0,50,0.06
GSE41848_MS,LongGroupLasso,probe_3884562,3,3,4.0,50,0.06
GSE41848_MS,LongGroupLasso,probe_3917595,3,3,4.333333333333333,50,0.06
GSE41848_MS,LongGroupLasso,probe_3274641,4,3,5.75,50,0.06
GSE41848_MS,LongGroupLasso,probe_3822542,3,3,6.0,50,0.06
GSE41848_MS,LongGroupLasso,probe_2403262,3,3,8.0,50,0.06
GSE41848_MS,LongGroupLasso,probe_2475073,3,3,8.333333333333334,50,0.06
GSE41848_MS,LongGroupLasso,probe_3824875,3,3,8.666666666666666,50,0.06
GSE41848_MS,LongGroupLasso,probe_3688312,3,3,9.333333333333334,50,0.06
GSE41848_MS,LongGroupLasso,probe_3923213,2,2,4.0,50,0.04
GSE41848_MS,LongGroupLasso,probe_2540163,2,2,5.0,50,0.04
GSE41848_MS,LongGroupLasso,probe_2497163,2,2,5.5,50,0.04
GSE41848_MS,LongGroupLasso,probe_3183351,2,2,6.0,50,0.04
GSE41848_MS,LongGroupLasso,probe_2902430,2,2,8.0,50,0.04
GSE41848_MS,LongGroupLasso,probe_3872984,2,2,9.0,50,0.04
GSE41848_MS,LongGroupLasso,probe_3917272,1,1,2.0,50,0.02
GSE41848_MS,LongGroupLasso,probe_4041534,1,1,2.0,50,0.02
GSE41848_MS,LongGroupLasso,probe_2895814,1,1,5.0,50,0.02
GSE41848_MS,LongGroupLasso,probe_3077657,1,1,5.0,50,0.02
GSE41848_MS,LongGroupLasso,probe_3444087,1,1,5.0,50,0.02
GSE41848_MS,LongGroupLasso,probe_3224334,1,1,6.0,50,0.02
GSE41848_MS,LongGroupLasso,probe_3862116,1,1,6.0,50,0.02
GSE41848_MS,LongGroupLasso,probe_3205648,1,1,7.0,50,0.02
GSE41848_MS,LongGroupLasso,probe_3692702,1,1,7.0,50,0.02
GSE41848_MS,LongGroupLasso,probe_2897843,1,1,8.0,50,0.02
GSE41848_MS,LongGroupLasso,probe_3642646,1,1,8.0,50,0.02
GSE41848_MS,LongGroupLasso,probe_3822075,1,1,8.0,50,0.02
GSE41848_MS,LongGroupLasso,probe_2571967,1,1,9.0,50,0.02
GSE41848_MS,LongGroupLasso,probe_2782507,1,1,9.0,50,0.02
GSE41848_MS,LongGroupLasso,probe_2860184,1,1,9.0,50,0.02
GSE41848_MS,LongGroupLasso,probe_2318739,1,1,10.0,50,0.02
GSE41848_MS,LongGroupLasso,probe_2669980,1,1,10.0,50,0.02
GSE41848_MS,LongGroupLasso,probe_2738681,1,1,10.0,50,0.02
GSE41848_MS,LongGroupLasso,probe_3722343,1,1,10.0,50,0.02
GSE41848_MS,MutualInfo,probe_3529612,163,50,3.3865030674846626,50,1.0
GSE41848_MS,MutualInfo,probe_4048242,127,50,3.62992125984252,50,1.0
GSE41848_MS,MutualInfo,probe_3417242,107,50,4.299065420560748,50,1.0
GSE41848_MS,MutualInfo,probe_4041423,109,49,4.275229357798165,50,0.98
GSE41848_MS,MutualInfo,probe_3720121,78,49,4.487179487179487,50,0.98
GSE41848_MS,MutualInfo,probe_3819106,97,49,5.103092783505154,50,0.98
GSE41848_MS,MutualInfo,probe_3830651,92,48,4.304347826086956,50,0.96
GSE41848_MS,MutualInfo,probe_2973872,78,47,4.153846153846154,50,0.94
GSE41848_MS,MutualInfo,probe_2483546,72,46,4.611111111111111,50,0.92
GSE41848_MS,MutualInfo,probe_3688312,81,46,5.2592592592592595,50,0.92
GSE41848_MS,MutualInfo,probe_4048279,55,43,4.381818181818182,50,0.86
GSE41848_MS,MutualInfo,probe_3982471,69,43,4.884057971014493,50,0.86
GSE41848_MS,MutualInfo,probe_3819461,65,42,4.492307692307692,50,0.84
GSE41848_MS,MutualInfo,probe_3822350,52,38,6.403846153846154,50,0.76
GSE41848_MS,MutualInfo,probe_2903191,58,37,5.327586206896552,50,0.74
GSE41848_MS,MutualInfo,probe_3527495,47,36,5.595744680851064,50,0.72
GSE41848_MS,MutualInfo,probe_2977691,55,36,6.0,50,0.72
GSE41848_MS,MutualInfo,probe_2331179,34,32,5.5588235294117645,50,0.64
GSE41848_MS,MutualInfo,probe_3067650,41,31,4.7317073170731705,50,0.62
GSE41848_MS,MutualInfo,probe_3872984,41,31,5.536585365853658,50,0.62
GSE41848_MS,MutualInfo,probe_3476742,37,29,5.756756756756757,50,0.58
GSE41848_MS,MutualInfo,probe_3230491,33,28,5.333333333333333,50,0.56
GSE41848_MS,MutualInfo,probe_3825210,23,20,7.0,50,0.4
GSE41848_MS,MutualInfo,probe_2638872,20,19,6.2,50,0.38
GSE41848_MS,MutualInfo,probe_2902430,18,18,5.222222222222222,50,0.36
GSE41848_MS,MutualInfo,probe_3376000,19,16,6.631578947368421,50,0.32
GSE41848_MS,MutualInfo,probe_3917595,14,14,5.071428571428571,50,0.28
GSE41848_MS,MutualInfo,probe_2403262,13,13,6.0,50,0.26
GSE41848_MS,MutualInfo,probe_3557987,12,12,5.666666666666667,50,0.24
GSE41848_MS,MutualInfo,probe_3474345,12,12,6.166666666666667,50,0.24
GSE41848_MS,MutualInfo,probe_2424769,9,9,5.111111111111111,50,0.18
GSE41848_MS,MutualInfo,probe_2950718,11,9,5.545454545454546,50,0.18
GSE41848_MS,MutualInfo,probe_3441959,8,8,6.25,50,0.16
GSE41848_MS,MutualInfo,probe_3331360,7,7,4.142857142857143,50,0.14
GSE41848_MS,MutualInfo,probe_2874688,7,7,4.571428571428571,50,0.14
GSE41848_MS,MutualInfo,probe_3893462,7,7,5.428571428571429,50,0.14
GSE41848_MS,MutualInfo,probe_3628924,7,7,7.571428571428571,50,0.14
GSE41848_MS,MutualInfo,probe_2586800,6,6,6.333333333333333,50,0.12
GSE41848_MS,MutualInfo,probe_3224334,6,6,6.333333333333333,50,0.12
GSE41848_MS,MutualInfo,probe_3719963,7,6,8.142857142857142,50,0.12
GSE41848_MS,MutualInfo,probe_3333900,6,6,8.666666666666666,50,0.12
GSE41848_MS,MutualInfo,probe_3416911,5,5,5.4,50,0.1
GSE41848_MS,MutualInfo,probe_3770564,5,5,6.0,50,0.1
GSE41848_MS,MutualInfo,probe_3225197,5,5,6.2,50,0.1
GSE41848_MS,MutualInfo,probe_3273138,4,4,3.0,50,0.08
GSE41848_MS,MutualInfo,probe_2603672,4,4,5.5,50,0.08
GSE41848_MS,MutualInfo,probe_3484068,5,4,5.6,50,0.08
GSE41848_MS,MutualInfo,probe_3619169,4,4,7.0,50,0.08
GSE41848_MS,MutualInfo,probe_2861617,4,4,8.75,50,0.08
GSE41848_MS,MutualInfo,probe_3708188,4,4,8.75,50,0.08
GSE41848_MS,MutualInfo,probe_2773360,3,3,6.333333333333333,50,0.06
GSE41848_MS,MutualInfo,probe_3502719,3,3,6.666666666666667,50,0.06
GSE41848_MS,MutualInfo,probe_3861949,3,3,6.666666666666667,50,0.06
GSE41848_MS,MutualInfo,probe_2571967,3,3,9.0,50,0.06
GSE41848_MS,MutualInfo,probe_3708202,3,3,9.333333333333334,50,0.06
GSE41848_MS,MutualInfo,probe_2738681,2,2,2.0,50,0.04
GSE41848_MS,MutualInfo,probe_2903306,2,2,3.5,50,0.04
GSE41848_MS,MutualInfo,probe_2714820,2,2,5.0,50,0.04
GSE41848_MS,MutualInfo,probe_2319551,2,2,5.5,50,0.04
GSE41848_MS,MutualInfo,probe_2334170,2,2,5.5,50,0.04
GSE41848_MS,MutualInfo,probe_2369350,2,2,6.5,50,0.04
GSE41848_MS,MutualInfo,probe_2324086,2,2,7.5,50,0.04
GSE41848_MS,MutualInfo,probe_2436013,2,2,7.5,50,0.04
GSE41848_MS,MutualInfo,probe_2835801,2,2,7.5,50,0.04
GSE41848_MS,MutualInfo,probe_3857106,2,2,8.0,50,0.04
GSE41848_MS,MutualInfo,probe_2390144,2,2,9.5,50,0.04
GSE41848_MS,MutualInfo,probe_2512939,1,1,1.0,50,0.02
GSE41848_MS,MutualInfo,probe_2636629,1,1,3.0,50,0.02
GSE41848_MS,MutualInfo,probe_3867224,1,1,3.0,50,0.02
GSE41848_MS,MutualInfo,probe_3661819,1,1,4.0,50,0.02
GSE41848_MS,MutualInfo,probe_3315679,1,1,5.0,50,0.02
GSE41848_MS,MutualInfo,probe_3782196,1,1,5.0,50,0.02
GSE41848_MS,MutualInfo,probe_2839741,1,1,6.0,50,0.02
GSE41848_MS,MutualInfo,probe_2972414,1,1,6.0,50,0.02
GSE41848_MS,MutualInfo,probe_2553972,1,1,7.0,50,0.02
GSE41848_MS,MutualInfo,probe_2737620,1,1,7.0,50,0.02
GSE41848_MS,MutualInfo,probe_2756406,1,1,7.0,50,0.02
GSE41848_MS,MutualInfo,probe_2813869,1,1,7.0,50,0.02
GSE41848_MS,MutualInfo,probe_3273129,1,1,7.0,50,0.02
GSE41848_MS,MutualInfo,probe_3337180,1,1,7.0,50,0.02
GSE41848_MS,MutualInfo,probe_3643566,1,1,7.0,50,0.02
GSE41848_MS,MutualInfo,probe_3304748,1,1,8.0,50,0.02
GSE41848_MS,MutualInfo,probe_3945007,1,1,8.0,50,0.02
GSE41848_MS,MutualInfo,probe_2443451,1,1,9.0,50,0.02
GSE41848_MS,MutualInfo,probe_2902449,1,1,9.0,50,0.02
GSE41848_MS,MutualInfo,probe_2904689,1,1,9.0,50,0.02
GSE41848_MS,MutualInfo,probe_3726968,1,1,9.0,50,0.02
GSE41848_MS,MutualInfo,probe_2772161,1,1,10.0,50,0.02
GSE41848_MS,MutualInfo,probe_3004631,1,1,10.0,50,0.02
GSE41848_MS,MutualInfo,probe_3693838,1,1,10.0,50,0.02
GSE41848_MS,OutcomeSNN-FS,probe_4048279,250,50,1.016,50,1.0
GSE41848_MS,OutcomeSNN-FS,probe_2861617,178,50,3.1853932584269664,50,1.0
GSE41848_MS,OutcomeSNN-FS,probe_3822350,161,50,3.4906832298136647,50,1.0
GSE41848_MS,OutcomeSNN-FS,probe_2973872,130,50,3.976923076923077,50,1.0
GSE41848_MS,OutcomeSNN-FS,probe_3079174,103,49,4.825242718446602,50,0.98
GSE41848_MS,OutcomeSNN-FS,probe_3527495,98,48,4.469387755102041,50,0.96
GSE41848_MS,OutcomeSNN-FS,probe_3662813,69,45,4.666666666666667,50,0.9
GSE41848_MS,OutcomeSNN-FS,probe_3053387,66,44,5.075757575757576,50,0.88
GSE41848_MS,OutcomeSNN-FS,probe_3417242,68,42,5.705882352941177,50,0.84
GSE41848_MS,OutcomeSNN-FS,probe_2324086,48,36,5.8125,50,0.72
GSE41848_MS,OutcomeSNN-FS,probe_3357844,49,35,6.081632653061225,50,0.7
GSE41848_MS,OutcomeSNN-FS,probe_2400663,27,25,6.962962962962963,50,0.5
GSE41848_MS,OutcomeSNN-FS,probe_3921999,29,24,5.896551724137931,50,0.48
GSE41848_MS,OutcomeSNN-FS,probe_3917272,27,23,7.111111111111111,50,0.46
GSE41848_MS,OutcomeSNN-FS,probe_4041534,24,21,5.916666666666667,50,0.42
GSE41848_MS,OutcomeSNN-FS,probe_3642646,20,19,8.4,50,0.38
GSE41848_MS,OutcomeSNN-FS,probe_2936859,19,17,6.578947368421052,50,0.34
GSE41848_MS,OutcomeSNN-FS,probe_3923213,13,13,7.6923076923076925,50,0.26
GSE41848_MS,OutcomeSNN-FS,probe_4048242,12,12,6.583333333333333,50,0.24
GSE41848_MS,OutcomeSNN-FS,probe_3748451,14,12,6.642857142857143,50,0.24
GSE41848_MS,OutcomeSNN-FS,probe_2439103,12,12,7.25,50,0.24
GSE41848_MS,OutcomeSNN-FS,probe_3724547,10,10,6.0,50,0.2
GSE41848_MS,OutcomeSNN-FS,probe_3031633,9,9,6.222222222222222,50,0.18
GSE41848_MS,OutcomeSNN-FS,probe_3670911,10,9,6.4,50,0.18
GSE41848_MS,OutcomeSNN-FS,probe_3382078,8,8,7.375,50,0.16
GSE41848_MS,OutcomeSNN-FS,probe_4041423,7,7,7.0,50,0.14
GSE41848_MS,OutcomeSNN-FS,probe_2860184,6,6,8.5,50,0.12
GSE41848_MS,OutcomeSNN-FS,probe_2463518,6,6,8.666666666666666,50,0.12
GSE41848_MS,OutcomeSNN-FS,probe_3077657,5,5,6.2,50,0.1
GSE41848_MS,OutcomeSNN-FS,probe_3484068,5,5,6.6,50,0.1
GSE41848_MS,OutcomeSNN-FS,probe_3563401,5,5,8.0,50,0.1
GSE41848_MS,OutcomeSNN-FS,probe_2835801,4,4,6.25,50,0.08
GSE41848_MS,OutcomeSNN-FS,probe_2772161,4,4,7.75,50,0.08
GSE41848_MS,OutcomeSNN-FS,probe_3917595,4,4,8.5,50,0.08
GSE41848_MS,OutcomeSNN-FS,probe_2779488,3,3,5.666666666666667,50,0.06
GSE41848_MS,OutcomeSNN-FS,probe_2821369,3,3,5.666666666666667,50,0.06
GSE41848_MS,OutcomeSNN-FS,probe_3815245,3,3,8.333333333333334,50,0.06
GSE41848_MS,OutcomeSNN-FS,probe_2510470,2,2,6.5,50,0.04
GSE41848_MS,OutcomeSNN-FS,probe_2956567,2,2,8.0,50,0.04
GSE41848_MS,OutcomeSNN-FS,probe_3860138,2,2,8.0,50,0.04
GSE41848_MS,OutcomeSNN-FS,probe_3191675,2,2,8.5,50,0.04
GSE41848_MS,OutcomeSNN-FS,probe_2813715,2,2,9.0,50,0.04
GSE41848_MS,OutcomeSNN-FS,probe_2367052,2,2,9.5,50,0.04
GSE41848_MS,OutcomeSNN-FS,probe_2974611,1,1,4.0,50,0.02
GSE41848_MS,OutcomeSNN-FS,probe_2940203,1,1,6.0,50,0.02
GSE41848_MS,OutcomeSNN-FS,probe_3154139,1,1,6.0,50,0.02
GSE41848_MS,OutcomeSNN-FS,probe_3449071,1,1,6.0,50,0.02
GSE41848_MS,OutcomeSNN-FS,probe_3945007,1,1,6.0,50,0.02
GSE41848_MS,OutcomeSNN-FS,probe_2701034,1,1,7.0,50,0.02
GSE41848_MS,OutcomeSNN-FS,probe_3230491,1,1,7.0,50,0.02
GSE41848_MS,OutcomeSNN-FS,probe_3332277,1,1,7.0,50,0.02
GSE41848_MS,OutcomeSNN-FS,probe_3333900,1,1,7.0,50,0.02
GSE41848_MS,OutcomeSNN-FS,probe_2439003,1,1,8.0,50,0.02
GSE41848_MS,OutcomeSNN-FS,probe_2723925,1,1,8.0,50,0.02
GSE41848_MS,OutcomeSNN-FS,probe_2443419,1,1,9.0,50,0.02
GSE41848_MS,OutcomeSNN-FS,probe_2672097,1,1,9.0,50,0.02
GSE41848_MS,OutcomeSNN-FS,probe_2974266,1,1,9.0,50,0.02
GSE41848_MS,OutcomeSNN-FS,probe_3339349,1,1,9.0,50,0.02
GSE41848_MS,OutcomeSNN-FS,probe_3360686,1,1,9.0,50,0.02
GSE41848_MS,OutcomeSNN-FS,probe_3688312,1,1,9.0,50,0.02
GSE41848_MS,OutcomeSNN-FS,probe_2497163,1,1,10.0,50,0.02
GSE41848_MS,OutcomeSNN-FS,probe_2962878,1,1,10.0,50,0.02
GSE41848_MS,OutcomeSNN-FS,probe_2972414,1,1,10.0,50,0.02
GSE41848_MS,OutcomeSNN-FS,probe_3046559,1,1,10.0,50,0.02
GSE41848_MS,OutcomeSNN-FS,probe_3273148,1,1,10.0,50,0.02
GSE41848_MS,OutcomeSNN-FS,probe_3339203,1,1,10.0,50,0.02
GSE41848_MS,OutcomeSNN-FS,probe_3693838,1,1,10.0,50,0.02
GSE41848_MS,OutcomeSNN-FS,probe_3782196,1,1,10.0,50,0.02
GSE41848_MS,OutcomeSNN-FS,probe_3907194,1,1,10.0,50,0.02
GSE41848_MS,OutcomeSNN-FS,probe_4016310,1,1,10.0,50,0.02
GSE41848_MS,PGEE,probe_4048279,245,50,1.2326530612244897,50,1.0
GSE41848_MS,PGEE,probe_4048242,205,50,2.9609756097560975,50,1.0
GSE41848_MS,PGEE,probe_3822350,123,50,5.056910569105691,50,1.0
GSE41848_MS,PGEE,probe_3527495,111,49,4.981981981981982,50,0.98
GSE41848_MS,PGEE,probe_2861617,82,48,2.1951219512195124,50,0.96
GSE41848_MS,PGEE,probe_2973872,101,47,5.01980198019802,50,0.94
GSE41848_MS,PGEE,probe_3860138,94,45,5.276595744680851,50,0.9
GSE41848_MS,PGEE,probe_2324086,85,45,5.8,50,0.9
GSE41848_MS,PGEE,probe_3688312,74,40,5.635135135135135,50,0.8
GSE41848_MS,PGEE,probe_3872984,61,39,6.360655737704918,50,0.78
GSE41848_MS,PGEE,probe_2813715,46,36,3.782608695652174,50,0.72
GSE41848_MS,PGEE,probe_3357844,46,33,6.630434782608695,50,0.66
GSE41848_MS,PGEE,probe_2902430,38,31,6.552631578947368,50,0.62
GSE41848_MS,PGEE,probe_3230491,26,26,6.115384615384615,50,0.52
GSE41848_MS,PGEE,probe_3079174,33,25,5.818181818181818,50,0.5
GSE41848_MS,PGEE,probe_3031633,30,24,6.333333333333333,50,0.48
GSE41848_MS,PGEE,probe_3971810,23,22,6.478260869565218,50,0.44
GSE41848_MS,PGEE,probe_2318739,23,21,6.782608695652174,50,0.42
GSE41848_MS,PGEE,probe_3529612,23,17,5.043478260869565,50,0.34
GSE41848_MS,PGEE,probe_3484068,18,16,6.777777777777778,50,0.32
GSE41848_MS,PGEE,probe_3053387,15,15,6.266666666666667,50,0.3
GSE41848_MS,PGEE,probe_3824875,15,14,6.8,50,0.28
GSE41848_MS,PGEE,probe_2463518,16,14,8.25,50,0.28
GSE41848_MS,PGEE,probe_3748451,13,13,6.769230769230769,50,0.26
GSE41848_MS,PGEE,probe_3337180,12,12,3.0833333333333335,50,0.24
GSE41848_MS,PGEE,probe_3719963,13,12,8.0,50,0.24
GSE41848_MS,PGEE,probe_3724547,11,11,7.181818181818182,50,0.22
GSE41848_MS,PGEE,probe_3708202,10,10,5.5,50,0.2
GSE41848_MS,PGEE,probe_3921999,9,9,7.333333333333333,50,0.18
GSE41848_MS,PGEE,probe_3830651,10,9,8.0,50,0.18
GSE41848_MS,PGEE,probe_3417242,8,8,4.875,50,0.16
GSE41848_MS,PGEE,probe_3815245,8,8,6.625,50,0.16
GSE41848_MS,PGEE,probe_2510470,7,7,6.285714285714286,50,0.14
GSE41848_MS,PGEE,probe_3333900,7,7,6.428571428571429,50,0.14
GSE41848_MS,PGEE,probe_4007010,6,6,6.0,50,0.12
GSE41848_MS,PGEE,probe_3315679,6,6,6.166666666666667,50,0.12
GSE41848_MS,PGEE,probe_2403262,5,5,6.0,50,0.1
GSE41848_MS,PGEE,probe_3191675,5,5,7.4,50,0.1
GSE41848_MS,PGEE,probe_3664837,4,4,5.5,50,0.08
GSE41848_MS,PGEE,probe_2713956,4,4,5.75,50,0.08
GSE41848_MS,PGEE,probe_3444087,4,4,7.5,50,0.08
GSE41848_MS,PGEE,probe_3662813,3,3,4.666666666666667,50,0.06
GSE41848_MS,PGEE,probe_3642646,3,3,6.666666666666667,50,0.06
GSE41848_MS,PGEE,probe_3770564,3,3,7.0,50,0.06
GSE41848_MS,PGEE,probe_3046559,3,3,8.0,50,0.06
GSE41848_MS,PGEE,probe_3557812,4,3,8.5,50,0.06
GSE41848_MS,PGEE,probe_3557987,3,3,8.666666666666666,50,0.06
GSE41848_MS,PGEE,probe_2782507,3,3,9.0,50,0.06
GSE41848_MS,PGEE,probe_2969206,2,2,4.5,50,0.04
GSE41848_MS,PGEE,probe_2439103,2,2,5.5,50,0.04
GSE41848_MS,PGEE,probe_3502719,2,2,6.0,50,0.04
GSE41848_MS,PGEE,probe_2756406,2,2,7.5,50,0.04
GSE41848_MS,PGEE,probe_2439003,2,2,8.0,50,0.04
GSE41848_MS,PGEE,probe_2779488,2,2,8.0,50,0.04
GSE41848_MS,PGEE,probe_3693838,2,2,9.5,50,0.04
GSE41848_MS,PGEE,probe_3726968,1,1,2.0,50,0.02
GSE41848_MS,PGEE,probe_2669980,1,1,3.0,50,0.02
GSE41848_MS,PGEE,probe_2950718,1,1,3.0,50,0.02
GSE41848_MS,PGEE,probe_3815730,1,1,4.0,50,0.02
GSE41848_MS,PGEE,probe_2362364,1,1,5.0,50,0.02
GSE41848_MS,PGEE,probe_2400663,1,1,5.0,50,0.02
GSE41848_MS,PGEE,probe_2903191,1,1,5.0,50,0.02
GSE41848_MS,PGEE,probe_3293442,1,1,6.0,50,0.02
GSE41848_MS,PGEE,probe_2688729,1,1,7.0,50,0.02
GSE41848_MS,PGEE,probe_2860184,1,1,7.0,50,0.02
GSE41848_MS,PGEE,probe_3722343,1,1,8.0,50,0.02
GSE41848_MS,PGEE,probe_3623656,1,1,9.0,50,0.02
GSE41848_MS,PGEE,probe_3960177,1,1,10.0,50,0.02
GSE41848_MS,RandomForest,probe_4048279,250,50,1.032,50,1.0
GSE41848_MS,RandomForest,probe_4048242,247,50,2.1012145748987856,50,1.0
GSE41848_MS,RandomForest,probe_2861617,167,50,3.694610778443114,50,1.0
GSE41848_MS,RandomForest,probe_2813715,166,49,4.048192771084337,50,0.98
GSE41848_MS,RandomForest,probe_3529612,97,46,5.577319587628866,50,0.92
GSE41848_MS,RandomForest,probe_3079174,70,44,5.857142857142857,50,0.88
GSE41848_MS,RandomForest,probe_4041423,72,41,6.125,50,0.82
GSE41848_MS,RandomForest,probe_3031633,51,37,6.392156862745098,50,0.74
GSE41848_MS,RandomForest,probe_3357844,46,34,5.826086956521739,50,0.68
GSE41848_MS,RandomForest,probe_3417242,38,30,7.157894736842105,50,0.6
GSE41848_MS,RandomForest,probe_3822350,33,28,7.606060606060606,50,0.56
GSE41848_MS,RandomForest,probe_3872984,36,26,6.472222222222222,50,0.52
GSE41848_MS,RandomForest,probe_3476742,26,21,6.923076923076923,50,0.42
GSE41848_MS,RandomForest,probe_3527495,25,21,7.04,50,0.42
GSE41848_MS,RandomForest,probe_3819106,23,19,7.260869565217392,50,0.38
GSE41848_MS,RandomForest,probe_3688312,19,18,6.842105263157895,50,0.36
GSE41848_MS,RandomForest,probe_3921999,18,17,6.166666666666667,50,0.34
GSE41848_MS,RandomForest,probe_3923213,21,17,7.0,50,0.34
GSE41848_MS,RandomForest,probe_3382078,14,14,6.642857142857143,50,0.28
GSE41848_MS,RandomForest,probe_3662813,12,12,5.666666666666667,50,0.24
GSE41848_MS,RandomForest,probe_4041534,11,11,7.181818181818182,50,0.22
GSE41848_MS,RandomForest,probe_2973872,10,10,8.1,50,0.2
GSE41848_MS,RandomForest,probe_3982471,11,9,7.818181818181818,50,0.18
GSE41848_MS,RandomForest,probe_3053387,8,8,7.75,50,0.16
GSE41848_MS,RandomForest,probe_3860138,7,7,7.571428571428571,50,0.14
GSE41848_MS,RandomForest,probe_3484068,6,6,7.0,50,0.12
GSE41848_MS,RandomForest,probe_2318739,5,5,9.2,50,0.1
GSE41848_MS,RandomForest,probe_3339349,4,4,6.75,50,0.08
GSE41848_MS,RandomForest,probe_2902430,4,4,7.75,50,0.08
GSE41848_MS,RandomForest,probe_2782507,4,4,8.5,50,0.08
GSE41848_MS,RandomForest,probe_3917272,4,4,8.5,50,0.08
GSE41848_MS,RandomForest,probe_4007010,4,4,9.5,50,0.08
GSE41848_MS,RandomForest,probe_3748451,3,3,5.666666666666667,50,0.06
GSE41848_MS,RandomForest,probe_3444087,3,3,6.333333333333333,50,0.06
GSE41848_MS,RandomForest,probe_3719963,3,3,7.0,50,0.06
GSE41848_MS,RandomForest,probe_2475073,3,3,7.333333333333333,50,0.06
GSE41848_MS,RandomForest,probe_2439003,2,2,6.0,50,0.04
GSE41848_MS,RandomForest,probe_2903191,2,2,6.0,50,0.04
GSE41848_MS,RandomForest,probe_2400663,2,2,6.5,50,0.04
GSE41848_MS,RandomForest,probe_2737620,2,2,6.5,50,0.04
GSE41848_MS,RandomForest,probe_2510470,2,2,7.0,50,0.04
GSE41848_MS,RandomForest,probe_2638872,2,2,7.0,50,0.04
GSE41848_MS,RandomForest,probe_2936859,2,2,8.5,50,0.04
GSE41848_MS,RandomForest,probe_3815730,2,2,9.0,50,0.04
GSE41848_MS,RandomForest,probe_3154139,2,2,10.0,50,0.04
GSE41848_MS,RandomForest,probe_2902449,1,1,4.0,50,0.02
GSE41848_MS,RandomForest,probe_2439103,1,1,5.0,50,0.02
GSE41848_MS,RandomForest,probe_3557987,1,1,6.0,50,0.02
GSE41848_MS,RandomForest,probe_3893462,1,1,6.0,50,0.02
GSE41848_MS,RandomForest,probe_3293442,1,1,7.0,50,0.02
GSE41848_MS,RandomForest,probe_3724547,1,1,7.0,50,0.02
GSE41848_MS,RandomForest,probe_3315679,1,1,8.0,50,0.02
GSE41848_MS,RandomForest,probe_3830651,1,1,8.0,50,0.02
GSE41848_MS,RandomForest,probe_2821369,1,1,9.0,50,0.02
GSE41848_MS,RandomForest,probe_3046559,1,1,9.0,50,0.02
GSE41848_MS,RandomForest,probe_3782196,1,1,9.0,50,0.02
GSE41848_MS,RandomForest,probe_3815245,1,1,9.0,50,0.02
GSE41848_MS,RandomForest,probe_2738681,1,1,10.0,50,0.02
GSE41848_MS,RandomForest,probe_2809795,1,1,10.0,50,0.02
GSE41848_MS,RandomForest,probe_3316212,1,1,10.0,50,0.02
GSE41848_MS,RandomForest,probe_3444148,1,1,10.0,50,0.02
GSE41848_MS,RandomForest,probe_3757334,1,1,10.0,50,0.02
GSE41848_MS,SNN-FS,probe_4048279,250,50,1.008,50,1.0
GSE41848_MS,SNN-FS,probe_2861617,219,50,2.7990867579908674,50,1.0
GSE41848_MS,SNN-FS,probe_3079174,113,50,4.699115044247788,50,1.0
GSE41848_MS,SNN-FS,probe_3053387,81,49,4.777777777777778,50,0.98
GSE41848_MS,SNN-FS,probe_3417242,95,49,4.821052631578947,50,0.98
GSE41848_MS,SNN-FS,probe_3662813,109,48,4.73394495412844,50,0.96
GSE41848_MS,SNN-FS,probe_4041534,80,46,4.3375,50,0.92
GSE41848_MS,SNN-FS,probe_3921999,72,42,5.486111111111111,50,0.84
GSE41848_MS,SNN-FS,probe_2973872,50,38,5.64,50,0.76
GSE41848_MS,SNN-FS,probe_3917272,50,38,5.64,50,0.76
GSE41848_MS,SNN-FS,probe_2936859,50,37,4.18,50,0.74
GSE41848_MS,SNN-FS,probe_3822350,48,35,6.020833333333333,50,0.7
GSE41848_MS,SNN-FS,probe_3748451,30,26,6.433333333333334,50,0.52
GSE41848_MS,SNN-FS,probe_3642646,32,26,6.84375,50,0.52
GSE41848_MS,SNN-FS,probe_3923213,27,25,6.444444444444445,50,0.5
GSE41848_MS,SNN-FS,probe_3527495,26,24,6.076923076923077,50,0.48
GSE41848_MS,SNN-FS,probe_2400663,27,23,7.2592592592592595,50,0.46
GSE41848_MS,SNN-FS,probe_2324086,27,22,6.407407407407407,50,0.44
GSE41848_MS,SNN-FS,probe_3724547,21,19,7.142857142857143,50,0.38
GSE41848_MS,SNN-FS,probe_3382078,17,17,5.0,50,0.34
GSE41848_MS,SNN-FS,probe_3031633,18,16,6.555555555555555,50,0.32
GSE41848_MS,SNN-FS,probe_3563401,17,16,6.9411764705882355,50,0.32
GSE41848_MS,SNN-FS,probe_3670911,13,13,5.6923076923076925,50,0.26
GSE41848_MS,SNN-FS,probe_2439103,13,13,8.076923076923077,50,0.26
GSE41848_MS,SNN-FS,probe_4041423,9,9,6.777777777777778,50,0.18
GSE41848_MS,SNN-FS,probe_2772161,10,9,7.2,50,0.18
GSE41848_MS,SNN-FS,probe_2821369,7,7,6.714285714285714,50,0.14
GSE41848_MS,SNN-FS,probe_4048242,6,6,7.0,50,0.12
GSE41848_MS,SNN-FS,probe_2813715,6,6,7.5,50,0.12
GSE41848_MS,SNN-FS,probe_3154139,6,6,7.833333333333333,50,0.12
GSE41848_MS,SNN-FS,probe_2974611,5,5,5.6,50,0.1
GSE41848_MS,SNN-FS,probe_2497163,4,4,6.75,50,0.08
GSE41848_MS,SNN-FS,probe_2540163,4,4,7.5,50,0.08
GSE41848_MS,SNN-FS,probe_3046559,4,4,7.75,50,0.08
GSE41848_MS,SNN-FS,probe_3339203,4,4,7.75,50,0.08
GSE41848_MS,SNN-FS,probe_3332277,4,4,8.5,50,0.08
GSE41848_MS,SNN-FS,probe_2510470,3,3,7.0,50,0.06
GSE41848_MS,SNN-FS,probe_3227122,3,3,7.333333333333333,50,0.06
GSE41848_MS,SNN-FS,probe_2367052,3,3,7.666666666666667,50,0.06
GSE41848_MS,SNN-FS,probe_3360686,3,3,7.666666666666667,50,0.06
GSE41848_MS,SNN-FS,probe_4035834,3,3,7.666666666666667,50,0.06
GSE41848_MS,SNN-FS,probe_3077657,3,3,8.333333333333334,50,0.06
GSE41848_MS,SNN-FS,probe_2439003,3,3,8.666666666666666,50,0.06
GSE41848_MS,SNN-FS,probe_3357844,3,3,8.666666666666666,50,0.06
GSE41848_MS,SNN-FS,probe_3046709,2,2,2.0,50,0.04
GSE41848_MS,SNN-FS,probe_3945007,2,2,6.5,50,0.04
GSE41848_MS,SNN-FS,probe_3442943,2,2,7.0,50,0.04
GSE41848_MS,SNN-FS,probe_2390299,2,2,7.5,50,0.04
GSE41848_MS,SNN-FS,probe_3041123,2,2,7.5,50,0.04
GSE41848_MS,SNN-FS,probe_3782196,2,2,7.5,50,0.04
GSE41848_MS,SNN-FS,probe_2860184,2,2,8.0,50,0.04
GSE41848_MS,SNN-FS,probe_2956567,2,2,8.0,50,0.04
GSE41848_MS,SNN-FS,probe_3443807,2,2,8.0,50,0.04
GSE41848_MS,SNN-FS,probe_3917595,2,2,8.0,50,0.04
GSE41848_MS,SNN-FS,probe_2962878,2,2,8.5,50,0.04
GSE41848_MS,SNN-FS,probe_2463518,2,2,9.0,50,0.04
GSE41848_MS,SNN-FS,probe_3191675,2,2,9.5,50,0.04
GSE41848_MS,SNN-FS,probe_3484068,2,2,9.5,50,0.04
GSE41848_MS,SNN-FS,probe_3021159,2,2,10.0,50,0.04
GSE41848_MS,SNN-FS,probe_2835801,1,1,3.0,50,0.02
GSE41848_MS,SNN-FS,probe_3017070,1,1,3.0,50,0.02
GSE41848_MS,SNN-FS,probe_3371543,1,1,5.0,50,0.02
GSE41848_MS,SNN-FS,probe_3339349,1,1,6.0,50,0.02
GSE41848_MS,SNN-FS,probe_3476742,1,1,6.0,50,0.02
GSE41848_MS,SNN-FS,probe_2779488,1,1,7.0,50,0.02
GSE41848_MS,SNN-FS,probe_3019160,1,1,7.0,50,0.02
GSE41848_MS,SNN-FS,probe_3835816,1,1,7.0,50,0.02
GSE41848_MS,SNN-FS,probe_2398823,1,1,8.0,50,0.02
GSE41848_MS,SNN-FS,probe_3061486,1,1,8.0,50,0.02
GSE41848_MS,SNN-FS,probe_3578166,1,1,8.0,50,0.02
GSE41848_MS,SNN-FS,probe_4037672,1,1,8.0,50,0.02
GSE41848_MS,SNN-FS,probe_2347744,1,1,9.0,50,0.02
GSE41848_MS,SNN-FS,probe_2468699,1,1,9.0,50,0.02
GSE41848_MS,SNN-FS,probe_2972414,1,1,9.0,50,0.02
GSE41848_MS,SNN-FS,probe_3209736,1,1,9.0,50,0.02
GSE41848_MS,SNN-FS,probe_3815540,1,1,9.0,50,0.02
GSE41848_MS,SNN-FS,probe_3974020,1,1,9.0,50,0.02
GSE41848_MS,SNN-FS,probe_2324417,1,1,10.0,50,0.02
GSE41848_MS,SNN-FS,probe_2475073,1,1,10.0,50,0.02
GSE41848_MS,SNN-FS,probe_2514308,1,1,10.0,50,0.02
GSE41848_MS,SNN-FS,probe_2672097,1,1,10.0,50,0.02
GSE41848_MS,SNN-FS,probe_2701034,1,1,10.0,50,0.02
GSE41848_MS,SNN-FS,probe_2950147,1,1,10.0,50,0.02
GSE41848_MS,SNN-FS,probe_3214452,1,1,10.0,50,0.02
GSE41848_MS,SNN-FS,probe_3385181,1,1,10.0,50,0.02
GSE41848_MS,SNN-FS,probe_3638608,1,1,10.0,50,0.02
GSE41848_MS,SNN-FS,probe_3723757,1,1,10.0,50,0.02
GSE41848_MS,SNN-FS,probe_3869457,1,1,10.0,50,0.02
GSE41848_MS,SNN-FS,probe_4052276,1,1,10.0,50,0.02
GSE41848_MS,StabilitySelection,probe_4048279,250,50,1.496,50,1.0
GSE41848_MS,StabilitySelection,probe_2861617,234,50,2.0384615384615383,50,1.0
GSE41848_MS,StabilitySelection,probe_4041534,112,49,2.794642857142857,50,0.98
GSE41848_MS,StabilitySelection,probe_3662813,93,47,5.526881720430108,50,0.94
GSE41848_MS,StabilitySelection,probe_3053387,82,45,5.365853658536586,50,0.9
GSE41848_MS,StabilitySelection,probe_3417242,78,43,5.282051282051282,50,0.86
GSE41848_MS,StabilitySelection,probe_3917272,60,42,4.116666666666666,50,0.84
GSE41848_MS,StabilitySelection,probe_3079174,58,40,5.844827586206897,50,0.8
GSE41848_MS,StabilitySelection,probe_3921999,56,38,5.714285714285714,50,0.76
GSE41848_MS,StabilitySelection,probe_2936859,40,33,4.675,50,0.66
GSE41848_MS,StabilitySelection,probe_2772161,41,33,5.146341463414634,50,0.66
GSE41848_MS,StabilitySelection,probe_3923213,46,33,5.478260869565218,50,0.66
GSE41848_MS,StabilitySelection,probe_3748451,28,24,6.142857142857143,50,0.48
GSE41848_MS,StabilitySelection,probe_3724547,25,24,7.12,50,0.48
GSE41848_MS,StabilitySelection,probe_3382078,22,21,5.045454545454546,50,0.42
GSE41848_MS,StabilitySelection,probe_3642646,19,17,7.157894736842105,50,0.34
GSE41848_MS,StabilitySelection,probe_2821369,19,16,6.7368421052631575,50,0.32
GSE41848_MS,StabilitySelection,probe_3563401,15,14,5.866666666666666,50,0.28
GSE41848_MS,StabilitySelection,probe_2973872,14,13,6.071428571428571,50,0.26
GSE41848_MS,StabilitySelection,probe_3917595,13,13,7.461538461538462,50,0.26
GSE41848_MS,StabilitySelection,probe_3031633,13,12,6.230769230769231,50,0.24
GSE41848_MS,StabilitySelection,probe_2835801,10,10,6.8,50,0.2
GSE41848_MS,StabilitySelection,probe_2400663,10,10,7.4,50,0.2
GSE41848_MS,StabilitySelection,probe_3822350,9,9,6.0,50,0.18
GSE41848_MS,StabilitySelection,probe_3360686,9,9,6.333333333333333,50,0.18
GSE41848_MS,StabilitySelection,probe_2510470,10,9,6.5,50,0.18
GSE41848_MS,StabilitySelection,probe_3527495,8,8,6.625,50,0.16
GSE41848_MS,StabilitySelection,probe_2895814,7,7,6.714285714285714,50,0.14
GSE41848_MS,StabilitySelection,probe_3046559,8,7,7.25,50,0.14
GSE41848_MS,StabilitySelection,probe_4035834,6,6,5.833333333333333,50,0.12
GSE41848_MS,StabilitySelection,probe_2497163,7,6,6.0,50,0.12
GSE41848_MS,StabilitySelection,probe_3339203,5,5,5.8,50,0.1
GSE41848_MS,StabilitySelection,probe_3154139,5,5,6.6,50,0.1
GSE41848_MS,StabilitySelection,probe_4052276,5,5,6.6,50,0.1
GSE41848_MS,StabilitySelection,probe_2956567,5,5,7.8,50,0.1
GSE41848_MS,StabilitySelection,probe_2324086,5,5,8.4,50,0.1
GSE41848_MS,StabilitySelection,probe_2475073,4,4,6.5,50,0.08
GSE41848_MS,StabilitySelection,probe_2772158,4,4,6.5,50,0.08
GSE41848_MS,StabilitySelection,probe_3318116,4,4,6.5,50,0.08
GSE41848_MS,StabilitySelection,probe_3077657,4,4,7.5,50,0.08
GSE41848_MS,StabilitySelection,probe_3303230,4,4,7.5,50,0.08
GSE41848_MS,StabilitySelection,probe_3371543,3,3,4.666666666666667,50,0.06
GSE41848_MS,StabilitySelection,probe_2540163,3,3,5.0,50,0.06
GSE41848_MS,StabilitySelection,probe_3041123,3,3,5.666666666666667,50,0.06
GSE41848_MS,StabilitySelection,probe_2972414,3,3,6.333333333333333,50,0.06
GSE41848_MS,StabilitySelection,probe_2974611,3,3,6.666666666666667,50,0.06
GSE41848_MS,StabilitySelection,probe_2493295,3,3,7.333333333333333,50,0.06
GSE41848_MS,StabilitySelection,probe_2962878,3,3,7.333333333333333,50,0.06
GSE41848_MS,StabilitySelection,probe_3593067,3,3,7.666666666666667,50,0.06
GSE41848_MS,StabilitySelection,probe_2347744,3,3,8.0,50,0.06
GSE41848_MS,StabilitySelection,probe_3357844,3,3,8.333333333333334,50,0.06
GSE41848_MS,StabilitySelection,probe_3191675,3,3,9.0,50,0.06
GSE41848_MS,StabilitySelection,probe_3935487,3,3,9.666666666666666,50,0.06
GSE41848_MS,StabilitySelection,probe_3046709,2,2,3.5,50,0.04
GSE41848_MS,StabilitySelection,probe_3339349,2,2,3.5,50,0.04
GSE41848_MS,StabilitySelection,probe_3332277,2,2,4.5,50,0.04
GSE41848_MS,StabilitySelection,probe_2390325,2,2,5.0,50,0.04
GSE41848_MS,StabilitySelection,probe_3021159,2,2,5.0,50,0.04
GSE41848_MS,StabilitySelection,probe_2439003,2,2,6.5,50,0.04
GSE41848_MS,StabilitySelection,probe_3227122,2,2,6.5,50,0.04
GSE41848_MS,StabilitySelection,probe_4037672,2,2,6.5,50,0.04
GSE41848_MS,StabilitySelection,probe_2723925,2,2,7.5,50,0.04
GSE41848_MS,StabilitySelection,probe_3449071,2,2,7.5,50,0.04
GSE41848_MS,StabilitySelection,probe_2390144,2,2,8.0,50,0.04
GSE41848_MS,StabilitySelection,probe_2439103,2,2,8.0,50,0.04
GSE41848_MS,StabilitySelection,probe_3061486,2,2,8.5,50,0.04
GSE41848_MS,StabilitySelection,probe_3527664,2,2,8.5,50,0.04
GSE41848_MS,StabilitySelection,probe_2636629,2,2,9.0,50,0.04
GSE41848_MS,StabilitySelection,probe_3884562,2,2,9.0,50,0.04
GSE41848_MS,StabilitySelection,probe_4041423,2,2,9.0,50,0.04
GSE41848_MS,StabilitySelection,probe_2357857,2,2,9.5,50,0.04
GSE41848_MS,StabilitySelection,probe_2701034,2,2,10.0,50,0.04
GSE41848_MS,StabilitySelection,probe_2714820,2,2,10.0,50,0.04
GSE41848_MS,StabilitySelection,probe_2948932,1,1,4.0,50,0.02
GSE41848_MS,StabilitySelection,probe_3945007,1,1,4.0,50,0.02
GSE41848_MS,StabilitySelection,probe_2514308,1,1,5.0,50,0.02
GSE41848_MS,StabilitySelection,probe_3017070,1,1,5.0,50,0.02
GSE41848_MS,StabilitySelection,probe_3224332,1,1,5.0,50,0.02
GSE41848_MS,StabilitySelection,probe_3670911,1,1,5.0,50,0.02
GSE41848_MS,StabilitySelection,probe_2367052,1,1,6.0,50,0.02
GSE41848_MS,StabilitySelection,probe_3869457,1,1,6.0,50,0.02
GSE41848_MS,StabilitySelection,probe_2950147,1,1,7.0,50,0.02
GSE41848_MS,StabilitySelection,probe_3019160,1,1,7.0,50,0.02
GSE41848_MS,StabilitySelection,probe_3183351,1,1,7.0,50,0.02
GSE41848_MS,StabilitySelection,probe_3610621,1,1,7.0,50,0.02
GSE41848_MS,StabilitySelection,probe_3829302,1,1,7.0,50,0.02
GSE41848_MS,StabilitySelection,probe_2374929,1,1,8.0,50,0.02
GSE41848_MS,StabilitySelection,probe_3760353,1,1,8.0,50,0.02
GSE41848_MS,StabilitySelection,probe_3872372,1,1,8.0,50,0.02
GSE41848_MS,StabilitySelection,probe_2862697,1,1,9.0,50,0.02
GSE41848_MS,StabilitySelection,probe_3095226,1,1,9.0,50,0.02
GSE41848_MS,StabilitySelection,probe_3188232,1,1,9.0,50,0.02
GSE41848_MS,StabilitySelection,probe_3325743,1,1,9.0,50,0.02
GSE41848_MS,StabilitySelection,probe_3484068,1,1,9.0,50,0.02
GSE41848_MS,StabilitySelection,probe_2424769,1,1,10.0,50,0.02
GSE41848_MS,StabilitySelection,probe_2737853,1,1,10.0,50,0.02
GSE41848_MS,StabilitySelection,probe_2899092,1,1,10.0,50,0.02
GSE41848_MS,StabilitySelection,probe_3057375,1,1,10.0,50,0.02
GSE41848_MS,StabilitySelection,probe_3402321,1,1,10.0,50,0.02
GSE41848_MS,StabilitySelection,probe_3443807,1,1,10.0,50,0.02
GSE41848_MS,StabilitySelection,probe_3648403,1,1,10.0,50,0.02
GSE41848_MS,StabilitySelection,probe_3819875,1,1,10.0,50,0.02
GSE41848_MS,StabilitySelection,probe_3928532,1,1,10.0,50,0.02
GSE41848_MS,Stabl-RP,probe_4048279,233,50,1.4334763948497855,50,1.0
GSE41848_MS,Stabl-RP,probe_4048242,165,50,3.290909090909091,50,1.0
GSE41848_MS,Stabl-RP,probe_3822350,213,50,3.591549295774648,50,1.0
GSE41848_MS,Stabl-RP,probe_3357844,151,50,4.245033112582782,50,1.0
GSE41848_MS,Stabl-RP,probe_3527495,167,50,4.365269461077844,50,1.0
GSE41848_MS,Stabl-RP,probe_4041423,98,50,5.540816326530612,50,1.0
GSE41848_MS,Stabl-RP,probe_3860138,94,50,5.648936170212766,50,1.0
GSE41848_MS,Stabl-RP,probe_3872984,64,47,6.40625,50,0.94
GSE41848_MS,Stabl-RP,probe_3688312,81,46,6.345679012345679,50,0.92
GSE41848_MS,Stabl-RP,probe_2973872,71,43,5.619718309859155,50,0.86
GSE41848_MS,Stabl-RP,probe_3484068,58,38,6.482758620689655,50,0.76
GSE41848_MS,Stabl-RP,probe_2902430,53,35,6.169811320754717,50,0.7
GSE41848_MS,Stabl-RP,probe_3079174,38,29,4.684210526315789,50,0.58
GSE41848_MS,Stabl-RP,probe_2324086,28,27,6.25,50,0.54
GSE41848_MS,Stabl-RP,probe_3971810,36,27,7.972222222222222,50,0.54
GSE41848_MS,Stabl-RP,probe_3031633,34,26,5.529411764705882,50,0.52
GSE41848_MS,Stabl-RP,probe_2318739,28,25,7.785714285714286,50,0.5
GSE41848_MS,Stabl-RP,probe_2861617,23,20,5.956521739130435,50,0.4
GSE41848_MS,Stabl-RP,probe_2463518,18,17,6.944444444444445,50,0.34
GSE41848_MS,Stabl-RP,probe_3921999,17,16,6.882352941176471,50,0.32
GSE41848_MS,Stabl-RP,probe_3824875,16,15,7.75,50,0.3
GSE41848_MS,Stabl-RP,probe_2813715,15,14,6.466666666666667,50,0.28
GSE41848_MS,Stabl-RP,probe_3230491,12,11,8.333333333333334,50,0.22
GSE41848_MS,Stabl-RP,probe_3815245,10,10,7.0,50,0.2
GSE41848_MS,Stabl-RP,probe_3053387,8,8,6.625,50,0.16
GSE41848_MS,Stabl-RP,probe_3662813,7,7,4.428571428571429,50,0.14
GSE41848_MS,Stabl-RP,probe_3502719,6,6,7.833333333333333,50,0.12
GSE41848_MS,Stabl-RP,probe_2713956,5,5,5.0,50,0.1
GSE41848_MS,Stabl-RP,probe_3724547,5,5,6.4,50,0.1
GSE41848_MS,Stabl-RP,probe_3830651,5,5,8.0,50,0.1
GSE41848_MS,Stabl-RP,probe_3719963,5,5,8.2,50,0.1
GSE41848_MS,Stabl-RP,probe_3333900,5,5,8.4,50,0.1
GSE41848_MS,Stabl-RP,probe_3417242,6,5,8.833333333333334,50,0.1
GSE41848_MS,Stabl-RP,probe_3722343,4,4,6.75,50,0.08
GSE41848_MS,Stabl-RP,probe_3191675,4,4,7.25,50,0.08
GSE41848_MS,Stabl-RP,probe_3529612,4,4,9.25,50,0.08
GSE41848_MS,Stabl-RP,probe_2510470,3,3,6.666666666666667,50,0.06
GSE41848_MS,Stabl-RP,probe_2969206,3,3,7.666666666666667,50,0.06
GSE41848_MS,Stabl-RP,probe_2400663,3,3,8.0,50,0.06
GSE41848_MS,Stabl-RP,probe_2439003,3,3,8.0,50,0.06
GSE41848_MS,Stabl-RP,probe_3046559,3,3,9.333333333333334,50,0.06
GSE41848_MS,Stabl-RP,probe_3642646,3,3,9.333333333333334,50,0.06
GSE41848_MS,Stabl-RP,probe_2403262,2,2,5.5,50,0.04
GSE41848_MS,Stabl-RP,probe_3273148,2,2,6.0,50,0.04
GSE41848_MS,Stabl-RP,probe_2362364,2,2,6.5,50,0.04
GSE41848_MS,Stabl-RP,probe_3911798,2,2,7.0,50,0.04
GSE41848_MS,Stabl-RP,probe_3748451,2,2,7.5,50,0.04
GSE41848_MS,Stabl-RP,probe_4007010,2,2,7.5,50,0.04
GSE41848_MS,Stabl-RP,probe_2756406,2,2,8.0,50,0.04
GSE41848_MS,Stabl-RP,probe_3441959,2,2,8.0,50,0.04
GSE41848_MS,Stabl-RP,probe_3557812,2,2,9.5,50,0.04
GSE41848_MS,Stabl-RP,probe_3664837,2,2,9.5,50,0.04
GSE41848_MS,Stabl-RP,probe_3907194,2,2,9.5,50,0.04
GSE41848_MS,Stabl-RP,probe_3445124,2,2,10.0,50,0.04
GSE41848_MS,Stabl-RP,probe_2439103,1,1,3.0,50,0.02
GSE41848_MS,Stabl-RP,probe_2737620,1,1,3.0,50,0.02
GSE41848_MS,Stabl-RP,probe_2835801,1,1,3.0,50,0.02
GSE41848_MS,Stabl-RP,probe_2903306,1,1,3.0,50,0.02
GSE41848_MS,Stabl-RP,probe_3293442,1,1,3.0,50,0.02
GSE41848_MS,Stabl-RP,probe_2334170,1,1,4.0,50,0.02
GSE41848_MS,Stabl-RP,probe_2362724,1,1,4.0,50,0.02
GSE41848_MS,Stabl-RP,probe_3339349,1,1,4.0,50,0.02
GSE41848_MS,Stabl-RP,probe_3822075,1,1,6.0,50,0.02
GSE41848_MS,Stabl-RP,probe_2491288,1,1,7.0,50,0.02
GSE41848_MS,Stabl-RP,probe_3299473,1,1,7.0,50,0.02
GSE41848_MS,Stabl-RP,probe_3557987,1,1,7.0,50,0.02
GSE41848_MS,Stabl-RP,probe_3708202,1,1,7.0,50,0.02
GSE41848_MS,Stabl-RP,probe_2669980,1,1,8.0,50,0.02
GSE41848_MS,Stabl-RP,probe_2940203,1,1,8.0,50,0.02
GSE41848_MS,Stabl-RP,probe_3470195,1,1,8.0,50,0.02
GSE41848_MS,Stabl-RP,probe_3556571,1,1,8.0,50,0.02
GSE41848_MS,Stabl-RP,probe_3623656,1,1,8.0,50,0.02
GSE41848_MS,Stabl-RP,probe_3136168,2,1,8.5,50,0.02
GSE41848_MS,Stabl-RP,probe_2359665,1,1,9.0,50,0.02
GSE41848_MS,Stabl-RP,probe_2688729,1,1,9.0,50,0.02
GSE41848_MS,Stabl-RP,probe_2899092,1,1,9.0,50,0.02
GSE41848_MS,Stabl-RP,probe_3053230,1,1,9.0,50,0.02
GSE41848_MS,Stabl-RP,probe_2782507,1,1,10.0,50,0.02
GSE41848_MS,Stabl-RP,probe_2863638,1,1,10.0,50,0.02
GSE41848_MS,Stabl-RP,probe_2903191,1,1,10.0,50,0.02
GSE41848_MS,Stabl-RP,probe_3444087,1,1,10.0,50,0.02
GSE41848_MS,Stabl-RP,probe_3475799,1,1,10.0,50,0.02
GSE41848_MS,Stabl-RP,probe_3676181,1,1,10.0,50,0.02
GSE41848_MS,Stabl-RP,probe_3693838,1,1,10.0,50,0.02
GSE41848_MS,glmmLasso,probe_4048279,250,50,1.308,50,1.0
GSE41848_MS,glmmLasso,probe_2973872,149,50,2.2885906040268456,50,1.0
GSE41848_MS,glmmLasso,probe_3822350,167,50,4.790419161676646,50,1.0
GSE41848_MS,glmmLasso,probe_2861617,85,49,2.7294117647058824,50,0.98
GSE41848_MS,glmmLasso,probe_2324086,114,49,4.947368421052632,50,0.98
GSE41848_MS,glmmLasso,probe_3357844,129,49,5.449612403100775,50,0.98
GSE41848_MS,glmmLasso,probe_3527495,110,49,6.172727272727273,50,0.98
GSE41848_MS,glmmLasso,probe_3079174,87,47,5.551724137931035,50,0.94
GSE41848_MS,glmmLasso,probe_4041423,68,40,6.882352941176471,50,0.8
GSE41848_MS,glmmLasso,probe_3031633,51,38,6.450980392156863,50,0.76
GSE41848_MS,glmmLasso,probe_3921999,43,35,3.744186046511628,50,0.7
GSE41848_MS,glmmLasso,probe_2813715,40,35,5.425,50,0.7
GSE41848_MS,glmmLasso,probe_3484068,42,32,6.761904761904762,50,0.64
GSE41848_MS,glmmLasso,probe_4048242,36,29,7.722222222222222,50,0.58
GSE41848_MS,glmmLasso,probe_3724547,23,23,4.086956521739131,50,0.46
GSE41848_MS,glmmLasso,probe_3688312,29,23,7.586206896551724,50,0.46
GSE41848_MS,glmmLasso,probe_2902430,28,23,8.571428571428571,50,0.46
GSE41848_MS,glmmLasso,probe_3748451,23,22,3.9565217391304346,50,0.44
GSE41848_MS,glmmLasso,probe_2463518,23,20,6.434782608695652,50,0.4
GSE41848_MS,glmmLasso,probe_3053387,20,18,4.5,50,0.36
GSE41848_MS,glmmLasso,probe_3971810,19,18,8.368421052631579,50,0.36
GSE41848_MS,glmmLasso,probe_3417242,18,17,3.2777777777777777,50,0.34
GSE41848_MS,glmmLasso,probe_3860138,18,16,8.222222222222221,50,0.32
GSE41848_MS,glmmLasso,probe_3662813,16,15,4.6875,50,0.3
GSE41848_MS,glmmLasso,probe_2510470,13,13,4.461538461538462,50,0.26
GSE41848_MS,glmmLasso,probe_3529612,14,12,7.571428571428571,50,0.24
GSE41848_MS,glmmLasso,probe_3872984,11,11,7.909090909090909,50,0.22
GSE41848_MS,glmmLasso,probe_3046559,10,10,4.8,50,0.2
GSE41848_MS,glmmLasso,probe_4007010,10,10,5.8,50,0.2
GSE41848_MS,glmmLasso,probe_3824875,11,10,7.090909090909091,50,0.2
GSE41848_MS,glmmLasso,probe_3230491,9,9,8.777777777777779,50,0.18
GSE41848_MS,glmmLasso,probe_2318739,9,8,7.444444444444445,50,0.16
GSE41848_MS,glmmLasso,probe_3830651,8,8,7.75,50,0.16
GSE41848_MS,glmmLasso,probe_3191675,7,7,5.285714285714286,50,0.14
GSE41848_MS,glmmLasso,probe_3719963,8,7,9.25,50,0.14
GSE41848_MS,glmmLasso,probe_3815245,7,6,6.428571428571429,50,0.12
GSE41848_MS,glmmLasso,probe_2403262,6,6,7.166666666666667,50,0.12
GSE41848_MS,glmmLasso,probe_3333900,7,6,7.714285714285714,50,0.12
GSE41848_MS,glmmLasso,probe_3502719,4,4,7.0,50,0.08
GSE41848_MS,glmmLasso,probe_3708202,4,4,7.25,50,0.08
GSE41848_MS,glmmLasso,probe_3770564,4,4,8.25,50,0.08
GSE41848_MS,glmmLasso,probe_3642646,3,3,3.0,50,0.06
GSE41848_MS,glmmLasso,probe_3315679,3,3,3.6666666666666665,50,0.06
GSE41848_MS,glmmLasso,probe_3623656,3,3,3.6666666666666665,50,0.06
GSE41848_MS,glmmLasso,probe_2439003,3,3,4.0,50,0.06
GSE41848_MS,glmmLasso,probe_3339349,3,3,4.0,50,0.06
GSE41848_MS,glmmLasso,probe_2400663,3,3,5.333333333333333,50,0.06
GSE41848_MS,glmmLasso,probe_2669980,3,3,7.0,50,0.06
GSE41848_MS,glmmLasso,probe_2779488,2,2,6.5,50,0.04
GSE41848_MS,glmmLasso,probe_3557812,2,2,7.0,50,0.04
GSE41848_MS,glmmLasso,probe_2782507,2,2,7.5,50,0.04
GSE41848_MS,glmmLasso,probe_3557987,2,2,8.0,50,0.04
GSE41848_MS,glmmLasso,probe_3893462,2,2,8.0,50,0.04
GSE41848_MS,glmmLasso,probe_3664837,2,2,9.5,50,0.04
GSE41848_MS,glmmLasso,probe_2835801,1,1,2.0,50,0.02
GSE41848_MS,glmmLasso,probe_3475799,1,1,2.0,50,0.02
GSE41848_MS,glmmLasso,probe_4041534,1,1,2.0,50,0.02
GSE41848_MS,glmmLasso,probe_2969206,1,1,4.0,50,0.02
GSE41848_MS,glmmLasso,probe_3136168,1,1,4.0,50,0.02
GSE41848_MS,glmmLasso,probe_3692702,1,1,4.0,50,0.02
GSE41848_MS,glmmLasso,probe_3862116,1,1,4.0,50,0.02
GSE41848_MS,glmmLasso,probe_2737620,1,1,5.0,50,0.02
GSE41848_MS,glmmLasso,probe_3444087,1,1,5.0,50,0.02
GSE41848_MS,glmmLasso,probe_2362364,1,1,6.0,50,0.02
GSE41848_MS,glmmLasso,probe_2713956,1,1,6.0,50,0.02
GSE41848_MS,glmmLasso,probe_2903191,1,1,6.0,50,0.02
GSE41848_MS,glmmLasso,probe_3337180,1,1,6.0,50,0.02
GSE41848_MS,glmmLasso,probe_2439103,1,1,7.0,50,0.02
GSE41848_MS,glmmLasso,probe_2860184,1,1,7.0,50,0.02
GSE41848_MS,glmmLasso,probe_2620846,1,1,8.0,50,0.02
GSE41848_MS,glmmLasso,probe_3960177,1,1,8.0,50,0.02
GSE41848_MS,glmmLasso,probe_3982471,1,1,9.0,50,0.02
GSE41848_MS,glmmLasso,probe_2903306,1,1,10.0,50,0.02
GSE41848_MS,glmmLasso,probe_3376000,1,1,10.0,50,0.02
GSE41848_MS,mRMR,probe_4048279,250,50,1.076,50,1.0
GSE41848_MS,mRMR,probe_3822350,175,50,3.8514285714285714,50,1.0
GSE41848_MS,mRMR,probe_2973872,168,50,4.023809523809524,50,1.0
GSE41848_MS,mRMR,probe_3079174,104,50,4.240384615384615,50,1.0
GSE41848_MS,mRMR,probe_3357844,158,50,4.727848101265823,50,1.0
GSE41848_MS,mRMR,probe_4048242,175,50,4.897142857142857,50,1.0
GSE41848_MS,mRMR,probe_2861617,124,50,5.435483870967742,50,1.0
GSE41848_MS,mRMR,probe_3527495,99,48,6.252525252525253,50,0.96
GSE41848_MS,mRMR,probe_3031633,60,39,6.016666666666667,50,0.78
GSE41848_MS,mRMR,probe_4041423,49,37,6.63265306122449,50,0.74
GSE41848_MS,mRMR,probe_3484068,47,35,6.595744680851064,50,0.7
GSE41848_MS,mRMR,probe_3860138,37,29,5.1891891891891895,50,0.58
GSE41848_MS,mRMR,probe_3921999,30,29,7.466666666666667,50,0.58
GSE41848_MS,mRMR,probe_2813715,31,29,8.225806451612904,50,0.58
GSE41848_MS,mRMR,probe_3748451,32,28,6.65625,50,0.56
GSE41848_MS,mRMR,probe_2324086,31,27,5.870967741935484,50,0.54
GSE41848_MS,mRMR,probe_3872984,28,25,6.857142857142857,50,0.5
GSE41848_MS,mRMR,probe_3662813,20,20,5.7,50,0.4
GSE41848_MS,mRMR,probe_3053387,20,20,6.5,50,0.4
GSE41848_MS,mRMR,probe_3417242,17,16,3.764705882352941,50,0.32
GSE41848_MS,mRMR,probe_2463518,13,13,6.230769230769231,50,0.26
GSE41848_MS,mRMR,probe_3724547,13,13,6.6923076923076925,50,0.26
GSE41848_MS,mRMR,probe_2439003,12,12,6.333333333333333,50,0.24
GSE41848_MS,mRMR,probe_3688312,12,12,6.5,50,0.24
GSE41848_MS,mRMR,probe_2902430,12,12,6.666666666666667,50,0.24
GSE41848_MS,mRMR,probe_2510470,7,7,5.142857142857143,50,0.14
GSE41848_MS,mRMR,probe_3642646,6,6,9.166666666666666,50,0.12
GSE41848_MS,mRMR,probe_3191675,5,5,6.2,50,0.1
GSE41848_MS,mRMR,probe_3824875,5,5,6.6,50,0.1
GSE41848_MS,mRMR,probe_3623656,5,5,8.2,50,0.1
GSE41848_MS,mRMR,probe_3046559,5,5,9.0,50,0.1
GSE41848_MS,mRMR,probe_2400663,4,4,7.25,50,0.08
GSE41848_MS,mRMR,probe_2713956,4,4,7.75,50,0.08
GSE41848_MS,mRMR,probe_3815245,4,4,8.0,50,0.08
GSE41848_MS,mRMR,probe_3917272,3,3,8.0,50,0.06
GSE41848_MS,mRMR,probe_2475073,3,3,8.333333333333334,50,0.06
GSE41848_MS,mRMR,probe_3444087,3,3,8.333333333333334,50,0.06
GSE41848_MS,mRMR,probe_2439103,2,2,5.0,50,0.04
GSE41848_MS,mRMR,probe_2860184,2,2,6.0,50,0.04
GSE41848_MS,mRMR,probe_3339349,2,2,6.5,50,0.04
GSE41848_MS,mRMR,probe_2772161,2,2,8.0,50,0.04
GSE41848_MS,mRMR,probe_3475799,2,2,8.0,50,0.04
GSE41848_MS,mRMR,probe_2403262,2,2,9.5,50,0.04
GSE41848_MS,mRMR,probe_3917595,2,2,9.5,50,0.04
GSE41848_MS,mRMR,probe_2835801,1,1,2.0,50,0.02
GSE41848_MS,mRMR,probe_4041534,1,1,3.0,50,0.02
GSE41848_MS,mRMR,probe_3502719,1,1,5.0,50,0.02
GSE41848_MS,mRMR,probe_3274641,1,1,8.0,50,0.02
GSE41848_MS,mRMR,probe_2362364,1,1,9.0,50,0.02
GSE41848_MS,mRMR,probe_3077657,1,1,9.0,50,0.02
GSE41848_MS,mRMR,probe_3382078,1,1,9.0,50,0.02
GSE41848_MS,mRMR,probe_3529612,1,1,9.0,50,0.02
GSE41848_MS,mRMR,probe_2669980,1,1,10.0,50,0.02
GSE41848_MS,mRMR,probe_2899092,1,1,10.0,50,0.02
GSE41848_MS,mRMR,probe_2903306,1,1,10.0,50,0.02
GSE41849_MS,Boruta,probe_2822219,110,49,3.2545454545454544,50,0.98
GSE41849_MS,Boruta,probe_3442789,123,49,3.4715447154471546,50,0.98
GSE41849_MS,Boruta,probe_2893419,96,44,3.78125,50,0.88
GSE41849_MS,Boruta,probe_3708188,77,44,4.766233766233766,50,0.88
GSE41849_MS,Boruta,probe_3382078,65,43,3.8923076923076922,50,0.86
GSE41849_MS,Boruta,probe_3830994,62,38,4.451612903225806,50,0.76
GSE41849_MS,Boruta,probe_3874605,51,38,4.549019607843137,50,0.76
GSE41849_MS,Boruta,probe_3377465,67,38,4.865671641791045,50,0.76
GSE41849_MS,Boruta,probe_3474345,44,35,5.090909090909091,50,0.7
GSE41849_MS,Boruta,probe_3907194,39,34,4.0,50,0.68
GSE41849_MS,Boruta,probe_2842562,57,34,4.4035087719298245,50,0.68
GSE41849_MS,Boruta,probe_2686775,48,34,4.541666666666667,50,0.68
GSE41849_MS,Boruta,probe_2334170,45,34,4.911111111111111,50,0.68
GSE41849_MS,Boruta,probe_2483546,47,33,4.531914893617022,50,0.66
GSE41849_MS,Boruta,probe_2950021,47,32,3.872340425531915,50,0.64
GSE41849_MS,Boruta,probe_3944888,46,32,4.369565217391305,50,0.64
GSE41849_MS,Boruta,probe_3837732,48,31,4.75,50,0.62
GSE41849_MS,Boruta,probe_3726968,43,30,5.372093023255814,50,0.6
GSE41849_MS,Boruta,probe_2413009,37,30,5.864864864864865,50,0.6
GSE41849_MS,Boruta,probe_2491288,35,26,4.942857142857143,50,0.52
GSE41849_MS,Boruta,probe_4007218,29,26,6.275862068965517,50,0.52
GSE41849_MS,Boruta,probe_3023213,36,25,4.444444444444445,50,0.5
GSE41849_MS,Boruta,probe_3449071,32,25,5.3125,50,0.5
GSE41849_MS,Boruta,probe_2377166,29,24,4.241379310344827,50,0.48
GSE41849_MS,Boruta,probe_2854809,22,18,5.409090909090909,50,0.36
GSE41849_MS,Boruta,probe_3445030,20,18,5.8,50,0.36
GSE41849_MS,Boruta,probe_3441959,19,16,4.947368421052632,50,0.32
GSE41849_MS,Boruta,probe_3720121,17,16,5.647058823529412,50,0.32
GSE41849_MS,Boruta,probe_3404550,15,14,3.933333333333333,50,0.28
GSE41849_MS,Boruta,probe_3382051,15,14,4.333333333333333,50,0.28
GSE41849_MS,Boruta,probe_2903191,14,14,5.357142857142857,50,0.28
GSE41849_MS,Boruta,probe_2435391,15,13,4.2,50,0.26
GSE41849_MS,Boruta,probe_2903306,13,13,4.3076923076923075,50,0.26
GSE41849_MS,Boruta,probe_2950333,14,13,5.0,50,0.26
GSE41849_MS,Boruta,probe_3200715,14,13,7.785714285714286,50,0.26
GSE41849_MS,Boruta,probe_3159041,12,11,5.583333333333333,50,0.22
GSE41849_MS,Boruta,probe_3439258,11,11,5.909090909090909,50,0.22
GSE41849_MS,Boruta,probe_3315679,11,11,6.636363636363637,50,0.22
GSE41849_MS,Boruta,probe_3364723,11,10,6.090909090909091,50,0.2
GSE41849_MS,Boruta,probe_2436013,11,10,6.818181818181818,50,0.2
GSE41849_MS,Boruta,probe_2331179,9,9,5.0,50,0.18
GSE41849_MS,Boruta,probe_3316274,10,9,6.4,50,0.18
GSE41849_MS,Boruta,probe_2818957,10,9,6.6,50,0.18
GSE41849_MS,Boruta,probe_3371642,11,9,6.909090909090909,50,0.18
GSE41849_MS,Boruta,probe_3824385,9,8,5.333333333333333,50,0.16
GSE41849_MS,Boruta,probe_3225197,8,8,6.375,50,0.16
GSE41849_MS,Boruta,probe_2930809,8,8,6.5,50,0.16
GSE41849_MS,Boruta,probe_2491667,9,8,6.555555555555555,50,0.16
GSE41849_MS,Boruta,probe_2358908,9,8,6.666666666666667,50,0.16
GSE41849_MS,Boruta,probe_3819461,7,7,5.0,50,0.14
GSE41849_MS,Boruta,probe_2874688,7,7,5.857142857142857,50,0.14
GSE41849_MS,Boruta,probe_2482930,8,7,5.875,50,0.14
GSE41849_MS,Boruta,probe_3995984,7,7,6.142857142857143,50,0.14
GSE41849_MS,Boruta,probe_3063308,7,6,4.285714285714286,50,0.12
GSE41849_MS,Boruta,probe_3570294,7,6,4.714285714285714,50,0.12
GSE41849_MS,Boruta,probe_2903224,6,6,5.166666666666667,50,0.12
GSE41849_MS,Boruta,probe_3333900,6,6,5.166666666666667,50,0.12
GSE41849_MS,Boruta,probe_3860138,6,6,5.166666666666667,50,0.12
GSE41849_MS,Boruta,probe_3337180,6,6,5.5,50,0.12
GSE41849_MS,Boruta,probe_4048279,6,6,5.5,50,0.12
GSE41849_MS,Boruta,probe_2492660,6,6,7.666666666666667,50,0.12
GSE41849_MS,Boruta,probe_3404532,5,5,6.2,50,0.1
GSE41849_MS,Boruta,probe_2586800,4,4,4.25,50,0.08
GSE41849_MS,Boruta,probe_3195347,4,4,5.0,50,0.08
GSE41849_MS,Boruta,probe_2902430,4,4,5.25,50,0.08
GSE41849_MS,Boruta,probe_2948932,4,4,5.75,50,0.08
GSE41849_MS,Boruta,probe_3901310,4,4,6.5,50,0.08
GSE41849_MS,Boruta,probe_2325197,5,4,6.6,50,0.08
GSE41849_MS,Boruta,probe_2865062,4,4,7.0,50,0.08
GSE41849_MS,Boruta,probe_2903425,4,4,7.0,50,0.08
GSE41849_MS,Boruta,probe_3851538,4,4,7.25,50,0.08
GSE41849_MS,Boruta,probe_3403082,4,4,8.25,50,0.08
GSE41849_MS,Boruta,probe_2390299,3,3,4.0,50,0.06
GSE41849_MS,Boruta,probe_3844021,3,3,4.666666666666667,50,0.06
GSE41849_MS,Boruta,probe_3173511,3,3,5.333333333333333,50,0.06
GSE41849_MS,Boruta,probe_4045599,3,3,6.666666666666667,50,0.06
GSE41849_MS,Boruta,probe_2435982,3,3,7.333333333333333,50,0.06
GSE41849_MS,Boruta,probe_3869652,3,3,7.333333333333333,50,0.06
GSE41849_MS,Boruta,probe_3976345,3,3,7.666666666666667,50,0.06
GSE41849_MS,Boruta,probe_3825210,2,2,4.0,50,0.04
GSE41849_MS,Boruta,probe_2427079,2,2,5.0,50,0.04
GSE41849_MS,Boruta,probe_2739177,2,2,5.0,50,0.04
GSE41849_MS,Boruta,probe_3145961,2,2,5.5,50,0.04
GSE41849_MS,Boruta,probe_3046682,2,2,6.0,50,0.04
GSE41849_MS,Boruta,probe_3360335,2,2,6.0,50,0.04
GSE41849_MS,Boruta,probe_3557987,2,2,6.0,50,0.04
GSE41849_MS,Boruta,probe_3867224,2,2,6.0,50,0.04
GSE41849_MS,Boruta,probe_3959291,2,2,6.0,50,0.04
GSE41849_MS,Boruta,probe_4031089,2,2,6.0,50,0.04
GSE41849_MS,Boruta,probe_2999908,2,2,6.5,50,0.04
GSE41849_MS,Boruta,probe_3603928,2,2,6.5,50,0.04
GSE41849_MS,Boruta,probe_2679195,3,2,6.666666666666667,50,0.04
GSE41849_MS,Boruta,probe_2784037,2,2,7.0,50,0.04
GSE41849_MS,Boruta,probe_3177864,2,2,7.0,50,0.04
GSE41849_MS,Boruta,probe_2680572,2,2,8.0,50,0.04
GSE41849_MS,Boruta,probe_2390309,2,2,9.0,50,0.04
GSE41849_MS,Boruta,probe_3635931,2,2,10.0,50,0.04
GSE41849_MS,Boruta,probe_2515242,1,1,1.0,50,0.02
GSE41849_MS,Boruta,probe_4030163,1,1,2.0,50,0.02
GSE41849_MS,Boruta,probe_3835036,1,1,3.0,50,0.02
GSE41849_MS,Boruta,probe_3388753,1,1,4.0,50,0.02
GSE41849_MS,Boruta,probe_4028544,1,1,4.0,50,0.02
GSE41849_MS,Boruta,probe_2782507,1,1,5.0,50,0.02
GSE41849_MS,Boruta,probe_3645627,1,1,5.0,50,0.02
GSE41849_MS,Boruta,probe_3719963,1,1,5.0,50,0.02
GSE41849_MS,Boruta,probe_3974020,1,1,5.0,50,0.02
GSE41849_MS,Boruta,probe_4030077,1,1,5.0,50,0.02
GSE41849_MS,Boruta,probe_2766422,1,1,6.0,50,0.02
GSE41849_MS,Boruta,probe_2900064,1,1,6.0,50,0.02
GSE41849_MS,Boruta,probe_3136138,1,1,6.0,50,0.02
GSE41849_MS,Boruta,probe_3455676,1,1,6.0,50,0.02
GSE41849_MS,Boruta,probe_3556571,1,1,6.0,50,0.02
GSE41849_MS,Boruta,probe_3815730,1,1,6.0,50,0.02
GSE41849_MS,Boruta,probe_3404036,1,1,7.0,50,0.02
GSE41849_MS,Boruta,probe_3556389,1,1,7.0,50,0.02
GSE41849_MS,Boruta,probe_3563358,1,1,7.0,50,0.02
GSE41849_MS,Boruta,probe_3969803,1,1,7.0,50,0.02
GSE41849_MS,Boruta,probe_4035031,1,1,7.0,50,0.02
GSE41849_MS,Boruta,probe_4029156,1,1,8.0,50,0.02
GSE41849_MS,Boruta,probe_2322849,1,1,9.0,50,0.02
GSE41849_MS,Boruta,probe_2766290,1,1,9.0,50,0.02
GSE41849_MS,Boruta,probe_2435411,1,1,10.0,50,0.02
GSE41849_MS,Boruta,probe_2871988,1,1,10.0,50,0.02
GSE41849_MS,Boruta,probe_3417346,1,1,10.0,50,0.02
GSE41849_MS,Boruta,probe_3429541,1,1,10.0,50,0.02
GSE41849_MS,Boruta,probe_3434404,1,1,10.0,50,0.02
GSE41849_MS,Boruta,probe_3771677,1,1,10.0,50,0.02
GSE41849_MS,Boruta,probe_3886766,1,1,10.0,50,0.02
GSE41849_MS,Boruta,probe_4037672,1,1,10.0,50,0.02
GSE41849_MS,Boruta,probe_4052276,1,1,10.0,50,0.02
GSE41849_MS,Boruta,probe_4053675,1,1,10.0,50,0.02
GSE41849_MS,ElasticNet,probe_3442789,202,50,2.5643564356435644,50,1.0
GSE41849_MS,ElasticNet,probe_3449071,130,50,3.3076923076923075,50,1.0
GSE41849_MS,ElasticNet,probe_2822219,139,50,3.323741007194245,50,1.0
GSE41849_MS,ElasticNet,probe_3445030,102,48,4.166666666666667,50,0.96
GSE41849_MS,ElasticNet,probe_2956567,82,45,4.829268292682927,50,0.9
GSE41849_MS,ElasticNet,probe_3840647,66,44,4.984848484848484,50,0.88
GSE41849_MS,ElasticNet,probe_4052276,61,42,5.114754098360656,50,0.84
GSE41849_MS,ElasticNet,probe_3404550,61,42,5.163934426229508,50,0.84
GSE41849_MS,ElasticNet,probe_2950021,53,37,4.69811320754717,50,0.74
GSE41849_MS,ElasticNet,probe_3382078,48,36,5.229166666666667,50,0.72
GSE41849_MS,ElasticNet,probe_3907194,47,35,4.595744680851064,50,0.7
GSE41849_MS,ElasticNet,probe_2756036,41,33,4.146341463414634,50,0.66
GSE41849_MS,ElasticNet,probe_3886766,37,31,5.8108108108108105,50,0.62
GSE41849_MS,ElasticNet,probe_2548709,39,30,5.384615384615385,50,0.6
GSE41849_MS,ElasticNet,probe_2580949,32,28,3.875,50,0.56
GSE41849_MS,ElasticNet,probe_3401081,30,28,6.366666666666666,50,0.56
GSE41849_MS,ElasticNet,probe_2377166,27,26,4.888888888888889,50,0.52
GSE41849_MS,ElasticNet,probe_2322849,28,25,3.6785714285714284,50,0.5
GSE41849_MS,ElasticNet,probe_3660181,23,23,4.434782608695652,50,0.46
GSE41849_MS,ElasticNet,probe_2906722,24,23,5.708333333333333,50,0.46
GSE41849_MS,ElasticNet,probe_2773350,25,23,6.56,50,0.46
GSE41849_MS,ElasticNet,probe_4053675,21,20,4.476190476190476,50,0.4
GSE41849_MS,ElasticNet,probe_2900060,20,20,6.5,50,0.4
GSE41849_MS,ElasticNet,probe_2818957,17,17,5.764705882352941,50,0.34
GSE41849_MS,ElasticNet,probe_3082189,16,15,7.125,50,0.3
GSE41849_MS,ElasticNet,probe_3603928,14,13,4.928571428571429,50,0.26
GSE41849_MS,ElasticNet,probe_3173511,13,13,5.6923076923076925,50,0.26
GSE41849_MS,ElasticNet,probe_3156542,13,13,6.384615384615385,50,0.26
GSE41849_MS,ElasticNet,probe_3835036,12,12,5.666666666666667,50,0.24
GSE41849_MS,ElasticNet,probe_2413009,12,12,5.916666666666667,50,0.24
GSE41849_MS,ElasticNet,probe_3318137,11,11,5.090909090909091,50,0.22
GSE41849_MS,ElasticNet,probe_3870450,11,11,5.454545454545454,50,0.22
GSE41849_MS,ElasticNet,probe_2863207,11,11,6.7272727272727275,50,0.22
GSE41849_MS,ElasticNet,probe_3474345,11,11,6.909090909090909,50,0.22
GSE41849_MS,ElasticNet,probe_3759910,10,10,5.0,50,0.2
GSE41849_MS,ElasticNet,probe_2589292,10,10,5.2,50,0.2
GSE41849_MS,ElasticNet,probe_3707039,10,10,6.4,50,0.2
GSE41849_MS,ElasticNet,probe_2914696,9,9,5.333333333333333,50,0.18
GSE41849_MS,ElasticNet,probe_2948932,9,9,5.555555555555555,50,0.18
GSE41849_MS,ElasticNet,probe_3984137,9,9,5.777777777777778,50,0.18
GSE41849_MS,ElasticNet,probe_2409070,8,8,2.0,50,0.16
GSE41849_MS,ElasticNet,probe_3819875,7,7,5.142857142857143,50,0.14
GSE41849_MS,ElasticNet,probe_3969803,7,7,5.142857142857143,50,0.14
GSE41849_MS,ElasticNet,probe_2390299,7,7,6.857142857142857,50,0.14
GSE41849_MS,ElasticNet,probe_3974020,7,7,6.857142857142857,50,0.14
GSE41849_MS,ElasticNet,probe_2390309,7,7,7.857142857142857,50,0.14
GSE41849_MS,ElasticNet,probe_3076869,7,7,8.428571428571429,50,0.14
GSE41849_MS,ElasticNet,probe_3987041,7,7,8.428571428571429,50,0.14
GSE41849_MS,ElasticNet,probe_4037672,6,6,5.333333333333333,50,0.12
GSE41849_MS,ElasticNet,probe_2514308,6,6,6.166666666666667,50,0.12
GSE41849_MS,ElasticNet,probe_3388753,6,6,7.666666666666667,50,0.12
GSE41849_MS,ElasticNet,probe_3046682,5,5,3.6,50,0.1
GSE41849_MS,ElasticNet,probe_2475073,5,5,4.2,50,0.1
GSE41849_MS,ElasticNet,probe_3455676,5,5,4.6,50,0.1
GSE41849_MS,ElasticNet,probe_3610621,5,5,5.2,50,0.1
GSE41849_MS,ElasticNet,probe_3360335,5,5,5.6,50,0.1
GSE41849_MS,ElasticNet,probe_2528095,5,5,6.4,50,0.1
GSE41849_MS,ElasticNet,probe_2974636,5,5,7.4,50,0.1
GSE41849_MS,ElasticNet,probe_3512951,5,5,8.2,50,0.1
GSE41849_MS,ElasticNet,probe_2584916,4,4,4.25,50,0.08
GSE41849_MS,ElasticNet,probe_2454592,4,4,6.0,50,0.08
GSE41849_MS,ElasticNet,probe_2947057,4,4,6.75,50,0.08
GSE41849_MS,ElasticNet,probe_2492660,4,4,7.0,50,0.08
GSE41849_MS,ElasticNet,probe_2717083,4,4,7.0,50,0.08
GSE41849_MS,ElasticNet,probe_3333249,4,4,7.25,50,0.08
GSE41849_MS,ElasticNet,probe_3869652,4,4,7.5,50,0.08
GSE41849_MS,ElasticNet,probe_2647111,4,4,8.25,50,0.08
GSE41849_MS,ElasticNet,probe_3935487,3,3,3.6666666666666665,50,0.06
GSE41849_MS,ElasticNet,probe_3404532,3,3,5.0,50,0.06
GSE41849_MS,ElasticNet,probe_3470195,3,3,5.0,50,0.06
GSE41849_MS,ElasticNet,probe_2350982,3,3,5.333333333333333,50,0.06
GSE41849_MS,ElasticNet,probe_3862116,3,3,5.666666666666667,50,0.06
GSE41849_MS,ElasticNet,probe_2961302,4,3,6.5,50,0.06
GSE41849_MS,ElasticNet,probe_2903224,3,3,6.666666666666667,50,0.06
GSE41849_MS,ElasticNet,probe_3506650,3,3,6.666666666666667,50,0.06
GSE41849_MS,ElasticNet,probe_2512800,3,3,7.0,50,0.06
GSE41849_MS,ElasticNet,probe_3113214,3,3,7.0,50,0.06
GSE41849_MS,ElasticNet,probe_3357844,3,3,8.0,50,0.06
GSE41849_MS,ElasticNet,probe_3490901,3,3,9.333333333333334,50,0.06
GSE41849_MS,ElasticNet,probe_2926150,2,2,3.5,50,0.04
GSE41849_MS,ElasticNet,probe_3205648,2,2,4.5,50,0.04
GSE41849_MS,ElasticNet,probe_3889625,2,2,5.0,50,0.04
GSE41849_MS,ElasticNet,probe_2363076,2,2,5.5,50,0.04
GSE41849_MS,ElasticNet,probe_2784037,2,2,5.5,50,0.04
GSE41849_MS,ElasticNet,probe_4048279,2,2,6.0,50,0.04
GSE41849_MS,ElasticNet,probe_2672097,2,2,6.5,50,0.04
GSE41849_MS,ElasticNet,probe_3404036,2,2,6.5,50,0.04
GSE41849_MS,ElasticNet,probe_2766193,2,2,7.5,50,0.04
GSE41849_MS,ElasticNet,probe_2775995,2,2,7.5,50,0.04
GSE41849_MS,ElasticNet,probe_3325743,2,2,7.5,50,0.04
GSE41849_MS,ElasticNet,probe_3444907,2,2,7.5,50,0.04
GSE41849_MS,ElasticNet,probe_3835816,2,2,7.5,50,0.04
GSE41849_MS,ElasticNet,probe_4047636,2,2,7.5,50,0.04
GSE41849_MS,ElasticNet,probe_2620818,2,2,8.0,50,0.04
GSE41849_MS,ElasticNet,probe_2946260,3,2,8.0,50,0.04
GSE41849_MS,ElasticNet,probe_3399400,2,2,8.0,50,0.04
GSE41849_MS,ElasticNet,probe_3417242,2,2,8.0,50,0.04
GSE41849_MS,ElasticNet,probe_3527727,2,2,8.5,50,0.04
GSE41849_MS,ElasticNet,probe_3459435,1,1,1.0,50,0.02
GSE41849_MS,ElasticNet,probe_2451594,1,1,3.0,50,0.02
GSE41849_MS,ElasticNet,probe_2859396,1,1,5.0,50,0.02
GSE41849_MS,ElasticNet,probe_3389331,1,1,5.0,50,0.02
GSE41849_MS,ElasticNet,probe_3415917,1,1,5.0,50,0.02
GSE41849_MS,ElasticNet,probe_4041534,1,1,5.0,50,0.02
GSE41849_MS,ElasticNet,probe_2420647,1,1,6.0,50,0.02
GSE41849_MS,ElasticNet,probe_2439003,1,1,6.0,50,0.02
GSE41849_MS,ElasticNet,probe_2791421,1,1,6.0,50,0.02
GSE41849_MS,ElasticNet,probe_3177864,1,1,6.0,50,0.02
GSE41849_MS,ElasticNet,probe_3760284,1,1,6.0,50,0.02
GSE41849_MS,ElasticNet,probe_3863724,1,1,6.0,50,0.02
GSE41849_MS,ElasticNet,probe_2427079,1,1,7.0,50,0.02
GSE41849_MS,ElasticNet,probe_2482930,1,1,7.0,50,0.02
GSE41849_MS,ElasticNet,probe_2782507,1,1,7.0,50,0.02
GSE41849_MS,ElasticNet,probe_3274641,1,1,7.0,50,0.02
GSE41849_MS,ElasticNet,probe_3331360,1,1,7.0,50,0.02
GSE41849_MS,ElasticNet,probe_3332277,1,1,7.0,50,0.02
GSE41849_MS,ElasticNet,probe_3339203,1,1,7.0,50,0.02
GSE41849_MS,ElasticNet,probe_3382051,1,1,7.0,50,0.02
GSE41849_MS,ElasticNet,probe_2398823,1,1,8.0,50,0.02
GSE41849_MS,ElasticNet,probe_2990468,1,1,8.0,50,0.02
GSE41849_MS,ElasticNet,probe_3475799,1,1,8.0,50,0.02
GSE41849_MS,ElasticNet,probe_3645627,1,1,8.0,50,0.02
GSE41849_MS,ElasticNet,probe_4048242,1,1,8.0,50,0.02
GSE41849_MS,ElasticNet,probe_2324086,1,1,9.0,50,0.02
GSE41849_MS,ElasticNet,probe_2435982,1,1,9.0,50,0.02
GSE41849_MS,ElasticNet,probe_3674895,1,1,9.0,50,0.02
GSE41849_MS,ElasticNet,probe_3759023,1,1,9.0,50,0.02
GSE41849_MS,ElasticNet,probe_3774506,1,1,9.0,50,0.02
GSE41849_MS,ElasticNet,probe_3917272,1,1,9.0,50,0.02
GSE41849_MS,ElasticNet,probe_2401449,1,1,10.0,50,0.02
GSE41849_MS,ElasticNet,probe_2714820,1,1,10.0,50,0.02
GSE41849_MS,ElasticNet,probe_3105608,1,1,10.0,50,0.02
GSE41849_MS,ElasticNet,probe_3742214,1,1,10.0,50,0.02
GSE41849_MS,ElasticNet,probe_3770329,1,1,10.0,50,0.02
GSE41849_MS,ElasticNet,probe_3901044,1,1,10.0,50,0.02
GSE41849_MS,LLSS,probe_3830994,226,50,1.6991150442477876,50,1.0
GSE41849_MS,LLSS,probe_2842562,191,50,2.7068062827225132,50,1.0
GSE41849_MS,LLSS,probe_2413009,123,50,3.3902439024390243,50,1.0
GSE41849_MS,LLSS,probe_3377465,122,50,3.942622950819672,50,1.0
GSE41849_MS,LLSS,probe_2491288,133,50,4.2180451127819545,50,1.0
GSE41849_MS,LLSS,probe_3995984,117,49,4.487179487179487,50,0.98
GSE41849_MS,LLSS,probe_3708188,70,44,4.814285714285714,50,0.88
GSE41849_MS,LLSS,probe_2334170,49,39,4.326530612244898,50,0.78
GSE41849_MS,LLSS,probe_2483546,69,37,5.884057971014493,50,0.74
GSE41849_MS,LLSS,probe_3944888,45,32,5.377777777777778,50,0.64
GSE41849_MS,LLSS,probe_3337180,41,32,6.0,50,0.64
GSE41849_MS,LLSS,probe_2435391,38,31,7.0,50,0.62
GSE41849_MS,LLSS,probe_3837732,34,27,5.9411764705882355,50,0.54
GSE41849_MS,LLSS,probe_3023213,28,24,5.678571428571429,50,0.48
GSE41849_MS,LLSS,probe_3819461,23,20,6.521739130434782,50,0.4
GSE41849_MS,LLSS,probe_2893419,22,18,6.045454545454546,50,0.36
GSE41849_MS,LLSS,probe_3720121,18,17,6.611111111111111,50,0.34
GSE41849_MS,LLSS,probe_2950333,18,15,6.388888888888889,50,0.3
GSE41849_MS,LLSS,probe_2586800,17,15,7.0588235294117645,50,0.3
GSE41849_MS,LLSS,probe_3860138,11,11,5.818181818181818,50,0.22
GSE41849_MS,LLSS,probe_3874605,11,11,6.090909090909091,50,0.22
GSE41849_MS,LLSS,probe_2686775,10,10,7.1,50,0.2
GSE41849_MS,LLSS,probe_2839741,10,10,7.4,50,0.2
GSE41849_MS,LLSS,probe_2854809,9,9,7.444444444444445,50,0.18
GSE41849_MS,LLSS,probe_2950021,7,7,4.714285714285714,50,0.14
GSE41849_MS,LLSS,probe_3907194,7,7,5.285714285714286,50,0.14
GSE41849_MS,LLSS,probe_3315679,7,7,6.285714285714286,50,0.14
GSE41849_MS,LLSS,probe_3474345,6,6,8.333333333333334,50,0.12
GSE41849_MS,LLSS,probe_2902430,4,4,6.5,50,0.08
GSE41849_MS,LLSS,probe_3429541,4,4,6.5,50,0.08
GSE41849_MS,LLSS,probe_3316274,4,4,7.0,50,0.08
GSE41849_MS,LLSS,probe_4045599,3,3,4.666666666666667,50,0.06
GSE41849_MS,LLSS,probe_3441959,3,3,7.666666666666667,50,0.06
GSE41849_MS,LLSS,probe_3570294,3,3,8.0,50,0.06
GSE41849_MS,LLSS,probe_3556571,2,2,6.0,50,0.04
GSE41849_MS,LLSS,probe_3726968,2,2,7.0,50,0.04
GSE41849_MS,LLSS,probe_4007218,2,2,7.0,50,0.04
GSE41849_MS,LLSS,probe_3824385,2,2,7.5,50,0.04
GSE41849_MS,LLSS,probe_3851538,2,2,9.0,50,0.04
GSE41849_MS,LLSS,probe_3707201,1,1,5.0,50,0.02
GSE41849_MS,LLSS,probe_2961302,1,1,6.0,50,0.02
GSE41849_MS,LLSS,probe_3442789,1,1,6.0,50,0.02
GSE41849_MS,LLSS,probe_2679195,1,1,7.0,50,0.02
GSE41849_MS,LLSS,probe_2903306,1,1,8.0,50,0.02
GSE41849_MS,LLSS,probe_2903425,1,1,8.0,50,0.02
GSE41849_MS,LLSS,probe_2930809,1,1,8.0,50,0.02
GSE41849_MS,LLSS,probe_3557987,1,1,8.0,50,0.02
GSE41849_MS,LLSS,probe_2390309,1,1,9.0,50,0.02
GSE41849_MS,LLSS,probe_2435411,1,1,10.0,50,0.02
GSE41849_MS,LLSS,probe_3364723,1,1,10.0,50,0.02
GSE41849_MS,Lasso,probe_3442789,179,50,2.458100558659218,50,1.0
GSE41849_MS,Lasso,probe_2822219,127,50,3.2913385826771653,50,1.0
GSE41849_MS,Lasso,probe_2956567,96,49,3.6666666666666665,50,0.98
GSE41849_MS,Lasso,probe_3449071,88,46,3.6931818181818183,50,0.92
GSE41849_MS,Lasso,probe_2950021,74,45,4.445945945945946,50,0.9
GSE41849_MS,Lasso,probe_3445030,66,44,4.757575757575758,50,0.88
GSE41849_MS,Lasso,probe_4052276,74,43,4.95945945945946,50,0.86
GSE41849_MS,Lasso,probe_3404550,75,41,4.413333333333333,50,0.82
GSE41849_MS,Lasso,probe_3907194,62,41,4.483870967741935,50,0.82
GSE41849_MS,Lasso,probe_3840647,51,40,6.549019607843137,50,0.8
GSE41849_MS,Lasso,probe_3382078,52,39,5.076923076923077,50,0.78
GSE41849_MS,Lasso,probe_2818957,50,38,4.34,50,0.76
GSE41849_MS,Lasso,probe_2413009,43,36,5.0,50,0.72
GSE41849_MS,Lasso,probe_2773350,40,31,5.75,50,0.62
GSE41849_MS,Lasso,probe_2756036,32,28,4.28125,50,0.56
GSE41849_MS,Lasso,probe_3401081,33,27,5.666666666666667,50,0.54
GSE41849_MS,Lasso,probe_3474345,27,24,5.111111111111111,50,0.48
GSE41849_MS,Lasso,probe_3886766,27,24,5.185185185185185,50,0.48
GSE41849_MS,Lasso,probe_2322849,23,22,4.304347826086956,50,0.44
GSE41849_MS,Lasso,probe_2377166,22,22,5.2727272727272725,50,0.44
GSE41849_MS,Lasso,probe_2548709,20,18,5.15,50,0.36
GSE41849_MS,Lasso,probe_3759910,17,17,5.411764705882353,50,0.34
GSE41849_MS,Lasso,probe_3660181,16,16,5.1875,50,0.32
GSE41849_MS,Lasso,probe_2580949,15,15,4.8,50,0.3
GSE41849_MS,Lasso,probe_3173511,15,15,5.666666666666667,50,0.3
GSE41849_MS,Lasso,probe_3388753,14,13,4.571428571428571,50,0.26
GSE41849_MS,Lasso,probe_2961302,14,12,3.0,50,0.24
GSE41849_MS,Lasso,probe_2900064,12,12,5.75,50,0.24
GSE41849_MS,Lasso,probe_2906722,12,12,5.75,50,0.24
GSE41849_MS,Lasso,probe_3708188,10,10,5.5,50,0.2
GSE41849_MS,Lasso,probe_3156542,10,10,6.5,50,0.2
GSE41849_MS,Lasso,probe_2950333,11,10,6.818181818181818,50,0.2
GSE41849_MS,Lasso,probe_2863207,9,9,3.888888888888889,50,0.18
GSE41849_MS,Lasso,probe_3603928,10,9,5.4,50,0.18
GSE41849_MS,Lasso,probe_4053675,9,9,5.444444444444445,50,0.18
GSE41849_MS,Lasso,probe_2427079,10,9,6.1,50,0.18
GSE41849_MS,Lasso,probe_2784037,8,8,5.0,50,0.16
GSE41849_MS,Lasso,probe_3082189,8,8,6.125,50,0.16
GSE41849_MS,Lasso,probe_3870450,8,8,6.375,50,0.16
GSE41849_MS,Lasso,probe_3377465,7,7,3.7142857142857144,50,0.14
GSE41849_MS,Lasso,probe_3318137,7,7,4.428571428571429,50,0.14
GSE41849_MS,Lasso,probe_2948932,7,7,6.285714285714286,50,0.14
GSE41849_MS,Lasso,probe_2900060,7,7,6.714285714285714,50,0.14
GSE41849_MS,Lasso,probe_2974636,7,7,7.0,50,0.14
GSE41849_MS,Lasso,probe_3315679,6,6,3.0,50,0.12
GSE41849_MS,Lasso,probe_2842562,6,6,5.333333333333333,50,0.12
GSE41849_MS,Lasso,probe_2947057,6,6,5.333333333333333,50,0.12
GSE41849_MS,Lasso,probe_3357844,6,6,5.333333333333333,50,0.12
GSE41849_MS,Lasso,probe_2409070,6,6,5.833333333333333,50,0.12
GSE41849_MS,Lasso,probe_2647111,6,6,6.0,50,0.12
GSE41849_MS,Lasso,probe_3869652,6,6,6.166666666666667,50,0.12
GSE41849_MS,Lasso,probe_2930809,6,5,4.5,50,0.1
GSE41849_MS,Lasso,probe_2390299,5,5,4.8,50,0.1
GSE41849_MS,Lasso,probe_3984137,5,5,5.2,50,0.1
GSE41849_MS,Lasso,probe_2475073,5,5,6.0,50,0.1
GSE41849_MS,Lasso,probe_3987041,5,5,6.6,50,0.1
GSE41849_MS,Lasso,probe_3974020,6,5,7.0,50,0.1
GSE41849_MS,Lasso,probe_2903224,5,5,8.4,50,0.1
GSE41849_MS,Lasso,probe_3835036,4,4,2.5,50,0.08
GSE41849_MS,Lasso,probe_3046682,4,4,4.75,50,0.08
GSE41849_MS,Lasso,probe_2454592,4,4,5.0,50,0.08
GSE41849_MS,Lasso,probe_3969803,4,4,5.25,50,0.08
GSE41849_MS,Lasso,probe_2514308,4,4,5.5,50,0.08
GSE41849_MS,Lasso,probe_2482930,4,4,6.5,50,0.08
GSE41849_MS,Lasso,probe_3490901,4,4,6.5,50,0.08
GSE41849_MS,Lasso,probe_3360335,4,4,6.75,50,0.08
GSE41849_MS,Lasso,probe_3819875,4,4,6.75,50,0.08
GSE41849_MS,Lasso,probe_2589292,4,4,7.75,50,0.08
GSE41849_MS,Lasso,probe_2914696,4,4,7.75,50,0.08
GSE41849_MS,Lasso,probe_3404036,4,4,7.75,50,0.08
GSE41849_MS,Lasso,probe_3707039,3,3,5.333333333333333,50,0.06
GSE41849_MS,Lasso,probe_2717083,3,3,6.0,50,0.06
GSE41849_MS,Lasso,probe_2512800,3,3,6.333333333333333,50,0.06
GSE41849_MS,Lasso,probe_3862116,3,3,6.333333333333333,50,0.06
GSE41849_MS,Lasso,probe_4037672,3,3,6.333333333333333,50,0.06
GSE41849_MS,Lasso,probe_3434404,3,3,6.666666666666667,50,0.06
GSE41849_MS,Lasso,probe_3674895,3,3,8.0,50,0.06
GSE41849_MS,Lasso,probe_2390309,3,3,8.333333333333334,50,0.06
GSE41849_MS,Lasso,probe_3870137,3,3,8.333333333333334,50,0.06
GSE41849_MS,Lasso,probe_4028572,3,3,8.333333333333334,50,0.06
GSE41849_MS,Lasso,probe_3527727,3,3,9.0,50,0.06
GSE41849_MS,Lasso,probe_3444907,2,2,4.5,50,0.04
GSE41849_MS,Lasso,probe_2435982,2,2,5.0,50,0.04
GSE41849_MS,Lasso,probe_3205648,2,2,5.0,50,0.04
GSE41849_MS,Lasso,probe_3333249,2,2,5.0,50,0.04
GSE41849_MS,Lasso,probe_4048279,2,2,5.0,50,0.04
GSE41849_MS,Lasso,probe_2926150,2,2,6.0,50,0.04
GSE41849_MS,Lasso,probe_3455676,2,2,6.0,50,0.04
GSE41849_MS,Lasso,probe_2435391,2,2,6.5,50,0.04
GSE41849_MS,Lasso,probe_3415917,2,2,6.5,50,0.04
GSE41849_MS,Lasso,probe_2672097,2,2,7.0,50,0.04
GSE41849_MS,Lasso,probe_2791421,2,2,7.0,50,0.04
GSE41849_MS,Lasso,probe_3645627,2,2,7.0,50,0.04
GSE41849_MS,Lasso,probe_4047636,2,2,7.0,50,0.04
GSE41849_MS,Lasso,probe_3470195,2,2,7.5,50,0.04
GSE41849_MS,Lasso,probe_4002149,2,2,7.5,50,0.04
GSE41849_MS,Lasso,probe_4045599,2,2,7.5,50,0.04
GSE41849_MS,Lasso,probe_2528095,2,2,8.0,50,0.04
GSE41849_MS,Lasso,probe_2766193,2,2,8.0,50,0.04
GSE41849_MS,Lasso,probe_2782507,2,2,8.5,50,0.04
GSE41849_MS,Lasso,probe_3325743,2,2,8.5,50,0.04
GSE41849_MS,Lasso,probe_3475799,2,2,8.5,50,0.04
GSE41849_MS,Lasso,probe_2403262,2,2,9.5,50,0.04
GSE41849_MS,Lasso,probe_3332277,2,2,9.5,50,0.04
GSE41849_MS,Lasso,probe_3874585,2,2,9.5,50,0.04
GSE41849_MS,Lasso,probe_3404532,1,1,2.0,50,0.02
GSE41849_MS,Lasso,probe_3459435,1,1,2.0,50,0.02
GSE41849_MS,Lasso,probe_3506650,1,1,2.0,50,0.02
GSE41849_MS,Lasso,probe_2584916,1,1,3.0,50,0.02
GSE41849_MS,Lasso,probe_2773360,1,1,3.0,50,0.02
GSE41849_MS,Lasso,probe_3113214,1,1,3.0,50,0.02
GSE41849_MS,Lasso,probe_3935487,1,1,3.0,50,0.02
GSE41849_MS,Lasso,probe_2350982,1,1,4.0,50,0.02
GSE41849_MS,Lasso,probe_2398823,1,1,4.0,50,0.02
GSE41849_MS,Lasso,probe_3286930,1,1,4.0,50,0.02
GSE41849_MS,Lasso,probe_3512951,1,1,4.0,50,0.02
GSE41849_MS,Lasso,probe_2420647,1,1,5.0,50,0.02
GSE41849_MS,Lasso,probe_2674234,1,1,5.0,50,0.02
GSE41849_MS,Lasso,probe_2903191,1,1,5.0,50,0.02
GSE41849_MS,Lasso,probe_3320131,1,1,5.0,50,0.02
GSE41849_MS,Lasso,probe_3610621,1,1,5.0,50,0.02
GSE41849_MS,Lasso,probe_3770329,1,1,5.0,50,0.02
GSE41849_MS,Lasso,probe_2411174,1,1,6.0,50,0.02
GSE41849_MS,Lasso,probe_2491288,1,1,6.0,50,0.02
GSE41849_MS,Lasso,probe_3076869,1,1,6.0,50,0.02
GSE41849_MS,Lasso,probe_3835816,1,1,6.0,50,0.02
GSE41849_MS,Lasso,probe_3900473,1,1,6.0,50,0.02
GSE41849_MS,Lasso,probe_2382421,1,1,7.0,50,0.02
GSE41849_MS,Lasso,probe_2859396,1,1,7.0,50,0.02
GSE41849_MS,Lasso,probe_3331360,1,1,7.0,50,0.02
GSE41849_MS,Lasso,probe_3382051,1,1,7.0,50,0.02
GSE41849_MS,Lasso,probe_2395127,1,1,8.0,50,0.02
GSE41849_MS,Lasso,probe_2438893,1,1,8.0,50,0.02
GSE41849_MS,Lasso,probe_2439003,1,1,8.0,50,0.02
GSE41849_MS,Lasso,probe_2809814,1,1,8.0,50,0.02
GSE41849_MS,Lasso,probe_2726228,1,1,9.0,50,0.02
GSE41849_MS,Lasso,probe_2775995,1,1,9.0,50,0.02
GSE41849_MS,Lasso,probe_2990468,1,1,9.0,50,0.02
GSE41849_MS,Lasso,probe_3450862,1,1,9.0,50,0.02
GSE41849_MS,Lasso,probe_3774506,1,1,9.0,50,0.02
GSE41849_MS,Lasso,probe_3863724,1,1,9.0,50,0.02
GSE41849_MS,Lasso,probe_2451594,1,1,10.0,50,0.02
GSE41849_MS,Lasso,probe_2766290,1,1,10.0,50,0.02
GSE41849_MS,Lasso,probe_3145961,1,1,10.0,50,0.02
GSE41849_MS,Lasso,probe_3742214,1,1,10.0,50,0.02
GSE41849_MS,Lasso,probe_3901044,1,1,10.0,50,0.02
GSE41849_MS,Lasso,probe_4048242,1,1,10.0,50,0.02
GSE41849_MS,LongGroupLasso,probe_3442789,120,50,1.6,50,1.0
GSE41849_MS,LongGroupLasso,probe_3907194,83,50,1.8313253012048192,50,1.0
GSE41849_MS,LongGroupLasso,probe_3830994,219,50,3.3789954337899544,50,1.0
GSE41849_MS,LongGroupLasso,probe_2842562,213,50,3.6948356807511735,50,1.0
GSE41849_MS,LongGroupLasso,probe_2413009,198,50,3.7373737373737375,50,1.0
GSE41849_MS,LongGroupLasso,probe_2822219,87,49,3.4597701149425286,50,0.98
GSE41849_MS,LongGroupLasso,probe_3377465,135,49,5.837037037037037,50,0.98
GSE41849_MS,LongGroupLasso,probe_2491288,100,49,6.8,50,0.98
GSE41849_MS,LongGroupLasso,probe_3708188,90,48,6.988888888888889,50,0.96
GSE41849_MS,LongGroupLasso,probe_2950333,69,46,5.72463768115942,50,0.92
GSE41849_MS,LongGroupLasso,probe_2950021,74,45,5.486486486486487,50,0.9
GSE41849_MS,LongGroupLasso,probe_3860138,66,45,6.303030303030303,50,0.9
GSE41849_MS,LongGroupLasso,probe_3944888,55,44,6.8545454545454545,50,0.88
GSE41849_MS,LongGroupLasso,probe_2334170,50,39,6.28,50,0.78
GSE41849_MS,LongGroupLasso,probe_3995984,49,39,6.653061224489796,50,0.78
GSE41849_MS,LongGroupLasso,probe_3337180,28,27,8.178571428571429,50,0.54
GSE41849_MS,LongGroupLasso,probe_2903425,30,26,6.366666666666666,50,0.52
GSE41849_MS,LongGroupLasso,probe_3315679,26,23,6.846153846153846,50,0.46
GSE41849_MS,LongGroupLasso,probe_3429541,20,19,7.6,50,0.38
GSE41849_MS,LongGroupLasso,probe_2483546,18,18,8.333333333333334,50,0.36
GSE41849_MS,LongGroupLasso,probe_3886766,17,16,4.470588235294118,50,0.32
GSE41849_MS,LongGroupLasso,probe_3874605,14,14,5.785714285714286,50,0.28
GSE41849_MS,LongGroupLasso,probe_2435391,14,14,8.285714285714286,50,0.28
GSE41849_MS,LongGroupLasso,probe_3382078,12,12,5.083333333333333,50,0.24
GSE41849_MS,LongGroupLasso,probe_3023213,11,11,7.0,50,0.22
GSE41849_MS,LongGroupLasso,probe_3474345,10,10,7.3,50,0.2
GSE41849_MS,LongGroupLasso,probe_2686775,9,9,7.0,50,0.18
GSE41849_MS,LongGroupLasso,probe_3819461,9,9,7.666666666666667,50,0.18
GSE41849_MS,LongGroupLasso,probe_3404550,9,8,5.111111111111111,50,0.16
GSE41849_MS,LongGroupLasso,probe_4052276,7,7,5.714285714285714,50,0.14
GSE41849_MS,LongGroupLasso,probe_3837732,8,7,8.875,50,0.14
GSE41849_MS,LongGroupLasso,probe_3401081,6,6,3.5,50,0.12
GSE41849_MS,LongGroupLasso,probe_3445030,6,6,5.833333333333333,50,0.12
GSE41849_MS,LongGroupLasso,probe_2839741,6,6,6.5,50,0.12
GSE41849_MS,LongGroupLasso,probe_4045599,6,6,6.5,50,0.12
GSE41849_MS,LongGroupLasso,probe_3177864,5,5,3.0,50,0.1
GSE41849_MS,LongGroupLasso,probe_2435411,5,5,8.0,50,0.1
GSE41849_MS,LongGroupLasso,probe_2893419,5,5,8.0,50,0.1
GSE41849_MS,LongGroupLasso,probe_2961302,4,4,6.5,50,0.08
GSE41849_MS,LongGroupLasso,probe_2784037,4,4,7.25,50,0.08
GSE41849_MS,LongGroupLasso,probe_2854809,4,4,8.0,50,0.08
GSE41849_MS,LongGroupLasso,probe_2930809,3,3,7.666666666666667,50,0.06
GSE41849_MS,LongGroupLasso,probe_3200715,3,3,8.333333333333334,50,0.06
GSE41849_MS,LongGroupLasso,probe_2390299,2,2,5.0,50,0.04
GSE41849_MS,LongGroupLasso,probe_3449071,2,2,6.5,50,0.04
GSE41849_MS,LongGroupLasso,probe_3357844,2,2,7.0,50,0.04
GSE41849_MS,LongGroupLasso,probe_2902430,2,2,8.0,50,0.04
GSE41849_MS,LongGroupLasso,probe_3720121,2,2,9.5,50,0.04
GSE41849_MS,LongGroupLasso,probe_3603928,1,1,2.0,50,0.02
GSE41849_MS,LongGroupLasso,probe_3929398,1,1,2.0,50,0.02
GSE41849_MS,LongGroupLasso,probe_2493295,1,1,4.0,50,0.02
GSE41849_MS,LongGroupLasso,probe_3901310,1,1,4.0,50,0.02
GSE41849_MS,LongGroupLasso,probe_2900064,1,1,5.0,50,0.02
GSE41849_MS,LongGroupLasso,probe_2956567,1,1,5.0,50,0.02
GSE41849_MS,LongGroupLasso,probe_3441959,1,1,6.0,50,0.02
GSE41849_MS,LongGroupLasso,probe_3976345,1,1,6.0,50,0.02
GSE41849_MS,LongGroupLasso,probe_2903191,1,1,7.0,50,0.02
GSE41849_MS,LongGroupLasso,probe_3403082,1,1,7.0,50,0.02
GSE41849_MS,LongGroupLasso,probe_3459435,1,1,7.0,50,0.02
GSE41849_MS,LongGroupLasso,probe_2548709,1,1,8.0,50,0.02
GSE41849_MS,LongGroupLasso,probe_2586800,1,1,8.0,50,0.02
GSE41849_MS,LongGroupLasso,probe_3527664,1,1,8.0,50,0.02
GSE41849_MS,LongGroupLasso,probe_3571928,1,1,8.0,50,0.02
GSE41849_MS,LongGroupLasso,probe_3869652,1,1,8.0,50,0.02
GSE41849_MS,LongGroupLasso,probe_2679195,1,1,9.0,50,0.02
GSE41849_MS,LongGroupLasso,probe_3570294,1,1,9.0,50,0.02
GSE41849_MS,LongGroupLasso,probe_2903306,1,1,10.0,50,0.02
GSE41849_MS,LongGroupLasso,probe_3316274,1,1,10.0,50,0.02
GSE41849_MS,LongGroupLasso,probe_3404532,1,1,10.0,50,0.02
GSE41849_MS,LongGroupLasso,probe_3419474,1,1,10.0,50,0.02
GSE41849_MS,LongGroupLasso,probe_3556571,1,1,10.0,50,0.02
GSE41849_MS,MutualInfo,probe_3830994,185,50,2.1783783783783783,50,1.0
GSE41849_MS,MutualInfo,probe_3837732,116,50,3.8275862068965516,50,1.0
GSE41849_MS,MutualInfo,probe_2893419,86,49,3.9302325581395348,50,0.98
GSE41849_MS,MutualInfo,probe_2435411,75,47,3.453333333333333,50,0.94
GSE41849_MS,MutualInfo,probe_2686775,87,47,3.7471264367816093,50,0.94
GSE41849_MS,MutualInfo,probe_2491288,73,46,3.780821917808219,50,0.92
GSE41849_MS,MutualInfo,probe_3726968,68,45,3.8529411764705883,50,0.9
GSE41849_MS,MutualInfo,probe_3708188,67,43,4.91044776119403,50,0.86
GSE41849_MS,MutualInfo,probe_3337180,50,40,4.32,50,0.8
GSE41849_MS,MutualInfo,probe_3195347,51,38,4.921568627450981,50,0.76
GSE41849_MS,MutualInfo,probe_4007218,44,36,4.568181818181818,50,0.72
GSE41849_MS,MutualInfo,probe_3316274,48,35,4.291666666666667,50,0.7
GSE41849_MS,MutualInfo,probe_2435391,39,31,5.051282051282051,50,0.62
GSE41849_MS,MutualInfo,probe_2933523,31,28,3.6774193548387095,50,0.56
GSE41849_MS,MutualInfo,probe_3851538,33,28,5.757575757575758,50,0.56
GSE41849_MS,MutualInfo,probe_2413009,25,24,4.12,50,0.48
GSE41849_MS,MutualInfo,probe_2902430,28,24,5.428571428571429,50,0.48
GSE41849_MS,MutualInfo,probe_3315679,20,19,3.4,50,0.38
GSE41849_MS,MutualInfo,probe_2586800,18,17,4.222222222222222,50,0.34
GSE41849_MS,MutualInfo,probe_3023213,20,17,5.25,50,0.34
GSE41849_MS,MutualInfo,probe_3449071,17,16,5.411764705882353,50,0.32
GSE41849_MS,MutualInfo,probe_2903191,16,15,4.125,50,0.3
GSE41849_MS,MutualInfo,probe_2950333,14,14,4.642857142857143,50,0.28
GSE41849_MS,MutualInfo,probe_2325197,18,14,5.555555555555555,50,0.28
GSE41849_MS,MutualInfo,probe_2334170,13,13,5.615384615384615,50,0.26
GSE41849_MS,MutualInfo,probe_3441959,12,12,5.416666666666667,50,0.24
GSE41849_MS,MutualInfo,probe_2874688,12,12,6.416666666666667,50,0.24
GSE41849_MS,MutualInfo,probe_3225197,12,12,7.166666666666667,50,0.24
GSE41849_MS,MutualInfo,probe_3443595,12,11,5.75,50,0.22
GSE41849_MS,MutualInfo,probe_3442789,9,9,3.6666666666666665,50,0.18
GSE41849_MS,MutualInfo,probe_2331179,9,9,6.444444444444445,50,0.18
GSE41849_MS,MutualInfo,probe_2842562,11,9,6.454545454545454,50,0.18
GSE41849_MS,MutualInfo,probe_2956567,8,8,4.125,50,0.16
GSE41849_MS,MutualInfo,probe_2809795,8,8,4.375,50,0.16
GSE41849_MS,MutualInfo,probe_3388753,8,8,5.0,50,0.16
GSE41849_MS,MutualInfo,probe_2950021,8,8,5.625,50,0.16
GSE41849_MS,MutualInfo,probe_2679195,8,8,8.625,50,0.16
GSE41849_MS,MutualInfo,probe_2809814,7,7,3.7142857142857144,50,0.14
GSE41849_MS,MutualInfo,probe_2482930,7,7,4.714285714285714,50,0.14
GSE41849_MS,MutualInfo,probe_3403082,7,7,5.714285714285714,50,0.14
GSE41849_MS,MutualInfo,probe_3136138,6,6,5.0,50,0.12
GSE41849_MS,MutualInfo,probe_3474345,6,6,5.666666666666667,50,0.12
GSE41849_MS,MutualInfo,probe_2904163,6,6,6.833333333333333,50,0.12
GSE41849_MS,MutualInfo,probe_3719963,6,6,8.5,50,0.12
GSE41849_MS,MutualInfo,probe_3557812,5,5,4.6,50,0.1
GSE41849_MS,MutualInfo,probe_2903224,5,5,5.4,50,0.1
GSE41849_MS,MutualInfo,probe_3076869,5,5,5.8,50,0.1
GSE41849_MS,MutualInfo,probe_2436013,5,5,6.8,50,0.1
GSE41849_MS,MutualInfo,probe_3382051,5,5,7.2,50,0.1
GSE41849_MS,MutualInfo,probe_2980367,6,5,7.5,50,0.1
GSE41849_MS,MutualInfo,probe_3886766,4,4,4.5,50,0.08
GSE41849_MS,MutualInfo,probe_3563358,4,4,5.25,50,0.08
GSE41849_MS,MutualInfo,probe_3364723,4,4,5.75,50,0.08
GSE41849_MS,MutualInfo,probe_3720121,4,4,6.5,50,0.08
GSE41849_MS,MutualInfo,probe_2358908,5,4,6.6,50,0.08
GSE41849_MS,MutualInfo,probe_2839741,4,4,7.75,50,0.08
GSE41849_MS,MutualInfo,probe_3103525,4,4,8.25,50,0.08
GSE41849_MS,MutualInfo,probe_2766290,3,3,3.3333333333333335,50,0.06
GSE41849_MS,MutualInfo,probe_2324086,3,3,4.0,50,0.06
GSE41849_MS,MutualInfo,probe_2398543,3,3,6.0,50,0.06
GSE41849_MS,MutualInfo,probe_2854809,3,3,6.333333333333333,50,0.06
GSE41849_MS,MutualInfo,probe_2930809,3,3,6.333333333333333,50,0.06
GSE41849_MS,MutualInfo,probe_2947057,3,3,6.666666666666667,50,0.06
GSE41849_MS,MutualInfo,probe_2818957,3,3,7.0,50,0.06
GSE41849_MS,MutualInfo,probe_3402321,3,3,7.0,50,0.06
GSE41849_MS,MutualInfo,probe_3377465,3,3,7.333333333333333,50,0.06
GSE41849_MS,MutualInfo,probe_3960177,2,2,2.5,50,0.04
GSE41849_MS,MutualInfo,probe_3976345,2,2,3.0,50,0.04
GSE41849_MS,MutualInfo,probe_3642655,2,2,4.5,50,0.04
GSE41849_MS,MutualInfo,probe_3907194,2,2,5.0,50,0.04
GSE41849_MS,MutualInfo,probe_2783479,2,2,5.5,50,0.04
GSE41849_MS,MutualInfo,probe_2903132,2,2,5.5,50,0.04
GSE41849_MS,MutualInfo,probe_3459435,2,2,5.5,50,0.04
GSE41849_MS,MutualInfo,probe_2363564,2,2,6.5,50,0.04
GSE41849_MS,MutualInfo,probe_3235732,2,2,6.5,50,0.04
GSE41849_MS,MutualInfo,probe_3371642,2,2,6.5,50,0.04
GSE41849_MS,MutualInfo,probe_2323744,2,2,7.0,50,0.04
GSE41849_MS,MutualInfo,probe_3645627,2,2,7.5,50,0.04
GSE41849_MS,MutualInfo,probe_2491667,2,2,8.0,50,0.04
GSE41849_MS,MutualInfo,probe_3901310,2,2,8.0,50,0.04
GSE41849_MS,MutualInfo,probe_3200715,2,2,8.5,50,0.04
GSE41849_MS,MutualInfo,probe_3867224,2,2,9.5,50,0.04
GSE41849_MS,MutualInfo,probe_3974020,1,1,1.0,50,0.02
GSE41849_MS,MutualInfo,probe_3748451,1,1,2.0,50,0.02
GSE41849_MS,MutualInfo,probe_2390299,1,1,3.0,50,0.02
GSE41849_MS,MutualInfo,probe_3874605,1,1,3.0,50,0.02
GSE41849_MS,MutualInfo,probe_3079174,1,1,4.0,50,0.02
GSE41849_MS,MutualInfo,probe_3082189,1,1,4.0,50,0.02
GSE41849_MS,MutualInfo,probe_3404550,1,1,4.0,50,0.02
GSE41849_MS,MutualInfo,probe_2324417,1,1,5.0,50,0.02
GSE41849_MS,MutualInfo,probe_2420647,1,1,5.0,50,0.02
GSE41849_MS,MutualInfo,probe_3404036,1,1,5.0,50,0.02
GSE41849_MS,MutualInfo,probe_3482829,1,1,5.0,50,0.02
GSE41849_MS,MutualInfo,probe_3874762,1,1,5.0,50,0.02
GSE41849_MS,MutualInfo,probe_2638872,1,1,6.0,50,0.02
GSE41849_MS,MutualInfo,probe_2982747,1,1,7.0,50,0.02
GSE41849_MS,MutualInfo,probe_3026347,1,1,7.0,50,0.02
GSE41849_MS,MutualInfo,probe_3445030,1,1,7.0,50,0.02
GSE41849_MS,MutualInfo,probe_2350490,1,1,8.0,50,0.02
GSE41849_MS,MutualInfo,probe_2515242,1,1,8.0,50,0.02
GSE41849_MS,MutualInfo,probe_2822219,1,1,8.0,50,0.02
GSE41849_MS,MutualInfo,probe_2900064,1,1,8.0,50,0.02
GSE41849_MS,MutualInfo,probe_3557987,1,1,8.0,50,0.02
GSE41849_MS,MutualInfo,probe_3860138,1,1,8.0,50,0.02
GSE41849_MS,MutualInfo,probe_3419474,1,1,9.0,50,0.02
GSE41849_MS,MutualInfo,probe_2493295,1,1,10.0,50,0.02
GSE41849_MS,MutualInfo,probe_2766422,1,1,10.0,50,0.02
GSE41849_MS,MutualInfo,probe_2787962,1,1,10.0,50,0.02
GSE41849_MS,MutualInfo,probe_3401081,1,1,10.0,50,0.02
GSE41849_MS,MutualInfo,probe_3563321,1,1,10.0,50,0.02
GSE41849_MS,MutualInfo,probe_3720617,1,1,10.0,50,0.02
GSE41849_MS,MutualInfo,probe_3760353,1,1,10.0,50,0.02
GSE41849_MS,MutualInfo,probe_3868999,1,1,10.0,50,0.02
GSE41849_MS,OutcomeSNN-FS,probe_3944888,133,50,2.706766917293233,50,1.0
GSE41849_MS,OutcomeSNN-FS,probe_3708188,151,50,2.880794701986755,50,1.0
GSE41849_MS,OutcomeSNN-FS,probe_2413009,156,50,3.230769230769231,50,1.0
GSE41849_MS,OutcomeSNN-FS,probe_3377465,160,50,3.3875,50,1.0
GSE41849_MS,OutcomeSNN-FS,probe_2950021,87,46,4.333333333333333,50,0.92
GSE41849_MS,OutcomeSNN-FS,probe_3830994,63,45,4.587301587301587,50,0.9
GSE41849_MS,OutcomeSNN-FS,probe_2842562,71,43,4.577464788732394,50,0.86
GSE41849_MS,OutcomeSNN-FS,probe_3474345,62,42,4.241935483870968,50,0.84
GSE41849_MS,OutcomeSNN-FS,probe_2950333,60,42,5.0,50,0.84
GSE41849_MS,OutcomeSNN-FS,probe_2491288,78,42,5.576923076923077,50,0.84
GSE41849_MS,OutcomeSNN-FS,probe_3907194,40,36,4.5,50,0.72
GSE41849_MS,OutcomeSNN-FS,probe_2822219,39,34,4.538461538461538,50,0.68
GSE41849_MS,OutcomeSNN-FS,probe_2435391,46,33,5.891304347826087,50,0.66
GSE41849_MS,OutcomeSNN-FS,probe_3837732,47,33,6.148936170212766,50,0.66
GSE41849_MS,OutcomeSNN-FS,probe_3442789,36,32,4.25,50,0.64
GSE41849_MS,OutcomeSNN-FS,probe_3874605,37,32,4.972972972972973,50,0.64
GSE41849_MS,OutcomeSNN-FS,probe_3445030,33,32,6.181818181818182,50,0.64
GSE41849_MS,OutcomeSNN-FS,probe_3315679,33,29,5.0606060606060606,50,0.58
GSE41849_MS,OutcomeSNN-FS,probe_2903425,30,29,5.733333333333333,50,0.58
GSE41849_MS,OutcomeSNN-FS,probe_2483546,21,19,6.714285714285714,50,0.38
GSE41849_MS,OutcomeSNN-FS,probe_3337180,15,15,6.0,50,0.3
GSE41849_MS,OutcomeSNN-FS,probe_2902430,12,12,4.833333333333333,50,0.24
GSE41849_MS,OutcomeSNN-FS,probe_3404550,12,11,4.75,50,0.22
GSE41849_MS,OutcomeSNN-FS,probe_3860138,9,9,5.555555555555555,50,0.18
GSE41849_MS,OutcomeSNN-FS,probe_2435982,9,9,5.666666666666667,50,0.18
GSE41849_MS,OutcomeSNN-FS,probe_2334170,8,8,5.625,50,0.16
GSE41849_MS,OutcomeSNN-FS,probe_2686775,8,8,6.375,50,0.16
GSE41849_MS,OutcomeSNN-FS,probe_2839741,8,8,6.875,50,0.16
GSE41849_MS,OutcomeSNN-FS,probe_2390299,7,7,4.714285714285714,50,0.14
GSE41849_MS,OutcomeSNN-FS,probe_3449071,6,6,3.6666666666666665,50,0.12
GSE41849_MS,OutcomeSNN-FS,probe_2903191,7,6,5.714285714285714,50,0.12
GSE41849_MS,OutcomeSNN-FS,probe_2377166,6,6,6.333333333333333,50,0.12
GSE41849_MS,OutcomeSNN-FS,probe_2903306,5,5,5.2,50,0.1
GSE41849_MS,OutcomeSNN-FS,probe_3556571,5,5,5.2,50,0.1
GSE41849_MS,OutcomeSNN-FS,probe_3851538,5,5,6.0,50,0.1
GSE41849_MS,OutcomeSNN-FS,probe_2492660,5,5,7.8,50,0.1
GSE41849_MS,OutcomeSNN-FS,probe_2779488,5,5,7.8,50,0.1
GSE41849_MS,OutcomeSNN-FS,probe_2818957,4,4,4.75,50,0.08
GSE41849_MS,OutcomeSNN-FS,probe_2784037,4,4,5.25,50,0.08
GSE41849_MS,OutcomeSNN-FS,probe_3429541,4,4,5.75,50,0.08
GSE41849_MS,OutcomeSNN-FS,probe_3382078,4,4,6.25,50,0.08
GSE41849_MS,OutcomeSNN-FS,probe_2961302,4,4,6.5,50,0.08
GSE41849_MS,OutcomeSNN-FS,probe_2893419,4,4,8.5,50,0.08
GSE41849_MS,OutcomeSNN-FS,probe_3901310,3,3,6.333333333333333,50,0.06
GSE41849_MS,OutcomeSNN-FS,probe_3023213,3,3,7.0,50,0.06
GSE41849_MS,OutcomeSNN-FS,probe_3886766,2,2,3.0,50,0.04
GSE41849_MS,OutcomeSNN-FS,probe_2390254,2,2,4.5,50,0.04
GSE41849_MS,OutcomeSNN-FS,probe_2427079,2,2,4.5,50,0.04
GSE41849_MS,OutcomeSNN-FS,probe_3571928,2,2,4.5,50,0.04
GSE41849_MS,OutcomeSNN-FS,probe_3318137,2,2,6.0,50,0.04
GSE41849_MS,OutcomeSNN-FS,probe_3570294,2,2,7.0,50,0.04
GSE41849_MS,OutcomeSNN-FS,probe_2331179,2,2,8.5,50,0.04
GSE41849_MS,OutcomeSNN-FS,probe_2956567,2,2,8.5,50,0.04
GSE41849_MS,OutcomeSNN-FS,probe_2580949,1,1,1.0,50,0.02
GSE41849_MS,OutcomeSNN-FS,probe_2903224,1,1,1.0,50,0.02
GSE41849_MS,OutcomeSNN-FS,probe_3987041,1,1,3.0,50,0.02
GSE41849_MS,OutcomeSNN-FS,probe_4045599,1,1,3.0,50,0.02
GSE41849_MS,OutcomeSNN-FS,probe_2865062,1,1,5.0,50,0.02
GSE41849_MS,OutcomeSNN-FS,probe_3173511,1,1,5.0,50,0.02
GSE41849_MS,OutcomeSNN-FS,probe_3558377,1,1,5.0,50,0.02
GSE41849_MS,OutcomeSNN-FS,probe_3726968,1,1,5.0,50,0.02
GSE41849_MS,OutcomeSNN-FS,probe_3819461,1,1,5.0,50,0.02
GSE41849_MS,OutcomeSNN-FS,probe_4040065,1,1,5.0,50,0.02
GSE41849_MS,OutcomeSNN-FS,probe_2363853,1,1,6.0,50,0.02
GSE41849_MS,OutcomeSNN-FS,probe_2773350,1,1,6.0,50,0.02
GSE41849_MS,OutcomeSNN-FS,probe_2900064,1,1,6.0,50,0.02
GSE41849_MS,OutcomeSNN-FS,probe_2854809,1,1,7.0,50,0.02
GSE41849_MS,OutcomeSNN-FS,probe_2903132,1,1,7.0,50,0.02
GSE41849_MS,OutcomeSNN-FS,probe_3177864,1,1,7.0,50,0.02
GSE41849_MS,OutcomeSNN-FS,probe_2375339,1,1,8.0,50,0.02
GSE41849_MS,OutcomeSNN-FS,probe_2435411,1,1,8.0,50,0.02
GSE41849_MS,OutcomeSNN-FS,probe_3200715,1,1,8.0,50,0.02
GSE41849_MS,OutcomeSNN-FS,probe_3403082,1,1,8.0,50,0.02
GSE41849_MS,OutcomeSNN-FS,probe_3995984,1,1,8.0,50,0.02
GSE41849_MS,OutcomeSNN-FS,probe_3076869,1,1,9.0,50,0.02
GSE41849_MS,OutcomeSNN-FS,probe_2358908,1,1,10.0,50,0.02
GSE41849_MS,OutcomeSNN-FS,probe_2674234,1,1,10.0,50,0.02
GSE41849_MS,OutcomeSNN-FS,probe_3082189,1,1,10.0,50,0.02
GSE41849_MS,OutcomeSNN-FS,probe_3443595,1,1,10.0,50,0.02
GSE41849_MS,OutcomeSNN-FS,probe_3824385,1,1,10.0,50,0.02
GSE41849_MS,OutcomeSNN-FS,probe_4007218,1,1,10.0,50,0.02
GSE41849_MS,OutcomeSNN-FS,probe_4052276,1,1,10.0,50,0.02
GSE41849_MS,PGEE,probe_3708188,145,50,3.9034482758620688,50,1.0
GSE41849_MS,PGEE,probe_3377465,129,50,3.953488372093023,50,1.0
GSE41849_MS,PGEE,probe_2413009,102,47,4.2254901960784315,50,0.94
GSE41849_MS,PGEE,probe_3720121,77,46,1.6623376623376624,50,0.92
GSE41849_MS,PGEE,probe_3364723,69,44,3.0,50,0.88
GSE41849_MS,PGEE,probe_3944888,56,43,5.571428571428571,50,0.86
GSE41849_MS,PGEE,probe_3830994,79,42,4.9113924050632916,50,0.84
GSE41849_MS,PGEE,probe_2950021,78,41,5.038461538461538,50,0.82
GSE41849_MS,PGEE,probe_3837732,58,41,5.586206896551724,50,0.82
GSE41849_MS,PGEE,probe_3442789,58,40,4.0,50,0.8
GSE41849_MS,PGEE,probe_2334170,64,40,4.4375,50,0.8
GSE41849_MS,PGEE,probe_3023213,61,37,5.081967213114754,50,0.74
GSE41849_MS,PGEE,probe_2491288,71,35,5.71830985915493,50,0.7
GSE41849_MS,PGEE,probe_3337180,52,32,4.6923076923076925,50,0.64
GSE41849_MS,PGEE,probe_2822219,35,31,4.485714285714286,50,0.62
GSE41849_MS,PGEE,probe_2893419,34,29,6.147058823529412,50,0.58
GSE41849_MS,PGEE,probe_2950333,35,29,6.171428571428572,50,0.58
GSE41849_MS,PGEE,probe_2686775,38,28,4.815789473684211,50,0.56
GSE41849_MS,PGEE,probe_3474345,30,28,4.866666666666666,50,0.56
GSE41849_MS,PGEE,probe_2435391,40,26,5.7,50,0.52
GSE41849_MS,PGEE,probe_2842562,31,25,6.774193548387097,50,0.5
GSE41849_MS,PGEE,probe_2902430,27,23,5.037037037037037,50,0.46
GSE41849_MS,PGEE,probe_3907194,23,21,5.3478260869565215,50,0.42
GSE41849_MS,PGEE,probe_3315679,29,21,5.896551724137931,50,0.42
GSE41849_MS,PGEE,probe_2358908,17,17,4.0588235294117645,50,0.34
GSE41849_MS,PGEE,probe_2903306,19,16,5.421052631578948,50,0.32
GSE41849_MS,PGEE,probe_2784037,14,14,4.285714285714286,50,0.28
GSE41849_MS,PGEE,probe_3556571,15,14,6.666666666666667,50,0.28
GSE41849_MS,PGEE,probe_3316274,14,13,2.2857142857142856,50,0.26
GSE41849_MS,PGEE,probe_3824385,13,13,3.6153846153846154,50,0.26
GSE41849_MS,PGEE,probe_3995984,15,13,5.933333333333334,50,0.26
GSE41849_MS,PGEE,probe_3819461,12,12,4.083333333333333,50,0.24
GSE41849_MS,PGEE,probe_2818957,13,12,4.846153846153846,50,0.24
GSE41849_MS,PGEE,probe_3860138,13,12,5.076923076923077,50,0.24
GSE41849_MS,PGEE,probe_3429541,11,11,4.090909090909091,50,0.22
GSE41849_MS,PGEE,probe_3726968,10,10,4.1,50,0.2
GSE41849_MS,PGEE,probe_3874605,10,9,6.1,50,0.18
GSE41849_MS,PGEE,probe_2363564,7,7,5.428571428571429,50,0.14
GSE41849_MS,PGEE,probe_2961302,7,7,5.428571428571429,50,0.14
GSE41849_MS,PGEE,probe_2854809,6,6,6.333333333333333,50,0.12
GSE41849_MS,PGEE,probe_2331179,5,5,4.4,50,0.1
GSE41849_MS,PGEE,probe_3382078,5,5,4.8,50,0.1
GSE41849_MS,PGEE,probe_3570294,5,5,5.6,50,0.1
GSE41849_MS,PGEE,probe_3404550,6,5,5.666666666666667,50,0.1
GSE41849_MS,PGEE,probe_2903425,6,5,7.0,50,0.1
GSE41849_MS,PGEE,probe_2435411,5,5,7.4,50,0.1
GSE41849_MS,PGEE,probe_3844021,4,4,1.25,50,0.08
GSE41849_MS,PGEE,probe_2435982,4,4,2.75,50,0.08
GSE41849_MS,PGEE,probe_2427079,4,4,3.25,50,0.08
GSE41849_MS,PGEE,probe_2930809,4,4,3.5,50,0.08
GSE41849_MS,PGEE,probe_2483546,4,4,5.0,50,0.08
GSE41849_MS,PGEE,probe_4007218,4,4,5.0,50,0.08
GSE41849_MS,PGEE,probe_4045599,4,4,5.0,50,0.08
GSE41849_MS,PGEE,probe_3851538,4,4,5.75,50,0.08
GSE41849_MS,PGEE,probe_3976345,4,4,5.75,50,0.08
GSE41849_MS,PGEE,probe_2839741,3,3,8.666666666666666,50,0.06
GSE41849_MS,PGEE,probe_3867224,2,2,1.0,50,0.04
GSE41849_MS,PGEE,probe_3886766,2,2,2.0,50,0.04
GSE41849_MS,PGEE,probe_4052276,2,2,2.0,50,0.04
GSE41849_MS,PGEE,probe_3333900,2,2,3.0,50,0.04
GSE41849_MS,PGEE,probe_3901310,2,2,3.0,50,0.04
GSE41849_MS,PGEE,probe_3449071,2,2,4.0,50,0.04
GSE41849_MS,PGEE,probe_2586800,2,2,7.0,50,0.04
GSE41849_MS,PGEE,probe_3439258,1,1,1.0,50,0.02
GSE41849_MS,PGEE,probe_3759910,1,1,1.0,50,0.02
GSE41849_MS,PGEE,probe_3815730,1,1,1.0,50,0.02
GSE41849_MS,PGEE,probe_2390299,1,1,2.0,50,0.02
GSE41849_MS,PGEE,probe_3357844,1,1,2.0,50,0.02
GSE41849_MS,PGEE,probe_2325197,1,1,3.0,50,0.02
GSE41849_MS,PGEE,probe_3145961,1,1,3.0,50,0.02
GSE41849_MS,PGEE,probe_2548709,1,1,4.0,50,0.02
GSE41849_MS,PGEE,probe_2903191,1,1,5.0,50,0.02
GSE41849_MS,PGEE,probe_3063308,1,1,5.0,50,0.02
GSE41849_MS,PGEE,probe_3225197,1,1,5.0,50,0.02
GSE41849_MS,PGEE,probe_3441959,1,1,5.0,50,0.02
GSE41849_MS,PGEE,probe_2482930,1,1,7.0,50,0.02
GSE41849_MS,PGEE,probe_2779488,1,1,7.0,50,0.02
GSE41849_MS,PGEE,probe_2948932,1,1,7.0,50,0.02
GSE41849_MS,PGEE,probe_2865062,1,1,8.0,50,0.02
GSE41849_MS,PGEE,probe_2326452,1,1,9.0,50,0.02
GSE41849_MS,PGEE,probe_2903224,1,1,9.0,50,0.02
GSE41849_MS,PGEE,probe_3557987,1,1,9.0,50,0.02
GSE41849_MS,RandomForest,probe_2822219,161,50,2.6149068322981366,50,1.0
GSE41849_MS,RandomForest,probe_3442789,157,50,3.1082802547770703,50,1.0
GSE41849_MS,RandomForest,probe_3382078,80,46,3.9625,50,0.92
GSE41849_MS,RandomForest,probe_2893419,111,46,4.297297297297297,50,0.92
GSE41849_MS,RandomForest,probe_3874605,66,43,5.318181818181818,50,0.86
GSE41849_MS,RandomForest,probe_3449071,64,42,5.203125,50,0.84
GSE41849_MS,RandomForest,probe_3474345,56,41,4.875,50,0.82
GSE41849_MS,RandomForest,probe_3708188,76,40,5.328947368421052,50,0.8
GSE41849_MS,RandomForest,probe_2334170,59,40,5.711864406779661,50,0.8
GSE41849_MS,RandomForest,probe_2950021,56,39,4.821428571428571,50,0.78
GSE41849_MS,RandomForest,probe_3726968,55,39,5.181818181818182,50,0.78
GSE41849_MS,RandomForest,probe_3837732,68,39,5.382352941176471,50,0.78
GSE41849_MS,RandomForest,probe_3907194,58,38,4.620689655172414,50,0.76
GSE41849_MS,RandomForest,probe_3377465,66,38,5.0,50,0.76
GSE41849_MS,RandomForest,probe_2686775,54,37,5.018518518518518,50,0.74
GSE41849_MS,RandomForest,probe_3944888,56,37,5.5,50,0.74
GSE41849_MS,RandomForest,probe_2842562,63,37,5.904761904761905,50,0.74
GSE41849_MS,RandomForest,probe_3830994,50,35,5.16,50,0.7
GSE41849_MS,RandomForest,probe_3445030,38,32,5.315789473684211,50,0.64
GSE41849_MS,RandomForest,probe_3023213,41,32,5.365853658536586,50,0.64
GSE41849_MS,RandomForest,probe_2413009,33,26,4.090909090909091,50,0.52
GSE41849_MS,RandomForest,probe_2483546,36,26,5.888888888888889,50,0.52
GSE41849_MS,RandomForest,probe_2377166,25,24,3.68,50,0.48
GSE41849_MS,RandomForest,probe_2491288,28,23,6.642857142857143,50,0.46
GSE41849_MS,RandomForest,probe_4007218,23,22,4.869565217391305,50,0.44
GSE41849_MS,RandomForest,probe_3404550,24,19,5.125,50,0.38
GSE41849_MS,RandomForest,probe_2854809,19,15,6.2105263157894735,50,0.3
GSE41849_MS,RandomForest,probe_2435391,16,15,7.0625,50,0.3
GSE41849_MS,RandomForest,probe_3382051,14,14,4.428571428571429,50,0.28
GSE41849_MS,RandomForest,probe_3173511,13,13,4.461538461538462,50,0.26
GSE41849_MS,RandomForest,probe_2903191,14,13,6.428571428571429,50,0.26
GSE41849_MS,RandomForest,probe_2390299,13,12,4.846153846153846,50,0.24
GSE41849_MS,RandomForest,probe_4048279,13,12,6.153846153846154,50,0.24
GSE41849_MS,RandomForest,probe_3570294,11,11,5.0,50,0.22
GSE41849_MS,RandomForest,probe_2903306,12,11,7.416666666666667,50,0.22
GSE41849_MS,RandomForest,probe_3404532,10,10,5.9,50,0.2
GSE41849_MS,RandomForest,probe_2930809,12,10,7.0,50,0.2
GSE41849_MS,RandomForest,probe_3315679,9,9,4.666666666666667,50,0.18
GSE41849_MS,RandomForest,probe_3441959,9,9,5.111111111111111,50,0.18
GSE41849_MS,RandomForest,probe_2491667,9,9,6.333333333333333,50,0.18
GSE41849_MS,RandomForest,probe_2492660,8,8,7.25,50,0.16
GSE41849_MS,RandomForest,probe_3819461,8,8,7.875,50,0.16
GSE41849_MS,RandomForest,probe_2950333,7,7,4.285714285714286,50,0.14
GSE41849_MS,RandomForest,probe_3200715,7,7,4.285714285714286,50,0.14
GSE41849_MS,RandomForest,probe_3364723,7,7,5.571428571428571,50,0.14
GSE41849_MS,RandomForest,probe_2436013,7,7,6.571428571428571,50,0.14
GSE41849_MS,RandomForest,probe_3337180,7,7,7.428571428571429,50,0.14
GSE41849_MS,RandomForest,probe_3159041,7,7,8.714285714285714,50,0.14
GSE41849_MS,RandomForest,probe_3316274,6,6,5.0,50,0.12
GSE41849_MS,RandomForest,probe_3333900,6,6,5.333333333333333,50,0.12
GSE41849_MS,RandomForest,probe_2331179,6,6,5.666666666666667,50,0.12
GSE41849_MS,RandomForest,probe_2903224,5,5,5.0,50,0.1
GSE41849_MS,RandomForest,probe_3720121,6,5,6.666666666666667,50,0.1
GSE41849_MS,RandomForest,probe_2482930,5,5,6.8,50,0.1
GSE41849_MS,RandomForest,probe_3371642,5,5,7.4,50,0.1
GSE41849_MS,RandomForest,probe_2818957,5,5,8.0,50,0.1
GSE41849_MS,RandomForest,probe_3063308,5,5,8.4,50,0.1
GSE41849_MS,RandomForest,probe_3851538,4,4,5.25,50,0.08
GSE41849_MS,RandomForest,probe_2325197,4,4,6.0,50,0.08
GSE41849_MS,RandomForest,probe_2784037,4,4,7.5,50,0.08
GSE41849_MS,RandomForest,probe_2358908,4,4,8.5,50,0.08
GSE41849_MS,RandomForest,probe_2874688,3,3,4.666666666666667,50,0.06
GSE41849_MS,RandomForest,probe_3439258,3,3,5.333333333333333,50,0.06
GSE41849_MS,RandomForest,probe_3557987,3,3,5.333333333333333,50,0.06
GSE41849_MS,RandomForest,probe_3995984,3,3,6.333333333333333,50,0.06
GSE41849_MS,RandomForest,probe_3974020,3,3,6.666666666666667,50,0.06
GSE41849_MS,RandomForest,probe_3603928,3,3,7.0,50,0.06
GSE41849_MS,RandomForest,probe_2948932,3,3,7.333333333333333,50,0.06
GSE41849_MS,RandomForest,probe_4052276,3,3,7.333333333333333,50,0.06
GSE41849_MS,RandomForest,probe_3145961,3,3,7.666666666666667,50,0.06
GSE41849_MS,RandomForest,probe_3824385,3,3,8.333333333333334,50,0.06
GSE41849_MS,RandomForest,probe_2586800,3,3,8.666666666666666,50,0.06
GSE41849_MS,RandomForest,probe_3901310,3,3,8.666666666666666,50,0.06
GSE41849_MS,RandomForest,probe_4045599,3,3,8.666666666666666,50,0.06
GSE41849_MS,RandomForest,probe_3869652,3,3,9.0,50,0.06
GSE41849_MS,RandomForest,probe_2435982,2,2,5.5,50,0.04
GSE41849_MS,RandomForest,probe_3976345,2,2,5.5,50,0.04
GSE41849_MS,RandomForest,probe_3046682,2,2,6.5,50,0.04
GSE41849_MS,RandomForest,probe_3388753,2,2,6.5,50,0.04
GSE41849_MS,RandomForest,probe_4031089,2,2,6.5,50,0.04
GSE41849_MS,RandomForest,probe_3867224,2,2,7.0,50,0.04
GSE41849_MS,RandomForest,probe_2900060,2,2,7.5,50,0.04
GSE41849_MS,RandomForest,probe_3225197,2,2,7.5,50,0.04
GSE41849_MS,RandomForest,probe_3403082,2,2,8.0,50,0.04
GSE41849_MS,RandomForest,probe_3660181,2,2,8.5,50,0.04
GSE41849_MS,RandomForest,probe_3635931,2,2,9.0,50,0.04
GSE41849_MS,RandomForest,probe_3556571,2,2,9.5,50,0.04
GSE41849_MS,RandomForest,probe_3886766,2,2,9.5,50,0.04
GSE41849_MS,RandomForest,probe_3404036,1,1,1.0,50,0.02
GSE41849_MS,RandomForest,probe_4035031,1,1,2.0,50,0.02
GSE41849_MS,RandomForest,probe_2647111,1,1,3.0,50,0.02
GSE41849_MS,RandomForest,probe_2906722,1,1,3.0,50,0.02
GSE41849_MS,RandomForest,probe_2961302,1,1,3.0,50,0.02
GSE41849_MS,RandomForest,probe_3770329,1,1,3.0,50,0.02
GSE41849_MS,RandomForest,probe_2515242,1,1,4.0,50,0.02
GSE41849_MS,RandomForest,probe_4028572,1,1,4.0,50,0.02
GSE41849_MS,RandomForest,probe_2390254,1,1,5.0,50,0.02
GSE41849_MS,RandomForest,probe_3835036,1,1,5.0,50,0.02
GSE41849_MS,RandomForest,probe_2326452,1,1,6.0,50,0.02
GSE41849_MS,RandomForest,probe_2900064,1,1,6.0,50,0.02
GSE41849_MS,RandomForest,probe_2903425,1,1,6.0,50,0.02
GSE41849_MS,RandomForest,probe_2923186,1,1,6.0,50,0.02
GSE41849_MS,RandomForest,probe_3150316,1,1,6.0,50,0.02
GSE41849_MS,RandomForest,probe_3417346,1,1,6.0,50,0.02
GSE41849_MS,RandomForest,probe_3506650,1,1,6.0,50,0.02
GSE41849_MS,RandomForest,probe_3459435,1,1,7.0,50,0.02
GSE41849_MS,RandomForest,probe_3987041,1,1,7.0,50,0.02
GSE41849_MS,RandomForest,probe_4031137,1,1,7.0,50,0.02
GSE41849_MS,RandomForest,probe_2390309,1,1,8.0,50,0.02
GSE41849_MS,RandomForest,probe_2739177,1,1,8.0,50,0.02
GSE41849_MS,RandomForest,probe_2756036,1,1,8.0,50,0.02
GSE41849_MS,RandomForest,probe_3136138,1,1,8.0,50,0.02
GSE41849_MS,RandomForest,probe_3417242,1,1,8.0,50,0.02
GSE41849_MS,RandomForest,probe_4037672,1,1,8.0,50,0.02
GSE41849_MS,RandomForest,probe_2363853,1,1,9.0,50,0.02
GSE41849_MS,RandomForest,probe_2580949,1,1,9.0,50,0.02
GSE41849_MS,RandomForest,probe_3195347,1,1,9.0,50,0.02
GSE41849_MS,RandomForest,probe_3333249,1,1,9.0,50,0.02
GSE41849_MS,RandomForest,probe_3900473,1,1,9.0,50,0.02
GSE41849_MS,RandomForest,probe_2839741,1,1,10.0,50,0.02
GSE41849_MS,RandomForest,probe_2865062,1,1,10.0,50,0.02
GSE41849_MS,RandomForest,probe_2903132,1,1,10.0,50,0.02
GSE41849_MS,RandomForest,probe_3177864,1,1,10.0,50,0.02
GSE41849_MS,RandomForest,probe_3360443,1,1,10.0,50,0.02
GSE41849_MS,RandomForest,probe_3563358,1,1,10.0,50,0.02
GSE41849_MS,RandomForest,probe_3870450,1,1,10.0,50,0.02
GSE41849_MS,RandomForest,probe_4030163,1,1,10.0,50,0.02
GSE41849_MS,SNN-FS,probe_2413009,128,50,3.4375,50,1.0
GSE41849_MS,SNN-FS,probe_3445030,110,50,4.536363636363636,50,1.0
GSE41849_MS,SNN-FS,probe_2822219,95,49,3.8105263157894735,50,0.98
GSE41849_MS,SNN-FS,probe_3442789,92,48,3.858695652173913,50,0.96
GSE41849_MS,SNN-FS,probe_3449071,84,48,3.880952380952381,50,0.96
GSE41849_MS,SNN-FS,probe_2950021,85,48,4.0,50,0.96
GSE41849_MS,SNN-FS,probe_3907194,106,48,4.047169811320755,50,0.96
GSE41849_MS,SNN-FS,probe_3474345,80,47,4.3125,50,0.94
GSE41849_MS,SNN-FS,probe_3708188,76,46,4.394736842105263,50,0.92
GSE41849_MS,SNN-FS,probe_3404550,62,41,4.064516129032258,50,0.82
GSE41849_MS,SNN-FS,probe_2956567,51,41,5.392156862745098,50,0.82
GSE41849_MS,SNN-FS,probe_3401081,45,36,4.355555555555555,50,0.72
GSE41849_MS,SNN-FS,probe_2756036,42,36,4.761904761904762,50,0.72
GSE41849_MS,SNN-FS,probe_2950333,40,30,5.525,50,0.6
GSE41849_MS,SNN-FS,probe_2377166,31,29,4.612903225806452,50,0.58
GSE41849_MS,SNN-FS,probe_2492660,37,29,4.621621621621622,50,0.58
GSE41849_MS,SNN-FS,probe_2390299,33,28,5.484848484848484,50,0.56
GSE41849_MS,SNN-FS,probe_3173511,34,27,4.0,50,0.54
GSE41849_MS,SNN-FS,probe_3944888,27,26,4.7407407407407405,50,0.52
GSE41849_MS,SNN-FS,probe_2435391,28,26,5.142857142857143,50,0.52
GSE41849_MS,SNN-FS,probe_3382078,23,22,5.782608695652174,50,0.44
GSE41849_MS,SNN-FS,probe_3377465,28,22,5.821428571428571,50,0.44
GSE41849_MS,SNN-FS,probe_2900064,19,19,4.526315789473684,50,0.38
GSE41849_MS,SNN-FS,probe_2903425,21,19,5.476190476190476,50,0.38
GSE41849_MS,SNN-FS,probe_2974636,16,16,5.9375,50,0.32
GSE41849_MS,SNN-FS,probe_2839741,17,16,7.294117647058823,50,0.32
GSE41849_MS,SNN-FS,probe_3315679,15,15,4.333333333333333,50,0.3
GSE41849_MS,SNN-FS,probe_4052276,18,15,5.444444444444445,50,0.3
GSE41849_MS,SNN-FS,probe_3082189,15,15,6.066666666666666,50,0.3
GSE41849_MS,SNN-FS,probe_3388753,15,14,6.066666666666666,50,0.28
GSE41849_MS,SNN-FS,probe_2773350,14,14,6.428571428571429,50,0.28
GSE41849_MS,SNN-FS,probe_3759910,13,13,4.769230769230769,50,0.26
GSE41849_MS,SNN-FS,probe_3076869,13,13,5.076923076923077,50,0.26
GSE41849_MS,SNN-FS,probe_2961302,13,13,5.615384615384615,50,0.26
GSE41849_MS,SNN-FS,probe_3886766,13,13,5.769230769230769,50,0.26
GSE41849_MS,SNN-FS,probe_2818957,14,13,5.857142857142857,50,0.26
GSE41849_MS,SNN-FS,probe_2491288,13,13,6.384615384615385,50,0.26
GSE41849_MS,SNN-FS,probe_3840647,14,13,7.5,50,0.26
GSE41849_MS,SNN-FS,probe_2580949,12,12,5.083333333333333,50,0.24
GSE41849_MS,SNN-FS,probe_3869652,12,12,7.25,50,0.24
GSE41849_MS,SNN-FS,probe_2906722,11,11,5.909090909090909,50,0.22
GSE41849_MS,SNN-FS,probe_3318137,8,8,6.0,50,0.16
GSE41849_MS,SNN-FS,probe_3357844,8,8,6.0,50,0.16
GSE41849_MS,SNN-FS,probe_3603928,7,7,3.857142857142857,50,0.14
GSE41849_MS,SNN-FS,probe_3455676,7,7,5.571428571428571,50,0.14
GSE41849_MS,SNN-FS,probe_4048279,7,7,7.285714285714286,50,0.14
GSE41849_MS,SNN-FS,probe_3987041,6,6,5.0,50,0.12
GSE41849_MS,SNN-FS,probe_3156542,6,6,6.5,50,0.12
GSE41849_MS,SNN-FS,probe_2842562,6,6,6.666666666666667,50,0.12
GSE41849_MS,SNN-FS,probe_3830994,6,6,7.833333333333333,50,0.12
GSE41849_MS,SNN-FS,probe_3434404,5,5,5.4,50,0.1
GSE41849_MS,SNN-FS,probe_2435982,5,5,6.0,50,0.1
GSE41849_MS,SNN-FS,probe_2900060,5,5,6.4,50,0.1
GSE41849_MS,SNN-FS,probe_2784037,4,4,4.25,50,0.08
GSE41849_MS,SNN-FS,probe_3874585,4,4,4.25,50,0.08
GSE41849_MS,SNN-FS,probe_2322849,4,4,5.0,50,0.08
GSE41849_MS,SNN-FS,probe_3475799,4,4,6.25,50,0.08
GSE41849_MS,SNN-FS,probe_3360335,4,4,7.75,50,0.08
GSE41849_MS,SNN-FS,probe_3417242,4,4,8.25,50,0.08
GSE41849_MS,SNN-FS,probe_3774506,4,4,8.5,50,0.08
GSE41849_MS,SNN-FS,probe_3862116,4,4,9.25,50,0.08
GSE41849_MS,SNN-FS,probe_2390254,3,3,3.0,50,0.06
GSE41849_MS,SNN-FS,probe_3660181,3,3,4.333333333333333,50,0.06
GSE41849_MS,SNN-FS,probe_2548709,3,3,5.0,50,0.06
GSE41849_MS,SNN-FS,probe_2948932,3,3,5.333333333333333,50,0.06
GSE41849_MS,SNN-FS,probe_2398543,3,3,6.0,50,0.06
GSE41849_MS,SNN-FS,probe_2647111,3,3,6.333333333333333,50,0.06
GSE41849_MS,SNN-FS,probe_2454592,3,3,6.666666666666667,50,0.06
GSE41849_MS,SNN-FS,probe_2903224,3,3,7.0,50,0.06
GSE41849_MS,SNN-FS,probe_3835816,3,3,7.0,50,0.06
GSE41849_MS,SNN-FS,probe_2775995,3,3,7.666666666666667,50,0.06
GSE41849_MS,SNN-FS,probe_2334170,3,3,8.0,50,0.06
GSE41849_MS,SNN-FS,probe_2779488,3,3,8.0,50,0.06
GSE41849_MS,SNN-FS,probe_2863207,3,3,8.333333333333334,50,0.06
GSE41849_MS,SNN-FS,probe_2854809,3,3,9.0,50,0.06
GSE41849_MS,SNN-FS,probe_3404036,3,3,9.666666666666666,50,0.06
GSE41849_MS,SNN-FS,probe_3556571,2,2,2.5,50,0.04
GSE41849_MS,SNN-FS,probe_3470195,2,2,4.5,50,0.04
GSE41849_MS,SNN-FS,probe_2409070,2,2,5.0,50,0.04
GSE41849_MS,SNN-FS,probe_4045599,2,2,5.0,50,0.04
GSE41849_MS,SNN-FS,probe_2902430,2,2,6.5,50,0.04
GSE41849_MS,SNN-FS,probe_3571928,2,2,6.5,50,0.04
GSE41849_MS,SNN-FS,probe_2514308,2,2,7.0,50,0.04
GSE41849_MS,SNN-FS,probe_3404532,2,2,7.0,50,0.04
GSE41849_MS,SNN-FS,probe_3046682,2,2,7.5,50,0.04
GSE41849_MS,SNN-FS,probe_3177864,2,2,7.5,50,0.04
GSE41849_MS,SNN-FS,probe_3874605,2,2,7.5,50,0.04
GSE41849_MS,SNN-FS,probe_4037672,2,2,7.5,50,0.04
GSE41849_MS,SNN-FS,probe_2403262,2,2,8.0,50,0.04
GSE41849_MS,SNN-FS,probe_2859396,2,2,8.0,50,0.04
GSE41849_MS,SNN-FS,probe_2930809,2,2,8.0,50,0.04
GSE41849_MS,SNN-FS,probe_3150316,2,2,9.0,50,0.04
GSE41849_MS,SNN-FS,probe_2398823,1,1,2.0,50,0.02
GSE41849_MS,SNN-FS,probe_3320131,1,1,2.0,50,0.02
GSE41849_MS,SNN-FS,probe_3835036,1,1,2.0,50,0.02
GSE41849_MS,SNN-FS,probe_2363853,1,1,3.0,50,0.02
GSE41849_MS,SNN-FS,probe_2390309,1,1,3.0,50,0.02
GSE41849_MS,SNN-FS,probe_3674895,1,1,3.0,50,0.02
GSE41849_MS,SNN-FS,probe_3935487,1,1,3.0,50,0.02
GSE41849_MS,SNN-FS,probe_3333249,1,1,4.0,50,0.02
GSE41849_MS,SNN-FS,probe_4048242,1,1,4.0,50,0.02
GSE41849_MS,SNN-FS,probe_2475073,1,1,5.0,50,0.02
GSE41849_MS,SNN-FS,probe_2482930,1,1,5.0,50,0.02
GSE41849_MS,SNN-FS,probe_2903306,1,1,5.0,50,0.02
GSE41849_MS,SNN-FS,probe_3459435,1,1,5.0,50,0.02
GSE41849_MS,SNN-FS,probe_3870450,1,1,5.0,50,0.02
GSE41849_MS,SNN-FS,probe_2363076,1,1,6.0,50,0.02
GSE41849_MS,SNN-FS,probe_2375339,1,1,6.0,50,0.02
GSE41849_MS,SNN-FS,probe_2773360,1,1,6.0,50,0.02
GSE41849_MS,SNN-FS,probe_2411174,1,1,7.0,50,0.02
GSE41849_MS,SNN-FS,probe_2782507,1,1,7.0,50,0.02
GSE41849_MS,SNN-FS,probe_2865062,1,1,7.0,50,0.02
GSE41849_MS,SNN-FS,probe_2331179,1,1,8.0,50,0.02
GSE41849_MS,SNN-FS,probe_2483546,1,1,8.0,50,0.02
GSE41849_MS,SNN-FS,probe_2512800,1,1,8.0,50,0.02
GSE41849_MS,SNN-FS,probe_2717083,1,1,8.0,50,0.02
GSE41849_MS,SNN-FS,probe_3079174,1,1,8.0,50,0.02
GSE41849_MS,SNN-FS,probe_3325743,1,1,8.0,50,0.02
GSE41849_MS,SNN-FS,probe_3759023,1,1,8.0,50,0.02
GSE41849_MS,SNN-FS,probe_3837732,1,1,9.0,50,0.02
GSE41849_MS,SNN-FS,probe_3707039,1,1,10.0,50,0.02
GSE41849_MS,SNN-FS,probe_3860138,1,1,10.0,50,0.02
GSE41849_MS,SNN-FS,probe_4028572,1,1,10.0,50,0.02
GSE41849_MS,StabilitySelection,probe_3442789,219,50,2.050228310502283,50,1.0
GSE41849_MS,StabilitySelection,probe_2822219,191,50,3.324607329842932,50,1.0
GSE41849_MS,StabilitySelection,probe_3445030,98,49,4.091836734693878,50,0.98
GSE41849_MS,StabilitySelection,probe_2950021,97,49,4.268041237113402,50,0.98
GSE41849_MS,StabilitySelection,probe_3449071,112,49,4.446428571428571,50,0.98
GSE41849_MS,StabilitySelection,probe_3382078,88,49,4.920454545454546,50,0.98
GSE41849_MS,StabilitySelection,probe_4052276,99,48,4.797979797979798,50,0.96
GSE41849_MS,StabilitySelection,probe_3404550,93,48,5.086021505376344,50,0.96
GSE41849_MS,StabilitySelection,probe_3907194,82,45,4.951219512195122,50,0.9
GSE41849_MS,StabilitySelection,probe_2956567,69,42,5.768115942028985,50,0.84
GSE41849_MS,StabilitySelection,probe_2413009,69,40,5.826086956521739,50,0.8
GSE41849_MS,StabilitySelection,probe_3840647,42,35,5.904761904761905,50,0.7
GSE41849_MS,StabilitySelection,probe_2773350,37,33,5.8108108108108105,50,0.66
GSE41849_MS,StabilitySelection,probe_2377166,29,27,5.310344827586207,50,0.54
GSE41849_MS,StabilitySelection,probe_3886766,30,25,6.3,50,0.5
GSE41849_MS,StabilitySelection,probe_3474345,29,24,5.655172413793103,50,0.48
GSE41849_MS,StabilitySelection,probe_3645627,27,24,7.074074074074074,50,0.48
GSE41849_MS,StabilitySelection,probe_3401081,24,21,5.958333333333333,50,0.42
GSE41849_MS,StabilitySelection,probe_2906722,21,20,6.0476190476190474,50,0.4
GSE41849_MS,StabilitySelection,probe_2548709,21,20,6.571428571428571,50,0.4
GSE41849_MS,StabilitySelection,probe_2390299,17,16,6.9411764705882355,50,0.32
GSE41849_MS,StabilitySelection,probe_3660181,16,15,5.5625,50,0.3
GSE41849_MS,StabilitySelection,probe_3603928,15,14,4.8,50,0.28
GSE41849_MS,StabilitySelection,probe_3082189,15,14,7.933333333333334,50,0.28
GSE41849_MS,StabilitySelection,probe_2580949,14,13,4.428571428571429,50,0.26
GSE41849_MS,StabilitySelection,probe_3173511,12,12,5.583333333333333,50,0.24
GSE41849_MS,StabilitySelection,probe_2900060,12,12,7.0,50,0.24
GSE41849_MS,StabilitySelection,probe_2322849,11,11,7.818181818181818,50,0.22
GSE41849_MS,StabilitySelection,probe_3759910,10,10,5.3,50,0.2
GSE41849_MS,StabilitySelection,probe_3076869,10,10,5.5,50,0.2
GSE41849_MS,StabilitySelection,probe_2756036,10,10,5.7,50,0.2
GSE41849_MS,StabilitySelection,probe_4053675,10,10,6.5,50,0.2
GSE41849_MS,StabilitySelection,probe_2492660,10,10,7.8,50,0.2
GSE41849_MS,StabilitySelection,probe_2818957,11,9,6.0,50,0.18
GSE41849_MS,StabilitySelection,probe_3377465,8,8,5.125,50,0.16
GSE41849_MS,StabilitySelection,probe_3870450,8,8,6.75,50,0.16
GSE41849_MS,StabilitySelection,probe_3455676,7,7,5.142857142857143,50,0.14
GSE41849_MS,StabilitySelection,probe_2589292,7,7,5.714285714285714,50,0.14
GSE41849_MS,StabilitySelection,probe_3974020,9,7,6.222222222222222,50,0.14
GSE41849_MS,StabilitySelection,probe_2784037,7,7,6.571428571428571,50,0.14
GSE41849_MS,StabilitySelection,probe_3987041,8,7,7.0,50,0.14
GSE41849_MS,StabilitySelection,probe_3156542,6,6,4.666666666666667,50,0.12
GSE41849_MS,StabilitySelection,probe_2903224,6,6,5.166666666666667,50,0.12
GSE41849_MS,StabilitySelection,probe_3360335,6,6,6.0,50,0.12
GSE41849_MS,StabilitySelection,probe_3708188,6,6,6.666666666666667,50,0.12
GSE41849_MS,StabilitySelection,probe_3315679,5,5,5.2,50,0.1
GSE41849_MS,StabilitySelection,probe_2717083,5,5,6.0,50,0.1
GSE41849_MS,StabilitySelection,probe_3835036,5,5,6.6,50,0.1
GSE41849_MS,StabilitySelection,probe_3984137,5,5,6.6,50,0.1
GSE41849_MS,StabilitySelection,probe_3707039,5,5,7.6,50,0.1
GSE41849_MS,StabilitySelection,probe_2390309,5,5,8.6,50,0.1
GSE41849_MS,StabilitySelection,probe_2948932,4,4,3.75,50,0.08
GSE41849_MS,StabilitySelection,probe_2363076,4,4,5.5,50,0.08
GSE41849_MS,StabilitySelection,probe_3046682,4,4,5.5,50,0.08
GSE41849_MS,StabilitySelection,probe_2528095,4,4,6.0,50,0.08
GSE41849_MS,StabilitySelection,probe_2512800,4,4,6.25,50,0.08
GSE41849_MS,StabilitySelection,probe_2900064,4,4,6.5,50,0.08
GSE41849_MS,StabilitySelection,probe_3388753,4,4,6.5,50,0.08
GSE41849_MS,StabilitySelection,probe_3512951,4,4,6.75,50,0.08
GSE41849_MS,StabilitySelection,probe_2842562,4,4,7.0,50,0.08
GSE41849_MS,StabilitySelection,probe_3357844,4,4,7.0,50,0.08
GSE41849_MS,StabilitySelection,probe_2647111,4,4,7.5,50,0.08
GSE41849_MS,StabilitySelection,probe_3835816,4,4,7.5,50,0.08
GSE41849_MS,StabilitySelection,probe_3774506,4,4,8.25,50,0.08
GSE41849_MS,StabilitySelection,probe_3339203,3,3,4.666666666666667,50,0.06
GSE41849_MS,StabilitySelection,probe_3459435,3,3,5.0,50,0.06
GSE41849_MS,StabilitySelection,probe_4037672,3,3,5.0,50,0.06
GSE41849_MS,StabilitySelection,probe_2493295,3,3,5.333333333333333,50,0.06
GSE41849_MS,StabilitySelection,probe_2782507,3,3,5.666666666666667,50,0.06
GSE41849_MS,StabilitySelection,probe_3929398,3,3,5.666666666666667,50,0.06
GSE41849_MS,StabilitySelection,probe_2475073,3,3,6.0,50,0.06
GSE41849_MS,StabilitySelection,probe_3404036,3,3,6.333333333333333,50,0.06
GSE41849_MS,StabilitySelection,probe_3819875,3,3,7.333333333333333,50,0.06
GSE41849_MS,StabilitySelection,probe_2672097,3,3,7.666666666666667,50,0.06
GSE41849_MS,StabilitySelection,probe_3333249,3,3,7.666666666666667,50,0.06
GSE41849_MS,StabilitySelection,probe_2950333,3,3,8.0,50,0.06
GSE41849_MS,StabilitySelection,probe_3610621,3,3,8.0,50,0.06
GSE41849_MS,StabilitySelection,probe_2947057,3,3,9.0,50,0.06
GSE41849_MS,StabilitySelection,probe_3874605,3,3,9.666666666666666,50,0.06
GSE41849_MS,StabilitySelection,probe_3318137,2,2,3.5,50,0.04
GSE41849_MS,StabilitySelection,probe_2409070,2,2,4.5,50,0.04
GSE41849_MS,StabilitySelection,probe_2454592,2,2,6.0,50,0.04
GSE41849_MS,StabilitySelection,probe_3506650,2,2,6.0,50,0.04
GSE41849_MS,StabilitySelection,probe_2926150,2,2,6.5,50,0.04
GSE41849_MS,StabilitySelection,probe_3935487,2,2,6.5,50,0.04
GSE41849_MS,StabilitySelection,probe_4048279,2,2,7.0,50,0.04
GSE41849_MS,StabilitySelection,probe_3969803,2,2,7.5,50,0.04
GSE41849_MS,StabilitySelection,probe_3862116,2,2,8.0,50,0.04
GSE41849_MS,StabilitySelection,probe_3490901,2,2,8.5,50,0.04
GSE41849_MS,StabilitySelection,probe_3417242,1,1,3.0,50,0.02
GSE41849_MS,StabilitySelection,probe_3901044,1,1,3.0,50,0.02
GSE41849_MS,StabilitySelection,probe_2363853,1,1,5.0,50,0.02
GSE41849_MS,StabilitySelection,probe_2620818,1,1,5.0,50,0.02
GSE41849_MS,StabilitySelection,probe_2398823,1,1,6.0,50,0.02
GSE41849_MS,StabilitySelection,probe_3150316,1,1,6.0,50,0.02
GSE41849_MS,StabilitySelection,probe_3382051,1,1,6.0,50,0.02
GSE41849_MS,StabilitySelection,probe_3869652,1,1,6.0,50,0.02
GSE41849_MS,StabilitySelection,probe_3960177,1,1,6.0,50,0.02
GSE41849_MS,StabilitySelection,probe_3113214,1,1,7.0,50,0.02
GSE41849_MS,StabilitySelection,probe_2961302,1,1,8.0,50,0.02
GSE41849_MS,StabilitySelection,probe_3057375,1,1,8.0,50,0.02
GSE41849_MS,StabilitySelection,probe_2390254,1,1,9.0,50,0.02
GSE41849_MS,StabilitySelection,probe_3325743,1,1,9.0,50,0.02
GSE41849_MS,StabilitySelection,probe_3470195,1,1,9.0,50,0.02
GSE41849_MS,StabilitySelection,probe_3760284,1,1,9.0,50,0.02
GSE41849_MS,StabilitySelection,probe_2395127,1,1,10.0,50,0.02
GSE41849_MS,StabilitySelection,probe_2514308,1,1,10.0,50,0.02
GSE41849_MS,StabilitySelection,probe_2766193,1,1,10.0,50,0.02
GSE41849_MS,StabilitySelection,probe_3177864,1,1,10.0,50,0.02
GSE41849_MS,StabilitySelection,probe_3280576,1,1,10.0,50,0.02
GSE41849_MS,StabilitySelection,probe_3332277,1,1,10.0,50,0.02
GSE41849_MS,StabilitySelection,probe_3389331,1,1,10.0,50,0.02
GSE41849_MS,StabilitySelection,probe_3770329,1,1,10.0,50,0.02
GSE41849_MS,Stabl-RP,probe_3708188,146,50,3.2739726027397262,50,1.0
GSE41849_MS,Stabl-RP,probe_3377465,151,50,3.4768211920529803,50,1.0
GSE41849_MS,Stabl-RP,probe_2413009,134,50,3.791044776119403,50,1.0
GSE41849_MS,Stabl-RP,probe_2842562,143,50,3.9510489510489513,50,1.0
GSE41849_MS,Stabl-RP,probe_3830994,144,49,4.118055555555555,50,0.98
GSE41849_MS,Stabl-RP,probe_2491288,117,49,5.05982905982906,50,0.98
GSE41849_MS,Stabl-RP,probe_3944888,76,46,4.618421052631579,50,0.92
GSE41849_MS,Stabl-RP,probe_2950021,70,44,3.2714285714285714,50,0.88
GSE41849_MS,Stabl-RP,probe_3837732,79,43,5.544303797468355,50,0.86
GSE41849_MS,Stabl-RP,probe_2686775,48,39,5.8125,50,0.78
GSE41849_MS,Stabl-RP,probe_2334170,58,38,5.0,50,0.76
GSE41849_MS,Stabl-RP,probe_2435391,66,38,5.7727272727272725,50,0.76
GSE41849_MS,Stabl-RP,probe_2483546,54,38,6.703703703703703,50,0.76
GSE41849_MS,Stabl-RP,probe_3023213,49,35,5.326530612244898,50,0.7
GSE41849_MS,Stabl-RP,probe_3442789,39,34,4.128205128205129,50,0.68
GSE41849_MS,Stabl-RP,probe_2950333,38,34,5.157894736842105,50,0.68
GSE41849_MS,Stabl-RP,probe_3337180,39,33,6.128205128205129,50,0.66
GSE41849_MS,Stabl-RP,probe_3860138,29,25,6.137931034482759,50,0.5
GSE41849_MS,Stabl-RP,probe_3315679,28,24,5.107142857142857,50,0.48
GSE41849_MS,Stabl-RP,probe_2893419,26,23,6.653846153846154,50,0.46
GSE41849_MS,Stabl-RP,probe_3474345,22,21,4.2272727272727275,50,0.42
GSE41849_MS,Stabl-RP,probe_2903306,21,20,5.285714285714286,50,0.4
GSE41849_MS,Stabl-RP,probe_3364723,21,20,7.095238095238095,50,0.4
GSE41849_MS,Stabl-RP,probe_3874605,23,19,4.826086956521739,50,0.38
GSE41849_MS,Stabl-RP,probe_3907194,19,18,2.6315789473684212,50,0.36
GSE41849_MS,Stabl-RP,probe_2902430,20,18,6.75,50,0.36
GSE41849_MS,Stabl-RP,probe_2903425,15,15,6.8,50,0.3
GSE41849_MS,Stabl-RP,probe_3720121,15,15,7.533333333333333,50,0.3
GSE41849_MS,Stabl-RP,probe_2822219,12,12,2.5833333333333335,50,0.24
GSE41849_MS,Stabl-RP,probe_2854809,10,10,5.7,50,0.2
GSE41849_MS,Stabl-RP,probe_2784037,10,10,5.8,50,0.2
GSE41849_MS,Stabl-RP,probe_2961302,9,9,5.333333333333333,50,0.18
GSE41849_MS,Stabl-RP,probe_3570294,9,9,6.333333333333333,50,0.18
GSE41849_MS,Stabl-RP,probe_3556571,9,9,6.555555555555555,50,0.18
GSE41849_MS,Stabl-RP,probe_2435411,7,7,5.428571428571429,50,0.14
GSE41849_MS,Stabl-RP,probe_3819461,7,7,8.142857142857142,50,0.14
GSE41849_MS,Stabl-RP,probe_3824385,7,7,8.857142857142858,50,0.14
GSE41849_MS,Stabl-RP,probe_3851538,6,6,8.333333333333334,50,0.12
GSE41849_MS,Stabl-RP,probe_2930809,5,5,4.6,50,0.1
GSE41849_MS,Stabl-RP,probe_4045599,5,5,6.4,50,0.1
GSE41849_MS,Stabl-RP,probe_2818957,5,5,7.6,50,0.1
GSE41849_MS,Stabl-RP,probe_3995984,5,5,7.8,50,0.1
GSE41849_MS,Stabl-RP,probe_3429541,4,4,6.25,50,0.08
GSE41849_MS,Stabl-RP,probe_2482930,4,4,6.5,50,0.08
GSE41849_MS,Stabl-RP,probe_2331179,4,4,7.0,50,0.08
GSE41849_MS,Stabl-RP,probe_2363564,4,4,7.75,50,0.08
GSE41849_MS,Stabl-RP,probe_3557987,4,4,7.75,50,0.08
GSE41849_MS,Stabl-RP,probe_4007218,4,4,8.75,50,0.08
GSE41849_MS,Stabl-RP,probe_2427079,3,3,5.666666666666667,50,0.06
GSE41849_MS,Stabl-RP,probe_3726968,3,3,6.333333333333333,50,0.06
GSE41849_MS,Stabl-RP,probe_3886766,3,3,7.666666666666667,50,0.06
GSE41849_MS,Stabl-RP,probe_2903191,3,3,8.333333333333334,50,0.06
GSE41849_MS,Stabl-RP,probe_2358908,3,3,9.666666666666666,50,0.06
GSE41849_MS,Stabl-RP,probe_3382078,2,2,5.0,50,0.04
GSE41849_MS,Stabl-RP,probe_2435982,2,2,6.0,50,0.04
GSE41849_MS,Stabl-RP,probe_2839741,2,2,6.0,50,0.04
GSE41849_MS,Stabl-RP,probe_3063308,2,2,6.5,50,0.04
GSE41849_MS,Stabl-RP,probe_3404550,2,2,7.0,50,0.04
GSE41849_MS,Stabl-RP,probe_2548709,1,1,4.0,50,0.02
GSE41849_MS,Stabl-RP,probe_2779488,1,1,4.0,50,0.02
GSE41849_MS,Stabl-RP,probe_3974020,1,1,5.0,50,0.02
GSE41849_MS,Stabl-RP,probe_2586800,1,1,6.0,50,0.02
GSE41849_MS,Stabl-RP,probe_2390299,1,1,7.0,50,0.02
GSE41849_MS,Stabl-RP,probe_2865062,1,1,7.0,50,0.02
GSE41849_MS,Stabl-RP,probe_3901310,1,1,7.0,50,0.02
GSE41849_MS,Stabl-RP,probe_2878438,1,1,8.0,50,0.02
GSE41849_MS,Stabl-RP,probe_2902449,1,1,8.0,50,0.02
GSE41849_MS,Stabl-RP,probe_3419474,1,1,8.0,50,0.02
GSE41849_MS,Stabl-RP,probe_3449071,1,1,8.0,50,0.02
GSE41849_MS,Stabl-RP,probe_3145961,1,1,9.0,50,0.02
GSE41849_MS,Stabl-RP,probe_3316274,1,1,9.0,50,0.02
GSE41849_MS,Stabl-RP,probe_3434404,1,1,9.0,50,0.02
GSE41849_MS,Stabl-RP,probe_3976345,1,1,9.0,50,0.02
GSE41849_MS,Stabl-RP,probe_4052276,1,1,9.0,50,0.02
GSE41849_MS,Stabl-RP,probe_2377166,1,1,10.0,50,0.02
GSE41849_MS,Stabl-RP,probe_2436013,1,1,10.0,50,0.02
GSE41849_MS,Stabl-RP,probe_3200715,1,1,10.0,50,0.02
GSE41849_MS,Stabl-RP,probe_3439258,1,1,10.0,50,0.02
GSE41849_MS,Stabl-RP,probe_3815730,1,1,10.0,50,0.02
GSE41849_MS,glmmLasso,probe_3442789,89,50,1.2808988764044944,50,1.0
GSE41849_MS,glmmLasso,probe_2413009,189,50,3.3333333333333335,50,1.0
GSE41849_MS,glmmLasso,probe_2950021,148,50,3.4662162162162162,50,1.0
GSE41849_MS,glmmLasso,probe_3708188,139,50,4.374100719424461,50,1.0
GSE41849_MS,glmmLasso,probe_3377465,118,49,5.262711864406779,50,0.98
GSE41849_MS,glmmLasso,probe_2950333,73,45,4.739726027397261,50,0.9
GSE41849_MS,glmmLasso,probe_3364723,67,45,5.686567164179104,50,0.9
GSE41849_MS,glmmLasso,probe_3944888,70,45,6.7,50,0.9
GSE41849_MS,glmmLasso,probe_2842562,74,43,6.608108108108108,50,0.86
GSE41849_MS,glmmLasso,probe_3023213,59,42,6.084745762711864,50,0.84
GSE41849_MS,glmmLasso,probe_2822219,51,41,1.8235294117647058,50,0.82
GSE41849_MS,glmmLasso,probe_2491288,71,41,7.309859154929577,50,0.82
GSE41849_MS,glmmLasso,probe_3474345,46,40,2.891304347826087,50,0.8
GSE41849_MS,glmmLasso,probe_3315679,55,39,5.109090909090909,50,0.78
GSE41849_MS,glmmLasso,probe_3907194,44,38,1.7272727272727273,50,0.76
GSE41849_MS,glmmLasso,probe_3830994,53,38,7.471698113207547,50,0.76
GSE41849_MS,glmmLasso,probe_2334170,42,37,6.4523809523809526,50,0.74
GSE41849_MS,glmmLasso,probe_2483546,58,36,6.862068965517241,50,0.72
GSE41849_MS,glmmLasso,probe_3860138,43,33,6.0,50,0.66
GSE41849_MS,glmmLasso,probe_2435391,43,33,6.627906976744186,50,0.66
GSE41849_MS,glmmLasso,probe_3720121,35,31,4.0,50,0.62
GSE41849_MS,glmmLasso,probe_3337180,37,28,7.378378378378378,50,0.56
GSE41849_MS,glmmLasso,probe_3837732,33,28,8.454545454545455,50,0.56
GSE41849_MS,glmmLasso,probe_2902430,28,24,5.535714285714286,50,0.48
GSE41849_MS,glmmLasso,probe_2893419,28,24,6.75,50,0.48
GSE41849_MS,glmmLasso,probe_2903306,30,23,6.6,50,0.46
GSE41849_MS,glmmLasso,probe_2784037,19,19,4.894736842105263,50,0.38
GSE41849_MS,glmmLasso,probe_2686775,24,18,7.583333333333333,50,0.36
GSE41849_MS,glmmLasso,probe_3824385,16,16,5.5625,50,0.32
GSE41849_MS,glmmLasso,probe_2903425,16,15,6.0625,50,0.3
GSE41849_MS,glmmLasso,probe_3874605,15,15,7.133333333333334,50,0.3
GSE41849_MS,glmmLasso,probe_2818957,13,13,3.8461538461538463,50,0.26
GSE41849_MS,glmmLasso,probe_3995984,16,13,6.6875,50,0.26
GSE41849_MS,glmmLasso,probe_2435982,11,11,5.090909090909091,50,0.22
GSE41849_MS,glmmLasso,probe_2358908,11,11,5.909090909090909,50,0.22
GSE41849_MS,glmmLasso,probe_2854809,11,11,6.545454545454546,50,0.22
GSE41849_MS,glmmLasso,probe_2331179,10,10,7.3,50,0.2
GSE41849_MS,glmmLasso,probe_3382078,9,9,2.3333333333333335,50,0.18
GSE41849_MS,glmmLasso,probe_4007218,9,9,6.333333333333333,50,0.18
GSE41849_MS,glmmLasso,probe_3429541,9,9,6.888888888888889,50,0.18
GSE41849_MS,glmmLasso,probe_2435411,10,9,7.5,50,0.18
GSE41849_MS,glmmLasso,probe_2586800,8,8,5.5,50,0.16
GSE41849_MS,glmmLasso,probe_3556571,9,8,6.222222222222222,50,0.16
GSE41849_MS,glmmLasso,probe_3819461,8,8,7.5,50,0.16
GSE41849_MS,glmmLasso,probe_3557987,8,8,9.0,50,0.16
GSE41849_MS,glmmLasso,probe_3404550,7,6,2.5714285714285716,50,0.12
GSE41849_MS,glmmLasso,probe_2961302,7,6,5.857142857142857,50,0.12
GSE41849_MS,glmmLasso,probe_3851538,6,6,6.333333333333333,50,0.12
GSE41849_MS,glmmLasso,probe_3570294,6,6,6.833333333333333,50,0.12
GSE41849_MS,glmmLasso,probe_3726968,6,6,6.833333333333333,50,0.12
GSE41849_MS,glmmLasso,probe_2427079,6,6,7.666666666666667,50,0.12
GSE41849_MS,glmmLasso,probe_3886766,5,5,3.6,50,0.1
GSE41849_MS,glmmLasso,probe_4045599,5,5,4.0,50,0.1
GSE41849_MS,glmmLasso,probe_2930809,5,5,4.4,50,0.1
GSE41849_MS,glmmLasso,probe_2363564,5,5,7.0,50,0.1
GSE41849_MS,glmmLasso,probe_3844021,4,4,4.0,50,0.08
GSE41849_MS,glmmLasso,probe_2839741,4,4,7.25,50,0.08
GSE41849_MS,glmmLasso,probe_3445030,3,3,3.0,50,0.06
GSE41849_MS,glmmLasso,probe_3571928,3,3,3.0,50,0.06
GSE41849_MS,glmmLasso,probe_3901310,3,3,4.666666666666667,50,0.06
GSE41849_MS,glmmLasso,probe_3316274,3,3,5.666666666666667,50,0.06
GSE41849_MS,glmmLasso,probe_2903191,3,3,7.333333333333333,50,0.06
GSE41849_MS,glmmLasso,probe_3063308,3,3,7.333333333333333,50,0.06
GSE41849_MS,glmmLasso,probe_3449071,2,2,1.0,50,0.04
GSE41849_MS,glmmLasso,probe_4052276,2,2,1.0,50,0.04
GSE41849_MS,glmmLasso,probe_3439258,2,2,1.5,50,0.04
GSE41849_MS,glmmLasso,probe_3357844,2,2,2.5,50,0.04
GSE41849_MS,glmmLasso,probe_2948932,2,2,4.5,50,0.04
GSE41849_MS,glmmLasso,probe_2902449,2,2,7.0,50,0.04
GSE41849_MS,glmmLasso,probe_3976345,2,2,7.5,50,0.04
GSE41849_MS,glmmLasso,probe_3459435,1,1,2.0,50,0.02
GSE41849_MS,glmmLasso,probe_3759910,1,1,2.0,50,0.02
GSE41849_MS,glmmLasso,probe_2865062,1,1,4.0,50,0.02
GSE41849_MS,glmmLasso,probe_2491667,1,1,5.0,50,0.02
GSE41849_MS,glmmLasso,probe_2548709,1,1,5.0,50,0.02
GSE41849_MS,glmmLasso,probe_2647111,1,1,6.0,50,0.02
GSE41849_MS,glmmLasso,probe_2903224,1,1,7.0,50,0.02
GSE41849_MS,glmmLasso,probe_3371642,1,1,7.0,50,0.02
GSE41849_MS,glmmLasso,probe_3441959,1,1,7.0,50,0.02
GSE41849_MS,glmmLasso,probe_3145961,1,1,9.0,50,0.02
GSE41849_MS,glmmLasso,probe_3200715,1,1,9.0,50,0.02
GSE41849_MS,glmmLasso,probe_3333900,1,1,9.0,50,0.02
GSE41849_MS,glmmLasso,probe_2482930,1,1,10.0,50,0.02
GSE41849_MS,mRMR,probe_3442789,179,50,3.016759776536313,50,1.0
GSE41849_MS,mRMR,probe_3708188,170,50,3.3705882352941177,50,1.0
GSE41849_MS,mRMR,probe_3377465,148,50,3.5405405405405403,50,1.0
GSE41849_MS,mRMR,probe_2950021,135,50,3.7555555555555555,50,1.0
GSE41849_MS,mRMR,probe_2822219,138,50,3.9130434782608696,50,1.0
GSE41849_MS,mRMR,probe_2413009,158,50,4.3734177215189876,50,1.0
GSE41849_MS,mRMR,probe_2842562,118,49,4.559322033898305,50,0.98
GSE41849_MS,mRMR,probe_3907194,78,48,5.17948717948718,50,0.96
GSE41849_MS,mRMR,probe_2491288,71,46,6.014084507042254,50,0.92
GSE41849_MS,mRMR,probe_3830994,73,45,5.7534246575342465,50,0.9
GSE41849_MS,mRMR,probe_3944888,45,34,4.911111111111111,50,0.68
GSE41849_MS,mRMR,probe_2950333,30,28,4.933333333333334,50,0.56
GSE41849_MS,mRMR,probe_3837732,34,28,6.911764705882353,50,0.56
GSE41849_MS,mRMR,probe_2686775,27,26,6.37037037037037,50,0.52
GSE41849_MS,mRMR,probe_2334170,26,25,5.3076923076923075,50,0.5
GSE41849_MS,mRMR,probe_2435391,25,25,6.28,50,0.5
GSE41849_MS,mRMR,probe_3315679,24,24,6.333333333333333,50,0.48
GSE41849_MS,mRMR,probe_3382078,25,22,5.64,50,0.44
GSE41849_MS,mRMR,probe_3474345,23,22,6.956521739130435,50,0.44
GSE41849_MS,mRMR,probe_3404550,25,21,5.68,50,0.42
GSE41849_MS,mRMR,probe_3445030,21,21,6.809523809523809,50,0.42
GSE41849_MS,mRMR,probe_3023213,23,20,5.956521739130435,50,0.4
GSE41849_MS,mRMR,probe_3874605,24,20,6.041666666666667,50,0.4
GSE41849_MS,mRMR,probe_4052276,20,20,6.3,50,0.4
GSE41849_MS,mRMR,probe_3449071,16,15,6.5,50,0.3
GSE41849_MS,mRMR,probe_2377166,11,11,5.636363636363637,50,0.22
GSE41849_MS,mRMR,probe_2483546,10,10,6.0,50,0.2
GSE41849_MS,mRMR,probe_3860138,10,10,6.9,50,0.2
GSE41849_MS,mRMR,probe_2784037,8,8,7.625,50,0.16
GSE41849_MS,mRMR,probe_2435982,7,7,6.571428571428571,50,0.14
GSE41849_MS,mRMR,probe_2903306,7,7,6.571428571428571,50,0.14
GSE41849_MS,mRMR,probe_3337180,7,7,8.142857142857142,50,0.14
GSE41849_MS,mRMR,probe_2930809,6,6,7.833333333333333,50,0.12
GSE41849_MS,mRMR,probe_2390299,4,4,4.25,50,0.08
GSE41849_MS,mRMR,probe_3886766,4,4,7.25,50,0.08
GSE41849_MS,mRMR,probe_2893419,4,4,7.5,50,0.08
GSE41849_MS,mRMR,probe_2548709,3,3,3.3333333333333335,50,0.06
GSE41849_MS,mRMR,probe_2956567,3,3,7.333333333333333,50,0.06
GSE41849_MS,mRMR,probe_3759910,3,3,7.666666666666667,50,0.06
GSE41849_MS,mRMR,probe_2427079,3,3,8.0,50,0.06
GSE41849_MS,mRMR,probe_2903425,3,3,8.0,50,0.06
GSE41849_MS,mRMR,probe_2961302,2,2,2.0,50,0.04
GSE41849_MS,mRMR,probe_2818957,2,2,4.0,50,0.04
GSE41849_MS,mRMR,probe_2492660,2,2,6.0,50,0.04
GSE41849_MS,mRMR,probe_2854809,2,2,6.5,50,0.04
GSE41849_MS,mRMR,probe_2903224,2,2,7.0,50,0.04
GSE41849_MS,mRMR,probe_2773350,2,2,8.0,50,0.04
GSE41849_MS,mRMR,probe_2900064,2,2,8.5,50,0.04
GSE41849_MS,mRMR,probe_3556571,2,2,8.5,50,0.04
GSE41849_MS,mRMR,probe_2902430,2,2,9.5,50,0.04
GSE41849_MS,mRMR,probe_2390254,1,1,2.0,50,0.02
GSE41849_MS,mRMR,probe_3974020,1,1,2.0,50,0.02
GSE41849_MS,mRMR,probe_4045599,1,1,2.0,50,0.02
GSE41849_MS,mRMR,probe_3173511,1,1,3.0,50,0.02
GSE41849_MS,mRMR,probe_3901310,1,1,4.0,50,0.02
GSE41849_MS,mRMR,probe_2782507,1,1,5.0,50,0.02
GSE41849_MS,mRMR,probe_2903191,1,1,5.0,50,0.02
GSE41849_MS,mRMR,probe_3177864,1,1,5.0,50,0.02
GSE41849_MS,mRMR,probe_3459435,1,1,5.0,50,0.02
GSE41849_MS,mRMR,probe_4031089,1,1,5.0,50,0.02
GSE41849_MS,mRMR,probe_3063308,1,1,6.0,50,0.02
GSE41849_MS,mRMR,probe_3869652,1,1,6.0,50,0.02
GSE41849_MS,mRMR,probe_3046682,1,1,7.0,50,0.02
GSE41849_MS,mRMR,probe_3603928,1,1,7.0,50,0.02
GSE41849_MS,mRMR,probe_3835036,1,1,7.0,50,0.02
GSE41849_MS,mRMR,probe_2839741,1,1,8.0,50,0.02
GSE41849_MS,mRMR,probe_3976345,1,1,8.0,50,0.02
GSE41849_MS,mRMR,probe_3316274,1,1,9.0,50,0.02
GSE41849_MS,mRMR,probe_3364723,1,1,9.0,50,0.02
GSE41849_MS,mRMR,probe_3404532,1,1,9.0,50,0.02
GSE41849_MS,mRMR,probe_3720121,1,1,9.0,50,0.02
GSE41849_MS,mRMR,probe_3995984,1,1,9.0,50,0.02
GSE41849_MS,mRMR,probe_2435411,1,1,10.0,50,0.02
GSE41849_MS,mRMR,probe_2974636,1,1,10.0,50,0.02
GSE41849_MS,mRMR,probe_4007218,1,1,10.0,50,0.02
GSE48023_H1N1,Boruta,probe_ILMN_1651496,151,50,2.5099337748344372,50,1.0
GSE48023_H1N1,Boruta,probe_ILMN_1798177,104,50,2.5865384615384617,50,1.0
GSE48023_H1N1,Boruta,probe_ILMN_1697499,109,50,2.8807339449541285,50,1.0
GSE48023_H1N1,Boruta,probe_ILMN_1678919,86,48,2.9651162790697674,50,0.96
GSE48023_H1N1,Boruta,probe_ILMN_1743145,62,42,2.661290322580645,50,0.84
GSE48023_H1N1,Boruta,probe_ILMN_1757406,65,42,4.184615384615385,50,0.84
GSE48023_H1N1,Boruta,probe_ILMN_1776519,56,39,4.482142857142857,50,0.78
GSE48023_H1N1,Boruta,probe_ILMN_1791534,53,37,3.811320754716981,50,0.74
GSE48023_H1N1,Boruta,probe_ILMN_1801313,52,34,4.576923076923077,50,0.68
GSE48023_H1N1,Boruta,probe_ILMN_1679920,39,33,4.358974358974359,50,0.66
GSE48023_H1N1,Boruta,probe_ILMN_1730454,39,31,4.358974358974359,50,0.62
GSE48023_H1N1,Boruta,probe_ILMN_2159694,34,29,4.352941176470588,50,0.58
GSE48023_H1N1,Boruta,probe_ILMN_2180866,32,27,4.84375,50,0.54
GSE48023_H1N1,Boruta,probe_ILMN_1724700,41,27,5.195121951219512,50,0.54
GSE48023_H1N1,Boruta,probe_ILMN_1777190,22,22,4.0,50,0.44
GSE48023_H1N1,Boruta,probe_ILMN_2310703,26,22,4.384615384615385,50,0.44
GSE48023_H1N1,Boruta,probe_ILMN_2399463,26,22,4.615384615384615,50,0.44
GSE48023_H1N1,Boruta,probe_ILMN_2048607,26,21,5.461538461538462,50,0.42
GSE48023_H1N1,Boruta,probe_ILMN_1750636,21,19,5.190476190476191,50,0.38
GSE48023_H1N1,Boruta,probe_ILMN_3296994,16,16,5.4375,50,0.32
GSE48023_H1N1,Boruta,probe_ILMN_1796165,16,16,5.875,50,0.32
GSE48023_H1N1,Boruta,probe_ILMN_1729112,17,15,5.235294117647059,50,0.3
GSE48023_H1N1,Boruta,probe_ILMN_1916256,14,14,5.357142857142857,50,0.28
GSE48023_H1N1,Boruta,probe_ILMN_1726647,13,13,3.923076923076923,50,0.26
GSE48023_H1N1,Boruta,probe_ILMN_3248833,14,13,5.714285714285714,50,0.26
GSE48023_H1N1,Boruta,probe_ILMN_3243714,14,13,6.071428571428571,50,0.26
GSE48023_H1N1,Boruta,probe_ILMN_1791511,13,13,6.076923076923077,50,0.26
GSE48023_H1N1,Boruta,probe_ILMN_3254492,12,12,5.333333333333333,50,0.24
GSE48023_H1N1,Boruta,probe_ILMN_1802808,14,12,6.142857142857143,50,0.24
GSE48023_H1N1,Boruta,probe_ILMN_1763322,12,11,3.9166666666666665,50,0.22
GSE48023_H1N1,Boruta,probe_ILMN_2165753,12,11,4.916666666666667,50,0.22
GSE48023_H1N1,Boruta,probe_ILMN_1774091,11,11,6.818181818181818,50,0.22
GSE48023_H1N1,Boruta,probe_ILMN_3291511,10,10,5.0,50,0.2
GSE48023_H1N1,Boruta,probe_ILMN_3290019,10,10,5.2,50,0.2
GSE48023_H1N1,Boruta,probe_ILMN_2404135,8,8,5.25,50,0.16
GSE48023_H1N1,Boruta,probe_ILMN_2349138,8,8,6.25,50,0.16
GSE48023_H1N1,Boruta,probe_ILMN_1805778,7,7,4.285714285714286,50,0.14
GSE48023_H1N1,Boruta,probe_ILMN_1796423,7,7,5.0,50,0.14
GSE48023_H1N1,Boruta,probe_ILMN_2198408,7,7,7.285714285714286,50,0.14
GSE48023_H1N1,Boruta,probe_ILMN_1676575,7,6,3.7142857142857144,50,0.12
GSE48023_H1N1,Boruta,probe_ILMN_1668134,5,5,3.8,50,0.1
GSE48023_H1N1,Boruta,probe_ILMN_1815895,5,5,4.4,50,0.1
GSE48023_H1N1,Boruta,probe_ILMN_1695585,5,5,5.4,50,0.1
GSE48023_H1N1,Boruta,probe_ILMN_1713266,5,5,6.0,50,0.1
GSE48023_H1N1,Boruta,probe_ILMN_3299955,5,5,6.0,50,0.1
GSE48023_H1N1,Boruta,probe_ILMN_2200659,5,5,6.4,50,0.1
GSE48023_H1N1,Boruta,probe_ILMN_2348487,5,5,7.0,50,0.1
GSE48023_H1N1,Boruta,probe_ILMN_3243061,5,5,7.0,50,0.1
GSE48023_H1N1,Boruta,probe_ILMN_1753002,5,5,8.2,50,0.1
GSE48023_H1N1,Boruta,probe_ILMN_1707434,4,4,4.75,50,0.08
GSE48023_H1N1,Boruta,probe_ILMN_2058782,4,4,5.25,50,0.08
GSE48023_H1N1,Boruta,probe_ILMN_1678522,4,4,6.0,50,0.08
GSE48023_H1N1,Boruta,probe_ILMN_1667232,4,4,7.0,50,0.08
GSE48023_H1N1,Boruta,probe_ILMN_1718961,4,4,7.0,50,0.08
GSE48023_H1N1,Boruta,probe_ILMN_1781236,4,4,7.25,50,0.08
GSE48023_H1N1,Boruta,probe_ILMN_2404850,3,3,3.6666666666666665,50,0.06
GSE48023_H1N1,Boruta,probe_ILMN_1723433,3,3,4.0,50,0.06
GSE48023_H1N1,Boruta,probe_ILMN_1777982,3,3,5.333333333333333,50,0.06
GSE48023_H1N1,Boruta,probe_ILMN_2209027,3,3,6.0,50,0.06
GSE48023_H1N1,Boruta,probe_ILMN_2352921,3,3,6.0,50,0.06
GSE48023_H1N1,Boruta,probe_ILMN_1742410,3,3,6.666666666666667,50,0.06
GSE48023_H1N1,Boruta,probe_ILMN_1905548,3,3,6.666666666666667,50,0.06
GSE48023_H1N1,Boruta,probe_ILMN_1704079,3,3,8.0,50,0.06
GSE48023_H1N1,Boruta,probe_ILMN_1704870,2,2,1.5,50,0.04
GSE48023_H1N1,Boruta,probe_ILMN_1749834,2,2,2.5,50,0.04
GSE48023_H1N1,Boruta,probe_ILMN_3235221,2,2,4.0,50,0.04
GSE48023_H1N1,Boruta,probe_ILMN_1784300,2,2,5.0,50,0.04
GSE48023_H1N1,Boruta,probe_ILMN_1750101,2,2,5.5,50,0.04
GSE48023_H1N1,Boruta,probe_ILMN_3278170,2,2,5.5,50,0.04
GSE48023_H1N1,Boruta,probe_ILMN_1708414,2,2,6.0,50,0.04
GSE48023_H1N1,Boruta,probe_ILMN_1797793,2,2,6.0,50,0.04
GSE48023_H1N1,Boruta,probe_ILMN_2201580,2,2,6.0,50,0.04
GSE48023_H1N1,Boruta,probe_ILMN_1740633,2,2,6.5,50,0.04
GSE48023_H1N1,Boruta,probe_ILMN_3209193,2,2,7.5,50,0.04
GSE48023_H1N1,Boruta,probe_ILMN_1697166,2,2,8.0,50,0.04
GSE48023_H1N1,Boruta,probe_ILMN_1677697,2,2,8.5,50,0.04
GSE48023_H1N1,Boruta,probe_ILMN_1715169,1,1,2.0,50,0.02
GSE48023_H1N1,Boruta,probe_ILMN_2340217,1,1,2.0,50,0.02
GSE48023_H1N1,Boruta,probe_ILMN_1815205,1,1,3.0,50,0.02
GSE48023_H1N1,Boruta,probe_ILMN_2091454,1,1,3.0,50,0.02
GSE48023_H1N1,Boruta,probe_ILMN_2404049,1,1,3.0,50,0.02
GSE48023_H1N1,Boruta,probe_ILMN_1784207,1,1,4.0,50,0.02
GSE48023_H1N1,Boruta,probe_ILMN_1786328,1,1,4.0,50,0.02
GSE48023_H1N1,Boruta,probe_ILMN_3288717,1,1,4.0,50,0.02
GSE48023_H1N1,Boruta,probe_ILMN_1697529,1,1,5.0,50,0.02
GSE48023_H1N1,Boruta,probe_ILMN_2312606,1,1,5.0,50,0.02
GSE48023_H1N1,Boruta,probe_ILMN_1792455,1,1,6.0,50,0.02
GSE48023_H1N1,Boruta,probe_ILMN_1653652,1,1,7.0,50,0.02
GSE48023_H1N1,Boruta,probe_ILMN_1667162,1,1,7.0,50,0.02
GSE48023_H1N1,Boruta,probe_ILMN_1671583,1,1,7.0,50,0.02
GSE48023_H1N1,Boruta,probe_ILMN_1708323,1,1,7.0,50,0.02
GSE48023_H1N1,Boruta,probe_ILMN_1713006,1,1,7.0,50,0.02
GSE48023_H1N1,Boruta,probe_ILMN_1742332,1,1,7.0,50,0.02
GSE48023_H1N1,Boruta,probe_ILMN_1663142,1,1,8.0,50,0.02
GSE48023_H1N1,Boruta,probe_ILMN_1666078,1,1,9.0,50,0.02
GSE48023_H1N1,Boruta,probe_ILMN_1680652,1,1,9.0,50,0.02
GSE48023_H1N1,Boruta,probe_ILMN_1766165,1,1,9.0,50,0.02
GSE48023_H1N1,Boruta,probe_ILMN_1796316,1,1,9.0,50,0.02
GSE48023_H1N1,Boruta,probe_ILMN_1807042,1,1,9.0,50,0.02
GSE48023_H1N1,Boruta,probe_ILMN_2283325,1,1,9.0,50,0.02
GSE48023_H1N1,Boruta,probe_ILMN_3249667,1,1,9.0,50,0.02
GSE48023_H1N1,Boruta,probe_ILMN_1661266,1,1,10.0,50,0.02
GSE48023_H1N1,Boruta,probe_ILMN_1704985,1,1,10.0,50,0.02
GSE48023_H1N1,Boruta,probe_ILMN_1745471,1,1,10.0,50,0.02
GSE48023_H1N1,Boruta,probe_ILMN_1776077,1,1,10.0,50,0.02
GSE48023_H1N1,Boruta,probe_ILMN_1794707,1,1,10.0,50,0.02
GSE48023_H1N1,Boruta,probe_ILMN_3239610,1,1,10.0,50,0.02
GSE48023_H1N1,Boruta,probe_ILMN_3246409,1,1,10.0,50,0.02
GSE48023_H1N1,ElasticNet,probe_ILMN_1798177,147,50,2.122448979591837,50,1.0
GSE48023_H1N1,ElasticNet,probe_ILMN_1792455,69,46,2.9565217391304346,50,0.92
GSE48023_H1N1,ElasticNet,probe_ILMN_1730454,76,44,2.6578947368421053,50,0.88
GSE48023_H1N1,ElasticNet,probe_ILMN_1651496,53,37,4.452830188679245,50,0.74
GSE48023_H1N1,ElasticNet,probe_ILMN_1679920,42,35,3.3333333333333335,50,0.7
GSE48023_H1N1,ElasticNet,probe_ILMN_1796165,34,31,3.2941176470588234,50,0.62
GSE48023_H1N1,ElasticNet,probe_ILMN_2221006,31,29,3.2580645161290325,50,0.58
GSE48023_H1N1,ElasticNet,probe_ILMN_1796423,30,26,3.3333333333333335,50,0.52
GSE48023_H1N1,ElasticNet,probe_ILMN_2316236,26,25,2.9615384615384617,50,0.5
GSE48023_H1N1,ElasticNet,probe_ILMN_1776519,27,24,4.185185185185185,50,0.48
GSE48023_H1N1,ElasticNet,probe_ILMN_2341815,24,23,4.291666666666667,50,0.46
GSE48023_H1N1,ElasticNet,probe_ILMN_3285762,22,22,2.909090909090909,50,0.44
GSE48023_H1N1,ElasticNet,probe_ILMN_1697499,22,22,4.5,50,0.44
GSE48023_H1N1,ElasticNet,probe_ILMN_1815895,27,22,4.555555555555555,50,0.44
GSE48023_H1N1,ElasticNet,probe_ILMN_1777565,23,20,2.5652173913043477,50,0.4
GSE48023_H1N1,ElasticNet,probe_ILMN_1772809,20,20,3.0,50,0.4
GSE48023_H1N1,ElasticNet,probe_ILMN_1791511,21,20,3.142857142857143,50,0.4
GSE48023_H1N1,ElasticNet,probe_ILMN_1766165,24,20,3.75,50,0.4
GSE48023_H1N1,ElasticNet,probe_ILMN_2115005,22,19,5.409090909090909,50,0.38
GSE48023_H1N1,ElasticNet,probe_ILMN_1916256,18,18,3.0555555555555554,50,0.36
GSE48023_H1N1,ElasticNet,probe_ILMN_1815205,20,17,3.75,50,0.34
GSE48023_H1N1,ElasticNet,probe_ILMN_1667232,15,14,2.7333333333333334,50,0.28
GSE48023_H1N1,ElasticNet,probe_ILMN_1815023,16,14,3.625,50,0.28
GSE48023_H1N1,ElasticNet,probe_ILMN_1796335,13,13,3.076923076923077,50,0.26
GSE48023_H1N1,ElasticNet,probe_ILMN_1797793,12,11,3.1666666666666665,50,0.22
GSE48023_H1N1,ElasticNet,probe_ILMN_3243714,11,11,3.1818181818181817,50,0.22
GSE48023_H1N1,ElasticNet,probe_ILMN_3291511,10,10,3.6,50,0.2
GSE48023_H1N1,ElasticNet,probe_ILMN_1680652,12,10,4.166666666666667,50,0.2
GSE48023_H1N1,ElasticNet,probe_ILMN_1807919,11,9,4.909090909090909,50,0.18
GSE48023_H1N1,ElasticNet,probe_ILMN_1713006,9,8,3.2222222222222223,50,0.16
GSE48023_H1N1,ElasticNet,probe_ILMN_2399463,8,8,3.5,50,0.16
GSE48023_H1N1,ElasticNet,probe_ILMN_1796490,8,8,3.625,50,0.16
GSE48023_H1N1,ElasticNet,probe_ILMN_1815527,8,8,4.125,50,0.16
GSE48023_H1N1,ElasticNet,probe_ILMN_1757406,7,7,2.2857142857142856,50,0.14
GSE48023_H1N1,ElasticNet,probe_ILMN_1741727,8,7,5.0,50,0.14
GSE48023_H1N1,ElasticNet,probe_ILMN_2045419,6,6,3.1666666666666665,50,0.12
GSE48023_H1N1,ElasticNet,probe_ILMN_1658494,6,6,3.8333333333333335,50,0.12
GSE48023_H1N1,ElasticNet,probe_ILMN_1743145,6,6,3.8333333333333335,50,0.12
GSE48023_H1N1,ElasticNet,probe_ILMN_2382829,5,5,2.8,50,0.1
GSE48023_H1N1,ElasticNet,probe_ILMN_1796316,5,5,5.2,50,0.1
GSE48023_H1N1,ElasticNet,probe_ILMN_1777190,5,5,6.0,50,0.1
GSE48023_H1N1,ElasticNet,probe_ILMN_2384122,5,5,7.2,50,0.1
GSE48023_H1N1,ElasticNet,probe_ILMN_1814397,4,4,1.75,50,0.08
GSE48023_H1N1,ElasticNet,probe_ILMN_1774375,4,4,2.5,50,0.08
GSE48023_H1N1,ElasticNet,probe_ILMN_2109708,4,4,3.75,50,0.08
GSE48023_H1N1,ElasticNet,probe_ILMN_1728639,4,4,4.0,50,0.08
GSE48023_H1N1,ElasticNet,probe_ILMN_3253304,4,4,4.0,50,0.08
GSE48023_H1N1,ElasticNet,probe_ILMN_1799030,5,4,4.4,50,0.08
GSE48023_H1N1,ElasticNet,probe_ILMN_1764410,4,4,5.25,50,0.08
GSE48023_H1N1,ElasticNet,probe_ILMN_1821517,4,4,7.25,50,0.08
GSE48023_H1N1,ElasticNet,probe_ILMN_1676575,3,3,1.6666666666666667,50,0.06
GSE48023_H1N1,ElasticNet,probe_ILMN_1783753,3,3,1.6666666666666667,50,0.06
GSE48023_H1N1,ElasticNet,probe_ILMN_1655710,3,3,2.0,50,0.06
GSE48023_H1N1,ElasticNet,probe_ILMN_1758864,3,3,2.6666666666666665,50,0.06
GSE48023_H1N1,ElasticNet,probe_ILMN_2376108,3,3,2.6666666666666665,50,0.06
GSE48023_H1N1,ElasticNet,probe_ILMN_1696463,3,3,3.6666666666666665,50,0.06
GSE48023_H1N1,ElasticNet,probe_ILMN_1707434,3,3,3.6666666666666665,50,0.06
GSE48023_H1N1,ElasticNet,probe_ILMN_1671583,3,3,4.0,50,0.06
GSE48023_H1N1,ElasticNet,probe_ILMN_1671686,3,3,4.0,50,0.06
GSE48023_H1N1,ElasticNet,probe_ILMN_1802808,3,3,4.0,50,0.06
GSE48023_H1N1,ElasticNet,probe_ILMN_2091454,3,3,4.333333333333333,50,0.06
GSE48023_H1N1,ElasticNet,probe_ILMN_2404850,3,3,4.333333333333333,50,0.06
GSE48023_H1N1,ElasticNet,probe_ILMN_1708414,3,3,4.666666666666667,50,0.06
GSE48023_H1N1,ElasticNet,probe_ILMN_1731233,3,3,4.666666666666667,50,0.06
GSE48023_H1N1,ElasticNet,probe_ILMN_1702447,3,3,5.0,50,0.06
GSE48023_H1N1,ElasticNet,probe_ILMN_1771482,3,3,5.333333333333333,50,0.06
GSE48023_H1N1,ElasticNet,probe_ILMN_2198408,3,3,5.333333333333333,50,0.06
GSE48023_H1N1,ElasticNet,probe_ILMN_1769027,4,3,8.5,50,0.06
GSE48023_H1N1,ElasticNet,probe_ILMN_1714592,2,2,2.0,50,0.04
GSE48023_H1N1,ElasticNet,probe_ILMN_2292178,2,2,2.5,50,0.04
GSE48023_H1N1,ElasticNet,probe_ILMN_1733998,2,2,3.0,50,0.04
GSE48023_H1N1,ElasticNet,probe_ILMN_2370872,2,2,3.0,50,0.04
GSE48023_H1N1,ElasticNet,probe_ILMN_3274596,2,2,3.0,50,0.04
GSE48023_H1N1,ElasticNet,probe_ILMN_1718558,2,2,3.5,50,0.04
GSE48023_H1N1,ElasticNet,probe_ILMN_1667162,2,2,4.0,50,0.04
GSE48023_H1N1,ElasticNet,probe_ILMN_2388547,2,2,4.0,50,0.04
GSE48023_H1N1,ElasticNet,probe_ILMN_2283325,2,2,4.5,50,0.04
GSE48023_H1N1,ElasticNet,probe_ILMN_1696512,2,2,5.0,50,0.04
GSE48023_H1N1,ElasticNet,probe_ILMN_3239610,2,2,5.0,50,0.04
GSE48023_H1N1,ElasticNet,probe_ILMN_3239965,2,2,6.0,50,0.04
GSE48023_H1N1,ElasticNet,probe_ILMN_1723433,2,2,6.5,50,0.04
GSE48023_H1N1,ElasticNet,probe_ILMN_2109416,2,2,6.5,50,0.04
GSE48023_H1N1,ElasticNet,probe_ILMN_2162972,2,2,6.5,50,0.04
GSE48023_H1N1,ElasticNet,probe_ILMN_1803819,2,2,7.0,50,0.04
GSE48023_H1N1,ElasticNet,probe_ILMN_2370573,2,2,8.0,50,0.04
GSE48023_H1N1,ElasticNet,probe_ILMN_1783156,2,2,9.5,50,0.04
GSE48023_H1N1,ElasticNet,probe_ILMN_1661631,1,1,1.0,50,0.02
GSE48023_H1N1,ElasticNet,probe_ILMN_1679268,1,1,1.0,50,0.02
GSE48023_H1N1,ElasticNet,probe_ILMN_1705458,1,1,1.0,50,0.02
GSE48023_H1N1,ElasticNet,probe_ILMN_1707695,1,1,1.0,50,0.02
GSE48023_H1N1,ElasticNet,probe_ILMN_3235221,1,1,1.0,50,0.02
GSE48023_H1N1,ElasticNet,probe_ILMN_1701621,1,1,2.0,50,0.02
GSE48023_H1N1,ElasticNet,probe_ILMN_1772731,1,1,2.0,50,0.02
GSE48023_H1N1,ElasticNet,probe_ILMN_2313158,1,1,2.0,50,0.02
GSE48023_H1N1,ElasticNet,probe_ILMN_2379520,1,1,2.0,50,0.02
GSE48023_H1N1,ElasticNet,probe_ILMN_3285785,1,1,2.0,50,0.02
GSE48023_H1N1,ElasticNet,probe_ILMN_1661266,1,1,3.0,50,0.02
GSE48023_H1N1,ElasticNet,probe_ILMN_1678939,1,1,3.0,50,0.02
GSE48023_H1N1,ElasticNet,probe_ILMN_1721113,1,1,3.0,50,0.02
GSE48023_H1N1,ElasticNet,probe_ILMN_1749834,1,1,3.0,50,0.02
GSE48023_H1N1,ElasticNet,probe_ILMN_1774091,1,1,3.0,50,0.02
GSE48023_H1N1,ElasticNet,probe_ILMN_1799467,1,1,3.0,50,0.02
GSE48023_H1N1,ElasticNet,probe_ILMN_2152465,1,1,3.0,50,0.02
GSE48023_H1N1,ElasticNet,probe_ILMN_3249667,1,1,3.0,50,0.02
GSE48023_H1N1,ElasticNet,probe_ILMN_1652431,1,1,4.0,50,0.02
GSE48023_H1N1,ElasticNet,probe_ILMN_1708016,1,1,4.0,50,0.02
GSE48023_H1N1,ElasticNet,probe_ILMN_1729487,1,1,4.0,50,0.02
GSE48023_H1N1,ElasticNet,probe_ILMN_1799028,1,1,4.0,50,0.02
GSE48023_H1N1,ElasticNet,probe_ILMN_2231928,1,1,4.0,50,0.02
GSE48023_H1N1,ElasticNet,probe_ILMN_2239754,1,1,4.0,50,0.02
GSE48023_H1N1,ElasticNet,probe_ILMN_2404154,1,1,4.0,50,0.02
GSE48023_H1N1,ElasticNet,probe_ILMN_3242900,1,1,4.0,50,0.02
GSE48023_H1N1,ElasticNet,probe_ILMN_1675117,1,1,5.0,50,0.02
GSE48023_H1N1,ElasticNet,probe_ILMN_1681703,1,1,5.0,50,0.02
GSE48023_H1N1,ElasticNet,probe_ILMN_3220888,1,1,5.0,50,0.02
GSE48023_H1N1,ElasticNet,probe_ILMN_1736911,1,1,6.0,50,0.02
GSE48023_H1N1,ElasticNet,probe_ILMN_1832879,1,1,6.0,50,0.02
GSE48023_H1N1,ElasticNet,probe_ILMN_1663142,1,1,7.0,50,0.02
GSE48023_H1N1,ElasticNet,probe_ILMN_1675640,1,1,7.0,50,0.02
GSE48023_H1N1,ElasticNet,probe_ILMN_1767766,1,1,7.0,50,0.02
GSE48023_H1N1,ElasticNet,probe_ILMN_2155719,1,1,7.0,50,0.02
GSE48023_H1N1,ElasticNet,probe_ILMN_1676528,1,1,8.0,50,0.02
GSE48023_H1N1,ElasticNet,probe_ILMN_1679826,1,1,8.0,50,0.02
GSE48023_H1N1,ElasticNet,probe_ILMN_1713458,1,1,8.0,50,0.02
GSE48023_H1N1,ElasticNet,probe_ILMN_1745962,1,1,8.0,50,0.02
GSE48023_H1N1,ElasticNet,probe_ILMN_1777982,1,1,8.0,50,0.02
GSE48023_H1N1,ElasticNet,probe_ILMN_1781236,1,1,8.0,50,0.02
GSE48023_H1N1,ElasticNet,probe_ILMN_1873034,1,1,8.0,50,0.02
GSE48023_H1N1,ElasticNet,probe_ILMN_1679727,1,1,9.0,50,0.02
GSE48023_H1N1,ElasticNet,probe_ILMN_1684585,1,1,9.0,50,0.02
GSE48023_H1N1,ElasticNet,probe_ILMN_2087080,1,1,9.0,50,0.02
GSE48023_H1N1,ElasticNet,probe_ILMN_2112988,1,1,9.0,50,0.02
GSE48023_H1N1,ElasticNet,probe_ILMN_2349138,1,1,9.0,50,0.02
GSE48023_H1N1,ElasticNet,probe_ILMN_1652680,1,1,10.0,50,0.02
GSE48023_H1N1,ElasticNet,probe_ILMN_1729749,1,1,10.0,50,0.02
GSE48023_H1N1,ElasticNet,probe_ILMN_1739428,1,1,10.0,50,0.02
GSE48023_H1N1,ElasticNet,probe_ILMN_1750101,1,1,10.0,50,0.02
GSE48023_H1N1,ElasticNet,probe_ILMN_2383097,1,1,10.0,50,0.02
GSE48023_H1N1,LLSS,probe_ILMN_1801313,200,50,1.88,50,1.0
GSE48023_H1N1,LLSS,probe_ILMN_1678919,191,50,2.136125654450262,50,1.0
GSE48023_H1N1,LLSS,probe_ILMN_1724700,87,50,3.781609195402299,50,1.0
GSE48023_H1N1,LLSS,probe_ILMN_1691731,55,44,2.1272727272727274,50,0.88
GSE48023_H1N1,LLSS,probe_ILMN_1651496,48,39,3.5833333333333335,50,0.78
GSE48023_H1N1,LLSS,probe_ILMN_1796165,39,31,5.128205128205129,50,0.62
GSE48023_H1N1,LLSS,probe_ILMN_1715969,35,29,4.171428571428572,50,0.58
GSE48023_H1N1,LLSS,probe_ILMN_1774091,39,29,5.3076923076923075,50,0.58
GSE48023_H1N1,LLSS,probe_ILMN_1691364,29,28,3.1724137931034484,50,0.56
GSE48023_H1N1,LLSS,probe_ILMN_1704079,30,25,4.466666666666667,50,0.5
GSE48023_H1N1,LLSS,probe_ILMN_1802808,31,24,4.870967741935484,50,0.48
GSE48023_H1N1,LLSS,probe_ILMN_1688322,30,23,5.6,50,0.46
GSE48023_H1N1,LLSS,probe_ILMN_1771385,22,22,4.454545454545454,50,0.44
GSE48023_H1N1,LLSS,probe_ILMN_1753002,27,22,5.185185185185185,50,0.44
GSE48023_H1N1,LLSS,probe_ILMN_1718961,21,20,6.238095238095238,50,0.4
GSE48023_H1N1,LLSS,probe_ILMN_1796316,24,19,3.4583333333333335,50,0.38
GSE48023_H1N1,LLSS,probe_ILMN_1757406,16,16,3.3125,50,0.32
GSE48023_H1N1,LLSS,probe_ILMN_2114568,17,16,3.411764705882353,50,0.32
GSE48023_H1N1,LLSS,probe_ILMN_2348487,18,15,4.333333333333333,50,0.3
GSE48023_H1N1,LLSS,probe_ILMN_1701621,15,15,5.733333333333333,50,0.3
GSE48023_H1N1,LLSS,probe_ILMN_1690921,14,14,3.357142857142857,50,0.28
GSE48023_H1N1,LLSS,probe_ILMN_1718558,13,13,4.615384615384615,50,0.26
GSE48023_H1N1,LLSS,probe_ILMN_2404135,14,13,6.714285714285714,50,0.26
GSE48023_H1N1,LLSS,probe_ILMN_1671583,12,12,4.75,50,0.24
GSE48023_H1N1,LLSS,probe_ILMN_1790534,11,11,5.909090909090909,50,0.22
GSE48023_H1N1,LLSS,probe_ILMN_1799467,11,11,6.181818181818182,50,0.22
GSE48023_H1N1,LLSS,probe_ILMN_1777565,10,10,3.7,50,0.2
GSE48023_H1N1,LLSS,probe_ILMN_1779252,10,10,4.4,50,0.2
GSE48023_H1N1,LLSS,probe_ILMN_2404049,11,10,4.818181818181818,50,0.2
GSE48023_H1N1,LLSS,probe_ILMN_1791759,10,10,5.4,50,0.2
GSE48023_H1N1,LLSS,probe_ILMN_1905548,9,9,5.666666666666667,50,0.18
GSE48023_H1N1,LLSS,probe_ILMN_1783156,10,9,6.3,50,0.18
GSE48023_H1N1,LLSS,probe_ILMN_1713266,9,9,6.888888888888889,50,0.18
GSE48023_H1N1,LLSS,probe_ILMN_2352921,10,9,8.0,50,0.18
GSE48023_H1N1,LLSS,probe_ILMN_1807529,10,8,5.4,50,0.16
GSE48023_H1N1,LLSS,probe_ILMN_1713006,9,8,6.888888888888889,50,0.16
GSE48023_H1N1,LLSS,probe_ILMN_1697777,8,7,6.875,50,0.14
GSE48023_H1N1,LLSS,probe_ILMN_3295494,6,6,3.5,50,0.12
GSE48023_H1N1,LLSS,probe_ILMN_2367126,6,6,6.666666666666667,50,0.12
GSE48023_H1N1,LLSS,probe_ILMN_1750101,5,5,5.2,50,0.1
GSE48023_H1N1,LLSS,probe_ILMN_3278170,5,5,5.8,50,0.1
GSE48023_H1N1,LLSS,probe_ILMN_1798181,5,5,6.0,50,0.1
GSE48023_H1N1,LLSS,probe_ILMN_1784300,4,4,3.0,50,0.08
GSE48023_H1N1,LLSS,probe_ILMN_1751079,4,4,3.75,50,0.08
GSE48023_H1N1,LLSS,probe_ILMN_1687384,4,4,6.5,50,0.08
GSE48023_H1N1,LLSS,probe_ILMN_1796423,3,3,1.6666666666666667,50,0.06
GSE48023_H1N1,LLSS,probe_ILMN_3243714,3,3,3.0,50,0.06
GSE48023_H1N1,LLSS,probe_ILMN_1773849,3,3,4.333333333333333,50,0.06
GSE48023_H1N1,LLSS,probe_ILMN_1742410,3,3,4.666666666666667,50,0.06
GSE48023_H1N1,LLSS,probe_ILMN_2112988,3,3,4.666666666666667,50,0.06
GSE48023_H1N1,LLSS,probe_ILMN_2310703,3,3,5.0,50,0.06
GSE48023_H1N1,LLSS,probe_ILMN_2048607,3,3,5.666666666666667,50,0.06
GSE48023_H1N1,LLSS,probe_ILMN_3291511,3,3,5.666666666666667,50,0.06
GSE48023_H1N1,LLSS,probe_ILMN_1745374,3,3,6.333333333333333,50,0.06
GSE48023_H1N1,LLSS,probe_ILMN_1670305,3,3,7.0,50,0.06
GSE48023_H1N1,LLSS,probe_ILMN_1745471,3,3,8.0,50,0.06
GSE48023_H1N1,LLSS,probe_ILMN_3296994,3,3,8.333333333333334,50,0.06
GSE48023_H1N1,LLSS,probe_ILMN_1659047,2,2,1.5,50,0.04
GSE48023_H1N1,LLSS,probe_ILMN_1686664,2,2,2.0,50,0.04
GSE48023_H1N1,LLSS,probe_ILMN_1798177,2,2,3.0,50,0.04
GSE48023_H1N1,LLSS,probe_ILMN_3248833,2,2,3.5,50,0.04
GSE48023_H1N1,LLSS,probe_ILMN_1743145,2,2,4.5,50,0.04
GSE48023_H1N1,LLSS,probe_ILMN_1701789,2,2,5.5,50,0.04
GSE48023_H1N1,LLSS,probe_ILMN_1731224,2,2,5.5,50,0.04
GSE48023_H1N1,LLSS,probe_ILMN_2152465,2,2,5.5,50,0.04
GSE48023_H1N1,LLSS,probe_ILMN_1679920,2,2,6.0,50,0.04
GSE48023_H1N1,LLSS,probe_ILMN_1708323,2,2,6.0,50,0.04
GSE48023_H1N1,LLSS,probe_ILMN_3254492,2,2,6.0,50,0.04
GSE48023_H1N1,LLSS,probe_ILMN_1742618,2,2,7.5,50,0.04
GSE48023_H1N1,LLSS,probe_ILMN_2347798,2,2,8.0,50,0.04
GSE48023_H1N1,LLSS,probe_ILMN_1736911,2,2,9.0,50,0.04
GSE48023_H1N1,LLSS,probe_ILMN_1667232,1,1,1.0,50,0.02
GSE48023_H1N1,LLSS,probe_ILMN_1730454,1,1,1.0,50,0.02
GSE48023_H1N1,LLSS,probe_ILMN_1695311,1,1,2.0,50,0.02
GSE48023_H1N1,LLSS,probe_ILMN_1769520,1,1,2.0,50,0.02
GSE48023_H1N1,LLSS,probe_ILMN_3239610,1,1,2.0,50,0.02
GSE48023_H1N1,LLSS,probe_ILMN_1697309,1,1,3.0,50,0.02
GSE48023_H1N1,LLSS,probe_ILMN_1701613,1,1,3.0,50,0.02
GSE48023_H1N1,LLSS,probe_ILMN_1794707,1,1,3.0,50,0.02
GSE48023_H1N1,LLSS,probe_ILMN_1664543,1,1,4.0,50,0.02
GSE48023_H1N1,LLSS,probe_ILMN_1696187,1,1,4.0,50,0.02
GSE48023_H1N1,LLSS,probe_ILMN_1774077,1,1,4.0,50,0.02
GSE48023_H1N1,LLSS,probe_ILMN_1703108,1,1,5.0,50,0.02
GSE48023_H1N1,LLSS,probe_ILMN_1740633,1,1,5.0,50,0.02
GSE48023_H1N1,LLSS,probe_ILMN_2350574,1,1,5.0,50,0.02
GSE48023_H1N1,LLSS,probe_ILMN_1667162,1,1,6.0,50,0.02
GSE48023_H1N1,LLSS,probe_ILMN_1761945,1,1,6.0,50,0.02
GSE48023_H1N1,LLSS,probe_ILMN_1799848,1,1,6.0,50,0.02
GSE48023_H1N1,LLSS,probe_ILMN_2096322,1,1,6.0,50,0.02
GSE48023_H1N1,LLSS,probe_ILMN_2392043,1,1,6.0,50,0.02
GSE48023_H1N1,LLSS,probe_ILMN_1652680,1,1,7.0,50,0.02
GSE48023_H1N1,LLSS,probe_ILMN_1707434,1,1,7.0,50,0.02
GSE48023_H1N1,LLSS,probe_ILMN_2148785,1,1,7.0,50,0.02
GSE48023_H1N1,LLSS,probe_ILMN_1729749,1,1,8.0,50,0.02
GSE48023_H1N1,LLSS,probe_ILMN_1759155,1,1,8.0,50,0.02
GSE48023_H1N1,LLSS,probe_ILMN_1789074,1,1,8.0,50,0.02
GSE48023_H1N1,LLSS,probe_ILMN_1792455,1,1,9.0,50,0.02
GSE48023_H1N1,LLSS,probe_ILMN_1805778,1,1,9.0,50,0.02
GSE48023_H1N1,LLSS,probe_ILMN_2134453,1,1,9.0,50,0.02
GSE48023_H1N1,LLSS,probe_ILMN_2261600,1,1,9.0,50,0.02
GSE48023_H1N1,LLSS,probe_ILMN_1654118,1,1,10.0,50,0.02
GSE48023_H1N1,LLSS,probe_ILMN_1695404,1,1,10.0,50,0.02
GSE48023_H1N1,LLSS,probe_ILMN_1729112,1,1,10.0,50,0.02
GSE48023_H1N1,LLSS,probe_ILMN_2132599,1,1,10.0,50,0.02
GSE48023_H1N1,Lasso,probe_ILMN_1798177,127,50,2.3307086614173227,50,1.0
GSE48023_H1N1,Lasso,probe_ILMN_1730454,86,49,2.488372093023256,50,0.98
GSE48023_H1N1,Lasso,probe_ILMN_1651496,74,44,3.3783783783783785,50,0.88
GSE48023_H1N1,Lasso,probe_ILMN_1792455,50,39,3.16,50,0.78
GSE48023_H1N1,Lasso,probe_ILMN_1679920,48,38,2.9791666666666665,50,0.76
GSE48023_H1N1,Lasso,probe_ILMN_1796423,32,28,2.96875,50,0.56
GSE48023_H1N1,Lasso,probe_ILMN_2221006,30,28,3.2,50,0.56
GSE48023_H1N1,Lasso,probe_ILMN_1815205,31,26,3.4516129032258065,50,0.52
GSE48023_H1N1,Lasso,probe_ILMN_1791511,24,24,2.8333333333333335,50,0.48
GSE48023_H1N1,Lasso,probe_ILMN_1815895,28,24,3.75,50,0.48
GSE48023_H1N1,Lasso,probe_ILMN_2341815,26,24,4.346153846153846,50,0.48
GSE48023_H1N1,Lasso,probe_ILMN_1707434,25,22,2.72,50,0.44
GSE48023_H1N1,Lasso,probe_ILMN_1916256,22,21,3.909090909090909,50,0.42
GSE48023_H1N1,Lasso,probe_ILMN_1697499,22,21,4.045454545454546,50,0.42
GSE48023_H1N1,Lasso,probe_ILMN_1802808,22,20,3.6363636363636362,50,0.4
GSE48023_H1N1,Lasso,probe_ILMN_2316236,21,19,2.142857142857143,50,0.38
GSE48023_H1N1,Lasso,probe_ILMN_1667232,21,19,3.5238095238095237,50,0.38
GSE48023_H1N1,Lasso,probe_ILMN_3285762,18,18,2.888888888888889,50,0.36
GSE48023_H1N1,Lasso,probe_ILMN_1772809,18,17,2.8333333333333335,50,0.34
GSE48023_H1N1,Lasso,probe_ILMN_1796165,16,15,2.6875,50,0.3
GSE48023_H1N1,Lasso,probe_ILMN_1777565,17,15,3.2941176470588234,50,0.3
GSE48023_H1N1,Lasso,probe_ILMN_2115005,16,15,5.3125,50,0.3
GSE48023_H1N1,Lasso,probe_ILMN_1776519,14,14,4.714285714285714,50,0.28
GSE48023_H1N1,Lasso,probe_ILMN_3291511,13,13,4.3076923076923075,50,0.26
GSE48023_H1N1,Lasso,probe_ILMN_1766165,12,12,3.3333333333333335,50,0.24
GSE48023_H1N1,Lasso,probe_ILMN_2399463,11,11,2.909090909090909,50,0.22
GSE48023_H1N1,Lasso,probe_ILMN_1713006,12,11,3.3333333333333335,50,0.22
GSE48023_H1N1,Lasso,probe_ILMN_1757406,11,11,4.090909090909091,50,0.22
GSE48023_H1N1,Lasso,probe_ILMN_1777190,13,11,4.153846153846154,50,0.22
GSE48023_H1N1,Lasso,probe_ILMN_3243714,10,10,2.4,50,0.2
GSE48023_H1N1,Lasso,probe_ILMN_1796335,9,9,2.5555555555555554,50,0.18
GSE48023_H1N1,Lasso,probe_ILMN_2045419,9,9,4.0,50,0.18
GSE48023_H1N1,Lasso,probe_ILMN_1796490,9,9,5.222222222222222,50,0.18
GSE48023_H1N1,Lasso,probe_ILMN_2292178,9,8,2.6666666666666665,50,0.16
GSE48023_H1N1,Lasso,probe_ILMN_2382829,8,8,3.125,50,0.16
GSE48023_H1N1,Lasso,probe_ILMN_1743145,8,8,4.25,50,0.16
GSE48023_H1N1,Lasso,probe_ILMN_1797793,7,7,2.7142857142857144,50,0.14
GSE48023_H1N1,Lasso,probe_ILMN_1815527,6,6,2.5,50,0.12
GSE48023_H1N1,Lasso,probe_ILMN_1815023,7,6,5.857142857142857,50,0.12
GSE48023_H1N1,Lasso,probe_ILMN_1696512,5,5,3.2,50,0.1
GSE48023_H1N1,Lasso,probe_ILMN_3253304,5,5,3.8,50,0.1
GSE48023_H1N1,Lasso,probe_ILMN_1667162,5,5,4.6,50,0.1
GSE48023_H1N1,Lasso,probe_ILMN_2198408,5,5,4.6,50,0.1
GSE48023_H1N1,Lasso,probe_ILMN_1696463,5,5,4.8,50,0.1
GSE48023_H1N1,Lasso,probe_ILMN_2283325,5,5,5.0,50,0.1
GSE48023_H1N1,Lasso,probe_ILMN_1814397,4,4,2.0,50,0.08
GSE48023_H1N1,Lasso,probe_ILMN_1658494,4,4,3.25,50,0.08
GSE48023_H1N1,Lasso,probe_ILMN_2091454,4,4,4.25,50,0.08
GSE48023_H1N1,Lasso,probe_ILMN_2109708,4,4,5.0,50,0.08
GSE48023_H1N1,Lasso,probe_ILMN_1679268,4,4,6.0,50,0.08
GSE48023_H1N1,Lasso,probe_ILMN_1769027,4,4,8.5,50,0.08
GSE48023_H1N1,Lasso,probe_ILMN_1758864,3,3,1.6666666666666667,50,0.06
GSE48023_H1N1,Lasso,probe_ILMN_2376108,3,3,1.6666666666666667,50,0.06
GSE48023_H1N1,Lasso,probe_ILMN_1774375,3,3,3.3333333333333335,50,0.06
GSE48023_H1N1,Lasso,probe_ILMN_2109416,3,3,3.6666666666666665,50,0.06
GSE48023_H1N1,Lasso,probe_ILMN_1655710,3,3,4.333333333333333,50,0.06
GSE48023_H1N1,Lasso,probe_ILMN_1678919,3,3,5.0,50,0.06
GSE48023_H1N1,Lasso,probe_ILMN_1723433,3,3,5.333333333333333,50,0.06
GSE48023_H1N1,Lasso,probe_ILMN_1664525,3,3,6.666666666666667,50,0.06
GSE48023_H1N1,Lasso,probe_ILMN_3249667,3,3,6.666666666666667,50,0.06
GSE48023_H1N1,Lasso,probe_ILMN_1801313,3,3,8.0,50,0.06
GSE48023_H1N1,Lasso,probe_ILMN_1676575,2,2,1.0,50,0.04
GSE48023_H1N1,Lasso,probe_ILMN_1783753,2,2,1.5,50,0.04
GSE48023_H1N1,Lasso,probe_ILMN_2404850,2,2,1.5,50,0.04
GSE48023_H1N1,Lasso,probe_ILMN_3274596,2,2,2.0,50,0.04
GSE48023_H1N1,Lasso,probe_ILMN_1733998,2,2,2.5,50,0.04
GSE48023_H1N1,Lasso,probe_ILMN_1771482,2,2,2.5,50,0.04
GSE48023_H1N1,Lasso,probe_ILMN_1671583,2,2,3.5,50,0.04
GSE48023_H1N1,Lasso,probe_ILMN_1713458,2,2,4.0,50,0.04
GSE48023_H1N1,Lasso,probe_ILMN_1741727,2,2,4.0,50,0.04
GSE48023_H1N1,Lasso,probe_ILMN_1768482,2,2,4.0,50,0.04
GSE48023_H1N1,Lasso,probe_ILMN_1675117,2,2,5.0,50,0.04
GSE48023_H1N1,Lasso,probe_ILMN_1680652,2,2,5.0,50,0.04
GSE48023_H1N1,Lasso,probe_ILMN_1708414,2,2,5.5,50,0.04
GSE48023_H1N1,Lasso,probe_ILMN_1739428,2,2,5.5,50,0.04
GSE48023_H1N1,Lasso,probe_ILMN_2370573,2,2,5.5,50,0.04
GSE48023_H1N1,Lasso,probe_ILMN_3239965,2,2,5.5,50,0.04
GSE48023_H1N1,Lasso,probe_ILMN_1688580,2,2,7.5,50,0.04
GSE48023_H1N1,Lasso,probe_ILMN_1803819,2,2,7.5,50,0.04
GSE48023_H1N1,Lasso,probe_ILMN_2316386,2,2,7.5,50,0.04
GSE48023_H1N1,Lasso,probe_ILMN_1731048,2,2,8.0,50,0.04
GSE48023_H1N1,Lasso,probe_ILMN_2384122,2,2,8.5,50,0.04
GSE48023_H1N1,Lasso,probe_ILMN_1668134,2,2,9.5,50,0.04
GSE48023_H1N1,Lasso,probe_ILMN_1661631,1,1,1.0,50,0.02
GSE48023_H1N1,Lasso,probe_ILMN_1701621,1,1,1.0,50,0.02
GSE48023_H1N1,Lasso,probe_ILMN_1707695,1,1,1.0,50,0.02
GSE48023_H1N1,Lasso,probe_ILMN_1784207,1,1,1.0,50,0.02
GSE48023_H1N1,Lasso,probe_ILMN_1799030,1,1,1.0,50,0.02
GSE48023_H1N1,Lasso,probe_ILMN_2193213,1,1,1.0,50,0.02
GSE48023_H1N1,Lasso,probe_ILMN_2370872,1,1,1.0,50,0.02
GSE48023_H1N1,Lasso,probe_ILMN_1663142,1,1,2.0,50,0.02
GSE48023_H1N1,Lasso,probe_ILMN_1678939,1,1,2.0,50,0.02
GSE48023_H1N1,Lasso,probe_ILMN_1721113,1,1,2.0,50,0.02
GSE48023_H1N1,Lasso,probe_ILMN_1772731,1,1,2.0,50,0.02
GSE48023_H1N1,Lasso,probe_ILMN_2162972,1,1,2.0,50,0.02
GSE48023_H1N1,Lasso,probe_ILMN_3235221,1,1,2.0,50,0.02
GSE48023_H1N1,Lasso,probe_ILMN_3243441,1,1,2.0,50,0.02
GSE48023_H1N1,Lasso,probe_ILMN_3285785,1,1,2.0,50,0.02
GSE48023_H1N1,Lasso,probe_ILMN_1679826,1,1,3.0,50,0.02
GSE48023_H1N1,Lasso,probe_ILMN_1697377,1,1,3.0,50,0.02
GSE48023_H1N1,Lasso,probe_ILMN_1714592,1,1,3.0,50,0.02
GSE48023_H1N1,Lasso,probe_ILMN_1767766,1,1,3.0,50,0.02
GSE48023_H1N1,Lasso,probe_ILMN_2312606,1,1,3.0,50,0.02
GSE48023_H1N1,Lasso,probe_ILMN_3243593,1,1,3.0,50,0.02
GSE48023_H1N1,Lasso,probe_ILMN_3295494,1,1,3.0,50,0.02
GSE48023_H1N1,Lasso,probe_ILMN_1742332,1,1,4.0,50,0.02
GSE48023_H1N1,Lasso,probe_ILMN_1796316,1,1,4.0,50,0.02
GSE48023_H1N1,Lasso,probe_ILMN_1704985,1,1,5.0,50,0.02
GSE48023_H1N1,Lasso,probe_ILMN_1715969,1,1,5.0,50,0.02
GSE48023_H1N1,Lasso,probe_ILMN_1718558,1,1,5.0,50,0.02
GSE48023_H1N1,Lasso,probe_ILMN_1762713,1,1,6.0,50,0.02
GSE48023_H1N1,Lasso,probe_ILMN_3301065,1,1,6.0,50,0.02
GSE48023_H1N1,Lasso,probe_ILMN_1671686,1,1,7.0,50,0.02
GSE48023_H1N1,Lasso,probe_ILMN_1807919,1,1,7.0,50,0.02
GSE48023_H1N1,Lasso,probe_ILMN_1717207,1,1,8.0,50,0.02
GSE48023_H1N1,Lasso,probe_ILMN_1784300,1,1,8.0,50,0.02
GSE48023_H1N1,Lasso,probe_ILMN_2267787,1,1,8.0,50,0.02
GSE48023_H1N1,Lasso,probe_ILMN_3203189,1,1,8.0,50,0.02
GSE48023_H1N1,Lasso,probe_ILMN_1684585,1,1,9.0,50,0.02
GSE48023_H1N1,Lasso,probe_ILMN_1730628,1,1,9.0,50,0.02
GSE48023_H1N1,Lasso,probe_ILMN_2159694,1,1,9.0,50,0.02
GSE48023_H1N1,Lasso,probe_ILMN_2404154,1,1,9.0,50,0.02
GSE48023_H1N1,Lasso,probe_ILMN_3299955,1,1,9.0,50,0.02
GSE48023_H1N1,Lasso,probe_ILMN_1697529,1,1,10.0,50,0.02
GSE48023_H1N1,Lasso,probe_ILMN_1748915,1,1,10.0,50,0.02
GSE48023_H1N1,Lasso,probe_ILMN_1781236,1,1,10.0,50,0.02
GSE48023_H1N1,Lasso,probe_ILMN_1810752,1,1,10.0,50,0.02
GSE48023_H1N1,Lasso,probe_ILMN_2054554,1,1,10.0,50,0.02
GSE48023_H1N1,Lasso,probe_ILMN_2239754,1,1,10.0,50,0.02
GSE48023_H1N1,Lasso,probe_ILMN_3254492,1,1,10.0,50,0.02
GSE48023_H1N1,LongGroupLasso,probe_ILMN_1651496,190,50,2.2263157894736842,50,1.0
GSE48023_H1N1,LongGroupLasso,probe_ILMN_1678919,156,50,3.2948717948717947,50,1.0
GSE48023_H1N1,LongGroupLasso,probe_ILMN_1801313,155,50,3.6258064516129034,50,1.0
GSE48023_H1N1,LongGroupLasso,probe_ILMN_1724700,74,47,6.0,50,0.94
GSE48023_H1N1,LongGroupLasso,probe_ILMN_1798177,63,44,2.8253968253968256,50,0.88
GSE48023_H1N1,LongGroupLasso,probe_ILMN_2348487,64,43,3.453125,50,0.86
GSE48023_H1N1,LongGroupLasso,probe_ILMN_1743145,56,41,2.8035714285714284,50,0.82
GSE48023_H1N1,LongGroupLasso,probe_ILMN_1796316,51,39,3.235294117647059,50,0.78
GSE48023_H1N1,LongGroupLasso,probe_ILMN_1757406,43,36,2.4651162790697674,50,0.72
GSE48023_H1N1,LongGroupLasso,probe_ILMN_1730454,37,35,2.5405405405405403,50,0.7
GSE48023_H1N1,LongGroupLasso,probe_ILMN_1802808,38,32,6.7631578947368425,50,0.64
GSE48023_H1N1,LongGroupLasso,probe_ILMN_1697499,28,27,5.107142857142857,50,0.54
GSE48023_H1N1,LongGroupLasso,probe_ILMN_1715969,26,25,6.269230769230769,50,0.5
GSE48023_H1N1,LongGroupLasso,probe_ILMN_1667232,26,22,1.8461538461538463,50,0.44
GSE48023_H1N1,LongGroupLasso,probe_ILMN_1679920,25,22,3.08,50,0.44
GSE48023_H1N1,LongGroupLasso,probe_ILMN_1794707,19,18,4.2105263157894735,50,0.36
GSE48023_H1N1,LongGroupLasso,probe_ILMN_3290019,20,18,7.35,50,0.36
GSE48023_H1N1,LongGroupLasso,probe_ILMN_2058782,18,17,4.611111111111111,50,0.34
GSE48023_H1N1,LongGroupLasso,probe_ILMN_1704079,17,17,7.705882352941177,50,0.34
GSE48023_H1N1,LongGroupLasso,probe_ILMN_3291511,15,15,6.866666666666666,50,0.3
GSE48023_H1N1,LongGroupLasso,probe_ILMN_3254492,16,15,7.375,50,0.3
GSE48023_H1N1,LongGroupLasso,probe_ILMN_1905548,15,14,7.866666666666666,50,0.28
GSE48023_H1N1,LongGroupLasso,probe_ILMN_1796165,14,13,8.357142857142858,50,0.26
GSE48023_H1N1,LongGroupLasso,probe_ILMN_2221006,14,12,7.142857142857143,50,0.24
GSE48023_H1N1,LongGroupLasso,probe_ILMN_3243714,14,12,7.357142857142857,50,0.24
GSE48023_H1N1,LongGroupLasso,probe_ILMN_2115005,12,11,2.0833333333333335,50,0.22
GSE48023_H1N1,LongGroupLasso,probe_ILMN_2198408,11,11,6.181818181818182,50,0.22
GSE48023_H1N1,LongGroupLasso,probe_ILMN_1753002,11,11,7.0,50,0.22
GSE48023_H1N1,LongGroupLasso,probe_ILMN_1815205,10,10,3.0,50,0.2
GSE48023_H1N1,LongGroupLasso,probe_ILMN_1777190,10,10,5.9,50,0.2
GSE48023_H1N1,LongGroupLasso,probe_ILMN_1796423,9,9,1.8888888888888888,50,0.18
GSE48023_H1N1,LongGroupLasso,probe_ILMN_1667162,9,9,5.444444444444445,50,0.18
GSE48023_H1N1,LongGroupLasso,probe_ILMN_1791534,10,9,6.8,50,0.18
GSE48023_H1N1,LongGroupLasso,probe_ILMN_3296994,9,9,7.555555555555555,50,0.18
GSE48023_H1N1,LongGroupLasso,probe_ILMN_1792455,8,8,6.5,50,0.16
GSE48023_H1N1,LongGroupLasso,probe_ILMN_1807529,7,7,2.7142857142857144,50,0.14
GSE48023_H1N1,LongGroupLasso,probe_ILMN_1740633,8,7,3.125,50,0.14
GSE48023_H1N1,LongGroupLasso,probe_ILMN_1805778,7,7,6.714285714285714,50,0.14
GSE48023_H1N1,LongGroupLasso,probe_ILMN_1774091,7,7,7.285714285714286,50,0.14
GSE48023_H1N1,LongGroupLasso,probe_ILMN_1688322,7,7,9.285714285714286,50,0.14
GSE48023_H1N1,LongGroupLasso,probe_ILMN_1695404,6,6,3.3333333333333335,50,0.12
GSE48023_H1N1,LongGroupLasso,probe_ILMN_1671583,6,6,6.833333333333333,50,0.12
GSE48023_H1N1,LongGroupLasso,probe_ILMN_2404049,6,6,7.666666666666667,50,0.12
GSE48023_H1N1,LongGroupLasso,probe_ILMN_2310703,6,6,8.5,50,0.12
GSE48023_H1N1,LongGroupLasso,probe_ILMN_1687384,5,5,4.8,50,0.1
GSE48023_H1N1,LongGroupLasso,probe_ILMN_1790534,5,5,6.2,50,0.1
GSE48023_H1N1,LongGroupLasso,probe_ILMN_1708414,5,5,6.8,50,0.1
GSE48023_H1N1,LongGroupLasso,probe_ILMN_1718558,4,4,3.75,50,0.08
GSE48023_H1N1,LongGroupLasso,probe_ILMN_2399463,4,4,3.75,50,0.08
GSE48023_H1N1,LongGroupLasso,probe_ILMN_1676528,4,4,4.0,50,0.08
GSE48023_H1N1,LongGroupLasso,probe_ILMN_1784300,4,4,6.75,50,0.08
GSE48023_H1N1,LongGroupLasso,probe_ILMN_3280019,4,4,7.5,50,0.08
GSE48023_H1N1,LongGroupLasso,probe_ILMN_2352921,4,4,9.25,50,0.08
GSE48023_H1N1,LongGroupLasso,probe_ILMN_1713006,4,4,9.75,50,0.08
GSE48023_H1N1,LongGroupLasso,probe_ILMN_1777565,3,3,1.0,50,0.06
GSE48023_H1N1,LongGroupLasso,probe_ILMN_1791511,3,3,2.6666666666666665,50,0.06
GSE48023_H1N1,LongGroupLasso,probe_ILMN_2347798,3,3,2.6666666666666665,50,0.06
GSE48023_H1N1,LongGroupLasso,probe_ILMN_2200659,3,3,3.0,50,0.06
GSE48023_H1N1,LongGroupLasso,probe_ILMN_1752592,3,3,4.0,50,0.06
GSE48023_H1N1,LongGroupLasso,probe_ILMN_1815895,3,3,4.666666666666667,50,0.06
GSE48023_H1N1,LongGroupLasso,probe_ILMN_1659047,3,3,5.0,50,0.06
GSE48023_H1N1,LongGroupLasso,probe_ILMN_1707434,3,3,5.333333333333333,50,0.06
GSE48023_H1N1,LongGroupLasso,probe_ILMN_3278170,3,3,6.333333333333333,50,0.06
GSE48023_H1N1,LongGroupLasso,probe_ILMN_1763322,3,3,6.666666666666667,50,0.06
GSE48023_H1N1,LongGroupLasso,probe_ILMN_2152465,3,3,6.666666666666667,50,0.06
GSE48023_H1N1,LongGroupLasso,probe_ILMN_1735712,3,3,7.666666666666667,50,0.06
GSE48023_H1N1,LongGroupLasso,probe_ILMN_1697777,3,3,8.0,50,0.06
GSE48023_H1N1,LongGroupLasso,probe_ILMN_1682993,2,2,2.0,50,0.04
GSE48023_H1N1,LongGroupLasso,probe_ILMN_1916256,2,2,3.0,50,0.04
GSE48023_H1N1,LongGroupLasso,probe_ILMN_2316236,2,2,4.0,50,0.04
GSE48023_H1N1,LongGroupLasso,probe_ILMN_3203189,2,2,4.5,50,0.04
GSE48023_H1N1,LongGroupLasso,probe_ILMN_3288717,2,2,4.5,50,0.04
GSE48023_H1N1,LongGroupLasso,probe_ILMN_2367126,2,2,5.0,50,0.04
GSE48023_H1N1,LongGroupLasso,probe_ILMN_1688580,2,2,5.5,50,0.04
GSE48023_H1N1,LongGroupLasso,probe_ILMN_1776077,2,2,6.0,50,0.04
GSE48023_H1N1,LongGroupLasso,probe_ILMN_1821517,2,2,6.0,50,0.04
GSE48023_H1N1,LongGroupLasso,probe_ILMN_2112988,2,2,6.0,50,0.04
GSE48023_H1N1,LongGroupLasso,probe_ILMN_1723433,2,2,6.5,50,0.04
GSE48023_H1N1,LongGroupLasso,probe_ILMN_2404135,2,2,6.5,50,0.04
GSE48023_H1N1,LongGroupLasso,probe_ILMN_1777982,2,2,7.5,50,0.04
GSE48023_H1N1,LongGroupLasso,probe_ILMN_1783156,2,2,7.5,50,0.04
GSE48023_H1N1,LongGroupLasso,probe_ILMN_3239610,2,2,7.5,50,0.04
GSE48023_H1N1,LongGroupLasso,probe_ILMN_1701621,1,1,1.0,50,0.02
GSE48023_H1N1,LongGroupLasso,probe_ILMN_1750101,1,1,2.0,50,0.02
GSE48023_H1N1,LongGroupLasso,probe_ILMN_2159694,1,1,3.0,50,0.02
GSE48023_H1N1,LongGroupLasso,probe_ILMN_2162972,1,1,4.0,50,0.02
GSE48023_H1N1,LongGroupLasso,probe_ILMN_1708323,1,1,5.0,50,0.02
GSE48023_H1N1,LongGroupLasso,probe_ILMN_1761945,1,1,5.0,50,0.02
GSE48023_H1N1,LongGroupLasso,probe_ILMN_2404850,1,1,5.0,50,0.02
GSE48023_H1N1,LongGroupLasso,probe_ILMN_3251404,1,1,5.0,50,0.02
GSE48023_H1N1,LongGroupLasso,probe_ILMN_1657871,1,1,6.0,50,0.02
GSE48023_H1N1,LongGroupLasso,probe_ILMN_1892403,1,1,6.0,50,0.02
GSE48023_H1N1,LongGroupLasso,probe_ILMN_1677697,1,1,8.0,50,0.02
GSE48023_H1N1,LongGroupLasso,probe_ILMN_1718961,1,1,8.0,50,0.02
GSE48023_H1N1,LongGroupLasso,probe_ILMN_1776519,1,1,8.0,50,0.02
GSE48023_H1N1,LongGroupLasso,probe_ILMN_2112580,1,1,8.0,50,0.02
GSE48023_H1N1,LongGroupLasso,probe_ILMN_1654118,1,1,9.0,50,0.02
GSE48023_H1N1,LongGroupLasso,probe_ILMN_1769027,1,1,9.0,50,0.02
GSE48023_H1N1,LongGroupLasso,probe_ILMN_2320906,1,1,9.0,50,0.02
GSE48023_H1N1,LongGroupLasso,probe_ILMN_1750636,1,1,10.0,50,0.02
GSE48023_H1N1,LongGroupLasso,probe_ILMN_1782459,1,1,10.0,50,0.02
GSE48023_H1N1,LongGroupLasso,probe_ILMN_2350574,1,1,10.0,50,0.02
GSE48023_H1N1,LongGroupLasso,probe_ILMN_3246409,1,1,10.0,50,0.02
GSE48023_H1N1,LongGroupLasso,probe_ILMN_3285153,1,1,10.0,50,0.02
GSE48023_H1N1,MutualInfo,probe_ILMN_1776519,235,50,1.4553191489361703,50,1.0
GSE48023_H1N1,MutualInfo,probe_ILMN_1777190,109,49,3.0091743119266057,50,0.98
GSE48023_H1N1,MutualInfo,probe_ILMN_1678522,90,48,4.433333333333334,50,0.96
GSE48023_H1N1,MutualInfo,probe_ILMN_1791534,100,47,3.26,50,0.94
GSE48023_H1N1,MutualInfo,probe_ILMN_3209193,78,47,4.064102564102564,50,0.94
GSE48023_H1N1,MutualInfo,probe_ILMN_3249667,74,45,3.5405405405405403,50,0.9
GSE48023_H1N1,MutualInfo,probe_ILMN_2066060,49,37,2.938775510204082,50,0.74
GSE48023_H1N1,MutualInfo,probe_ILMN_2310703,49,36,4.979591836734694,50,0.72
GSE48023_H1N1,MutualInfo,probe_ILMN_1774091,50,36,5.54,50,0.72
GSE48023_H1N1,MutualInfo,probe_ILMN_1651496,53,35,5.0,50,0.7
GSE48023_H1N1,MutualInfo,probe_ILMN_3243714,36,32,6.222222222222222,50,0.64
GSE48023_H1N1,MutualInfo,probe_ILMN_2048607,38,31,4.842105263157895,50,0.62
GSE48023_H1N1,MutualInfo,probe_ILMN_3296994,32,29,4.71875,50,0.58
GSE48023_H1N1,MutualInfo,probe_ILMN_2180866,39,29,5.846153846153846,50,0.58
GSE48023_H1N1,MutualInfo,probe_ILMN_1749834,36,27,4.611111111111111,50,0.54
GSE48023_H1N1,MutualInfo,probe_ILMN_1763322,29,23,4.931034482758621,50,0.46
GSE48023_H1N1,MutualInfo,probe_ILMN_3242288,26,23,5.923076923076923,50,0.46
GSE48023_H1N1,MutualInfo,probe_ILMN_2391861,21,21,4.761904761904762,50,0.42
GSE48023_H1N1,MutualInfo,probe_ILMN_2198408,21,20,6.190476190476191,50,0.4
GSE48023_H1N1,MutualInfo,probe_ILMN_1808405,19,18,4.7368421052631575,50,0.36
GSE48023_H1N1,MutualInfo,probe_ILMN_1668134,20,18,4.8,50,0.36
GSE48023_H1N1,MutualInfo,probe_ILMN_1730454,18,18,5.388888888888889,50,0.36
GSE48023_H1N1,MutualInfo,probe_ILMN_3291511,14,14,6.428571428571429,50,0.28
GSE48023_H1N1,MutualInfo,probe_ILMN_1815895,14,12,6.857142857142857,50,0.24
GSE48023_H1N1,MutualInfo,probe_ILMN_1726647,11,11,5.636363636363637,50,0.22
GSE48023_H1N1,MutualInfo,probe_ILMN_1791511,11,11,6.636363636363637,50,0.22
GSE48023_H1N1,MutualInfo,probe_ILMN_3235221,12,10,4.833333333333333,50,0.2
GSE48023_H1N1,MutualInfo,probe_ILMN_1678919,11,10,5.545454545454546,50,0.2
GSE48023_H1N1,MutualInfo,probe_ILMN_2340217,10,10,6.3,50,0.2
GSE48023_H1N1,MutualInfo,probe_ILMN_1708016,11,10,6.7272727272727275,50,0.2
GSE48023_H1N1,MutualInfo,probe_ILMN_3299955,10,10,6.9,50,0.2
GSE48023_H1N1,MutualInfo,probe_ILMN_1724700,11,10,7.090909090909091,50,0.2
GSE48023_H1N1,MutualInfo,probe_ILMN_3240316,10,10,7.6,50,0.2
GSE48023_H1N1,MutualInfo,probe_ILMN_1666078,9,9,3.0,50,0.18
GSE48023_H1N1,MutualInfo,probe_ILMN_1676575,8,8,3.125,50,0.16
GSE48023_H1N1,MutualInfo,probe_ILMN_2165753,9,8,4.0,50,0.16
GSE48023_H1N1,MutualInfo,probe_ILMN_1777982,7,7,6.857142857142857,50,0.14
GSE48023_H1N1,MutualInfo,probe_ILMN_2193213,6,6,4.5,50,0.12
GSE48023_H1N1,MutualInfo,probe_ILMN_1750636,7,6,5.142857142857143,50,0.12
GSE48023_H1N1,MutualInfo,probe_ILMN_1723433,6,6,6.0,50,0.12
GSE48023_H1N1,MutualInfo,probe_ILMN_2320906,6,6,7.666666666666667,50,0.12
GSE48023_H1N1,MutualInfo,probe_ILMN_2209027,6,6,7.833333333333333,50,0.12
GSE48023_H1N1,MutualInfo,probe_ILMN_1796678,5,5,4.2,50,0.1
GSE48023_H1N1,MutualInfo,probe_ILMN_1735712,5,5,6.6,50,0.1
GSE48023_H1N1,MutualInfo,probe_ILMN_2084825,4,4,3.75,50,0.08
GSE48023_H1N1,MutualInfo,probe_ILMN_3293367,4,4,5.5,50,0.08
GSE48023_H1N1,MutualInfo,probe_ILMN_3230608,4,4,5.75,50,0.08
GSE48023_H1N1,MutualInfo,probe_ILMN_1731233,4,4,6.25,50,0.08
GSE48023_H1N1,MutualInfo,probe_ILMN_1695585,4,4,8.0,50,0.08
GSE48023_H1N1,MutualInfo,probe_ILMN_3203189,4,4,9.0,50,0.08
GSE48023_H1N1,MutualInfo,probe_ILMN_3210538,3,3,6.333333333333333,50,0.06
GSE48023_H1N1,MutualInfo,probe_ILMN_2221006,3,3,6.666666666666667,50,0.06
GSE48023_H1N1,MutualInfo,probe_ILMN_2399463,3,3,7.333333333333333,50,0.06
GSE48023_H1N1,MutualInfo,probe_ILMN_1667162,2,2,6.5,50,0.04
GSE48023_H1N1,MutualInfo,probe_ILMN_1688580,2,2,6.5,50,0.04
GSE48023_H1N1,MutualInfo,probe_ILMN_2165289,2,2,7.0,50,0.04
GSE48023_H1N1,MutualInfo,probe_ILMN_1677697,2,2,7.5,50,0.04
GSE48023_H1N1,MutualInfo,probe_ILMN_2367126,2,2,7.5,50,0.04
GSE48023_H1N1,MutualInfo,probe_ILMN_1705458,2,2,8.5,50,0.04
GSE48023_H1N1,MutualInfo,probe_ILMN_1725661,1,1,3.0,50,0.02
GSE48023_H1N1,MutualInfo,probe_ILMN_1753347,1,1,3.0,50,0.02
GSE48023_H1N1,MutualInfo,probe_ILMN_1661266,1,1,4.0,50,0.02
GSE48023_H1N1,MutualInfo,probe_ILMN_1916256,1,1,4.0,50,0.02
GSE48023_H1N1,MutualInfo,probe_ILMN_2102721,1,1,4.0,50,0.02
GSE48023_H1N1,MutualInfo,probe_ILMN_1905548,1,1,5.0,50,0.02
GSE48023_H1N1,MutualInfo,probe_ILMN_3243061,1,1,5.0,50,0.02
GSE48023_H1N1,MutualInfo,probe_ILMN_1661631,1,1,6.0,50,0.02
GSE48023_H1N1,MutualInfo,probe_ILMN_1713006,1,1,6.0,50,0.02
GSE48023_H1N1,MutualInfo,probe_ILMN_1713458,1,1,6.0,50,0.02
GSE48023_H1N1,MutualInfo,probe_ILMN_1739508,1,1,7.0,50,0.02
GSE48023_H1N1,MutualInfo,probe_ILMN_1784207,1,1,7.0,50,0.02
GSE48023_H1N1,MutualInfo,probe_ILMN_1716733,1,1,8.0,50,0.02
GSE48023_H1N1,MutualInfo,probe_ILMN_1801313,1,1,8.0,50,0.02
GSE48023_H1N1,MutualInfo,probe_ILMN_2201580,1,1,8.0,50,0.02
GSE48023_H1N1,MutualInfo,probe_ILMN_2403228,1,1,8.0,50,0.02
GSE48023_H1N1,MutualInfo,probe_ILMN_1693262,1,1,10.0,50,0.02
GSE48023_H1N1,MutualInfo,probe_ILMN_1743145,1,1,10.0,50,0.02
GSE48023_H1N1,MutualInfo,probe_ILMN_1798177,1,1,10.0,50,0.02
GSE48023_H1N1,MutualInfo,probe_ILMN_3254492,1,1,10.0,50,0.02
GSE48023_H1N1,OutcomeSNN-FS,probe_ILMN_1798177,160,50,2.25,50,1.0
GSE48023_H1N1,OutcomeSNN-FS,probe_ILMN_1792455,101,50,2.702970297029703,50,1.0
GSE48023_H1N1,OutcomeSNN-FS,probe_ILMN_1730454,80,49,2.725,50,0.98
GSE48023_H1N1,OutcomeSNN-FS,probe_ILMN_1651496,98,48,3.4081632653061225,50,0.96
GSE48023_H1N1,OutcomeSNN-FS,probe_ILMN_1796423,46,37,3.4130434782608696,50,0.74
GSE48023_H1N1,OutcomeSNN-FS,probe_ILMN_1679920,40,34,3.775,50,0.68
GSE48023_H1N1,OutcomeSNN-FS,probe_ILMN_1791511,28,26,3.9642857142857144,50,0.52
GSE48023_H1N1,OutcomeSNN-FS,probe_ILMN_2399463,27,25,3.4814814814814814,50,0.5
GSE48023_H1N1,OutcomeSNN-FS,probe_ILMN_1777565,24,23,3.625,50,0.46
GSE48023_H1N1,OutcomeSNN-FS,probe_ILMN_1815895,23,20,3.9565217391304346,50,0.4
GSE48023_H1N1,OutcomeSNN-FS,probe_ILMN_2341815,22,20,4.954545454545454,50,0.4
GSE48023_H1N1,OutcomeSNN-FS,probe_ILMN_2115005,21,20,5.238095238095238,50,0.4
GSE48023_H1N1,OutcomeSNN-FS,probe_ILMN_1772809,21,18,3.0952380952380953,50,0.36
GSE48023_H1N1,OutcomeSNN-FS,probe_ILMN_1697499,20,18,3.65,50,0.36
GSE48023_H1N1,OutcomeSNN-FS,probe_ILMN_1815205,18,18,3.888888888888889,50,0.36
GSE48023_H1N1,OutcomeSNN-FS,probe_ILMN_1777190,22,18,4.363636363636363,50,0.36
GSE48023_H1N1,OutcomeSNN-FS,probe_ILMN_1797793,21,18,4.476190476190476,50,0.36
GSE48023_H1N1,OutcomeSNN-FS,probe_ILMN_1757406,19,18,5.105263157894737,50,0.36
GSE48023_H1N1,OutcomeSNN-FS,probe_ILMN_1802808,18,17,3.2777777777777777,50,0.34
GSE48023_H1N1,OutcomeSNN-FS,probe_ILMN_3243714,18,17,4.333333333333333,50,0.34
GSE48023_H1N1,OutcomeSNN-FS,probe_ILMN_1796165,16,16,3.0,50,0.32
GSE48023_H1N1,OutcomeSNN-FS,probe_ILMN_3285762,16,15,2.9375,50,0.3
GSE48023_H1N1,OutcomeSNN-FS,probe_ILMN_1766165,14,14,2.0714285714285716,50,0.28
GSE48023_H1N1,OutcomeSNN-FS,probe_ILMN_1916256,14,14,3.9285714285714284,50,0.28
GSE48023_H1N1,OutcomeSNN-FS,probe_ILMN_1696512,14,13,3.357142857142857,50,0.26
GSE48023_H1N1,OutcomeSNN-FS,probe_ILMN_1796335,13,13,3.6153846153846154,50,0.26
GSE48023_H1N1,OutcomeSNN-FS,probe_ILMN_1776519,13,13,5.153846153846154,50,0.26
GSE48023_H1N1,OutcomeSNN-FS,probe_ILMN_1658494,12,12,2.6666666666666665,50,0.24
GSE48023_H1N1,OutcomeSNN-FS,probe_ILMN_1771482,12,12,3.8333333333333335,50,0.24
GSE48023_H1N1,OutcomeSNN-FS,probe_ILMN_3291511,13,11,5.846153846153846,50,0.22
GSE48023_H1N1,OutcomeSNN-FS,probe_ILMN_1667232,11,10,4.7272727272727275,50,0.2
GSE48023_H1N1,OutcomeSNN-FS,probe_ILMN_1796490,9,9,3.2222222222222223,50,0.18
GSE48023_H1N1,OutcomeSNN-FS,probe_ILMN_2292178,9,9,3.4444444444444446,50,0.18
GSE48023_H1N1,OutcomeSNN-FS,probe_ILMN_1707434,9,9,5.333333333333333,50,0.18
GSE48023_H1N1,OutcomeSNN-FS,probe_ILMN_2045419,9,8,3.2222222222222223,50,0.16
GSE48023_H1N1,OutcomeSNN-FS,probe_ILMN_1713006,9,8,4.111111111111111,50,0.16
GSE48023_H1N1,OutcomeSNN-FS,probe_ILMN_2316236,7,7,2.857142857142857,50,0.14
GSE48023_H1N1,OutcomeSNN-FS,probe_ILMN_1815023,7,7,4.0,50,0.14
GSE48023_H1N1,OutcomeSNN-FS,probe_ILMN_1807919,7,7,6.714285714285714,50,0.14
GSE48023_H1N1,OutcomeSNN-FS,probe_ILMN_1767766,7,7,7.285714285714286,50,0.14
GSE48023_H1N1,OutcomeSNN-FS,probe_ILMN_1796316,5,5,3.6,50,0.1
GSE48023_H1N1,OutcomeSNN-FS,probe_ILMN_2382829,5,5,4.0,50,0.1
GSE48023_H1N1,OutcomeSNN-FS,probe_ILMN_1743145,5,5,4.2,50,0.1
GSE48023_H1N1,OutcomeSNN-FS,probe_ILMN_1774091,5,5,4.6,50,0.1
GSE48023_H1N1,OutcomeSNN-FS,probe_ILMN_2404850,5,5,4.6,50,0.1
GSE48023_H1N1,OutcomeSNN-FS,probe_ILMN_1728639,5,5,5.0,50,0.1
GSE48023_H1N1,OutcomeSNN-FS,probe_ILMN_1794707,5,5,5.0,50,0.1
GSE48023_H1N1,OutcomeSNN-FS,probe_ILMN_2198408,5,5,6.2,50,0.1
GSE48023_H1N1,OutcomeSNN-FS,probe_ILMN_2370872,4,4,3.0,50,0.08
GSE48023_H1N1,OutcomeSNN-FS,probe_ILMN_1696463,4,4,3.25,50,0.08
GSE48023_H1N1,OutcomeSNN-FS,probe_ILMN_2112988,4,4,4.5,50,0.08
GSE48023_H1N1,OutcomeSNN-FS,probe_ILMN_1713458,4,4,6.5,50,0.08
GSE48023_H1N1,OutcomeSNN-FS,probe_ILMN_1667162,4,4,6.75,50,0.08
GSE48023_H1N1,OutcomeSNN-FS,probe_ILMN_1758864,3,3,3.3333333333333335,50,0.06
GSE48023_H1N1,OutcomeSNN-FS,probe_ILMN_1774375,3,3,4.0,50,0.06
GSE48023_H1N1,OutcomeSNN-FS,probe_ILMN_1814397,3,3,4.0,50,0.06
GSE48023_H1N1,OutcomeSNN-FS,probe_ILMN_1679268,4,3,5.0,50,0.06
GSE48023_H1N1,OutcomeSNN-FS,probe_ILMN_1733998,3,3,5.0,50,0.06
GSE48023_H1N1,OutcomeSNN-FS,probe_ILMN_3249667,3,3,6.333333333333333,50,0.06
GSE48023_H1N1,OutcomeSNN-FS,probe_ILMN_1815527,3,3,6.666666666666667,50,0.06
GSE48023_H1N1,OutcomeSNN-FS,probe_ILMN_2221006,3,3,7.0,50,0.06
GSE48023_H1N1,OutcomeSNN-FS,probe_ILMN_1679727,2,2,4.0,50,0.04
GSE48023_H1N1,OutcomeSNN-FS,probe_ILMN_1707695,2,2,4.0,50,0.04
GSE48023_H1N1,OutcomeSNN-FS,probe_ILMN_1801313,2,2,4.0,50,0.04
GSE48023_H1N1,OutcomeSNN-FS,probe_ILMN_1663142,2,2,5.0,50,0.04
GSE48023_H1N1,OutcomeSNN-FS,probe_ILMN_1676575,2,2,5.0,50,0.04
GSE48023_H1N1,OutcomeSNN-FS,probe_ILMN_2200659,2,2,5.0,50,0.04
GSE48023_H1N1,OutcomeSNN-FS,probe_ILMN_1832879,2,2,5.5,50,0.04
GSE48023_H1N1,OutcomeSNN-FS,probe_ILMN_1701621,2,2,6.0,50,0.04
GSE48023_H1N1,OutcomeSNN-FS,probe_ILMN_1769027,2,2,6.0,50,0.04
GSE48023_H1N1,OutcomeSNN-FS,probe_ILMN_2159694,2,2,9.0,50,0.04
GSE48023_H1N1,OutcomeSNN-FS,probe_ILMN_1671583,2,2,9.5,50,0.04
GSE48023_H1N1,OutcomeSNN-FS,probe_ILMN_3235221,1,1,1.0,50,0.02
GSE48023_H1N1,OutcomeSNN-FS,probe_ILMN_1661631,1,1,2.0,50,0.02
GSE48023_H1N1,OutcomeSNN-FS,probe_ILMN_1679826,1,1,2.0,50,0.02
GSE48023_H1N1,OutcomeSNN-FS,probe_ILMN_1741727,1,1,2.0,50,0.02
GSE48023_H1N1,OutcomeSNN-FS,probe_ILMN_1773849,1,1,2.0,50,0.02
GSE48023_H1N1,OutcomeSNN-FS,probe_ILMN_1783753,1,1,2.0,50,0.02
GSE48023_H1N1,OutcomeSNN-FS,probe_ILMN_1797895,1,1,2.0,50,0.02
GSE48023_H1N1,OutcomeSNN-FS,probe_ILMN_2109416,1,1,2.0,50,0.02
GSE48023_H1N1,OutcomeSNN-FS,probe_ILMN_2283325,1,1,2.0,50,0.02
GSE48023_H1N1,OutcomeSNN-FS,probe_ILMN_2384122,1,1,2.0,50,0.02
GSE48023_H1N1,OutcomeSNN-FS,probe_ILMN_3239965,1,1,2.0,50,0.02
GSE48023_H1N1,OutcomeSNN-FS,probe_ILMN_1652431,1,1,3.0,50,0.02
GSE48023_H1N1,OutcomeSNN-FS,probe_ILMN_1678939,1,1,3.0,50,0.02
GSE48023_H1N1,OutcomeSNN-FS,probe_ILMN_1688702,1,1,3.0,50,0.02
GSE48023_H1N1,OutcomeSNN-FS,probe_ILMN_1721113,1,1,3.0,50,0.02
GSE48023_H1N1,OutcomeSNN-FS,probe_ILMN_1729112,1,1,3.0,50,0.02
GSE48023_H1N1,OutcomeSNN-FS,probe_ILMN_1801307,1,1,3.0,50,0.02
GSE48023_H1N1,OutcomeSNN-FS,probe_ILMN_2197365,1,1,3.0,50,0.02
GSE48023_H1N1,OutcomeSNN-FS,probe_ILMN_2353633,1,1,3.0,50,0.02
GSE48023_H1N1,OutcomeSNN-FS,probe_ILMN_2376108,1,1,3.0,50,0.02
GSE48023_H1N1,OutcomeSNN-FS,probe_ILMN_3285785,1,1,3.0,50,0.02
GSE48023_H1N1,OutcomeSNN-FS,probe_ILMN_1664525,1,1,4.0,50,0.02
GSE48023_H1N1,OutcomeSNN-FS,probe_ILMN_1697377,1,1,4.0,50,0.02
GSE48023_H1N1,OutcomeSNN-FS,probe_ILMN_2091454,1,1,4.0,50,0.02
GSE48023_H1N1,OutcomeSNN-FS,probe_ILMN_1668134,1,1,5.0,50,0.02
GSE48023_H1N1,OutcomeSNN-FS,probe_ILMN_1676528,1,1,5.0,50,0.02
GSE48023_H1N1,OutcomeSNN-FS,probe_ILMN_1704870,1,1,5.0,50,0.02
GSE48023_H1N1,OutcomeSNN-FS,probe_ILMN_1715969,1,1,5.0,50,0.02
GSE48023_H1N1,OutcomeSNN-FS,probe_ILMN_1716815,1,1,5.0,50,0.02
GSE48023_H1N1,OutcomeSNN-FS,probe_ILMN_1790534,1,1,5.0,50,0.02
GSE48023_H1N1,OutcomeSNN-FS,probe_ILMN_1791534,1,1,5.0,50,0.02
GSE48023_H1N1,OutcomeSNN-FS,probe_ILMN_2403228,1,1,5.0,50,0.02
GSE48023_H1N1,OutcomeSNN-FS,probe_ILMN_3278170,1,1,5.0,50,0.02
GSE48023_H1N1,OutcomeSNN-FS,probe_ILMN_2388547,1,1,6.0,50,0.02
GSE48023_H1N1,OutcomeSNN-FS,probe_ILMN_1687301,1,1,7.0,50,0.02
GSE48023_H1N1,OutcomeSNN-FS,probe_ILMN_1717207,1,1,7.0,50,0.02
GSE48023_H1N1,OutcomeSNN-FS,probe_ILMN_1799030,1,1,7.0,50,0.02
GSE48023_H1N1,OutcomeSNN-FS,probe_ILMN_1658624,1,1,8.0,50,0.02
GSE48023_H1N1,OutcomeSNN-FS,probe_ILMN_1659047,1,1,8.0,50,0.02
GSE48023_H1N1,OutcomeSNN-FS,probe_ILMN_1697529,1,1,8.0,50,0.02
GSE48023_H1N1,OutcomeSNN-FS,probe_ILMN_1713266,1,1,8.0,50,0.02
GSE48023_H1N1,OutcomeSNN-FS,probe_ILMN_1729487,1,1,8.0,50,0.02
GSE48023_H1N1,OutcomeSNN-FS,probe_ILMN_2162972,1,1,8.0,50,0.02
GSE48023_H1N1,OutcomeSNN-FS,probe_ILMN_2352097,1,1,8.0,50,0.02
GSE48023_H1N1,OutcomeSNN-FS,probe_ILMN_1762255,1,1,9.0,50,0.02
GSE48023_H1N1,OutcomeSNN-FS,probe_ILMN_1781236,1,1,9.0,50,0.02
GSE48023_H1N1,OutcomeSNN-FS,probe_ILMN_2207328,1,1,9.0,50,0.02
GSE48023_H1N1,OutcomeSNN-FS,probe_ILMN_2248970,1,1,9.0,50,0.02
GSE48023_H1N1,OutcomeSNN-FS,probe_ILMN_2326512,1,1,9.0,50,0.02
GSE48023_H1N1,OutcomeSNN-FS,probe_ILMN_3203189,1,1,9.0,50,0.02
GSE48023_H1N1,OutcomeSNN-FS,probe_ILMN_3253304,1,1,9.0,50,0.02
GSE48023_H1N1,OutcomeSNN-FS,probe_ILMN_3301065,1,1,9.0,50,0.02
GSE48023_H1N1,OutcomeSNN-FS,probe_ILMN_1682993,1,1,10.0,50,0.02
GSE48023_H1N1,OutcomeSNN-FS,probe_ILMN_1723433,1,1,10.0,50,0.02
GSE48023_H1N1,OutcomeSNN-FS,probe_ILMN_1761945,1,1,10.0,50,0.02
GSE48023_H1N1,OutcomeSNN-FS,probe_ILMN_1768482,1,1,10.0,50,0.02
GSE48023_H1N1,OutcomeSNN-FS,probe_ILMN_1772731,1,1,10.0,50,0.02
GSE48023_H1N1,OutcomeSNN-FS,probe_ILMN_2189933,1,1,10.0,50,0.02
GSE48023_H1N1,OutcomeSNN-FS,probe_ILMN_2390299,1,1,10.0,50,0.02
GSE48023_H1N1,PGEE,probe_ILMN_1678919,88,46,4.590909090909091,50,0.92
GSE48023_H1N1,PGEE,probe_ILMN_1796165,93,45,3.3333333333333335,50,0.9
GSE48023_H1N1,PGEE,probe_ILMN_1651496,75,44,3.453333333333333,50,0.88
GSE48023_H1N1,PGEE,probe_ILMN_2352921,69,43,5.159420289855072,50,0.86
GSE48023_H1N1,PGEE,probe_ILMN_1774091,80,42,3.975,50,0.84
GSE48023_H1N1,PGEE,probe_ILMN_1801313,80,41,4.8875,50,0.82
GSE48023_H1N1,PGEE,probe_ILMN_1753002,63,40,4.492063492063492,50,0.8
GSE48023_H1N1,PGEE,probe_ILMN_1724700,52,40,5.865384615384615,50,0.8
GSE48023_H1N1,PGEE,probe_ILMN_1736911,58,38,3.4310344827586206,50,0.76
GSE48023_H1N1,PGEE,probe_ILMN_2404135,60,38,3.6166666666666667,50,0.76
GSE48023_H1N1,PGEE,probe_ILMN_2048607,45,34,3.911111111111111,50,0.68
GSE48023_H1N1,PGEE,probe_ILMN_1713266,47,33,4.191489361702128,50,0.66
GSE48023_H1N1,PGEE,probe_ILMN_1718961,41,29,6.024390243902439,50,0.58
GSE48023_H1N1,PGEE,probe_ILMN_1704079,34,27,5.352941176470588,50,0.54
GSE48023_H1N1,PGEE,probe_ILMN_1802808,35,26,6.542857142857143,50,0.52
GSE48023_H1N1,PGEE,probe_ILMN_1750636,32,25,3.75,50,0.5
GSE48023_H1N1,PGEE,probe_ILMN_1688322,26,23,5.5,50,0.46
GSE48023_H1N1,PGEE,probe_ILMN_2180866,26,22,3.076923076923077,50,0.44
GSE48023_H1N1,PGEE,probe_ILMN_1671583,25,22,5.24,50,0.44
GSE48023_H1N1,PGEE,probe_ILMN_3296994,22,21,5.545454545454546,50,0.42
GSE48023_H1N1,PGEE,probe_ILMN_1708323,21,19,4.142857142857143,50,0.38
GSE48023_H1N1,PGEE,probe_ILMN_2404049,20,19,6.0,50,0.38
GSE48023_H1N1,PGEE,probe_ILMN_2367126,18,18,6.166666666666667,50,0.36
GSE48023_H1N1,PGEE,probe_ILMN_1798177,19,17,1.263157894736842,50,0.34
GSE48023_H1N1,PGEE,probe_ILMN_3243714,18,17,3.0555555555555554,50,0.34
GSE48023_H1N1,PGEE,probe_ILMN_3248833,20,17,3.45,50,0.34
GSE48023_H1N1,PGEE,probe_ILMN_2310703,17,16,4.647058823529412,50,0.32
GSE48023_H1N1,PGEE,probe_ILMN_3290019,17,16,5.0,50,0.32
GSE48023_H1N1,PGEE,probe_ILMN_1905548,17,16,7.352941176470588,50,0.32
GSE48023_H1N1,PGEE,probe_ILMN_3291511,16,15,4.375,50,0.3
GSE48023_H1N1,PGEE,probe_ILMN_1729112,17,15,5.647058823529412,50,0.3
GSE48023_H1N1,PGEE,probe_ILMN_3254492,16,14,2.5625,50,0.28
GSE48023_H1N1,PGEE,probe_ILMN_1713006,17,14,3.7058823529411766,50,0.28
GSE48023_H1N1,PGEE,probe_ILMN_1776519,13,13,4.538461538461538,50,0.26
GSE48023_H1N1,PGEE,probe_ILMN_1697499,12,12,1.5833333333333333,50,0.24
GSE48023_H1N1,PGEE,probe_ILMN_1679920,12,12,2.8333333333333335,50,0.24
GSE48023_H1N1,PGEE,probe_ILMN_1790534,14,12,6.142857142857143,50,0.24
GSE48023_H1N1,PGEE,probe_ILMN_1730454,12,11,2.5833333333333335,50,0.22
GSE48023_H1N1,PGEE,probe_ILMN_1791534,10,10,2.8,50,0.2
GSE48023_H1N1,PGEE,probe_ILMN_3285153,10,10,5.8,50,0.2
GSE48023_H1N1,PGEE,probe_ILMN_1715969,10,10,6.4,50,0.2
GSE48023_H1N1,PGEE,probe_ILMN_1743145,10,9,3.5,50,0.18
GSE48023_H1N1,PGEE,probe_ILMN_2348487,9,9,4.777777777777778,50,0.18
GSE48023_H1N1,PGEE,probe_ILMN_1697166,9,9,5.0,50,0.18
GSE48023_H1N1,PGEE,probe_ILMN_3242288,8,8,2.375,50,0.16
GSE48023_H1N1,PGEE,probe_ILMN_1784207,9,8,4.777777777777778,50,0.16
GSE48023_H1N1,PGEE,probe_ILMN_1796316,8,8,5.5,50,0.16
GSE48023_H1N1,PGEE,probe_ILMN_3299955,7,7,1.7142857142857142,50,0.14
GSE48023_H1N1,PGEE,probe_ILMN_1726647,7,7,4.857142857142857,50,0.14
GSE48023_H1N1,PGEE,probe_ILMN_2221006,7,7,5.571428571428571,50,0.14
GSE48023_H1N1,PGEE,probe_ILMN_1677697,6,6,5.166666666666667,50,0.12
GSE48023_H1N1,PGEE,probe_ILMN_1757406,6,6,6.0,50,0.12
GSE48023_H1N1,PGEE,probe_ILMN_2096322,6,6,6.333333333333333,50,0.12
GSE48023_H1N1,PGEE,probe_ILMN_3278170,6,6,6.666666666666667,50,0.12
GSE48023_H1N1,PGEE,probe_ILMN_1792455,5,5,2.6,50,0.1
GSE48023_H1N1,PGEE,probe_ILMN_1805778,6,5,4.666666666666667,50,0.1
GSE48023_H1N1,PGEE,probe_ILMN_1742410,7,5,5.857142857142857,50,0.1
GSE48023_H1N1,PGEE,probe_ILMN_2198408,4,4,3.5,50,0.08
GSE48023_H1N1,PGEE,probe_ILMN_1777982,4,4,4.25,50,0.08
GSE48023_H1N1,PGEE,probe_ILMN_1667232,4,4,4.5,50,0.08
GSE48023_H1N1,PGEE,probe_ILMN_1707434,4,4,6.0,50,0.08
GSE48023_H1N1,PGEE,probe_ILMN_1695585,4,4,6.5,50,0.08
GSE48023_H1N1,PGEE,probe_ILMN_1783156,4,4,7.75,50,0.08
GSE48023_H1N1,PGEE,probe_ILMN_1777190,3,3,1.0,50,0.06
GSE48023_H1N1,PGEE,probe_ILMN_1708016,3,3,2.0,50,0.06
GSE48023_H1N1,PGEE,probe_ILMN_1735712,3,3,2.0,50,0.06
GSE48023_H1N1,PGEE,probe_ILMN_1791511,3,3,2.3333333333333335,50,0.06
GSE48023_H1N1,PGEE,probe_ILMN_2399463,3,3,3.0,50,0.06
GSE48023_H1N1,PGEE,probe_ILMN_1786328,3,3,3.6666666666666665,50,0.06
GSE48023_H1N1,PGEE,probe_ILMN_1794707,3,3,3.6666666666666665,50,0.06
GSE48023_H1N1,PGEE,probe_ILMN_1815205,3,3,4.333333333333333,50,0.06
GSE48023_H1N1,PGEE,probe_ILMN_1759155,3,3,5.333333333333333,50,0.06
GSE48023_H1N1,PGEE,probe_ILMN_2209027,3,3,6.0,50,0.06
GSE48023_H1N1,PGEE,probe_ILMN_2320906,2,2,2.5,50,0.04
GSE48023_H1N1,PGEE,probe_ILMN_1659047,2,2,5.0,50,0.04
GSE48023_H1N1,PGEE,probe_ILMN_3209193,2,2,5.5,50,0.04
GSE48023_H1N1,PGEE,probe_ILMN_1776077,2,2,6.0,50,0.04
GSE48023_H1N1,PGEE,probe_ILMN_1678522,2,2,7.0,50,0.04
GSE48023_H1N1,PGEE,probe_ILMN_1723433,2,2,7.5,50,0.04
GSE48023_H1N1,PGEE,probe_ILMN_1763322,2,2,8.0,50,0.04
GSE48023_H1N1,PGEE,probe_ILMN_1801175,2,2,8.0,50,0.04
GSE48023_H1N1,PGEE,probe_ILMN_1667162,1,1,1.0,50,0.02
GSE48023_H1N1,PGEE,probe_ILMN_1694027,1,1,1.0,50,0.02
GSE48023_H1N1,PGEE,probe_ILMN_2066060,1,1,1.0,50,0.02
GSE48023_H1N1,PGEE,probe_ILMN_2115005,1,1,1.0,50,0.02
GSE48023_H1N1,PGEE,probe_ILMN_2349138,1,1,1.0,50,0.02
GSE48023_H1N1,PGEE,probe_ILMN_3203189,1,1,1.0,50,0.02
GSE48023_H1N1,PGEE,probe_ILMN_1815023,1,1,2.0,50,0.02
GSE48023_H1N1,PGEE,probe_ILMN_1781236,1,1,3.0,50,0.02
GSE48023_H1N1,PGEE,probe_ILMN_2341815,1,1,3.0,50,0.02
GSE48023_H1N1,PGEE,probe_ILMN_1652431,1,1,4.0,50,0.02
GSE48023_H1N1,PGEE,probe_ILMN_1654118,1,1,4.0,50,0.02
GSE48023_H1N1,PGEE,probe_ILMN_1705458,1,1,4.0,50,0.02
GSE48023_H1N1,PGEE,probe_ILMN_1696463,1,1,5.0,50,0.02
GSE48023_H1N1,PGEE,probe_ILMN_2350574,1,1,5.0,50,0.02
GSE48023_H1N1,PGEE,probe_ILMN_2404850,1,1,5.0,50,0.02
GSE48023_H1N1,PGEE,probe_ILMN_3241234,1,1,5.0,50,0.02
GSE48023_H1N1,PGEE,probe_ILMN_1696187,1,1,6.0,50,0.02
GSE48023_H1N1,PGEE,probe_ILMN_3288717,1,1,6.0,50,0.02
GSE48023_H1N1,PGEE,probe_ILMN_1676528,1,1,7.0,50,0.02
GSE48023_H1N1,PGEE,probe_ILMN_1708414,1,1,7.0,50,0.02
GSE48023_H1N1,PGEE,probe_ILMN_1811909,1,1,7.0,50,0.02
GSE48023_H1N1,PGEE,probe_ILMN_2162972,1,1,7.0,50,0.02
GSE48023_H1N1,PGEE,probe_ILMN_1789074,1,1,8.0,50,0.02
GSE48023_H1N1,PGEE,probe_ILMN_2144426,1,1,9.0,50,0.02
GSE48023_H1N1,PGEE,probe_ILMN_1718558,1,1,10.0,50,0.02
GSE48023_H1N1,RandomForest,probe_ILMN_1651496,160,50,2.125,50,1.0
GSE48023_H1N1,RandomForest,probe_ILMN_1798177,120,50,2.5833333333333335,50,1.0
GSE48023_H1N1,RandomForest,probe_ILMN_1697499,122,50,2.762295081967213,50,1.0
GSE48023_H1N1,RandomForest,probe_ILMN_1757406,76,47,4.565789473684211,50,0.94
GSE48023_H1N1,RandomForest,probe_ILMN_1743145,75,45,2.92,50,0.9
GSE48023_H1N1,RandomForest,probe_ILMN_1678919,80,42,4.1625,50,0.84
GSE48023_H1N1,RandomForest,probe_ILMN_1730454,54,40,3.8703703703703702,50,0.8
GSE48023_H1N1,RandomForest,probe_ILMN_1791534,53,38,3.792452830188679,50,0.76
GSE48023_H1N1,RandomForest,probe_ILMN_1776519,46,35,4.956521739130435,50,0.7
GSE48023_H1N1,RandomForest,probe_ILMN_2159694,40,34,4.325,50,0.68
GSE48023_H1N1,RandomForest,probe_ILMN_1679920,40,32,3.9,50,0.64
GSE48023_H1N1,RandomForest,probe_ILMN_1801313,39,30,5.0256410256410255,50,0.6
GSE48023_H1N1,RandomForest,probe_ILMN_2399463,37,27,3.675675675675676,50,0.54
GSE48023_H1N1,RandomForest,probe_ILMN_2180866,34,26,4.029411764705882,50,0.52
GSE48023_H1N1,RandomForest,probe_ILMN_1724700,25,23,5.36,50,0.46
GSE48023_H1N1,RandomForest,probe_ILMN_1777190,23,20,4.260869565217392,50,0.4
GSE48023_H1N1,RandomForest,probe_ILMN_1763322,17,17,4.529411764705882,50,0.34
GSE48023_H1N1,RandomForest,probe_ILMN_2310703,16,15,6.25,50,0.3
GSE48023_H1N1,RandomForest,probe_ILMN_2048607,16,15,7.25,50,0.3
GSE48023_H1N1,RandomForest,probe_ILMN_1916256,14,14,3.5714285714285716,50,0.28
GSE48023_H1N1,RandomForest,probe_ILMN_1750636,14,14,4.857142857142857,50,0.28
GSE48023_H1N1,RandomForest,probe_ILMN_3243714,14,13,6.928571428571429,50,0.26
GSE48023_H1N1,RandomForest,probe_ILMN_1791511,12,12,4.5,50,0.24
GSE48023_H1N1,RandomForest,probe_ILMN_3296994,12,12,6.75,50,0.24
GSE48023_H1N1,RandomForest,probe_ILMN_3254492,11,11,5.454545454545454,50,0.22
GSE48023_H1N1,RandomForest,probe_ILMN_1729112,11,11,7.181818181818182,50,0.22
GSE48023_H1N1,RandomForest,probe_ILMN_2165753,11,9,3.6363636363636362,50,0.18
GSE48023_H1N1,RandomForest,probe_ILMN_1802808,9,9,5.444444444444445,50,0.18
GSE48023_H1N1,RandomForest,probe_ILMN_1796165,9,9,5.777777777777778,50,0.18
GSE48023_H1N1,RandomForest,probe_ILMN_1796423,10,9,5.8,50,0.18
GSE48023_H1N1,RandomForest,probe_ILMN_1676575,8,7,3.625,50,0.14
GSE48023_H1N1,RandomForest,probe_ILMN_2200659,7,7,5.571428571428571,50,0.14
GSE48023_H1N1,RandomForest,probe_ILMN_1815895,7,7,6.285714285714286,50,0.14
GSE48023_H1N1,RandomForest,probe_ILMN_3248833,7,7,6.571428571428571,50,0.14
GSE48023_H1N1,RandomForest,probe_ILMN_3243061,6,6,6.666666666666667,50,0.12
GSE48023_H1N1,RandomForest,probe_ILMN_1726647,6,6,7.166666666666667,50,0.12
GSE48023_H1N1,RandomForest,probe_ILMN_1668134,5,5,3.4,50,0.1
GSE48023_H1N1,RandomForest,probe_ILMN_1666078,5,5,4.2,50,0.1
GSE48023_H1N1,RandomForest,probe_ILMN_1749834,5,5,6.0,50,0.1
GSE48023_H1N1,RandomForest,probe_ILMN_2066060,5,5,6.4,50,0.1
GSE48023_H1N1,RandomForest,probe_ILMN_1805778,5,5,6.6,50,0.1
GSE48023_H1N1,RandomForest,probe_ILMN_3291511,5,5,7.4,50,0.1
GSE48023_H1N1,RandomForest,probe_ILMN_1774091,4,4,5.5,50,0.08
GSE48023_H1N1,RandomForest,probe_ILMN_2198408,4,4,5.75,50,0.08
GSE48023_H1N1,RandomForest,probe_ILMN_3290019,5,4,6.0,50,0.08
GSE48023_H1N1,RandomForest,probe_ILMN_1667232,4,4,6.75,50,0.08
GSE48023_H1N1,RandomForest,probe_ILMN_2349138,4,4,7.0,50,0.08
GSE48023_H1N1,RandomForest,probe_ILMN_1723433,3,3,3.3333333333333335,50,0.06
GSE48023_H1N1,RandomForest,probe_ILMN_2404850,3,3,4.333333333333333,50,0.06
GSE48023_H1N1,RandomForest,probe_ILMN_1707434,3,3,5.333333333333333,50,0.06
GSE48023_H1N1,RandomForest,probe_ILMN_3299955,3,3,5.666666666666667,50,0.06
GSE48023_H1N1,RandomForest,probe_ILMN_2162972,3,3,6.0,50,0.06
GSE48023_H1N1,RandomForest,probe_ILMN_1704870,3,3,6.333333333333333,50,0.06
GSE48023_H1N1,RandomForest,probe_ILMN_1781236,3,3,7.666666666666667,50,0.06
GSE48023_H1N1,RandomForest,probe_ILMN_1713458,2,2,3.0,50,0.04
GSE48023_H1N1,RandomForest,probe_ILMN_1777982,2,2,3.0,50,0.04
GSE48023_H1N1,RandomForest,probe_ILMN_2404049,2,2,4.5,50,0.04
GSE48023_H1N1,RandomForest,probe_ILMN_1695585,2,2,5.5,50,0.04
GSE48023_H1N1,RandomForest,probe_ILMN_1753002,2,2,5.5,50,0.04
GSE48023_H1N1,RandomForest,probe_ILMN_2209027,2,2,5.5,50,0.04
GSE48023_H1N1,RandomForest,probe_ILMN_2348487,2,2,7.5,50,0.04
GSE48023_H1N1,RandomForest,probe_ILMN_1713006,2,2,8.0,50,0.04
GSE48023_H1N1,RandomForest,probe_ILMN_1784300,2,2,8.0,50,0.04
GSE48023_H1N1,RandomForest,probe_ILMN_2352921,2,2,8.5,50,0.04
GSE48023_H1N1,RandomForest,probe_ILMN_1776077,1,1,2.0,50,0.02
GSE48023_H1N1,RandomForest,probe_ILMN_3239610,1,1,3.0,50,0.02
GSE48023_H1N1,RandomForest,probe_ILMN_1742332,1,1,4.0,50,0.02
GSE48023_H1N1,RandomForest,probe_ILMN_3235221,1,1,4.0,50,0.02
GSE48023_H1N1,RandomForest,probe_ILMN_1676528,1,1,5.0,50,0.02
GSE48023_H1N1,RandomForest,probe_ILMN_1740633,1,1,5.0,50,0.02
GSE48023_H1N1,RandomForest,probe_ILMN_1742410,1,1,5.0,50,0.02
GSE48023_H1N1,RandomForest,probe_ILMN_1663142,1,1,6.0,50,0.02
GSE48023_H1N1,RandomForest,probe_ILMN_2221006,1,1,6.0,50,0.02
GSE48023_H1N1,RandomForest,probe_ILMN_1688580,1,1,7.0,50,0.02
GSE48023_H1N1,RandomForest,probe_ILMN_1762255,1,1,7.0,50,0.02
GSE48023_H1N1,RandomForest,probe_ILMN_1769027,1,1,7.0,50,0.02
GSE48023_H1N1,RandomForest,probe_ILMN_1815205,1,1,8.0,50,0.02
GSE48023_H1N1,RandomForest,probe_ILMN_3249667,1,1,8.0,50,0.02
GSE48023_H1N1,RandomForest,probe_ILMN_1713266,1,1,9.0,50,0.02
GSE48023_H1N1,RandomForest,probe_ILMN_2404135,1,1,9.0,50,0.02
GSE48023_H1N1,RandomForest,probe_ILMN_1675124,1,1,10.0,50,0.02
GSE48023_H1N1,RandomForest,probe_ILMN_1704079,1,1,10.0,50,0.02
GSE48023_H1N1,RandomForest,probe_ILMN_1794707,1,1,10.0,50,0.02
GSE48023_H1N1,RandomForest,probe_ILMN_2341815,1,1,10.0,50,0.02
GSE48023_H1N1,RandomForest,probe_ILMN_2391861,1,1,10.0,50,0.02
GSE48023_H1N1,RandomForest,probe_ILMN_3246409,1,1,10.0,50,0.02
GSE48023_H1N1,SNN-FS,probe_ILMN_1798177,148,50,2.2567567567567566,50,1.0
GSE48023_H1N1,SNN-FS,probe_ILMN_1730454,86,49,2.6744186046511627,50,0.98
GSE48023_H1N1,SNN-FS,probe_ILMN_1651496,61,40,3.7540983606557377,50,0.8
GSE48023_H1N1,SNN-FS,probe_ILMN_1792455,46,36,4.065217391304348,50,0.72
GSE48023_H1N1,SNN-FS,probe_ILMN_1796423,41,33,3.024390243902439,50,0.66
GSE48023_H1N1,SNN-FS,probe_ILMN_1796165,37,30,2.5675675675675675,50,0.6
GSE48023_H1N1,SNN-FS,probe_ILMN_2316236,35,29,2.857142857142857,50,0.58
GSE48023_H1N1,SNN-FS,probe_ILMN_2221006,32,29,3.625,50,0.58
GSE48023_H1N1,SNN-FS,probe_ILMN_1815205,32,27,3.4375,50,0.54
GSE48023_H1N1,SNN-FS,probe_ILMN_2341815,28,27,3.857142857142857,50,0.54
GSE48023_H1N1,SNN-FS,probe_ILMN_1679920,29,24,3.1379310344827585,50,0.48
GSE48023_H1N1,SNN-FS,probe_ILMN_1697499,26,24,4.576923076923077,50,0.48
GSE48023_H1N1,SNN-FS,probe_ILMN_1777565,23,22,3.0869565217391304,50,0.44
GSE48023_H1N1,SNN-FS,probe_ILMN_1791511,22,21,3.3636363636363638,50,0.42
GSE48023_H1N1,SNN-FS,probe_ILMN_1815895,22,20,4.636363636363637,50,0.4
GSE48023_H1N1,SNN-FS,probe_ILMN_1916256,19,19,2.1052631578947367,50,0.38
GSE48023_H1N1,SNN-FS,probe_ILMN_1776519,24,18,4.125,50,0.36
GSE48023_H1N1,SNN-FS,probe_ILMN_2115005,21,18,5.095238095238095,50,0.36
GSE48023_H1N1,SNN-FS,probe_ILMN_1707434,16,16,2.875,50,0.32
GSE48023_H1N1,SNN-FS,probe_ILMN_1802808,16,16,3.5625,50,0.32
GSE48023_H1N1,SNN-FS,probe_ILMN_1667232,17,16,4.470588235294118,50,0.32
GSE48023_H1N1,SNN-FS,probe_ILMN_1766165,16,15,2.1875,50,0.3
GSE48023_H1N1,SNN-FS,probe_ILMN_1713006,16,15,3.0625,50,0.3
GSE48023_H1N1,SNN-FS,probe_ILMN_1797793,15,15,3.2666666666666666,50,0.3
GSE48023_H1N1,SNN-FS,probe_ILMN_1772809,14,14,3.142857142857143,50,0.28
GSE48023_H1N1,SNN-FS,probe_ILMN_1796335,13,13,3.5384615384615383,50,0.26
GSE48023_H1N1,SNN-FS,probe_ILMN_3291511,12,12,5.166666666666667,50,0.24
GSE48023_H1N1,SNN-FS,probe_ILMN_1757406,12,12,6.416666666666667,50,0.24
GSE48023_H1N1,SNN-FS,probe_ILMN_2399463,11,11,3.272727272727273,50,0.22
GSE48023_H1N1,SNN-FS,probe_ILMN_1658494,11,11,3.5454545454545454,50,0.22
GSE48023_H1N1,SNN-FS,probe_ILMN_3243714,10,10,2.2,50,0.2
GSE48023_H1N1,SNN-FS,probe_ILMN_1815527,10,10,3.1,50,0.2
GSE48023_H1N1,SNN-FS,probe_ILMN_3285762,10,10,3.1,50,0.2
GSE48023_H1N1,SNN-FS,probe_ILMN_1777190,10,10,3.4,50,0.2
GSE48023_H1N1,SNN-FS,probe_ILMN_1796490,10,10,4.2,50,0.2
GSE48023_H1N1,SNN-FS,probe_ILMN_2292178,9,9,3.4444444444444446,50,0.18
GSE48023_H1N1,SNN-FS,probe_ILMN_2045419,9,9,3.7777777777777777,50,0.18
GSE48023_H1N1,SNN-FS,probe_ILMN_1743145,8,8,4.125,50,0.16
GSE48023_H1N1,SNN-FS,probe_ILMN_1680652,8,8,4.75,50,0.16
GSE48023_H1N1,SNN-FS,probe_ILMN_1696512,7,7,3.4285714285714284,50,0.14
GSE48023_H1N1,SNN-FS,probe_ILMN_1667162,7,7,4.285714285714286,50,0.14
GSE48023_H1N1,SNN-FS,probe_ILMN_1815023,7,7,4.857142857142857,50,0.14
GSE48023_H1N1,SNN-FS,probe_ILMN_1796316,7,7,6.142857142857143,50,0.14
GSE48023_H1N1,SNN-FS,probe_ILMN_1814397,6,6,2.8333333333333335,50,0.12
GSE48023_H1N1,SNN-FS,probe_ILMN_1799030,6,6,4.833333333333333,50,0.12
GSE48023_H1N1,SNN-FS,probe_ILMN_2198408,6,6,6.0,50,0.12
GSE48023_H1N1,SNN-FS,probe_ILMN_1728639,7,6,6.428571428571429,50,0.12
GSE48023_H1N1,SNN-FS,probe_ILMN_2283325,5,5,4.8,50,0.1
GSE48023_H1N1,SNN-FS,probe_ILMN_1664525,5,5,5.0,50,0.1
GSE48023_H1N1,SNN-FS,probe_ILMN_1783753,4,4,2.0,50,0.08
GSE48023_H1N1,SNN-FS,probe_ILMN_2382829,3,3,2.6666666666666665,50,0.06
GSE48023_H1N1,SNN-FS,probe_ILMN_1697377,3,3,3.3333333333333335,50,0.06
GSE48023_H1N1,SNN-FS,probe_ILMN_1733998,3,3,3.3333333333333335,50,0.06
GSE48023_H1N1,SNN-FS,probe_ILMN_3253304,3,3,3.3333333333333335,50,0.06
GSE48023_H1N1,SNN-FS,probe_ILMN_1671686,3,3,3.6666666666666665,50,0.06
GSE48023_H1N1,SNN-FS,probe_ILMN_1679268,3,3,3.6666666666666665,50,0.06
GSE48023_H1N1,SNN-FS,probe_ILMN_2376108,3,3,4.0,50,0.06
GSE48023_H1N1,SNN-FS,probe_ILMN_1708414,3,3,4.333333333333333,50,0.06
GSE48023_H1N1,SNN-FS,probe_ILMN_1771482,3,3,4.333333333333333,50,0.06
GSE48023_H1N1,SNN-FS,probe_ILMN_2109708,3,3,4.333333333333333,50,0.06
GSE48023_H1N1,SNN-FS,probe_ILMN_1655710,3,3,4.666666666666667,50,0.06
GSE48023_H1N1,SNN-FS,probe_ILMN_1676575,3,3,4.666666666666667,50,0.06
GSE48023_H1N1,SNN-FS,probe_ILMN_1713458,3,3,5.666666666666667,50,0.06
GSE48023_H1N1,SNN-FS,probe_ILMN_3249667,3,3,6.333333333333333,50,0.06
GSE48023_H1N1,SNN-FS,probe_ILMN_1758864,2,2,2.5,50,0.04
GSE48023_H1N1,SNN-FS,probe_ILMN_1772731,2,2,3.0,50,0.04
GSE48023_H1N1,SNN-FS,probe_ILMN_3239610,2,2,3.0,50,0.04
GSE48023_H1N1,SNN-FS,probe_ILMN_1671583,2,2,3.5,50,0.04
GSE48023_H1N1,SNN-FS,probe_ILMN_1741727,2,2,3.5,50,0.04
GSE48023_H1N1,SNN-FS,probe_ILMN_1774375,2,2,3.5,50,0.04
GSE48023_H1N1,SNN-FS,probe_ILMN_1739428,2,2,4.0,50,0.04
GSE48023_H1N1,SNN-FS,probe_ILMN_2316386,2,2,4.5,50,0.04
GSE48023_H1N1,SNN-FS,probe_ILMN_1769027,2,2,5.0,50,0.04
GSE48023_H1N1,SNN-FS,probe_ILMN_1807919,2,2,5.5,50,0.04
GSE48023_H1N1,SNN-FS,probe_ILMN_1675117,2,2,6.0,50,0.04
GSE48023_H1N1,SNN-FS,probe_ILMN_1696463,3,2,6.0,50,0.04
GSE48023_H1N1,SNN-FS,probe_ILMN_1783156,2,2,6.5,50,0.04
GSE48023_H1N1,SNN-FS,probe_ILMN_2150196,2,2,6.5,50,0.04
GSE48023_H1N1,SNN-FS,probe_ILMN_2312606,2,2,6.5,50,0.04
GSE48023_H1N1,SNN-FS,probe_ILMN_1731048,2,2,7.0,50,0.04
GSE48023_H1N1,SNN-FS,probe_ILMN_1723433,2,2,7.5,50,0.04
GSE48023_H1N1,SNN-FS,probe_ILMN_1652431,2,2,8.0,50,0.04
GSE48023_H1N1,SNN-FS,probe_ILMN_1749834,2,2,8.5,50,0.04
GSE48023_H1N1,SNN-FS,probe_ILMN_2403228,2,2,9.5,50,0.04
GSE48023_H1N1,SNN-FS,probe_ILMN_1661631,1,1,1.0,50,0.02
GSE48023_H1N1,SNN-FS,probe_ILMN_1701621,1,1,1.0,50,0.02
GSE48023_H1N1,SNN-FS,probe_ILMN_1784207,1,1,1.0,50,0.02
GSE48023_H1N1,SNN-FS,probe_ILMN_1714592,1,1,2.0,50,0.02
GSE48023_H1N1,SNN-FS,probe_ILMN_1721113,1,1,2.0,50,0.02
GSE48023_H1N1,SNN-FS,probe_ILMN_2109416,1,1,2.0,50,0.02
GSE48023_H1N1,SNN-FS,probe_ILMN_2162972,1,1,2.0,50,0.02
GSE48023_H1N1,SNN-FS,probe_ILMN_2353633,1,1,2.0,50,0.02
GSE48023_H1N1,SNN-FS,probe_ILMN_3235221,1,1,2.0,50,0.02
GSE48023_H1N1,SNN-FS,probe_ILMN_3285785,1,1,2.0,50,0.02
GSE48023_H1N1,SNN-FS,probe_ILMN_1654320,1,1,3.0,50,0.02
GSE48023_H1N1,SNN-FS,probe_ILMN_1678939,1,1,3.0,50,0.02
GSE48023_H1N1,SNN-FS,probe_ILMN_1688702,1,1,3.0,50,0.02
GSE48023_H1N1,SNN-FS,probe_ILMN_2091454,1,1,3.0,50,0.02
GSE48023_H1N1,SNN-FS,probe_ILMN_2353732,1,1,3.0,50,0.02
GSE48023_H1N1,SNN-FS,probe_ILMN_2370872,1,1,3.0,50,0.02
GSE48023_H1N1,SNN-FS,probe_ILMN_2404850,1,1,3.0,50,0.02
GSE48023_H1N1,SNN-FS,probe_ILMN_3239965,1,1,3.0,50,0.02
GSE48023_H1N1,SNN-FS,probe_ILMN_3243441,1,1,3.0,50,0.02
GSE48023_H1N1,SNN-FS,probe_ILMN_1718558,1,1,4.0,50,0.02
GSE48023_H1N1,SNN-FS,probe_ILMN_1768482,1,1,4.0,50,0.02
GSE48023_H1N1,SNN-FS,probe_ILMN_1679826,1,1,5.0,50,0.02
GSE48023_H1N1,SNN-FS,probe_ILMN_1731233,1,1,5.0,50,0.02
GSE48023_H1N1,SNN-FS,probe_ILMN_3243061,1,1,5.0,50,0.02
GSE48023_H1N1,SNN-FS,probe_ILMN_1659047,1,1,6.0,50,0.02
GSE48023_H1N1,SNN-FS,probe_ILMN_1663142,1,1,6.0,50,0.02
GSE48023_H1N1,SNN-FS,probe_ILMN_1729487,1,1,6.0,50,0.02
GSE48023_H1N1,SNN-FS,probe_ILMN_2159694,1,1,7.0,50,0.02
GSE48023_H1N1,SNN-FS,probe_ILMN_3243593,1,1,7.0,50,0.02
GSE48023_H1N1,SNN-FS,probe_ILMN_1678919,1,1,8.0,50,0.02
GSE48023_H1N1,SNN-FS,probe_ILMN_2200659,1,1,8.0,50,0.02
GSE48023_H1N1,SNN-FS,probe_ILMN_2207328,1,1,8.0,50,0.02
GSE48023_H1N1,SNN-FS,probe_ILMN_2231928,1,1,8.0,50,0.02
GSE48023_H1N1,SNN-FS,probe_ILMN_2384122,1,1,8.0,50,0.02
GSE48023_H1N1,SNN-FS,probe_ILMN_1651705,1,1,9.0,50,0.02
GSE48023_H1N1,SNN-FS,probe_ILMN_1684585,1,1,9.0,50,0.02
GSE48023_H1N1,SNN-FS,probe_ILMN_1767766,1,1,9.0,50,0.02
GSE48023_H1N1,SNN-FS,probe_ILMN_1810752,1,1,9.0,50,0.02
GSE48023_H1N1,SNN-FS,probe_ILMN_2038775,1,1,9.0,50,0.02
GSE48023_H1N1,SNN-FS,probe_ILMN_2352921,1,1,9.0,50,0.02
GSE48023_H1N1,SNN-FS,probe_ILMN_3274596,1,1,9.0,50,0.02
GSE48023_H1N1,SNN-FS,probe_ILMN_1682928,1,1,10.0,50,0.02
GSE48023_H1N1,SNN-FS,probe_ILMN_1684349,1,1,10.0,50,0.02
GSE48023_H1N1,SNN-FS,probe_ILMN_1707695,1,1,10.0,50,0.02
GSE48023_H1N1,SNN-FS,probe_ILMN_1762255,1,1,10.0,50,0.02
GSE48023_H1N1,SNN-FS,probe_ILMN_1774091,1,1,10.0,50,0.02
GSE48023_H1N1,SNN-FS,probe_ILMN_1794707,1,1,10.0,50,0.02
GSE48023_H1N1,SNN-FS,probe_ILMN_2392043,1,1,10.0,50,0.02
GSE48023_H1N1,StabilitySelection,probe_ILMN_1651496,133,50,2.43609022556391,50,1.0
GSE48023_H1N1,StabilitySelection,probe_ILMN_1798177,155,50,2.7161290322580647,50,1.0
GSE48023_H1N1,StabilitySelection,probe_ILMN_1730454,90,44,3.033333333333333,50,0.88
GSE48023_H1N1,StabilitySelection,probe_ILMN_1791511,57,41,2.807017543859649,50,0.82
GSE48023_H1N1,StabilitySelection,probe_ILMN_1792455,49,37,3.63265306122449,50,0.74
GSE48023_H1N1,StabilitySelection,probe_ILMN_2341815,45,36,2.9555555555555557,50,0.72
GSE48023_H1N1,StabilitySelection,probe_ILMN_1757406,42,35,3.4285714285714284,50,0.7
GSE48023_H1N1,StabilitySelection,probe_ILMN_1815205,42,35,3.5952380952380953,50,0.7
GSE48023_H1N1,StabilitySelection,probe_ILMN_2399463,33,26,2.696969696969697,50,0.52
GSE48023_H1N1,StabilitySelection,probe_ILMN_1679920,31,26,4.290322580645161,50,0.52
GSE48023_H1N1,StabilitySelection,probe_ILMN_1667232,27,23,3.2962962962962963,50,0.46
GSE48023_H1N1,StabilitySelection,probe_ILMN_1777190,26,22,4.038461538461538,50,0.44
GSE48023_H1N1,StabilitySelection,probe_ILMN_1815895,24,20,3.75,50,0.4
GSE48023_H1N1,StabilitySelection,probe_ILMN_1697499,21,20,4.380952380952381,50,0.4
GSE48023_H1N1,StabilitySelection,probe_ILMN_1667162,19,19,2.789473684210526,50,0.38
GSE48023_H1N1,StabilitySelection,probe_ILMN_1796423,20,19,3.4,50,0.38
GSE48023_H1N1,StabilitySelection,probe_ILMN_1743145,19,18,5.0,50,0.36
GSE48023_H1N1,StabilitySelection,probe_ILMN_1797793,20,17,4.85,50,0.34
GSE48023_H1N1,StabilitySelection,probe_ILMN_2115005,19,16,3.789473684210526,50,0.32
GSE48023_H1N1,StabilitySelection,probe_ILMN_2198408,14,14,4.071428571428571,50,0.28
GSE48023_H1N1,StabilitySelection,probe_ILMN_1776519,14,14,5.428571428571429,50,0.28
GSE48023_H1N1,StabilitySelection,probe_ILMN_1796335,12,12,2.4166666666666665,50,0.24
GSE48023_H1N1,StabilitySelection,probe_ILMN_1723433,12,12,5.166666666666667,50,0.24
GSE48023_H1N1,StabilitySelection,probe_ILMN_1794707,12,12,5.166666666666667,50,0.24
GSE48023_H1N1,StabilitySelection,probe_ILMN_2316236,12,11,3.6666666666666665,50,0.22
GSE48023_H1N1,StabilitySelection,probe_ILMN_2221006,10,10,5.9,50,0.2
GSE48023_H1N1,StabilitySelection,probe_ILMN_1713458,8,8,3.375,50,0.16
GSE48023_H1N1,StabilitySelection,probe_ILMN_2382829,7,7,2.857142857142857,50,0.14
GSE48023_H1N1,StabilitySelection,probe_ILMN_1916256,7,7,3.0,50,0.14
GSE48023_H1N1,StabilitySelection,probe_ILMN_2109416,7,7,3.857142857142857,50,0.14
GSE48023_H1N1,StabilitySelection,probe_ILMN_1777565,6,6,2.5,50,0.12
GSE48023_H1N1,StabilitySelection,probe_ILMN_2312606,6,6,5.333333333333333,50,0.12
GSE48023_H1N1,StabilitySelection,probe_ILMN_1802808,6,6,6.0,50,0.12
GSE48023_H1N1,StabilitySelection,probe_ILMN_2162972,6,6,6.0,50,0.12
GSE48023_H1N1,StabilitySelection,probe_ILMN_1774375,5,5,3.0,50,0.1
GSE48023_H1N1,StabilitySelection,probe_ILMN_1658494,5,5,3.6,50,0.1
GSE48023_H1N1,StabilitySelection,probe_ILMN_1771482,5,5,4.4,50,0.1
GSE48023_H1N1,StabilitySelection,probe_ILMN_3203189,5,5,4.4,50,0.1
GSE48023_H1N1,StabilitySelection,probe_ILMN_2045419,5,5,5.6,50,0.1
GSE48023_H1N1,StabilitySelection,probe_ILMN_1810752,5,5,6.8,50,0.1
GSE48023_H1N1,StabilitySelection,probe_ILMN_1651705,4,4,2.5,50,0.08
GSE48023_H1N1,StabilitySelection,probe_ILMN_2404850,4,4,3.5,50,0.08
GSE48023_H1N1,StabilitySelection,probe_ILMN_1676575,4,4,4.0,50,0.08
GSE48023_H1N1,StabilitySelection,probe_ILMN_1781236,4,4,6.0,50,0.08
GSE48023_H1N1,StabilitySelection,probe_ILMN_1769027,4,4,7.5,50,0.08
GSE48023_H1N1,StabilitySelection,probe_ILMN_1791759,3,3,3.0,50,0.06
GSE48023_H1N1,StabilitySelection,probe_ILMN_1796316,3,3,3.0,50,0.06
GSE48023_H1N1,StabilitySelection,probe_ILMN_1704985,3,3,4.0,50,0.06
GSE48023_H1N1,StabilitySelection,probe_ILMN_1728639,3,3,4.333333333333333,50,0.06
GSE48023_H1N1,StabilitySelection,probe_ILMN_1707434,3,3,5.0,50,0.06
GSE48023_H1N1,StabilitySelection,probe_ILMN_2336133,3,3,5.666666666666667,50,0.06
GSE48023_H1N1,StabilitySelection,probe_ILMN_1749834,3,3,6.0,50,0.06
GSE48023_H1N1,StabilitySelection,probe_ILMN_1799030,3,3,6.0,50,0.06
GSE48023_H1N1,StabilitySelection,probe_ILMN_2283325,3,3,6.666666666666667,50,0.06
GSE48023_H1N1,StabilitySelection,probe_ILMN_3249667,3,3,6.666666666666667,50,0.06
GSE48023_H1N1,StabilitySelection,probe_ILMN_1767766,3,3,7.333333333333333,50,0.06
GSE48023_H1N1,StabilitySelection,probe_ILMN_2200659,3,3,7.333333333333333,50,0.06
GSE48023_H1N1,StabilitySelection,probe_ILMN_1783753,2,2,1.5,50,0.04
GSE48023_H1N1,StabilitySelection,probe_ILMN_1663142,2,2,2.0,50,0.04
GSE48023_H1N1,StabilitySelection,probe_ILMN_1697377,2,2,2.5,50,0.04
GSE48023_H1N1,StabilitySelection,probe_ILMN_1730628,2,2,2.5,50,0.04
GSE48023_H1N1,StabilitySelection,probe_ILMN_3239610,2,2,3.0,50,0.04
GSE48023_H1N1,StabilitySelection,probe_ILMN_1733998,2,2,3.5,50,0.04
GSE48023_H1N1,StabilitySelection,probe_ILMN_1758864,2,2,4.0,50,0.04
GSE48023_H1N1,StabilitySelection,probe_ILMN_1679268,3,2,4.666666666666667,50,0.04
GSE48023_H1N1,StabilitySelection,probe_ILMN_2370872,2,2,5.0,50,0.04
GSE48023_H1N1,StabilitySelection,probe_ILMN_2292178,2,2,5.5,50,0.04
GSE48023_H1N1,StabilitySelection,probe_ILMN_3253304,2,2,5.5,50,0.04
GSE48023_H1N1,StabilitySelection,probe_ILMN_1763322,3,2,5.666666666666667,50,0.04
GSE48023_H1N1,StabilitySelection,probe_ILMN_1796490,2,2,6.0,50,0.04
GSE48023_H1N1,StabilitySelection,probe_ILMN_1668134,2,2,7.0,50,0.04
GSE48023_H1N1,StabilitySelection,probe_ILMN_3243714,2,2,7.0,50,0.04
GSE48023_H1N1,StabilitySelection,probe_ILMN_1815023,2,2,7.5,50,0.04
GSE48023_H1N1,StabilitySelection,probe_ILMN_1772809,2,2,8.0,50,0.04
GSE48023_H1N1,StabilitySelection,probe_ILMN_1821517,2,2,9.5,50,0.04
GSE48023_H1N1,StabilitySelection,probe_ILMN_1664094,1,1,1.0,50,0.02
GSE48023_H1N1,StabilitySelection,probe_ILMN_1742332,1,1,1.0,50,0.02
GSE48023_H1N1,StabilitySelection,probe_ILMN_3285785,1,1,1.0,50,0.02
GSE48023_H1N1,StabilitySelection,probe_ILMN_1666078,1,1,2.0,50,0.02
GSE48023_H1N1,StabilitySelection,probe_ILMN_1688580,1,1,2.0,50,0.02
GSE48023_H1N1,StabilitySelection,probe_ILMN_1688702,1,1,2.0,50,0.02
GSE48023_H1N1,StabilitySelection,probe_ILMN_1714592,1,1,2.0,50,0.02
GSE48023_H1N1,StabilitySelection,probe_ILMN_1766165,1,1,2.0,50,0.02
GSE48023_H1N1,StabilitySelection,probe_ILMN_1772459,1,1,2.0,50,0.02
GSE48023_H1N1,StabilitySelection,probe_ILMN_1776077,1,1,2.0,50,0.02
GSE48023_H1N1,StabilitySelection,probe_ILMN_2038775,1,1,2.0,50,0.02
GSE48023_H1N1,StabilitySelection,probe_ILMN_2109708,1,1,2.0,50,0.02
GSE48023_H1N1,StabilitySelection,probe_ILMN_2150196,1,1,2.0,50,0.02
GSE48023_H1N1,StabilitySelection,probe_ILMN_2266595,1,1,2.0,50,0.02
GSE48023_H1N1,StabilitySelection,probe_ILMN_1655710,1,1,3.0,50,0.02
GSE48023_H1N1,StabilitySelection,probe_ILMN_1687301,1,1,3.0,50,0.02
GSE48023_H1N1,StabilitySelection,probe_ILMN_1701621,1,1,3.0,50,0.02
GSE48023_H1N1,StabilitySelection,probe_ILMN_1832879,1,1,3.0,50,0.02
GSE48023_H1N1,StabilitySelection,probe_ILMN_1903914,1,1,3.0,50,0.02
GSE48023_H1N1,StabilitySelection,probe_ILMN_1661631,1,1,5.0,50,0.02
GSE48023_H1N1,StabilitySelection,probe_ILMN_1682928,1,1,5.0,50,0.02
GSE48023_H1N1,StabilitySelection,probe_ILMN_1734707,1,1,5.0,50,0.02
GSE48023_H1N1,StabilitySelection,probe_ILMN_1767377,1,1,5.0,50,0.02
GSE48023_H1N1,StabilitySelection,probe_ILMN_1768482,1,1,5.0,50,0.02
GSE48023_H1N1,StabilitySelection,probe_ILMN_2165753,1,1,5.0,50,0.02
GSE48023_H1N1,StabilitySelection,probe_ILMN_2313158,1,1,5.0,50,0.02
GSE48023_H1N1,StabilitySelection,probe_ILMN_3243593,1,1,5.0,50,0.02
GSE48023_H1N1,StabilitySelection,probe_ILMN_3291511,1,1,6.0,50,0.02
GSE48023_H1N1,StabilitySelection,probe_ILMN_1679826,1,1,7.0,50,0.02
GSE48023_H1N1,StabilitySelection,probe_ILMN_2248970,1,1,7.0,50,0.02
GSE48023_H1N1,StabilitySelection,probe_ILMN_1791534,1,1,8.0,50,0.02
GSE48023_H1N1,StabilitySelection,probe_ILMN_2348487,1,1,8.0,50,0.02
GSE48023_H1N1,StabilitySelection,probe_ILMN_3285762,1,1,8.0,50,0.02
GSE48023_H1N1,StabilitySelection,probe_ILMN_1664525,1,1,9.0,50,0.02
GSE48023_H1N1,StabilitySelection,probe_ILMN_1678919,1,1,9.0,50,0.02
GSE48023_H1N1,StabilitySelection,probe_ILMN_1708580,1,1,9.0,50,0.02
GSE48023_H1N1,StabilitySelection,probe_ILMN_1752592,1,1,9.0,50,0.02
GSE48023_H1N1,StabilitySelection,probe_ILMN_1811909,1,1,9.0,50,0.02
GSE48023_H1N1,StabilitySelection,probe_ILMN_2376108,1,1,9.0,50,0.02
GSE48023_H1N1,StabilitySelection,probe_ILMN_2091454,1,1,10.0,50,0.02
GSE48023_H1N1,StabilitySelection,probe_ILMN_2370573,1,1,10.0,50,0.02
GSE48023_H1N1,Stabl-RP,probe_ILMN_1801313,216,50,1.912037037037037,50,1.0
GSE48023_H1N1,Stabl-RP,probe_ILMN_1678919,210,50,2.2523809523809524,50,1.0
GSE48023_H1N1,Stabl-RP,probe_ILMN_1651496,103,50,2.9805825242718447,50,1.0
GSE48023_H1N1,Stabl-RP,probe_ILMN_1774091,80,44,4.15,50,0.88
GSE48023_H1N1,Stabl-RP,probe_ILMN_1796165,77,44,4.779220779220779,50,0.88
GSE48023_H1N1,Stabl-RP,probe_ILMN_1724700,64,40,3.921875,50,0.8
GSE48023_H1N1,Stabl-RP,probe_ILMN_1753002,39,32,4.102564102564102,50,0.64
GSE48023_H1N1,Stabl-RP,probe_ILMN_2352921,40,30,5.525,50,0.6
GSE48023_H1N1,Stabl-RP,probe_ILMN_2348487,19,18,4.315789473684211,50,0.36
GSE48023_H1N1,Stabl-RP,probe_ILMN_1802808,18,17,4.5,50,0.34
GSE48023_H1N1,Stabl-RP,probe_ILMN_2404135,19,16,4.7894736842105265,50,0.32
GSE48023_H1N1,Stabl-RP,probe_ILMN_1697499,16,16,5.125,50,0.32
GSE48023_H1N1,Stabl-RP,probe_ILMN_1671583,17,16,5.823529411764706,50,0.32
GSE48023_H1N1,Stabl-RP,probe_ILMN_1743145,15,15,3.066666666666667,50,0.3
GSE48023_H1N1,Stabl-RP,probe_ILMN_1715969,17,15,6.0588235294117645,50,0.3
GSE48023_H1N1,Stabl-RP,probe_ILMN_1704079,17,15,7.470588235294118,50,0.3
GSE48023_H1N1,Stabl-RP,probe_ILMN_2058782,13,13,4.769230769230769,50,0.26
GSE48023_H1N1,Stabl-RP,probe_ILMN_2310703,12,12,4.0,50,0.24
GSE48023_H1N1,Stabl-RP,probe_ILMN_1798177,12,12,5.0,50,0.24
GSE48023_H1N1,Stabl-RP,probe_ILMN_1713266,15,12,5.8,50,0.24
GSE48023_H1N1,Stabl-RP,probe_ILMN_1679920,11,11,3.090909090909091,50,0.22
GSE48023_H1N1,Stabl-RP,probe_ILMN_3243714,11,11,3.6363636363636362,50,0.22
GSE48023_H1N1,Stabl-RP,probe_ILMN_1757406,10,10,2.4,50,0.2
GSE48023_H1N1,Stabl-RP,probe_ILMN_1730454,10,10,4.1,50,0.2
GSE48023_H1N1,Stabl-RP,probe_ILMN_1796316,9,9,2.5555555555555554,50,0.18
GSE48023_H1N1,Stabl-RP,probe_ILMN_3291511,9,9,3.888888888888889,50,0.18
GSE48023_H1N1,Stabl-RP,probe_ILMN_3254492,8,8,4.625,50,0.16
GSE48023_H1N1,Stabl-RP,probe_ILMN_2180866,8,8,4.75,50,0.16
GSE48023_H1N1,Stabl-RP,probe_ILMN_3290019,8,8,4.75,50,0.16
GSE48023_H1N1,Stabl-RP,probe_ILMN_3296994,8,8,5.25,50,0.16
GSE48023_H1N1,Stabl-RP,probe_ILMN_1688322,7,7,6.0,50,0.14
GSE48023_H1N1,Stabl-RP,probe_ILMN_3248833,7,7,6.857142857142857,50,0.14
GSE48023_H1N1,Stabl-RP,probe_ILMN_1667232,6,6,4.0,50,0.12
GSE48023_H1N1,Stabl-RP,probe_ILMN_2048607,7,6,6.857142857142857,50,0.12
GSE48023_H1N1,Stabl-RP,probe_ILMN_1905548,7,6,8.142857142857142,50,0.12
GSE48023_H1N1,Stabl-RP,probe_ILMN_1718961,5,5,4.8,50,0.1
GSE48023_H1N1,Stabl-RP,probe_ILMN_1792455,5,5,5.4,50,0.1
GSE48023_H1N1,Stabl-RP,probe_ILMN_1797793,5,5,5.8,50,0.1
GSE48023_H1N1,Stabl-RP,probe_ILMN_1713006,5,5,6.4,50,0.1
GSE48023_H1N1,Stabl-RP,probe_ILMN_1697166,5,5,8.0,50,0.1
GSE48023_H1N1,Stabl-RP,probe_ILMN_2404049,5,5,8.0,50,0.1
GSE48023_H1N1,Stabl-RP,probe_ILMN_2367126,5,5,8.2,50,0.1
GSE48023_H1N1,Stabl-RP,probe_ILMN_1736911,4,4,4.25,50,0.08
GSE48023_H1N1,Stabl-RP,probe_ILMN_1776519,5,4,5.0,50,0.08
GSE48023_H1N1,Stabl-RP,probe_ILMN_1790534,4,4,5.5,50,0.08
GSE48023_H1N1,Stabl-RP,probe_ILMN_3278170,4,4,5.5,50,0.08
GSE48023_H1N1,Stabl-RP,probe_ILMN_1750636,4,4,5.75,50,0.08
GSE48023_H1N1,Stabl-RP,probe_ILMN_1735712,4,4,7.25,50,0.08
GSE48023_H1N1,Stabl-RP,probe_ILMN_1796423,3,3,1.6666666666666667,50,0.06
GSE48023_H1N1,Stabl-RP,probe_ILMN_1707434,3,3,4.333333333333333,50,0.06
GSE48023_H1N1,Stabl-RP,probe_ILMN_1794707,3,3,4.333333333333333,50,0.06
GSE48023_H1N1,Stabl-RP,probe_ILMN_1677697,3,3,4.666666666666667,50,0.06
GSE48023_H1N1,Stabl-RP,probe_ILMN_1807529,3,3,5.666666666666667,50,0.06
GSE48023_H1N1,Stabl-RP,probe_ILMN_1777190,3,3,6.0,50,0.06
GSE48023_H1N1,Stabl-RP,probe_ILMN_1815205,3,3,6.0,50,0.06
GSE48023_H1N1,Stabl-RP,probe_ILMN_1708323,3,3,7.0,50,0.06
GSE48023_H1N1,Stabl-RP,probe_ILMN_1697777,3,3,7.333333333333333,50,0.06
GSE48023_H1N1,Stabl-RP,probe_ILMN_1729112,3,3,7.333333333333333,50,0.06
GSE48023_H1N1,Stabl-RP,probe_ILMN_1783156,3,3,7.666666666666667,50,0.06
GSE48023_H1N1,Stabl-RP,probe_ILMN_1659047,2,2,2.5,50,0.04
GSE48023_H1N1,Stabl-RP,probe_ILMN_3285153,2,2,3.0,50,0.04
GSE48023_H1N1,Stabl-RP,probe_ILMN_2221006,2,2,3.5,50,0.04
GSE48023_H1N1,Stabl-RP,probe_ILMN_1740633,2,2,5.5,50,0.04
GSE48023_H1N1,Stabl-RP,probe_ILMN_1678522,2,2,6.0,50,0.04
GSE48023_H1N1,Stabl-RP,probe_ILMN_1784207,2,2,6.0,50,0.04
GSE48023_H1N1,Stabl-RP,probe_ILMN_1815895,2,2,6.0,50,0.04
GSE48023_H1N1,Stabl-RP,probe_ILMN_2347798,2,2,6.0,50,0.04
GSE48023_H1N1,Stabl-RP,probe_ILMN_1742618,2,2,7.0,50,0.04
GSE48023_H1N1,Stabl-RP,probe_ILMN_2350574,2,2,7.5,50,0.04
GSE48023_H1N1,Stabl-RP,probe_ILMN_1786328,2,2,8.5,50,0.04
GSE48023_H1N1,Stabl-RP,probe_ILMN_1791534,2,2,9.0,50,0.04
GSE48023_H1N1,Stabl-RP,probe_ILMN_2399463,1,1,1.0,50,0.02
GSE48023_H1N1,Stabl-RP,probe_ILMN_1652680,1,1,2.0,50,0.02
GSE48023_H1N1,Stabl-RP,probe_ILMN_1718558,1,1,2.0,50,0.02
GSE48023_H1N1,Stabl-RP,probe_ILMN_1742410,1,1,2.0,50,0.02
GSE48023_H1N1,Stabl-RP,probe_ILMN_2162972,1,1,2.0,50,0.02
GSE48023_H1N1,Stabl-RP,probe_ILMN_1676528,1,1,3.0,50,0.02
GSE48023_H1N1,Stabl-RP,probe_ILMN_1776077,1,1,3.0,50,0.02
GSE48023_H1N1,Stabl-RP,probe_ILMN_1805778,1,1,3.0,50,0.02
GSE48023_H1N1,Stabl-RP,probe_ILMN_2152465,1,1,3.0,50,0.02
GSE48023_H1N1,Stabl-RP,probe_ILMN_2341815,1,1,3.0,50,0.02
GSE48023_H1N1,Stabl-RP,probe_ILMN_1662358,1,1,4.0,50,0.02
GSE48023_H1N1,Stabl-RP,probe_ILMN_1682993,1,1,4.0,50,0.02
GSE48023_H1N1,Stabl-RP,probe_ILMN_1750101,1,1,5.0,50,0.02
GSE48023_H1N1,Stabl-RP,probe_ILMN_2096322,1,1,5.0,50,0.02
GSE48023_H1N1,Stabl-RP,probe_ILMN_2115005,1,1,5.0,50,0.02
GSE48023_H1N1,Stabl-RP,probe_ILMN_2198408,1,1,5.0,50,0.02
GSE48023_H1N1,Stabl-RP,probe_ILMN_3217285,1,1,5.0,50,0.02
GSE48023_H1N1,Stabl-RP,probe_ILMN_3242900,1,1,5.0,50,0.02
GSE48023_H1N1,Stabl-RP,probe_ILMN_1708414,1,1,6.0,50,0.02
GSE48023_H1N1,Stabl-RP,probe_ILMN_1742332,1,1,6.0,50,0.02
GSE48023_H1N1,Stabl-RP,probe_ILMN_1752592,1,1,7.0,50,0.02
GSE48023_H1N1,Stabl-RP,probe_ILMN_1767377,1,1,7.0,50,0.02
GSE48023_H1N1,Stabl-RP,probe_ILMN_1784300,1,1,7.0,50,0.02
GSE48023_H1N1,Stabl-RP,probe_ILMN_3249667,1,1,7.0,50,0.02
GSE48023_H1N1,Stabl-RP,probe_ILMN_3280019,1,1,7.0,50,0.02
GSE48023_H1N1,Stabl-RP,probe_ILMN_1667162,1,1,8.0,50,0.02
GSE48023_H1N1,Stabl-RP,probe_ILMN_1696187,1,1,8.0,50,0.02
GSE48023_H1N1,Stabl-RP,probe_ILMN_3225761,1,1,8.0,50,0.02
GSE48023_H1N1,Stabl-RP,probe_ILMN_1675117,1,1,9.0,50,0.02
GSE48023_H1N1,Stabl-RP,probe_ILMN_1687384,1,1,9.0,50,0.02
GSE48023_H1N1,Stabl-RP,probe_ILMN_1695404,1,1,9.0,50,0.02
GSE48023_H1N1,Stabl-RP,probe_ILMN_1696463,1,1,9.0,50,0.02
GSE48023_H1N1,Stabl-RP,probe_ILMN_3288717,1,1,9.0,50,0.02
GSE48023_H1N1,Stabl-RP,probe_ILMN_1668134,1,1,10.0,50,0.02
GSE48023_H1N1,Stabl-RP,probe_ILMN_1695585,1,1,10.0,50,0.02
GSE48023_H1N1,Stabl-RP,probe_ILMN_1801175,1,1,10.0,50,0.02
GSE48023_H1N1,Stabl-RP,probe_ILMN_1857413,1,1,10.0,50,0.02
GSE48023_H1N1,Stabl-RP,probe_ILMN_1892403,1,1,10.0,50,0.02
GSE48023_H1N1,geeVerse,probe_ILMN_1724700,121,49,3.950413223140496,50,0.98
GSE48023_H1N1,geeVerse,probe_ILMN_1678919,103,48,3.0679611650485437,50,0.96
GSE48023_H1N1,geeVerse,probe_ILMN_1651496,107,48,3.289719626168224,50,0.96
GSE48023_H1N1,geeVerse,probe_ILMN_1802808,76,44,2.75,50,0.88
GSE48023_H1N1,geeVerse,probe_ILMN_1697777,63,41,4.873015873015873,50,0.82
GSE48023_H1N1,geeVerse,probe_ILMN_1715969,42,31,4.142857142857143,50,0.62
GSE48023_H1N1,geeVerse,probe_ILMN_1801175,35,31,4.942857142857143,50,0.62
GSE48023_H1N1,geeVerse,probe_ILMN_2404049,42,30,3.0476190476190474,50,0.6
GSE48023_H1N1,geeVerse,probe_ILMN_1697166,32,29,6.0,50,0.58
GSE48023_H1N1,geeVerse,probe_ILMN_1757406,29,26,4.689655172413793,50,0.52
GSE48023_H1N1,geeVerse,probe_ILMN_2352921,32,25,3.25,50,0.5
GSE48023_H1N1,geeVerse,probe_ILMN_1905548,31,25,6.741935483870968,50,0.5
GSE48023_H1N1,geeVerse,probe_ILMN_1753002,27,24,3.5555555555555554,50,0.48
GSE48023_H1N1,geeVerse,probe_ILMN_1671583,27,24,6.666666666666667,50,0.48
GSE48023_H1N1,geeVerse,probe_ILMN_1759155,27,22,3.1481481481481484,50,0.44
GSE48023_H1N1,geeVerse,probe_ILMN_2096322,21,21,3.6666666666666665,50,0.42
GSE48023_H1N1,geeVerse,probe_ILMN_1801313,25,21,6.08,50,0.42
GSE48023_H1N1,geeVerse,probe_ILMN_1652431,22,20,2.227272727272727,50,0.4
GSE48023_H1N1,geeVerse,probe_ILMN_1707434,26,20,2.6538461538461537,50,0.4
GSE48023_H1N1,geeVerse,probe_ILMN_1790534,19,19,4.421052631578948,50,0.38
GSE48023_H1N1,geeVerse,probe_ILMN_2348487,20,18,6.4,50,0.36
GSE48023_H1N1,geeVerse,probe_ILMN_1783156,21,17,3.8095238095238093,50,0.34
GSE48023_H1N1,geeVerse,probe_ILMN_1735712,15,15,3.0,50,0.3
GSE48023_H1N1,geeVerse,probe_ILMN_1796165,14,14,3.7857142857142856,50,0.28
GSE48023_H1N1,geeVerse,probe_ILMN_1708323,13,12,3.076923076923077,50,0.24
GSE48023_H1N1,geeVerse,probe_ILMN_1713006,11,11,2.8181818181818183,50,0.22
GSE48023_H1N1,geeVerse,probe_ILMN_1654118,12,11,3.8333333333333335,50,0.22
GSE48023_H1N1,geeVerse,probe_ILMN_2404135,12,11,5.416666666666667,50,0.22
GSE48023_H1N1,geeVerse,probe_ILMN_3243714,11,10,3.8181818181818183,50,0.2
GSE48023_H1N1,geeVerse,probe_ILMN_3278170,11,10,4.545454545454546,50,0.2
GSE48023_H1N1,geeVerse,probe_ILMN_1763322,9,9,2.6666666666666665,50,0.18
GSE48023_H1N1,geeVerse,probe_ILMN_1784300,9,9,5.888888888888889,50,0.18
GSE48023_H1N1,geeVerse,probe_ILMN_1729112,11,9,6.0,50,0.18
GSE48023_H1N1,geeVerse,probe_ILMN_2198408,8,8,1.5,50,0.16
GSE48023_H1N1,geeVerse,probe_ILMN_1718961,9,8,2.5555555555555554,50,0.16
GSE48023_H1N1,geeVerse,probe_ILMN_1704079,8,8,3.375,50,0.16
GSE48023_H1N1,geeVerse,probe_ILMN_1784207,8,8,3.5,50,0.16
GSE48023_H1N1,geeVerse,probe_ILMN_1796316,8,8,3.5,50,0.16
GSE48023_H1N1,geeVerse,probe_ILMN_1743145,8,8,3.625,50,0.16
GSE48023_H1N1,geeVerse,probe_ILMN_2367126,9,8,3.6666666666666665,50,0.16
GSE48023_H1N1,geeVerse,probe_ILMN_1798177,8,8,4.0,50,0.16
GSE48023_H1N1,geeVerse,probe_ILMN_1667232,8,7,2.125,50,0.14
GSE48023_H1N1,geeVerse,probe_ILMN_1688322,7,7,3.857142857142857,50,0.14
GSE48023_H1N1,geeVerse,probe_ILMN_1742410,7,7,4.428571428571429,50,0.14
GSE48023_H1N1,geeVerse,probe_ILMN_2048607,7,7,5.0,50,0.14
GSE48023_H1N1,geeVerse,probe_ILMN_2058782,7,7,5.0,50,0.14
GSE48023_H1N1,geeVerse,probe_ILMN_3296994,7,7,5.428571428571429,50,0.14
GSE48023_H1N1,geeVerse,probe_ILMN_3291511,6,6,4.333333333333333,50,0.12
GSE48023_H1N1,geeVerse,probe_ILMN_2221006,5,5,3.4,50,0.1
GSE48023_H1N1,geeVerse,probe_ILMN_1774091,4,4,2.75,50,0.08
GSE48023_H1N1,geeVerse,probe_ILMN_1677697,4,4,3.0,50,0.08
GSE48023_H1N1,geeVerse,probe_ILMN_1736911,4,4,3.25,50,0.08
GSE48023_H1N1,geeVerse,probe_ILMN_1807919,4,4,5.25,50,0.08
GSE48023_H1N1,geeVerse,probe_ILMN_1805778,4,4,7.5,50,0.08
GSE48023_H1N1,geeVerse,probe_ILMN_1697499,3,3,1.3333333333333333,50,0.06
GSE48023_H1N1,geeVerse,probe_ILMN_1713266,3,3,1.6666666666666667,50,0.06
GSE48023_H1N1,geeVerse,probe_ILMN_1791511,3,3,1.6666666666666667,50,0.06
GSE48023_H1N1,geeVerse,probe_ILMN_3253304,3,3,2.0,50,0.06
GSE48023_H1N1,geeVerse,probe_ILMN_1676528,3,3,2.3333333333333335,50,0.06
GSE48023_H1N1,geeVerse,probe_ILMN_2349138,3,3,2.3333333333333335,50,0.06
GSE48023_H1N1,geeVerse,probe_ILMN_3299955,3,3,2.6666666666666665,50,0.06
GSE48023_H1N1,geeVerse,probe_ILMN_1776519,3,3,3.6666666666666665,50,0.06
GSE48023_H1N1,geeVerse,probe_ILMN_2320906,3,3,3.6666666666666665,50,0.06
GSE48023_H1N1,geeVerse,probe_ILMN_2162972,3,3,4.333333333333333,50,0.06
GSE48023_H1N1,geeVerse,probe_ILMN_1776077,3,3,4.666666666666667,50,0.06
GSE48023_H1N1,geeVerse,probe_ILMN_3241234,3,3,4.666666666666667,50,0.06
GSE48023_H1N1,geeVerse,probe_ILMN_3290019,3,3,4.666666666666667,50,0.06
GSE48023_H1N1,geeVerse,probe_ILMN_1781966,3,3,6.0,50,0.06
GSE48023_H1N1,geeVerse,probe_ILMN_3246409,3,3,6.0,50,0.06
GSE48023_H1N1,geeVerse,probe_ILMN_1708414,3,3,6.333333333333333,50,0.06
GSE48023_H1N1,geeVerse,probe_ILMN_2115005,3,3,6.333333333333333,50,0.06
GSE48023_H1N1,geeVerse,probe_ILMN_3280019,3,3,6.666666666666667,50,0.06
GSE48023_H1N1,geeVerse,probe_ILMN_1777190,2,2,1.0,50,0.04
GSE48023_H1N1,geeVerse,probe_ILMN_1679920,2,2,2.5,50,0.04
GSE48023_H1N1,geeVerse,probe_ILMN_1706013,2,2,2.5,50,0.04
GSE48023_H1N1,geeVerse,probe_ILMN_1797793,2,2,2.5,50,0.04
GSE48023_H1N1,geeVerse,probe_ILMN_2350574,2,2,2.5,50,0.04
GSE48023_H1N1,geeVerse,probe_ILMN_3285153,2,2,3.0,50,0.04
GSE48023_H1N1,geeVerse,probe_ILMN_2392043,2,2,6.5,50,0.04
GSE48023_H1N1,geeVerse,probe_ILMN_2271875,2,2,7.0,50,0.04
GSE48023_H1N1,geeVerse,probe_ILMN_1694027,2,2,7.5,50,0.04
GSE48023_H1N1,geeVerse,probe_ILMN_2341815,2,2,7.5,50,0.04
GSE48023_H1N1,geeVerse,probe_ILMN_3217285,2,2,8.0,50,0.04
GSE48023_H1N1,geeVerse,probe_ILMN_3242900,2,2,8.0,50,0.04
GSE48023_H1N1,geeVerse,probe_ILMN_1659047,2,2,8.5,50,0.04
GSE48023_H1N1,geeVerse,probe_ILMN_1695187,1,1,1.0,50,0.02
GSE48023_H1N1,geeVerse,probe_ILMN_1703337,1,1,1.0,50,0.02
GSE48023_H1N1,geeVerse,probe_ILMN_1681703,1,1,2.0,50,0.02
GSE48023_H1N1,geeVerse,probe_ILMN_1688580,1,1,2.0,50,0.02
GSE48023_H1N1,geeVerse,probe_ILMN_1704385,1,1,2.0,50,0.02
GSE48023_H1N1,geeVerse,probe_ILMN_1772809,1,1,2.0,50,0.02
GSE48023_H1N1,geeVerse,probe_ILMN_2200659,1,1,2.0,50,0.02
GSE48023_H1N1,geeVerse,probe_ILMN_3288717,1,1,2.0,50,0.02
GSE48023_H1N1,geeVerse,probe_ILMN_1695311,1,1,3.0,50,0.02
GSE48023_H1N1,geeVerse,probe_ILMN_1731907,1,1,3.0,50,0.02
GSE48023_H1N1,geeVerse,probe_ILMN_1740633,1,1,3.0,50,0.02
GSE48023_H1N1,geeVerse,probe_ILMN_1767377,1,1,3.0,50,0.02
GSE48023_H1N1,geeVerse,probe_ILMN_1777565,1,1,3.0,50,0.02
GSE48023_H1N1,geeVerse,probe_ILMN_1782459,1,1,3.0,50,0.02
GSE48023_H1N1,geeVerse,probe_ILMN_2290118,1,1,3.0,50,0.02
GSE48023_H1N1,geeVerse,probe_ILMN_2352097,1,1,3.0,50,0.02
GSE48023_H1N1,geeVerse,probe_ILMN_2404850,1,1,3.0,50,0.02
GSE48023_H1N1,geeVerse,probe_ILMN_3227529,1,1,3.0,50,0.02
GSE48023_H1N1,geeVerse,probe_ILMN_3251404,1,1,3.0,50,0.02
GSE48023_H1N1,geeVerse,probe_ILMN_1657871,1,1,4.0,50,0.02
GSE48023_H1N1,geeVerse,probe_ILMN_1667162,1,1,4.0,50,0.02
GSE48023_H1N1,geeVerse,probe_ILMN_1705458,1,1,4.0,50,0.02
GSE48023_H1N1,geeVerse,probe_ILMN_1775501,1,1,4.0,50,0.02
GSE48023_H1N1,geeVerse,probe_ILMN_1892403,1,1,4.0,50,0.02
GSE48023_H1N1,geeVerse,probe_ILMN_2181540,1,1,4.0,50,0.02
GSE48023_H1N1,geeVerse,probe_ILMN_2310703,1,1,4.0,50,0.02
GSE48023_H1N1,geeVerse,probe_ILMN_3249667,1,1,4.0,50,0.02
GSE48023_H1N1,geeVerse,probe_ILMN_3290100,1,1,4.0,50,0.02
GSE48023_H1N1,geeVerse,probe_ILMN_1651826,1,1,5.0,50,0.02
GSE48023_H1N1,geeVerse,probe_ILMN_1696183,1,1,5.0,50,0.02
GSE48023_H1N1,geeVerse,probe_ILMN_1742332,1,1,5.0,50,0.02
GSE48023_H1N1,geeVerse,probe_ILMN_1750101,1,1,5.0,50,0.02
GSE48023_H1N1,geeVerse,probe_ILMN_1789074,1,1,5.0,50,0.02
GSE48023_H1N1,geeVerse,probe_ILMN_1791534,1,1,5.0,50,0.02
GSE48023_H1N1,geeVerse,probe_ILMN_2155719,1,1,5.0,50,0.02
GSE48023_H1N1,geeVerse,probe_ILMN_1815023,1,1,6.0,50,0.02
GSE48023_H1N1,geeVerse,probe_ILMN_3203189,1,1,6.0,50,0.02
GSE48023_H1N1,geeVerse,probe_ILMN_1661174,1,1,7.0,50,0.02
GSE48023_H1N1,geeVerse,probe_ILMN_1741727,1,1,7.0,50,0.02
GSE48023_H1N1,geeVerse,probe_ILMN_1821517,1,1,7.0,50,0.02
GSE48023_H1N1,geeVerse,probe_ILMN_2134453,1,1,7.0,50,0.02
GSE48023_H1N1,geeVerse,probe_ILMN_3248833,1,1,7.0,50,0.02
GSE48023_H1N1,geeVerse,probe_ILMN_3254492,1,1,7.0,50,0.02
GSE48023_H1N1,geeVerse,probe_ILMN_1653794,1,1,8.0,50,0.02
GSE48023_H1N1,geeVerse,probe_ILMN_1723433,1,1,8.0,50,0.02
GSE48023_H1N1,geeVerse,probe_ILMN_1750636,1,1,8.0,50,0.02
GSE48023_H1N1,geeVerse,probe_ILMN_1794707,1,1,8.0,50,0.02
GSE48023_H1N1,geeVerse,probe_ILMN_1796423,1,1,8.0,50,0.02
GSE48023_H1N1,geeVerse,probe_ILMN_1792455,1,1,9.0,50,0.02
GSE48023_H1N1,geeVerse,probe_ILMN_1807201,1,1,10.0,50,0.02
GSE48023_H1N1,geeVerse,probe_ILMN_2112988,1,1,10.0,50,0.02
GSE48023_H1N1,geeVerse,probe_ILMN_2196347,1,1,10.0,50,0.02
GSE48023_H1N1,glmmLasso,probe_ILMN_1651496,167,50,1.7065868263473054,50,1.0
GSE48023_H1N1,glmmLasso,probe_ILMN_1801313,163,50,3.085889570552147,50,1.0
GSE48023_H1N1,glmmLasso,probe_ILMN_1678919,163,50,3.226993865030675,50,1.0
GSE48023_H1N1,glmmLasso,probe_ILMN_1724700,60,41,5.466666666666667,50,0.82
GSE48023_H1N1,glmmLasso,probe_ILMN_1802808,58,37,4.775862068965517,50,0.74
GSE48023_H1N1,glmmLasso,probe_ILMN_1798177,43,34,1.5813953488372092,50,0.68
GSE48023_H1N1,glmmLasso,probe_ILMN_1757406,29,28,3.0689655172413794,50,0.56
GSE48023_H1N1,glmmLasso,probe_ILMN_1697499,26,26,3.1153846153846154,50,0.52
GSE48023_H1N1,glmmLasso,probe_ILMN_1743145,30,25,2.066666666666667,50,0.5
GSE48023_H1N1,glmmLasso,probe_ILMN_1774091,29,25,6.586206896551724,50,0.5
GSE48023_H1N1,glmmLasso,probe_ILMN_1730454,25,24,1.8,50,0.48
GSE48023_H1N1,glmmLasso,probe_ILMN_3291511,25,24,4.52,50,0.48
GSE48023_H1N1,glmmLasso,probe_ILMN_1718961,25,24,6.96,50,0.48
GSE48023_H1N1,glmmLasso,probe_ILMN_1679920,23,23,2.5217391304347827,50,0.46
GSE48023_H1N1,glmmLasso,probe_ILMN_1715969,26,23,5.884615384615385,50,0.46
GSE48023_H1N1,glmmLasso,probe_ILMN_1753002,25,22,6.76,50,0.44
GSE48023_H1N1,glmmLasso,probe_ILMN_1713266,25,19,5.44,50,0.38
GSE48023_H1N1,glmmLasso,probe_ILMN_1729112,19,18,4.631578947368421,50,0.36
GSE48023_H1N1,glmmLasso,probe_ILMN_2348487,20,17,4.75,50,0.34
GSE48023_H1N1,glmmLasso,probe_ILMN_1796165,19,17,6.368421052631579,50,0.34
GSE48023_H1N1,glmmLasso,probe_ILMN_3243714,17,16,3.411764705882353,50,0.32
GSE48023_H1N1,glmmLasso,probe_ILMN_3290019,16,16,5.375,50,0.32
GSE48023_H1N1,glmmLasso,probe_ILMN_2404135,15,15,5.866666666666666,50,0.3
GSE48023_H1N1,glmmLasso,probe_ILMN_1905548,16,15,6.0,50,0.3
GSE48023_H1N1,glmmLasso,probe_ILMN_1704079,16,15,7.1875,50,0.3
GSE48023_H1N1,glmmLasso,probe_ILMN_2352921,17,14,6.9411764705882355,50,0.28
GSE48023_H1N1,glmmLasso,probe_ILMN_1736911,13,13,6.769230769230769,50,0.26
GSE48023_H1N1,glmmLasso,probe_ILMN_3254492,12,12,4.666666666666667,50,0.24
GSE48023_H1N1,glmmLasso,probe_ILMN_1796316,12,12,4.916666666666667,50,0.24
GSE48023_H1N1,glmmLasso,probe_ILMN_2310703,12,12,6.833333333333333,50,0.24
GSE48023_H1N1,glmmLasso,probe_ILMN_2221006,10,10,2.6,50,0.2
GSE48023_H1N1,glmmLasso,probe_ILMN_1792455,11,10,3.8181818181818183,50,0.2
GSE48023_H1N1,glmmLasso,probe_ILMN_1713006,10,10,5.0,50,0.2
GSE48023_H1N1,glmmLasso,probe_ILMN_3296994,10,10,6.7,50,0.2
GSE48023_H1N1,glmmLasso,probe_ILMN_3278170,9,9,4.777777777777778,50,0.18
GSE48023_H1N1,glmmLasso,probe_ILMN_2367126,9,9,5.111111111111111,50,0.18
GSE48023_H1N1,glmmLasso,probe_ILMN_1784207,9,9,7.0,50,0.18
GSE48023_H1N1,glmmLasso,probe_ILMN_1667232,8,8,2.125,50,0.16
GSE48023_H1N1,glmmLasso,probe_ILMN_1791534,8,8,3.5,50,0.16
GSE48023_H1N1,glmmLasso,probe_ILMN_1707434,8,8,6.125,50,0.16
GSE48023_H1N1,glmmLasso,probe_ILMN_1794707,7,7,3.857142857142857,50,0.14
GSE48023_H1N1,glmmLasso,probe_ILMN_1735712,7,7,5.142857142857143,50,0.14
GSE48023_H1N1,glmmLasso,probe_ILMN_1671583,7,7,6.857142857142857,50,0.14
GSE48023_H1N1,glmmLasso,probe_ILMN_1667162,6,6,3.0,50,0.12
GSE48023_H1N1,glmmLasso,probe_ILMN_2048607,6,6,7.666666666666667,50,0.12
GSE48023_H1N1,glmmLasso,probe_ILMN_1815205,5,5,3.0,50,0.1
GSE48023_H1N1,glmmLasso,probe_ILMN_2198408,5,5,3.2,50,0.1
GSE48023_H1N1,glmmLasso,probe_ILMN_1805778,5,5,3.8,50,0.1
GSE48023_H1N1,glmmLasso,probe_ILMN_1742410,5,5,5.0,50,0.1
GSE48023_H1N1,glmmLasso,probe_ILMN_1688322,5,5,7.2,50,0.1
GSE48023_H1N1,glmmLasso,probe_ILMN_1790534,5,5,7.2,50,0.1
GSE48023_H1N1,glmmLasso,probe_ILMN_1697777,6,5,8.333333333333334,50,0.1
GSE48023_H1N1,glmmLasso,probe_ILMN_1777190,4,4,2.5,50,0.08
GSE48023_H1N1,glmmLasso,probe_ILMN_2404049,4,4,6.25,50,0.08
GSE48023_H1N1,glmmLasso,probe_ILMN_1697166,4,4,7.0,50,0.08
GSE48023_H1N1,glmmLasso,probe_ILMN_1750636,4,4,7.0,50,0.08
GSE48023_H1N1,glmmLasso,probe_ILMN_1708323,4,4,8.25,50,0.08
GSE48023_H1N1,glmmLasso,probe_ILMN_3248833,4,4,8.75,50,0.08
GSE48023_H1N1,glmmLasso,probe_ILMN_1791511,3,3,1.6666666666666667,50,0.06
GSE48023_H1N1,glmmLasso,probe_ILMN_1796423,3,3,2.3333333333333335,50,0.06
GSE48023_H1N1,glmmLasso,probe_ILMN_2399463,3,3,2.3333333333333335,50,0.06
GSE48023_H1N1,glmmLasso,probe_ILMN_2058782,4,3,2.75,50,0.06
GSE48023_H1N1,glmmLasso,probe_ILMN_1777982,3,3,4.666666666666667,50,0.06
GSE48023_H1N1,glmmLasso,probe_ILMN_1776519,3,3,5.0,50,0.06
GSE48023_H1N1,glmmLasso,probe_ILMN_1786328,3,3,5.666666666666667,50,0.06
GSE48023_H1N1,glmmLasso,probe_ILMN_2180866,3,3,8.666666666666666,50,0.06
GSE48023_H1N1,glmmLasso,probe_ILMN_1723433,2,2,2.0,50,0.04
GSE48023_H1N1,glmmLasso,probe_ILMN_1763322,2,2,3.0,50,0.04
GSE48023_H1N1,glmmLasso,probe_ILMN_1815895,2,2,3.5,50,0.04
GSE48023_H1N1,glmmLasso,probe_ILMN_2341815,2,2,3.5,50,0.04
GSE48023_H1N1,glmmLasso,probe_ILMN_3203189,2,2,3.5,50,0.04
GSE48023_H1N1,glmmLasso,probe_ILMN_1688580,2,2,4.0,50,0.04
GSE48023_H1N1,glmmLasso,probe_ILMN_1705458,2,2,4.5,50,0.04
GSE48023_H1N1,glmmLasso,probe_ILMN_1815023,2,2,4.5,50,0.04
GSE48023_H1N1,glmmLasso,probe_ILMN_3242288,2,2,5.5,50,0.04
GSE48023_H1N1,glmmLasso,probe_ILMN_1784300,2,2,6.0,50,0.04
GSE48023_H1N1,glmmLasso,probe_ILMN_1759155,2,2,6.5,50,0.04
GSE48023_H1N1,glmmLasso,probe_ILMN_1807529,2,2,6.5,50,0.04
GSE48023_H1N1,glmmLasso,probe_ILMN_1652431,2,2,7.0,50,0.04
GSE48023_H1N1,glmmLasso,probe_ILMN_1783156,2,2,9.5,50,0.04
GSE48023_H1N1,glmmLasso,probe_ILMN_1677697,2,2,10.0,50,0.04
GSE48023_H1N1,glmmLasso,probe_ILMN_2404850,1,1,1.0,50,0.02
GSE48023_H1N1,glmmLasso,probe_ILMN_1752592,1,1,2.0,50,0.02
GSE48023_H1N1,glmmLasso,probe_ILMN_2115005,1,1,2.0,50,0.02
GSE48023_H1N1,glmmLasso,probe_ILMN_2316236,1,1,2.0,50,0.02
GSE48023_H1N1,glmmLasso,probe_ILMN_3246409,1,1,3.0,50,0.02
GSE48023_H1N1,glmmLasso,probe_ILMN_1662358,1,1,4.0,50,0.02
GSE48023_H1N1,glmmLasso,probe_ILMN_2152465,1,1,4.0,50,0.02
GSE48023_H1N1,glmmLasso,probe_ILMN_2200659,1,1,4.0,50,0.02
GSE48023_H1N1,glmmLasso,probe_ILMN_1676528,1,1,5.0,50,0.02
GSE48023_H1N1,glmmLasso,probe_ILMN_1696183,1,1,5.0,50,0.02
GSE48023_H1N1,glmmLasso,probe_ILMN_1704870,1,1,5.0,50,0.02
GSE48023_H1N1,glmmLasso,probe_ILMN_1776077,1,1,5.0,50,0.02
GSE48023_H1N1,glmmLasso,probe_ILMN_1659047,1,1,7.0,50,0.02
GSE48023_H1N1,glmmLasso,probe_ILMN_1750101,1,1,7.0,50,0.02
GSE48023_H1N1,glmmLasso,probe_ILMN_2066060,1,1,7.0,50,0.02
GSE48023_H1N1,glmmLasso,probe_ILMN_3239610,1,1,8.0,50,0.02
GSE48023_H1N1,glmmLasso,probe_ILMN_1654118,1,1,9.0,50,0.02
GSE48023_H1N1,glmmLasso,probe_ILMN_1678522,1,1,9.0,50,0.02
GSE48023_H1N1,glmmLasso,probe_ILMN_1708016,1,1,9.0,50,0.02
GSE48023_H1N1,glmmLasso,probe_ILMN_1781236,1,1,9.0,50,0.02
GSE48023_H1N1,glmmLasso,probe_ILMN_3285153,1,1,9.0,50,0.02
GSE48023_H1N1,glmmLasso,probe_ILMN_1726647,1,1,10.0,50,0.02
GSE48023_H1N1,glmmLasso,probe_ILMN_1811909,1,1,10.0,50,0.02
GSE48023_H1N1,glmmLasso,probe_ILMN_2096322,1,1,10.0,50,0.02
GSE48023_H1N1,glmmLasso,probe_ILMN_3209193,1,1,10.0,50,0.02
GSE48023_H1N1,mRMR,probe_ILMN_1801313,224,50,1.9241071428571428,50,1.0
GSE48023_H1N1,mRMR,probe_ILMN_1678919,199,50,2.5376884422110555,50,1.0
GSE48023_H1N1,mRMR,probe_ILMN_1651496,151,50,2.7682119205298013,50,1.0
GSE48023_H1N1,mRMR,probe_ILMN_1798177,62,43,3.161290322580645,50,0.86
GSE48023_H1N1,mRMR,probe_ILMN_1724700,47,38,4.9361702127659575,50,0.76
GSE48023_H1N1,mRMR,probe_ILMN_1743145,40,33,3.525,50,0.66
GSE48023_H1N1,mRMR,probe_ILMN_1757406,35,32,3.742857142857143,50,0.64
GSE48023_H1N1,mRMR,probe_ILMN_1730454,31,28,3.2903225806451615,50,0.56
GSE48023_H1N1,mRMR,probe_ILMN_2348487,26,21,5.153846153846154,50,0.42
GSE48023_H1N1,mRMR,probe_ILMN_3254492,20,20,3.3,50,0.4
GSE48023_H1N1,mRMR,probe_ILMN_1679920,21,20,4.0,50,0.4
GSE48023_H1N1,mRMR,probe_ILMN_1796165,22,20,7.136363636363637,50,0.4
GSE48023_H1N1,mRMR,probe_ILMN_1697499,20,19,4.7,50,0.38
GSE48023_H1N1,mRMR,probe_ILMN_3291511,19,18,4.368421052631579,50,0.36
GSE48023_H1N1,mRMR,probe_ILMN_3296994,17,17,3.0588235294117645,50,0.34
GSE48023_H1N1,mRMR,probe_ILMN_1802808,18,15,4.611111111111111,50,0.3
GSE48023_H1N1,mRMR,probe_ILMN_1774091,15,14,6.8,50,0.28
GSE48023_H1N1,mRMR,probe_ILMN_3290019,14,13,3.5714285714285716,50,0.26
GSE48023_H1N1,mRMR,probe_ILMN_1667232,13,13,4.384615384615385,50,0.26
GSE48023_H1N1,mRMR,probe_ILMN_1753002,13,13,5.0,50,0.26
GSE48023_H1N1,mRMR,probe_ILMN_2310703,12,12,3.6666666666666665,50,0.24
GSE48023_H1N1,mRMR,probe_ILMN_1791534,12,11,4.25,50,0.22
GSE48023_H1N1,mRMR,probe_ILMN_1794707,9,9,5.111111111111111,50,0.18
GSE48023_H1N1,mRMR,probe_ILMN_1796316,9,9,7.222222222222222,50,0.18
GSE48023_H1N1,mRMR,probe_ILMN_3243714,8,8,4.125,50,0.16
GSE48023_H1N1,mRMR,probe_ILMN_2352921,8,8,7.75,50,0.16
GSE48023_H1N1,mRMR,probe_ILMN_1667162,7,7,3.857142857142857,50,0.14
GSE48023_H1N1,mRMR,probe_ILMN_2221006,6,6,4.333333333333333,50,0.12
GSE48023_H1N1,mRMR,probe_ILMN_2198408,6,6,6.333333333333333,50,0.12
GSE48023_H1N1,mRMR,probe_ILMN_2404135,5,5,8.6,50,0.1
GSE48023_H1N1,mRMR,probe_ILMN_2180866,5,5,8.8,50,0.1
GSE48023_H1N1,mRMR,probe_ILMN_1805778,4,4,3.5,50,0.08
GSE48023_H1N1,mRMR,probe_ILMN_1671583,4,4,4.0,50,0.08
GSE48023_H1N1,mRMR,probe_ILMN_1784300,4,4,4.75,50,0.08
GSE48023_H1N1,mRMR,probe_ILMN_1792455,4,4,5.25,50,0.08
GSE48023_H1N1,mRMR,probe_ILMN_1777190,4,4,7.0,50,0.08
GSE48023_H1N1,mRMR,probe_ILMN_2048607,4,4,8.25,50,0.08
GSE48023_H1N1,mRMR,probe_ILMN_1763322,3,3,3.6666666666666665,50,0.06
GSE48023_H1N1,mRMR,probe_ILMN_1750101,3,3,4.0,50,0.06
GSE48023_H1N1,mRMR,probe_ILMN_2399463,3,3,5.0,50,0.06
GSE48023_H1N1,mRMR,probe_ILMN_1776519,3,3,5.333333333333333,50,0.06
GSE48023_H1N1,mRMR,probe_ILMN_1791511,3,3,5.666666666666667,50,0.06
GSE48023_H1N1,mRMR,probe_ILMN_1790534,3,3,6.0,50,0.06
GSE48023_H1N1,mRMR,probe_ILMN_1677697,3,3,7.0,50,0.06
GSE48023_H1N1,mRMR,probe_ILMN_1708323,3,3,7.333333333333333,50,0.06
GSE48023_H1N1,mRMR,probe_ILMN_2115005,3,3,7.333333333333333,50,0.06
GSE48023_H1N1,mRMR,probe_ILMN_1777982,2,2,2.0,50,0.04
GSE48023_H1N1,mRMR,probe_ILMN_1796423,2,2,3.0,50,0.04
GSE48023_H1N1,mRMR,probe_ILMN_1688580,2,2,5.0,50,0.04
GSE48023_H1N1,mRMR,probe_ILMN_1905548,2,2,6.0,50,0.04
GSE48023_H1N1,mRMR,probe_ILMN_3203189,2,2,6.0,50,0.04
GSE48023_H1N1,mRMR,probe_ILMN_1776077,2,2,7.0,50,0.04
GSE48023_H1N1,mRMR,probe_ILMN_1815205,2,2,7.0,50,0.04
GSE48023_H1N1,mRMR,probe_ILMN_1697777,2,2,8.5,50,0.04
GSE48023_H1N1,mRMR,probe_ILMN_3248833,2,2,9.0,50,0.04
GSE48023_H1N1,mRMR,probe_ILMN_1695404,2,2,10.0,50,0.04
GSE48023_H1N1,mRMR,probe_ILMN_1750636,2,2,10.0,50,0.04
GSE48023_H1N1,mRMR,probe_ILMN_1742332,1,1,2.0,50,0.02
GSE48023_H1N1,mRMR,probe_ILMN_1815895,1,1,2.0,50,0.02
GSE48023_H1N1,mRMR,probe_ILMN_1752592,1,1,3.0,50,0.02
GSE48023_H1N1,mRMR,probe_ILMN_2162972,1,1,3.0,50,0.02
GSE48023_H1N1,mRMR,probe_ILMN_1735712,1,1,4.0,50,0.02
GSE48023_H1N1,mRMR,probe_ILMN_1797793,1,1,4.0,50,0.02
GSE48023_H1N1,mRMR,probe_ILMN_1916256,1,1,4.0,50,0.02
GSE48023_H1N1,mRMR,probe_ILMN_2341815,1,1,4.0,50,0.02
GSE48023_H1N1,mRMR,probe_ILMN_2367126,1,1,4.0,50,0.02
GSE48023_H1N1,mRMR,probe_ILMN_2404850,1,1,4.0,50,0.02
GSE48023_H1N1,mRMR,probe_ILMN_1676528,1,1,5.0,50,0.02
GSE48023_H1N1,mRMR,probe_ILMN_3278170,1,1,5.0,50,0.02
GSE48023_H1N1,mRMR,probe_ILMN_1713266,1,1,6.0,50,0.02
GSE48023_H1N1,mRMR,probe_ILMN_1723433,1,1,6.0,50,0.02
GSE48023_H1N1,mRMR,probe_ILMN_1659047,1,1,7.0,50,0.02
GSE48023_H1N1,mRMR,probe_ILMN_3288717,1,1,7.0,50,0.02
GSE48023_H1N1,mRMR,probe_ILMN_1704079,1,1,8.0,50,0.02
GSE48023_H1N1,mRMR,probe_ILMN_2058782,1,1,8.0,50,0.02
GSE48023_H1N1,mRMR,probe_ILMN_1742410,1,1,9.0,50,0.02
GSE48023_H1N1,mRMR,probe_ILMN_2404049,1,1,9.0,50,0.02
GSE48023_H1N1,mRMR,probe_ILMN_3217285,1,1,9.0,50,0.02
GSE48023_H1N1,mRMR,probe_ILMN_2200659,1,1,10.0,50,0.02
GSE48023_H1N1,mRMR,probe_ILMN_3246409,1,1,10.0,50,0.02
GSE48023_H1N1,mRMR,probe_ILMN_3285153,1,1,10.0,50,0.02
IGG,Boruta,BCMA/TNFRSF17,187,50,2.5240641711229945,50,1.0
IGG,Boruta,Proprotein Convertase 9/PCSK9,145,50,3.2,50,1.0
IGG,Boruta,LBP,161,49,3.409937888198758,50,0.98
IGG,Boruta,Complement Component C9,110,49,3.9363636363636365,50,0.98
IGG,Boruta,Serpin A10/ZPI,115,49,4.043478260869565,50,0.98
IGG,Boruta,CCL11/Eotaxin,96,48,4.197916666666667,50,0.96
IGG,Boruta,PD-L1/B7-H1,96,47,4.28125,50,0.94
IGG,Boruta,CD14,61,43,4.918032786885246,50,0.86
IGG,Boruta,Thrombospondin-2,56,41,4.625,50,0.82
IGG,Boruta,CEACAM-1/CD66a,50,33,4.96,50,0.66
IGG,Boruta,Galectin-9,49,32,5.469387755102041,50,0.64
IGG,Boruta,CXCL2/GRO beta/MIP-2/CINC-3,41,31,5.2682926829268295,50,0.62
IGG,Boruta,Furin,35,27,6.457142857142857,50,0.54
IGG,Boruta,Protein S/PROS1,32,24,6.28125,50,0.48
IGG,Boruta,IL-4R alpha,25,22,4.88,50,0.44
IGG,Boruta,Galectin-3BP/MAC-2BP,24,21,6.333333333333333,50,0.42
IGG,Boruta,Alpha-1-Microglobulin,25,20,6.08,50,0.4
IGG,Boruta,TIMP-1,23,20,6.304347826086956,50,0.4
IGG,Boruta,CD40 Ligand/TNFSF5,20,19,6.3,50,0.38
IGG,Boruta,LRG1,20,17,5.4,50,0.34
IGG,Boruta,IL-36 beta/IL-1F8,18,17,6.722222222222222,50,0.34
IGG,Boruta,Myeloperoxidase/MPO,17,16,6.9411764705882355,50,0.32
IGG,Boruta,MCAM/CD146,15,15,5.8,50,0.3
IGG,Boruta,CXCL6/GCP-2,16,13,6.3125,50,0.26
IGG,Boruta,MMP-7,13,13,6.615384615384615,50,0.26
IGG,Boruta,Thrombopoietin/Tpo,12,12,5.083333333333333,50,0.24
IGG,Boruta,L-Selectin/CD62L,13,12,5.230769230769231,50,0.24
IGG,Boruta,VAP-1/AOC3,13,12,6.461538461538462,50,0.24
IGG,Boruta,Complement Component C2,9,9,6.888888888888889,50,0.18
IGG,Boruta,alpha 2-Macroglobulin,8,8,6.75,50,0.16
IGG,Boruta,MIA,7,7,5.285714285714286,50,0.14
IGG,Boruta,SCGF/CLEC11a,7,7,5.285714285714286,50,0.14
IGG,Boruta,Contactin-1,7,7,6.285714285714286,50,0.14
IGG,Boruta,M-CSF,7,7,7.714285714285714,50,0.14
IGG,Boruta,BAFF/BLyS/TNFSF13B,6,6,6.0,50,0.12
IGG,Boruta,beta2-Microglobulin,6,6,8.0,50,0.12
IGG,Boruta,MMP-8,5,5,5.6,50,0.1
IGG,Boruta,IL-10,5,5,5.8,50,0.1
IGG,Boruta,Oncostatin M/OSM,5,5,7.0,50,0.1
IGG,Boruta,IL-2,5,5,8.6,50,0.1
IGG,Boruta,TRAIL/TNFSF10,3,3,3.6666666666666665,50,0.06
IGG,Boruta,Nectin-4,3,3,7.0,50,0.06
IGG,Boruta,TGF-beta 2,3,3,7.0,50,0.06
IGG,Boruta,ICAM-1/CD54,3,3,7.333333333333333,50,0.06
IGG,Boruta,Serpin A4/Kallistatin,2,2,5.0,50,0.04
IGG,Boruta,Reg3A,2,2,5.5,50,0.04
IGG,Boruta,IL-23,2,2,6.0,50,0.04
IGG,Boruta,vWF-A2,2,2,6.5,50,0.04
IGG,Boruta,CXCL-11/I-TAC,3,2,6.666666666666667,50,0.04
IGG,Boruta,LIF,2,2,7.5,50,0.04
IGG,Boruta,CCL19/MIP-3 beta,2,2,8.5,50,0.04
IGG,Boruta,Granzyme A,2,2,8.5,50,0.04
IGG,Boruta,EGF,2,2,9.0,50,0.04
IGG,Boruta,Galectin-3,2,2,9.0,50,0.04
IGG,Boruta,P-Selectin/CD62P,1,1,1.0,50,0.02
IGG,Boruta,Granzyme B,1,1,3.0,50,0.02
IGG,Boruta,LIGHT/TNFSF14,1,1,3.0,50,0.02
IGG,Boruta,CCL14/HCC-1/HCC-3,1,1,5.0,50,0.02
IGG,Boruta,Resistin,1,1,5.0,50,0.02
IGG,Boruta,TRANCE/TNFSF11/RANK L,1,1,5.0,50,0.02
IGG,Boruta,VCAM-1/CD106,1,1,6.0,50,0.02
IGG,Boruta,Fibroblast Activation Protein alpha/FAP,1,1,7.0,50,0.02
IGG,Boruta,G-CSF,1,1,7.0,50,0.02
IGG,Boruta,BDNF,1,1,8.0,50,0.02
IGG,Boruta,Fas Ligand/TNFSF6,1,1,8.0,50,0.02
IGG,Boruta,IL-4,1,1,8.0,50,0.02
IGG,Boruta,uPAR,1,1,8.0,50,0.02
IGG,Boruta,CD23/Fc epsilon RII,1,1,9.0,50,0.02
IGG,Boruta,ErbB2/Her3,1,1,9.0,50,0.02
IGG,Boruta,IL-7,1,1,9.0,50,0.02
IGG,Boruta,TRAIL R2/TNFRSF10B,1,1,9.0,50,0.02
IGG,Boruta,IL-17E/IL-25,1,1,10.0,50,0.02
IGG,Boruta,MIF,1,1,10.0,50,0.02
IGG,ElasticNet,Lipocalin-2/NGAL,155,50,2.3483870967741933,50,1.0
IGG,ElasticNet,M-CSF,199,50,2.6381909547738696,50,1.0
IGG,ElasticNet,Thrombospondin-2,137,50,4.021897810218978,50,1.0
IGG,ElasticNet,Protein S/PROS1,158,49,3.5949367088607596,50,0.98
IGG,ElasticNet,BCMA/TNFRSF17,108,49,3.8703703703703702,50,0.98
IGG,ElasticNet,TREM-1,95,49,4.042105263157895,50,0.98
IGG,ElasticNet,MCAM/CD146,96,49,4.916666666666667,50,0.98
IGG,ElasticNet,MMP-8,81,47,4.320987654320987,50,0.94
IGG,ElasticNet,Contactin-1,67,45,5.298507462686567,50,0.9
IGG,ElasticNet,CCL5/RANTES,65,43,4.630769230769231,50,0.86
IGG,ElasticNet,TGF-alpha,56,43,4.857142857142857,50,0.86
IGG,ElasticNet,CCL11/Eotaxin,35,31,5.771428571428571,50,0.62
IGG,ElasticNet,Complement Component C9,35,29,5.542857142857143,50,0.58
IGG,ElasticNet,PD-L1/B7-H1,29,26,4.896551724137931,50,0.52
IGG,ElasticNet,ICAM-1/CD54,21,19,6.9523809523809526,50,0.38
IGG,ElasticNet,Serpin C1/Antithrombin-III,23,19,7.739130434782608,50,0.38
IGG,ElasticNet,ST2/IL-33R,18,18,5.388888888888889,50,0.36
IGG,ElasticNet,Myoglobin,19,18,6.052631578947368,50,0.36
IGG,ElasticNet,HE4/WFDC2,17,17,5.470588235294118,50,0.34
IGG,ElasticNet,EN-RAGE/S100A12,16,15,6.5,50,0.3
IGG,ElasticNet,TGF-beta1,16,15,7.875,50,0.3
IGG,ElasticNet,VAP-1/AOC3,12,12,7.166666666666667,50,0.24
IGG,ElasticNet,CCL19/MIP-3 beta,11,11,7.818181818181818,50,0.22
IGG,ElasticNet,SCF/c-Kit Ligand,10,10,7.7,50,0.2
IGG,ElasticNet,MMP-7,11,10,7.7272727272727275,50,0.2
IGG,ElasticNet,Reg3A,11,10,8.181818181818182,50,0.2
IGG,ElasticNet,Serpin A10/ZPI,10,9,7.7,50,0.18
IGG,ElasticNet,Thrombopoietin/Tpo,8,8,6.75,50,0.16
IGG,ElasticNet,vWF-A2,8,8,6.75,50,0.16
IGG,ElasticNet,DPPIV/CD26,6,6,6.666666666666667,50,0.12
IGG,ElasticNet,LIF,6,6,7.0,50,0.12
IGG,ElasticNet,Granzyme B,6,6,8.0,50,0.12
IGG,ElasticNet,L-Selectin/CD62L,6,6,8.166666666666666,50,0.12
IGG,ElasticNet,CA125/MUC16,5,5,7.2,50,0.1
IGG,ElasticNet,alpha 2-Macroglobulin,6,5,8.166666666666666,50,0.1
IGG,ElasticNet,Properdin,4,4,7.75,50,0.08
IGG,ElasticNet,Coagulation Factor XIV/Protein C,4,4,8.25,50,0.08
IGG,ElasticNet,IL-4R alpha,3,3,5.666666666666667,50,0.06
IGG,ElasticNet,CXCL6/GCP-2,3,3,6.0,50,0.06
IGG,ElasticNet,M-CSF R/CD115,3,3,7.666666666666667,50,0.06
IGG,ElasticNet,MMP-2,3,3,8.0,50,0.06
IGG,ElasticNet,CXCL10/IP-10/CRG-2,3,3,9.333333333333334,50,0.06
IGG,ElasticNet,Galectin-3BP/MAC-2BP,2,2,5.5,50,0.04
IGG,ElasticNet,Serpin A4/Kallistatin,2,2,6.0,50,0.04
IGG,ElasticNet,FABP4/A-FABP,2,2,7.0,50,0.04
IGG,ElasticNet,Galectin-9,2,2,7.0,50,0.04
IGG,ElasticNet,IL-23,2,2,7.0,50,0.04
IGG,ElasticNet,CCL14/HCC-1/HCC-3,2,2,7.5,50,0.04
IGG,ElasticNet,beta2-Microglobulin,2,2,7.5,50,0.04
IGG,ElasticNet,CCL3/MIP-1 alpha,2,2,8.0,50,0.04
IGG,ElasticNet,CXCL2/GRO beta/MIP-2/CINC-3,2,2,8.0,50,0.04
IGG,ElasticNet,Granzyme A,2,2,8.0,50,0.04
IGG,ElasticNet,LRG1,2,2,8.0,50,0.04
IGG,ElasticNet,BAFF/BLyS/TNFSF13B,2,2,8.5,50,0.04
IGG,ElasticNet,Endocan/ESM-1,2,2,8.5,50,0.04
IGG,ElasticNet,IGFBP-4,2,2,8.5,50,0.04
IGG,ElasticNet,Alpha-1-Microglobulin,2,2,9.0,50,0.04
IGG,ElasticNet,CD117/c-kit,2,2,9.5,50,0.04
IGG,ElasticNet,Complement Component C5a,2,2,9.5,50,0.04
IGG,ElasticNet,Neuregulin-1 beta 1/NRG1 beta 1,1,1,3.0,50,0.02
IGG,ElasticNet,SP-D,1,1,3.0,50,0.02
IGG,ElasticNet,IL-33,1,1,4.0,50,0.02
IGG,ElasticNet,PDGF-AA,1,1,4.0,50,0.02
IGG,ElasticNet,IL-31,1,1,5.0,50,0.02
IGG,ElasticNet,Thrombomodulin/BDCA-3,1,1,5.0,50,0.02
IGG,ElasticNet,IL-28B/IFN-lambda 3,1,1,6.0,50,0.02
IGG,ElasticNet,IL-1 beta/IL-1F2,1,1,7.0,50,0.02
IGG,ElasticNet,Syndecan-1/CD138,1,1,7.0,50,0.02
IGG,ElasticNet,Leptin/OB,1,1,8.0,50,0.02
IGG,ElasticNet,MMP-9,1,1,8.0,50,0.02
IGG,ElasticNet,IFN-gamma,1,1,9.0,50,0.02
IGG,ElasticNet,MIF,1,1,9.0,50,0.02
IGG,ElasticNet,CXCL5/ENA-78,1,1,10.0,50,0.02
IGG,ElasticNet,IFN-beta,1,1,10.0,50,0.02
IGG,LLSS,BCMA/TNFRSF17,239,50,1.5397489539748954,50,1.0
IGG,LLSS,CCL11/Eotaxin,206,50,2.4029126213592233,50,1.0
IGG,LLSS,CD14,125,50,3.64,50,1.0
IGG,LLSS,CXCL6/GCP-2,78,45,3.948717948717949,50,0.9
IGG,LLSS,P-Selectin/CD62P,59,42,4.864406779661017,50,0.84
IGG,LLSS,MMP-7,62,41,4.516129032258065,50,0.82
IGG,LLSS,Serpin A10/ZPI,52,38,5.25,50,0.76
IGG,LLSS,LBP,38,34,6.026315789473684,50,0.68
IGG,LLSS,vWF-A2,47,33,5.0212765957446805,50,0.66
IGG,LLSS,LRG1,41,32,6.365853658536586,50,0.64
IGG,LLSS,Furin,38,31,4.973684210526316,50,0.62
IGG,LLSS,Complement Component C9,36,31,5.472222222222222,50,0.62
IGG,LLSS,CD40 Ligand/TNFSF5,40,29,5.325,50,0.58
IGG,LLSS,CD23/Fc epsilon RII,34,29,5.382352941176471,50,0.58
IGG,LLSS,Galectin-3BP/MAC-2BP,27,26,6.185185185185185,50,0.52
IGG,LLSS,CA125/MUC16,29,25,4.758620689655173,50,0.5
IGG,LLSS,L-Selectin/CD62L,28,24,4.25,50,0.48
IGG,LLSS,Serpin B3/SCCA1,21,20,5.142857142857143,50,0.4
IGG,LLSS,FABP4/A-FABP,18,18,4.277777777777778,50,0.36
IGG,LLSS,PD-L1/B7-H1,18,18,6.111111111111111,50,0.36
IGG,LLSS,Thrombospondin-2,14,14,5.285714285714286,50,0.28
IGG,LLSS,CEACAM-1/CD66a,15,14,5.666666666666667,50,0.28
IGG,LLSS,VAP-1/AOC3,17,14,6.235294117647059,50,0.28
IGG,LLSS,Galectin-9,12,11,6.083333333333333,50,0.22
IGG,LLSS,Protein S/PROS1,11,10,3.909090909090909,50,0.2
IGG,LLSS,Resistin,10,10,6.8,50,0.2
IGG,LLSS,IL-4R alpha,9,9,7.555555555555555,50,0.18
IGG,LLSS,Alpha-1-Microglobulin,6,6,6.0,50,0.12
IGG,LLSS,SCGF/CLEC11a,6,6,7.0,50,0.12
IGG,LLSS,CXCL9/MIG,6,6,8.333333333333334,50,0.12
IGG,LLSS,Reg3A,5,5,6.8,50,0.1
IGG,LLSS,IL-8/CXCL8,4,4,4.75,50,0.08
IGG,LLSS,OSteopontin/OPN,4,4,5.75,50,0.08
IGG,LLSS,beta2-Microglobulin,4,4,7.5,50,0.08
IGG,LLSS,Endocan/ESM-1,3,3,5.333333333333333,50,0.06
IGG,LLSS,Myoglobin,3,3,5.333333333333333,50,0.06
IGG,LLSS,EN-RAGE/S100A12,3,3,5.666666666666667,50,0.06
IGG,LLSS,CXCL-11/I-TAC,3,3,7.333333333333333,50,0.06
IGG,LLSS,Thrombomodulin/BDCA-3,3,3,8.0,50,0.06
IGG,LLSS,IGFBP-2,3,3,9.333333333333334,50,0.06
IGG,LLSS,Thrombopoietin/Tpo,2,2,6.5,50,0.04
IGG,LLSS,EGF,2,2,7.0,50,0.04
IGG,LLSS,HE4/WFDC2,2,2,7.5,50,0.04
IGG,LLSS,CCL18/PARC,1,1,4.0,50,0.02
IGG,LLSS,alpha 2-Macroglobulin,1,1,4.0,50,0.02
IGG,LLSS,CCL14/HCC-1/HCC-3,1,1,6.0,50,0.02
IGG,LLSS,Complement Component C2,1,1,7.0,50,0.02
IGG,LLSS,MMP-8,1,1,7.0,50,0.02
IGG,LLSS,CXCL10/IP-10/CRG-2,1,1,8.0,50,0.02
IGG,LLSS,Kallikrein 6/Neurosin,1,1,8.0,50,0.02
IGG,LLSS,Lipocalin-2/NGAL,1,1,8.0,50,0.02
IGG,LLSS,VCAM-1/CD106,1,1,8.0,50,0.02
IGG,LLSS,CXCL2/GRO beta/MIP-2/CINC-3,1,1,9.0,50,0.02
IGG,LLSS,Fibroblast Activation Protein alpha/FAP,1,1,9.0,50,0.02
IGG,LLSS,ICAM-1/CD54,1,1,9.0,50,0.02
IGG,LLSS,IGFBP-4,1,1,9.0,50,0.02
IGG,LLSS,TIMP-1,1,1,9.0,50,0.02
IGG,LLSS,MBL,1,1,10.0,50,0.02
IGG,LLSS,PDGF-AA,1,1,10.0,50,0.02
IGG,LLSS,Serpin C1/Antithrombin-III,1,1,10.0,50,0.02
IGG,LLSS,TGF-alpha,1,1,10.0,50,0.02
IGG,LLSS,TGF-beta1,1,1,10.0,50,0.02
IGG,Lasso,Protein S/PROS1,201,50,3.3034825870646767,50,1.0
IGG,Lasso,BCMA/TNFRSF17,166,50,3.397590361445783,50,1.0
IGG,Lasso,Lipocalin-2/NGAL,91,50,3.5384615384615383,50,1.0
IGG,Lasso,Thrombospondin-2,180,50,3.5444444444444443,50,1.0
IGG,Lasso,M-CSF,201,50,3.5970149253731343,50,1.0
IGG,Lasso,TREM-1,155,50,3.767741935483871,50,1.0
IGG,Lasso,MMP-8,82,48,4.2439024390243905,50,0.96
IGG,Lasso,CCL11/Eotaxin,76,47,5.973684210526316,50,0.94
IGG,Lasso,MCAM/CD146,61,43,6.344262295081967,50,0.86
IGG,Lasso,Contactin-1,63,42,6.476190476190476,50,0.84
IGG,Lasso,Complement Component C9,63,40,5.5396825396825395,50,0.8
IGG,Lasso,ICAM-1/CD54,43,36,7.27906976744186,50,0.72
IGG,Lasso,MMP-7,41,34,6.853658536585366,50,0.68
IGG,Lasso,TGF-alpha,41,33,5.780487804878049,50,0.66
IGG,Lasso,Myoglobin,41,33,6.121951219512195,50,0.66
IGG,Lasso,PD-L1/B7-H1,43,32,4.604651162790698,50,0.64
IGG,Lasso,CCL19/MIP-3 beta,35,31,6.885714285714286,50,0.62
IGG,Lasso,Serpin C1/Antithrombin-III,37,28,7.0,50,0.56
IGG,Lasso,Granzyme B,23,21,7.260869565217392,50,0.42
IGG,Lasso,EN-RAGE/S100A12,23,19,6.130434782608695,50,0.38
IGG,Lasso,CCL5/RANTES,20,18,6.5,50,0.36
IGG,Lasso,vWF-A2,17,17,7.352941176470588,50,0.34
IGG,Lasso,Serpin A10/ZPI,16,16,7.0625,50,0.32
IGG,Lasso,HE4/WFDC2,11,11,5.818181818181818,50,0.22
IGG,Lasso,MMP-2,9,9,7.222222222222222,50,0.18
IGG,Lasso,Reg3A,9,9,7.555555555555555,50,0.18
IGG,Lasso,CXCL10/IP-10/CRG-2,8,8,7.75,50,0.16
IGG,Lasso,Thrombopoietin/Tpo,8,8,8.0,50,0.16
IGG,Lasso,alpha 2-Macroglobulin,8,8,8.125,50,0.16
IGG,Lasso,beta2-Microglobulin,6,6,5.833333333333333,50,0.12
IGG,Lasso,TGF-beta1,6,6,8.666666666666666,50,0.12
IGG,Lasso,IL-4R alpha,5,5,6.8,50,0.1
IGG,Lasso,IL-23,5,5,7.8,50,0.1
IGG,Lasso,IL-33,5,5,8.8,50,0.1
IGG,Lasso,IGFBP-4,4,4,7.75,50,0.08
IGG,Lasso,BAFF/BLyS/TNFSF13B,4,4,8.25,50,0.08
IGG,Lasso,CXCL-11/I-TAC,4,4,8.75,50,0.08
IGG,Lasso,ST2/IL-33R,3,3,6.333333333333333,50,0.06
IGG,Lasso,CA125/MUC16,3,3,7.333333333333333,50,0.06
IGG,Lasso,CXCL6/GCP-2,3,3,7.333333333333333,50,0.06
IGG,Lasso,Properdin,3,3,8.0,50,0.06
IGG,Lasso,CD14,3,3,8.333333333333334,50,0.06
IGG,Lasso,LIF,3,3,10.0,50,0.06
IGG,Lasso,M-CSF R/CD115,2,2,8.0,50,0.04
IGG,Lasso,TIMP-1,2,2,8.0,50,0.04
IGG,Lasso,Coagulation Factor XIV/Protein C,2,2,9.0,50,0.04
IGG,Lasso,Galectin-3BP/MAC-2BP,2,2,9.5,50,0.04
IGG,Lasso,L-Selectin/CD62L,2,2,9.5,50,0.04
IGG,Lasso,MIA,2,2,9.5,50,0.04
IGG,Lasso,Galectin-9,1,1,2.0,50,0.02
IGG,Lasso,IL-8/CXCL8,1,1,5.0,50,0.02
IGG,Lasso,CCL14/HCC-1/HCC-3,1,1,6.0,50,0.02
IGG,Lasso,Fibroblast Activation Protein alpha/FAP,1,1,6.0,50,0.02
IGG,Lasso,Syndecan-1/CD138,1,1,6.0,50,0.02
IGG,Lasso,Alpha-1-Microglobulin,1,1,7.0,50,0.02
IGG,Lasso,IFN-alpha,1,1,7.0,50,0.02
IGG,Lasso,IL-1 alpha/IL1-1F1,1,1,8.0,50,0.02
IGG,Lasso,Thrombomodulin/BDCA-3,1,1,8.0,50,0.02
IGG,Lasso,CXCL5/ENA-78,1,1,9.0,50,0.02
IGG,Lasso,Leptin/OB,1,1,9.0,50,0.02
IGG,Lasso,SCF/c-Kit Ligand,1,1,10.0,50,0.02
IGG,Lasso,Serpin A4/Kallistatin,1,1,10.0,50,0.02
IGG,Lasso,VAP-1/AOC3,1,1,10.0,50,0.02
IGG,LongGroupLasso,BCMA/TNFRSF17,249,50,1.144578313253012,50,1.0
IGG,LongGroupLasso,CCL11/Eotaxin,205,50,2.7414634146341466,50,1.0
IGG,LongGroupLasso,Protein S/PROS1,176,50,2.8920454545454546,50,1.0
IGG,LongGroupLasso,CCL19/MIP-3 beta,79,48,4.10126582278481,50,0.96
IGG,LongGroupLasso,Thrombospondin-2,45,45,2.2888888888888888,50,0.9
IGG,LongGroupLasso,CXCL6/GCP-2,53,40,4.660377358490566,50,0.8
IGG,LongGroupLasso,Granzyme B,62,39,5.403225806451613,50,0.78
IGG,LongGroupLasso,beta2-Microglobulin,51,36,5.568627450980392,50,0.72
IGG,LongGroupLasso,vWF-A2,42,35,5.809523809523809,50,0.7
IGG,LongGroupLasso,MMP-7,24,23,5.625,50,0.46
IGG,LongGroupLasso,Serpin A10/ZPI,26,23,7.076923076923077,50,0.46
IGG,LongGroupLasso,L-Selectin/CD62L,24,22,5.708333333333333,50,0.44
IGG,LongGroupLasso,Myoglobin,18,17,4.611111111111111,50,0.34
IGG,LongGroupLasso,PD-L1/B7-H1,17,17,5.470588235294118,50,0.34
IGG,LongGroupLasso,CD40 Ligand/TNFSF5,17,17,5.588235294117647,50,0.34
IGG,LongGroupLasso,IGFBP-2,17,17,5.9411764705882355,50,0.34
IGG,LongGroupLasso,Serpin C1/Antithrombin-III,17,15,6.470588235294118,50,0.3
IGG,LongGroupLasso,Complement Component C9,16,14,7.3125,50,0.28
IGG,LongGroupLasso,TGF-alpha,13,13,4.6923076923076925,50,0.26
IGG,LongGroupLasso,CXCL-11/I-TAC,12,11,5.916666666666667,50,0.22
IGG,LongGroupLasso,IL-23,9,9,4.888888888888889,50,0.18
IGG,LongGroupLasso,CXCL10/IP-10/CRG-2,9,9,7.0,50,0.18
IGG,LongGroupLasso,IL-4R alpha,8,8,6.375,50,0.16
IGG,LongGroupLasso,MMP-8,7,7,6.142857142857143,50,0.14
IGG,LongGroupLasso,IL-8/CXCL8,7,7,6.714285714285714,50,0.14
IGG,LongGroupLasso,CD14,7,7,8.428571428571429,50,0.14
IGG,LongGroupLasso,ICAM-1/CD54,6,6,3.6666666666666665,50,0.12
IGG,LongGroupLasso,LBP,6,6,8.333333333333334,50,0.12
IGG,LongGroupLasso,IL-2,5,5,3.8,50,0.1
IGG,LongGroupLasso,alpha 2-Macroglobulin,4,4,6.25,50,0.08
IGG,LongGroupLasso,Furin,4,4,6.75,50,0.08
IGG,LongGroupLasso,Fibroblast Activation Protein alpha/FAP,4,4,7.75,50,0.08
IGG,LongGroupLasso,CCL5/RANTES,4,4,9.0,50,0.08
IGG,LongGroupLasso,Alpha-1-Microglobulin,3,3,5.333333333333333,50,0.06
IGG,LongGroupLasso,Thrombopoietin/Tpo,3,3,5.666666666666667,50,0.06
IGG,LongGroupLasso,Contactin-1,3,3,6.333333333333333,50,0.06
IGG,LongGroupLasso,P-Selectin/CD62P,3,3,6.666666666666667,50,0.06
IGG,LongGroupLasso,CEACAM-1/CD66a,3,3,9.333333333333334,50,0.06
IGG,LongGroupLasso,HE4/WFDC2,3,3,9.666666666666666,50,0.06
IGG,LongGroupLasso,PDGF-AA,3,3,9.666666666666666,50,0.06
IGG,LongGroupLasso,M-CSF,2,2,2.0,50,0.04
IGG,LongGroupLasso,TREM-1,2,2,2.5,50,0.04
IGG,LongGroupLasso,IL-17/IL-17A,2,2,4.0,50,0.04
IGG,LongGroupLasso,MCAM/CD146,2,2,5.5,50,0.04
IGG,LongGroupLasso,VAP-1/AOC3,2,2,6.5,50,0.04
IGG,LongGroupLasso,Complement Component C2,2,2,8.0,50,0.04
IGG,LongGroupLasso,TRANCE/TNFSF11/RANK L,2,2,9.0,50,0.04
IGG,LongGroupLasso,Reg3A,1,1,4.0,50,0.02
IGG,LongGroupLasso,FABP4/A-FABP,1,1,5.0,50,0.02
IGG,LongGroupLasso,OSteopontin/OPN,1,1,5.0,50,0.02
IGG,LongGroupLasso,Collagen I alpha 1,1,1,7.0,50,0.02
IGG,LongGroupLasso,EGF,1,1,8.0,50,0.02
IGG,LongGroupLasso,ErbB2/Her2,1,1,8.0,50,0.02
IGG,LongGroupLasso,Fetuin A/AHSG,1,1,8.0,50,0.02
IGG,LongGroupLasso,MBL,1,1,8.0,50,0.02
IGG,LongGroupLasso,IL-4,1,1,9.0,50,0.02
IGG,LongGroupLasso,Oncostatin M/OSM,1,1,10.0,50,0.02
IGG,LongGroupLasso,SCGF/CLEC11a,1,1,10.0,50,0.02
IGG,LongGroupLasso,Serpin A4/Kallistatin,1,1,10.0,50,0.02
IGG,LongGroupLasso,TIMP-1,1,1,10.0,50,0.02
IGG,MutualInfo,Galectin-9,146,50,2.767123287671233,50,1.0
IGG,MutualInfo,IFN-beta,170,50,2.8294117647058825,50,1.0
IGG,MutualInfo,MICA,93,49,3.6666666666666665,50,0.98
IGG,MutualInfo,IL-31,90,49,3.7777777777777777,50,0.98
IGG,MutualInfo,Contactin-1,80,47,3.4875,50,0.94
IGG,MutualInfo,IL-28B/IFN-lambda 3,93,46,4.225806451612903,50,0.92
IGG,MutualInfo,Osteoactivin/GPNMB,47,42,4.914893617021277,50,0.84
IGG,MutualInfo,uPAR,58,41,4.344827586206897,50,0.82
IGG,MutualInfo,Proprotein Convertase 9/PCSK9,41,35,5.2926829268292686,50,0.7
IGG,MutualInfo,CCL22/MDC,38,34,3.710526315789474,50,0.68
IGG,MutualInfo,TGF-alpha,39,33,4.333333333333333,50,0.66
IGG,MutualInfo,IGFBP-2,40,30,3.95,50,0.6
IGG,MutualInfo,G-CSF,36,30,4.083333333333333,50,0.6
IGG,MutualInfo,Kallikrein 6/Neurosin,31,25,4.870967741935484,50,0.5
IGG,MutualInfo,BCMA/TNFRSF17,23,22,4.565217391304348,50,0.44
IGG,MutualInfo,alpha 2-Macroglobulin,23,22,4.565217391304348,50,0.44
IGG,MutualInfo,Pentraxin 3/TSG-14,23,20,5.086956521739131,50,0.4
IGG,MutualInfo,Galectin-3BP/MAC-2BP,21,19,5.0476190476190474,50,0.38
IGG,MutualInfo,u-Plasminogen Activator (uPA)/Urokinase,19,18,4.684210526315789,50,0.36
IGG,MutualInfo,TIMP-1,19,18,4.894736842105263,50,0.36
IGG,MutualInfo,IL-6,19,18,5.526315789473684,50,0.36
IGG,MutualInfo,beta2-Microglobulin,20,17,6.0,50,0.34
IGG,MutualInfo,CD23/Fc epsilon RII,16,16,6.3125,50,0.32
IGG,MutualInfo,LIGHT/TNFSF14,18,16,7.055555555555555,50,0.32
IGG,MutualInfo,CXCL2/GRO beta/MIP-2/CINC-3,15,15,3.6666666666666665,50,0.3
IGG,MutualInfo,MMP-3,14,14,3.857142857142857,50,0.28
IGG,MutualInfo,CA15-3/MUC-1,15,14,7.0,50,0.28
IGG,MutualInfo,Lumican,12,12,5.916666666666667,50,0.24
IGG,MutualInfo,Complement Component C9,11,11,3.727272727272727,50,0.22
IGG,MutualInfo,Dkk-1,10,10,3.7,50,0.2
IGG,MutualInfo,LIF,10,10,4.7,50,0.2
IGG,MutualInfo,IL-13,10,10,6.2,50,0.2
IGG,MutualInfo,TGF-beta 2,10,10,6.5,50,0.2
IGG,MutualInfo,M-CSF R/CD115,9,9,5.444444444444445,50,0.18
IGG,MutualInfo,ErbB2/Her2,9,9,6.222222222222222,50,0.18
IGG,MutualInfo,CCL4/MIP-1 beta,9,9,6.555555555555555,50,0.18
IGG,MutualInfo,IL-15,8,8,4.625,50,0.16
IGG,MutualInfo,NT-4,8,8,5.75,50,0.16
IGG,MutualInfo,MIA,9,8,6.333333333333333,50,0.16
IGG,MutualInfo,Syndecan-1/CD138,7,7,4.857142857142857,50,0.14
IGG,MutualInfo,CD40 Ligand/TNFSF5,7,7,5.285714285714286,50,0.14
IGG,MutualInfo,Leptin/OB,8,7,5.5,50,0.14
IGG,MutualInfo,Protein S/PROS1,8,7,5.875,50,0.14
IGG,MutualInfo,ErbB2/Her3,7,6,4.857142857142857,50,0.12
IGG,MutualInfo,DPPIV/CD26,6,6,5.166666666666667,50,0.12
IGG,MutualInfo,TRAIL R2/TNFRSF10B,6,6,5.166666666666667,50,0.12
IGG,MutualInfo,IL-2,6,6,6.166666666666667,50,0.12
IGG,MutualInfo,IL-12 p70,6,6,6.333333333333333,50,0.12
IGG,MutualInfo,CXCL6/GCP-2,5,5,5.0,50,0.1
IGG,MutualInfo,IL-36 beta/IL-1F8,5,5,5.6,50,0.1
IGG,MutualInfo,GM-CSF,4,4,8.5,50,0.08
IGG,MutualInfo,LBP,4,4,8.5,50,0.08
IGG,MutualInfo,IL-18/IL-1F4,4,4,8.75,50,0.08
IGG,MutualInfo,Nephrin,3,3,4.0,50,0.06
IGG,MutualInfo,IL-33,3,3,4.666666666666667,50,0.06
IGG,MutualInfo,GDF-15,3,3,5.666666666666667,50,0.06
IGG,MutualInfo,MMP-13,3,3,5.666666666666667,50,0.06
IGG,MutualInfo,SCGF/CLEC11a,3,3,6.666666666666667,50,0.06
IGG,MutualInfo,CCL11/Eotaxin,2,2,3.5,50,0.04
IGG,MutualInfo,CXCL9/MIG,2,2,4.5,50,0.04
IGG,MutualInfo,Granzyme B,2,2,4.5,50,0.04
IGG,MutualInfo,CCL2/JE/MCP-1,2,2,6.5,50,0.04
IGG,MutualInfo,HE4/WFDC2,2,2,6.5,50,0.04
IGG,MutualInfo,LRG1,2,2,6.5,50,0.04
IGG,MutualInfo,APRIL/TNFSF13,2,2,7.0,50,0.04
IGG,MutualInfo,CCL26/Eotaxin-3,2,2,7.5,50,0.04
IGG,MutualInfo,Collagen I alpha 1,2,2,8.0,50,0.04
IGG,MutualInfo,IGFBP-1,2,2,8.0,50,0.04
IGG,MutualInfo,Complement C1q,2,2,8.5,50,0.04
IGG,MutualInfo,Fetuin A/AHSG,2,2,8.5,50,0.04
IGG,MutualInfo,MAdCAM-1,2,2,9.0,50,0.04
IGG,MutualInfo,SP-D,1,1,2.0,50,0.02
IGG,MutualInfo,Coagulation Factor XIV/Protein C,1,1,3.0,50,0.02
IGG,MutualInfo,IGFBP-4,1,1,3.0,50,0.02
IGG,MutualInfo,IL-7,1,1,3.0,50,0.02
IGG,MutualInfo,L-Selectin/CD62L,1,1,3.0,50,0.02
IGG,MutualInfo,MMP-9,1,1,3.0,50,0.02
IGG,MutualInfo,Galectin-3,1,1,4.0,50,0.02
IGG,MutualInfo,IL-5,1,1,4.0,50,0.02
IGG,MutualInfo,Resistin,1,1,4.0,50,0.02
IGG,MutualInfo,Thrombospondin-2,1,1,5.0,50,0.02
IGG,MutualInfo,VAP-1/AOC3,1,1,5.0,50,0.02
IGG,MutualInfo,IFN-alpha,1,1,6.0,50,0.02
IGG,MutualInfo,TRANCE/TNFSF11/RANK L,1,1,6.0,50,0.02
IGG,MutualInfo,Granzyme A,1,1,7.0,50,0.02
IGG,MutualInfo,TRAIL/TNFSF10,1,1,7.0,50,0.02
IGG,MutualInfo,CCL3/MIP-1 alpha,1,1,8.0,50,0.02
IGG,MutualInfo,FGF basic/FGF2/bFGF,1,1,8.0,50,0.02
IGG,MutualInfo,MMP-2,1,1,8.0,50,0.02
IGG,MutualInfo,Alpha-1-Microglobulin,1,1,9.0,50,0.02
IGG,MutualInfo,IFN-gamma,1,1,9.0,50,0.02
IGG,MutualInfo,CCL23/MPIF-1,1,1,10.0,50,0.02
IGG,MutualInfo,Serpin A10/ZPI,1,1,10.0,50,0.02
IGG,OutcomeSNN-FS,BCMA/TNFRSF17,217,50,2.7004608294930876,50,1.0
IGG,OutcomeSNN-FS,M-CSF,229,50,2.7117903930131004,50,1.0
IGG,OutcomeSNN-FS,TREM-1,211,50,3.0331753554502368,50,1.0
IGG,OutcomeSNN-FS,PD-L1/B7-H1,153,50,3.477124183006536,50,1.0
IGG,OutcomeSNN-FS,Thrombospondin-2,178,50,3.853932584269663,50,1.0
IGG,OutcomeSNN-FS,Serpin A10/ZPI,145,50,4.482758620689655,50,1.0
IGG,OutcomeSNN-FS,CCL19/MIP-3 beta,127,48,5.244094488188976,50,0.96
IGG,OutcomeSNN-FS,Protein S/PROS1,74,45,6.972972972972973,50,0.9
IGG,OutcomeSNN-FS,IL-2,39,32,7.794871794871795,50,0.64
IGG,OutcomeSNN-FS,Endocan/ESM-1,40,30,6.95,50,0.6
IGG,OutcomeSNN-FS,Granzyme B,35,27,6.742857142857143,50,0.54
IGG,OutcomeSNN-FS,vWF-A2,31,26,7.548387096774194,50,0.52
IGG,OutcomeSNN-FS,PDGF-AA,25,23,7.4,50,0.46
IGG,OutcomeSNN-FS,Aldehyde Dehydrogenase 1-A1/ALDH1A1,18,18,7.333333333333333,50,0.36
IGG,OutcomeSNN-FS,CXCL10/IP-10/CRG-2,17,17,7.411764705882353,50,0.34
IGG,OutcomeSNN-FS,Growth Hormone,17,17,8.411764705882353,50,0.34
IGG,OutcomeSNN-FS,ICAM-1/CD54,18,16,8.333333333333334,50,0.32
IGG,OutcomeSNN-FS,Alpha-1-Microglobulin,10,10,7.2,50,0.2
IGG,OutcomeSNN-FS,EN-RAGE/S100A12,12,10,7.916666666666667,50,0.2
IGG,OutcomeSNN-FS,Complement Component C9,8,8,7.75,50,0.16
IGG,OutcomeSNN-FS,LIF,6,6,7.833333333333333,50,0.12
IGG,OutcomeSNN-FS,Lipocalin-2/NGAL,5,5,7.4,50,0.1
IGG,OutcomeSNN-FS,TRANCE/TNFSF11/RANK L,5,5,8.0,50,0.1
IGG,OutcomeSNN-FS,CCL11/Eotaxin,5,5,8.2,50,0.1
IGG,OutcomeSNN-FS,IFN-alpha,5,5,8.4,50,0.1
IGG,OutcomeSNN-FS,IL-33,5,5,8.8,50,0.1
IGG,OutcomeSNN-FS,Serpin B3/SCCA1,4,4,7.5,50,0.08
IGG,OutcomeSNN-FS,IL-11,4,4,7.75,50,0.08
IGG,OutcomeSNN-FS,Collagen I alpha 1,4,4,8.5,50,0.08
IGG,OutcomeSNN-FS,MCAM/CD146,4,4,8.75,50,0.08
IGG,OutcomeSNN-FS,TIMP-1,3,3,6.0,50,0.06
IGG,OutcomeSNN-FS,Thrombopoietin/Tpo,3,3,6.0,50,0.06
IGG,OutcomeSNN-FS,CCL3/MIP-1 alpha,3,3,8.333333333333334,50,0.06
IGG,OutcomeSNN-FS,M-CSF R/CD115,3,3,8.666666666666666,50,0.06
IGG,OutcomeSNN-FS,Serpin C1/Antithrombin-III,3,3,8.666666666666666,50,0.06
IGG,OutcomeSNN-FS,CCL5/RANTES,2,2,6.0,50,0.04
IGG,OutcomeSNN-FS,OSteopontin/OPN,2,2,7.0,50,0.04
IGG,OutcomeSNN-FS,TRAIL/TNFSF10,2,2,8.0,50,0.04
IGG,OutcomeSNN-FS,IGFBP-1,2,2,8.5,50,0.04
IGG,OutcomeSNN-FS,MMP-7,2,2,8.5,50,0.04
IGG,OutcomeSNN-FS,MMP-8,2,2,9.0,50,0.04
IGG,OutcomeSNN-FS,Properdin,2,2,9.0,50,0.04
IGG,OutcomeSNN-FS,Contactin-1,2,2,9.5,50,0.04
IGG,OutcomeSNN-FS,DPPIV/CD26,2,2,10.0,50,0.04
IGG,OutcomeSNN-FS,IFN-gamma,1,1,2.0,50,0.02
IGG,OutcomeSNN-FS,Proprotein Convertase 9/PCSK9,1,1,5.0,50,0.02
IGG,OutcomeSNN-FS,Fas Ligand/TNFSF6,1,1,7.0,50,0.02
IGG,OutcomeSNN-FS,FABP4/A-FABP,1,1,8.0,50,0.02
IGG,OutcomeSNN-FS,IL-23,1,1,8.0,50,0.02
IGG,OutcomeSNN-FS,MBL,1,1,8.0,50,0.02
IGG,OutcomeSNN-FS,MICA,1,1,8.0,50,0.02
IGG,OutcomeSNN-FS,CD14,1,1,9.0,50,0.02
IGG,OutcomeSNN-FS,IL-10,1,1,9.0,50,0.02
IGG,OutcomeSNN-FS,L-Selectin/CD62L,1,1,9.0,50,0.02
IGG,OutcomeSNN-FS,MIA,1,1,9.0,50,0.02
IGG,OutcomeSNN-FS,SCF/c-Kit Ligand,1,1,9.0,50,0.02
IGG,OutcomeSNN-FS,CCL24/Eotaxin-2/MPIF-2,1,1,10.0,50,0.02
IGG,OutcomeSNN-FS,CD163,1,1,10.0,50,0.02
IGG,OutcomeSNN-FS,CX3CL1/Fractalkine,1,1,10.0,50,0.02
IGG,OutcomeSNN-FS,Flt-3 Ligand/FLT3L,1,1,10.0,50,0.02
IGG,OutcomeSNN-FS,Furin,1,1,10.0,50,0.02
IGG,OutcomeSNN-FS,IFN-beta,1,1,10.0,50,0.02
IGG,OutcomeSNN-FS,IL-4R alpha,1,1,10.0,50,0.02
IGG,OutcomeSNN-FS,TACI/TNFRSF13B,1,1,10.0,50,0.02
IGG,OutcomeSNN-FS,beta2-Microglobulin,1,1,10.0,50,0.02
IGG,PGEE,BCMA/TNFRSF17,234,50,2.200854700854701,50,1.0
IGG,PGEE,LRG1,170,50,2.2058823529411766,50,1.0
IGG,PGEE,Complement Component C9,193,50,2.3108808290155443,50,1.0
IGG,PGEE,Protein S/PROS1,115,50,4.260869565217392,50,1.0
IGG,PGEE,CCL11/Eotaxin,103,46,5.019417475728155,50,0.92
IGG,PGEE,Thrombospondin-2,36,36,3.3333333333333335,50,0.72
IGG,PGEE,Serpin A10/ZPI,50,35,5.88,50,0.7
IGG,PGEE,CD14,42,34,6.619047619047619,50,0.68
IGG,PGEE,TRAIL R2/TNFRSF10B,31,31,3.161290322580645,50,0.62
IGG,PGEE,MMP-8,27,26,2.0,50,0.52
IGG,PGEE,Reg3A,27,25,7.62962962962963,50,0.5
IGG,PGEE,CCL19/MIP-3 beta,24,20,5.125,50,0.4
IGG,PGEE,Granzyme B,21,19,4.476190476190476,50,0.38
IGG,PGEE,beta2-Microglobulin,19,19,5.368421052631579,50,0.38
IGG,PGEE,CXCL6/GCP-2,20,19,8.3,50,0.38
IGG,PGEE,MMP-7,21,19,8.333333333333334,50,0.38
IGG,PGEE,Serpin B3/SCCA1,21,18,7.571428571428571,50,0.36
IGG,PGEE,L-Selectin/CD62L,21,17,7.523809523809524,50,0.34
IGG,PGEE,Myeloperoxidase/MPO,14,14,2.0,50,0.28
IGG,PGEE,LBP,14,13,5.357142857142857,50,0.26
IGG,PGEE,CCL14/HCC-1/HCC-3,13,13,7.230769230769231,50,0.26
IGG,PGEE,CXCL9/MIG,13,13,7.3076923076923075,50,0.26
IGG,PGEE,CXCL10/IP-10/CRG-2,11,11,6.2727272727272725,50,0.22
IGG,PGEE,alpha 2-Macroglobulin,13,11,6.384615384615385,50,0.22
IGG,PGEE,Contactin-1,9,8,2.6666666666666665,50,0.16
IGG,PGEE,Myoglobin,8,8,2.875,50,0.16
IGG,PGEE,IL-36 beta/IL-1F8,8,8,4.375,50,0.16
IGG,PGEE,HE4/WFDC2,8,8,6.875,50,0.16
IGG,PGEE,IL-4R alpha,8,8,8.75,50,0.16
IGG,PGEE,Coagulation Factor XIV/Protein C,7,7,4.571428571428571,50,0.14
IGG,PGEE,VEGF,7,7,5.857142857142857,50,0.14
IGG,PGEE,TIMP-1,7,7,7.714285714285714,50,0.14
IGG,PGEE,IL-6R alpha,7,7,8.571428571428571,50,0.14
IGG,PGEE,IL-8/CXCL8,6,6,4.0,50,0.12
IGG,PGEE,PD-L1/B7-H1,6,6,4.5,50,0.12
IGG,PGEE,Serpin C1/Antithrombin-III,6,6,7.833333333333333,50,0.12
IGG,PGEE,IGFBP-2,6,6,9.666666666666666,50,0.12
IGG,PGEE,CD40 Ligand/TNFSF5,5,5,7.0,50,0.1
IGG,PGEE,Alpha-1-Microglobulin,5,5,7.4,50,0.1
IGG,PGEE,vWF-A2,6,5,8.166666666666666,50,0.1
IGG,PGEE,TGF-alpha,4,4,3.25,50,0.08
IGG,PGEE,Follistatin-related Gene Protein/FLRG,4,4,5.5,50,0.08
IGG,PGEE,Thrombomodulin/BDCA-3,4,4,6.25,50,0.08
IGG,PGEE,CD23/Fc epsilon RII,4,4,9.0,50,0.08
IGG,PGEE,VAP-1/AOC3,4,4,9.0,50,0.08
IGG,PGEE,Oncostatin M/OSM,4,4,9.25,50,0.08
IGG,PGEE,MCAM/CD146,3,3,2.3333333333333335,50,0.06
IGG,PGEE,CCL5/RANTES,3,3,5.0,50,0.06
IGG,PGEE,Galectin-9,3,3,5.333333333333333,50,0.06
IGG,PGEE,VCAM-1/CD106,3,3,5.666666666666667,50,0.06
IGG,PGEE,IL-2,3,3,6.666666666666667,50,0.06
IGG,PGEE,IL-23,3,3,7.0,50,0.06
IGG,PGEE,P-Selectin/CD62P,3,3,7.666666666666667,50,0.06
IGG,PGEE,Complement Component C2,3,3,9.333333333333334,50,0.06
IGG,PGEE,Galectin-3BP/MAC-2BP,3,3,9.666666666666666,50,0.06
IGG,PGEE,EN-RAGE/S100A12,2,2,2.0,50,0.04
IGG,PGEE,M-CSF,2,2,2.0,50,0.04
IGG,PGEE,MMP-9,2,2,3.0,50,0.04
IGG,PGEE,TFF3,2,2,5.0,50,0.04
IGG,PGEE,SCGF/CLEC11a,2,2,5.5,50,0.04
IGG,PGEE,TRANCE/TNFSF11/RANK L,2,2,5.5,50,0.04
IGG,PGEE,CXCL-11/I-TAC,2,2,6.0,50,0.04
IGG,PGEE,IL-4,2,2,6.0,50,0.04
IGG,PGEE,ICAM-1/CD54,2,2,6.5,50,0.04
IGG,PGEE,Nectin-4,2,2,7.0,50,0.04
IGG,PGEE,FABP4/A-FABP,2,2,7.5,50,0.04
IGG,PGEE,OSteopontin/OPN,2,2,7.5,50,0.04
IGG,PGEE,SCF/c-Kit Ligand,1,1,1.0,50,0.02
IGG,PGEE,TREM-1,1,1,3.0,50,0.02
IGG,PGEE,Thrombopoietin/Tpo,1,1,3.0,50,0.02
IGG,PGEE,FGF basic/FGF2/bFGF,1,1,5.0,50,0.02
IGG,PGEE,Osteoactivin/GPNMB,1,1,6.0,50,0.02
IGG,PGEE,IGFBP-4,1,1,7.0,50,0.02
IGG,PGEE,Kallikrein 6/Neurosin,1,1,8.0,50,0.02
IGG,PGEE,Angiopoietin-like Protein 3/ANGPTL3,1,1,9.0,50,0.02
IGG,PGEE,Coagulation Factor II/Tissue Factor,1,1,10.0,50,0.02
IGG,PGEE,ErbB2/Her3,1,1,10.0,50,0.02
IGG,RandomForest,BCMA/TNFRSF17,208,50,2.326923076923077,50,1.0
IGG,RandomForest,Proprotein Convertase 9/PCSK9,169,50,2.6568047337278107,50,1.0
IGG,RandomForest,LBP,162,50,3.345679012345679,50,1.0
IGG,RandomForest,PD-L1/B7-H1,125,50,3.936,50,1.0
IGG,RandomForest,Serpin A10/ZPI,100,49,4.67,50,0.98
IGG,RandomForest,CCL11/Eotaxin,81,48,4.703703703703703,50,0.96
IGG,RandomForest,Complement Component C9,107,47,4.4392523364485985,50,0.94
IGG,RandomForest,Thrombospondin-2,78,45,4.82051282051282,50,0.9
IGG,RandomForest,CD14,52,41,4.3076923076923075,50,0.82
IGG,RandomForest,CEACAM-1/CD66a,37,29,5.378378378378378,50,0.58
IGG,RandomForest,MCAM/CD146,33,29,5.696969696969697,50,0.58
IGG,RandomForest,CXCL2/GRO beta/MIP-2/CINC-3,36,27,4.305555555555555,50,0.54
IGG,RandomForest,CD40 Ligand/TNFSF5,24,24,6.375,50,0.48
IGG,RandomForest,M-CSF,25,23,4.92,50,0.46
IGG,RandomForest,IL-4R alpha,24,22,5.041666666666667,50,0.44
IGG,RandomForest,Galectin-9,28,22,6.607142857142857,50,0.44
IGG,RandomForest,Furin,22,20,6.318181818181818,50,0.4
IGG,RandomForest,Contactin-1,18,17,6.111111111111111,50,0.34
IGG,RandomForest,TIMP-1,17,16,5.352941176470588,50,0.32
IGG,RandomForest,CXCL6/GCP-2,12,12,6.333333333333333,50,0.24
IGG,RandomForest,Galectin-3BP/MAC-2BP,12,12,6.5,50,0.24
IGG,RandomForest,Alpha-1-Microglobulin,11,11,5.7272727272727275,50,0.22
IGG,RandomForest,MMP-7,10,10,7.5,50,0.2
IGG,RandomForest,L-Selectin/CD62L,9,9,7.0,50,0.18
IGG,RandomForest,LRG1,10,9,7.0,50,0.18
IGG,RandomForest,IL-36 beta/IL-1F8,9,9,7.111111111111111,50,0.18
IGG,RandomForest,Thrombopoietin/Tpo,9,9,7.111111111111111,50,0.18
IGG,RandomForest,Protein S/PROS1,9,8,3.7777777777777777,50,0.16
IGG,RandomForest,MIA,8,8,6.375,50,0.16
IGG,RandomForest,alpha 2-Macroglobulin,7,7,7.714285714285714,50,0.14
IGG,RandomForest,Myeloperoxidase/MPO,7,6,6.428571428571429,50,0.12
IGG,RandomForest,VAP-1/AOC3,6,6,7.0,50,0.12
IGG,RandomForest,beta2-Microglobulin,6,5,5.833333333333333,50,0.1
IGG,RandomForest,IL-2,4,4,5.75,50,0.08
IGG,RandomForest,MMP-8,4,4,6.25,50,0.08
IGG,RandomForest,Complement Component C2,4,4,6.5,50,0.08
IGG,RandomForest,BAFF/BLyS/TNFSF13B,4,4,6.75,50,0.08
IGG,RandomForest,SCGF/CLEC11a,3,3,5.666666666666667,50,0.06
IGG,RandomForest,TGF-beta 2,3,3,6.333333333333333,50,0.06
IGG,RandomForest,Granzyme A,3,3,8.333333333333334,50,0.06
IGG,RandomForest,IL-10,2,2,7.0,50,0.04
IGG,RandomForest,MBL,2,2,7.0,50,0.04
IGG,RandomForest,Fibroblast Activation Protein alpha/FAP,2,2,7.5,50,0.04
IGG,RandomForest,Granzyme B,2,2,7.5,50,0.04
IGG,RandomForest,CCL19/MIP-3 beta,2,2,8.5,50,0.04
IGG,RandomForest,EGF,2,2,9.5,50,0.04
IGG,RandomForest,ICAM-1/CD54,2,2,10.0,50,0.04
IGG,RandomForest,Galectin-3,1,1,3.0,50,0.02
IGG,RandomForest,Fas Ligand/TNFSF6,1,1,6.0,50,0.02
IGG,RandomForest,TRAIL/TNFSF10,1,1,8.0,50,0.02
IGG,RandomForest,CXCL-11/I-TAC,1,1,9.0,50,0.02
IGG,RandomForest,LIGHT/TNFSF14,1,1,9.0,50,0.02
IGG,RandomForest,Myoglobin,1,1,9.0,50,0.02
IGG,RandomForest,FGF basic/FGF2/bFGF,1,1,10.0,50,0.02
IGG,RandomForest,IL-23,1,1,10.0,50,0.02
IGG,RandomForest,TREM-1,1,1,10.0,50,0.02
IGG,SNN-FS,TREM-1,226,50,2.0973451327433628,50,1.0
IGG,SNN-FS,M-CSF,236,50,2.1016949152542375,50,1.0
IGG,SNN-FS,Thrombospondin-2,175,50,3.8,50,1.0
IGG,SNN-FS,Lipocalin-2/NGAL,104,50,4.0,50,1.0
IGG,SNN-FS,BCMA/TNFRSF17,138,50,4.420289855072464,50,1.0
IGG,SNN-FS,Protein S/PROS1,136,50,4.470588235294118,50,1.0
IGG,SNN-FS,MIA,70,44,6.614285714285714,50,0.88
IGG,SNN-FS,MCAM/CD146,63,42,6.015873015873016,50,0.84
IGG,SNN-FS,CXCL10/IP-10/CRG-2,50,38,6.74,50,0.76
IGG,SNN-FS,MMP-8,41,32,4.926829268292683,50,0.64
IGG,SNN-FS,ICAM-1/CD54,42,32,7.214285714285714,50,0.64
IGG,SNN-FS,Serpin A10/ZPI,42,31,6.5,50,0.62
IGG,SNN-FS,PD-L1/B7-H1,29,27,4.9655172413793105,50,0.54
IGG,SNN-FS,Granzyme B,26,26,5.8076923076923075,50,0.52
IGG,SNN-FS,CCL19/MIP-3 beta,28,25,6.571428571428571,50,0.5
IGG,SNN-FS,SCF/c-Kit Ligand,29,25,7.482758620689655,50,0.5
IGG,SNN-FS,LIF,26,23,7.538461538461538,50,0.46
IGG,SNN-FS,Contactin-1,24,21,7.041666666666667,50,0.42
IGG,SNN-FS,Complement Component C9,19,18,5.894736842105263,50,0.36
IGG,SNN-FS,EN-RAGE/S100A12,19,18,5.894736842105263,50,0.36
IGG,SNN-FS,IL-4R alpha,18,18,5.944444444444445,50,0.36
IGG,SNN-FS,TIMP-1,17,17,5.705882352941177,50,0.34
IGG,SNN-FS,vWF-A2,14,14,6.642857142857143,50,0.28
IGG,SNN-FS,Thrombopoietin/Tpo,15,14,7.266666666666667,50,0.28
IGG,SNN-FS,Serpin C1/Antithrombin-III,13,13,7.923076923076923,50,0.26
IGG,SNN-FS,M-CSF R/CD115,13,13,8.153846153846153,50,0.26
IGG,SNN-FS,CCL5/RANTES,10,10,7.1,50,0.2
IGG,SNN-FS,Thrombomodulin/BDCA-3,10,10,7.5,50,0.2
IGG,SNN-FS,beta2-Microglobulin,9,9,6.777777777777778,50,0.18
IGG,SNN-FS,MMP-7,11,9,7.454545454545454,50,0.18
IGG,SNN-FS,TGF-alpha,8,8,6.125,50,0.16
IGG,SNN-FS,CCL11/Eotaxin,8,7,7.25,50,0.14
IGG,SNN-FS,Serpin A4/Kallistatin,6,6,5.333333333333333,50,0.12
IGG,SNN-FS,CA125/MUC16,6,6,6.666666666666667,50,0.12
IGG,SNN-FS,alpha 2-Macroglobulin,6,6,8.333333333333334,50,0.12
IGG,SNN-FS,Myoglobin,5,5,6.2,50,0.1
IGG,SNN-FS,Properdin,5,5,7.0,50,0.1
IGG,SNN-FS,VAP-1/AOC3,4,4,6.0,50,0.08
IGG,SNN-FS,IFN-gamma,4,4,7.25,50,0.08
IGG,SNN-FS,DPPIV/CD26,4,4,8.0,50,0.08
IGG,SNN-FS,ST2/IL-33R,4,4,8.0,50,0.08
IGG,SNN-FS,Galectin-9,2,2,4.5,50,0.04
IGG,SNN-FS,CXCL6/GCP-2,2,2,6.0,50,0.04
IGG,SNN-FS,HE4/WFDC2,2,2,6.5,50,0.04
IGG,SNN-FS,IL-8/CXCL8,2,2,6.5,50,0.04
IGG,SNN-FS,MMP-2,2,2,7.5,50,0.04
IGG,SNN-FS,CCL3/MIP-1 alpha,2,2,9.0,50,0.04
IGG,SNN-FS,Complement Component C5a,2,2,9.0,50,0.04
IGG,SNN-FS,TGF-beta1,2,2,9.0,50,0.04
IGG,SNN-FS,Endocan/ESM-1,1,1,5.0,50,0.02
IGG,SNN-FS,Neuregulin-1 beta 1/NRG1 beta 1,1,1,6.0,50,0.02
IGG,SNN-FS,PDGF-AA,1,1,6.0,50,0.02
IGG,SNN-FS,BMP-10,1,1,8.0,50,0.02
IGG,SNN-FS,CX3CL1/Fractalkine,1,1,8.0,50,0.02
IGG,SNN-FS,Coagulation Factor XIV/Protein C,1,1,8.0,50,0.02
IGG,SNN-FS,Collagen I alpha 1,1,1,8.0,50,0.02
IGG,SNN-FS,IL-23,1,1,8.0,50,0.02
IGG,SNN-FS,IL-31,1,1,8.0,50,0.02
IGG,SNN-FS,LRG1,1,1,8.0,50,0.02
IGG,SNN-FS,CCL23/MPIF-1,1,1,9.0,50,0.02
IGG,SNN-FS,Leptin/OB,1,1,9.0,50,0.02
IGG,SNN-FS,MAdCAM-1,1,1,9.0,50,0.02
IGG,SNN-FS,SP-D,1,1,9.0,50,0.02
IGG,SNN-FS,Fas Ligand/TNFSF6,1,1,10.0,50,0.02
IGG,SNN-FS,IGFBP-4,1,1,10.0,50,0.02
IGG,SNN-FS,MMP-13,1,1,10.0,50,0.02
IGG,StabilitySelection,M-CSF,237,50,1.4641350210970465,50,1.0
IGG,StabilitySelection,Thrombospondin-2,190,50,2.7526315789473683,50,1.0
IGG,StabilitySelection,Protein S/PROS1,158,50,3.8227848101265822,50,1.0
IGG,StabilitySelection,TREM-1,146,49,3.4657534246575343,50,0.98
IGG,StabilitySelection,BCMA/TNFRSF17,85,48,4.305882352941176,50,0.96
IGG,StabilitySelection,MCAM/CD146,98,46,4.816326530612245,50,0.92
IGG,StabilitySelection,Contactin-1,58,43,5.0344827586206895,50,0.86
IGG,StabilitySelection,Serpin C1/Antithrombin-III,49,36,5.877551020408164,50,0.72
IGG,StabilitySelection,CCL19/MIP-3 beta,44,33,5.545454545454546,50,0.66
IGG,StabilitySelection,alpha 2-Macroglobulin,39,31,6.615384615384615,50,0.62
IGG,StabilitySelection,MMP-7,37,30,7.108108108108108,50,0.6
IGG,StabilitySelection,ICAM-1/CD54,25,23,6.6,50,0.46
IGG,StabilitySelection,CCL11/Eotaxin,22,22,4.909090909090909,50,0.44
IGG,StabilitySelection,Lipocalin-2/NGAL,24,22,5.666666666666667,50,0.44
IGG,StabilitySelection,LIF,25,22,5.88,50,0.44
IGG,StabilitySelection,SCF/c-Kit Ligand,22,20,6.2727272727272725,50,0.4
IGG,StabilitySelection,Thrombopoietin/Tpo,16,16,5.9375,50,0.32
IGG,StabilitySelection,Complement Component C9,18,16,6.055555555555555,50,0.32
IGG,StabilitySelection,vWF-A2,15,15,5.666666666666667,50,0.3
IGG,StabilitySelection,Myoglobin,19,15,6.578947368421052,50,0.3
IGG,StabilitySelection,CA125/MUC16,14,13,5.642857142857143,50,0.26
IGG,StabilitySelection,MMP-8,15,12,6.933333333333334,50,0.24
IGG,StabilitySelection,TGF-alpha,12,11,6.75,50,0.22
IGG,StabilitySelection,Reg3A,10,10,7.7,50,0.2
IGG,StabilitySelection,M-CSF R/CD115,9,9,5.666666666666667,50,0.18
IGG,StabilitySelection,L-Selectin/CD62L,9,9,6.444444444444445,50,0.18
IGG,StabilitySelection,CCL5/RANTES,7,7,4.0,50,0.14
IGG,StabilitySelection,Coagulation Factor XIV/Protein C,7,7,6.285714285714286,50,0.14
IGG,StabilitySelection,Serpin B3/SCCA1,7,7,7.857142857142857,50,0.14
IGG,StabilitySelection,PD-L1/B7-H1,5,5,3.6,50,0.1
IGG,StabilitySelection,Alpha-1-Microglobulin,5,5,5.4,50,0.1
IGG,StabilitySelection,Growth Hormone,5,5,6.8,50,0.1
IGG,StabilitySelection,IFN-alpha,5,5,7.2,50,0.1
IGG,StabilitySelection,IL-23,4,4,3.75,50,0.08
IGG,StabilitySelection,Serpin A10/ZPI,4,4,5.5,50,0.08
IGG,StabilitySelection,IGFBP-4,4,4,5.75,50,0.08
IGG,StabilitySelection,CXCL10/IP-10/CRG-2,4,4,6.75,50,0.08
IGG,StabilitySelection,CCL22/MDC,4,4,7.25,50,0.08
IGG,StabilitySelection,MIA,4,4,8.75,50,0.08
IGG,StabilitySelection,FABP4/A-FABP,4,4,9.0,50,0.08
IGG,StabilitySelection,BAFF/BLyS/TNFSF13B,3,3,3.6666666666666665,50,0.06
IGG,StabilitySelection,IL-4R alpha,3,3,6.333333333333333,50,0.06
IGG,StabilitySelection,VAP-1/AOC3,3,3,7.333333333333333,50,0.06
IGG,StabilitySelection,IL-1 alpha/IL1-1F1,3,3,8.333333333333334,50,0.06
IGG,StabilitySelection,IL-33,2,2,4.5,50,0.04
IGG,StabilitySelection,IL-11,2,2,6.5,50,0.04
IGG,StabilitySelection,SP-D,2,2,6.5,50,0.04
IGG,StabilitySelection,Aldehyde Dehydrogenase 1-A1/ALDH1A1,2,2,7.0,50,0.04
IGG,StabilitySelection,Fibroblast Activation Protein alpha/FAP,2,2,7.5,50,0.04
IGG,StabilitySelection,Galectin-3BP/MAC-2BP,2,2,9.0,50,0.04
IGG,StabilitySelection,ST2/IL-33R,2,2,9.0,50,0.04
IGG,StabilitySelection,TRAIL/TNFSF10,2,2,9.0,50,0.04
IGG,StabilitySelection,Granzyme B,2,2,9.5,50,0.04
IGG,StabilitySelection,CD14,1,1,3.0,50,0.02
IGG,StabilitySelection,IL-28B/IFN-lambda 3,1,1,3.0,50,0.02
IGG,StabilitySelection,CCL14/HCC-1/HCC-3,1,1,5.0,50,0.02
IGG,StabilitySelection,CD117/c-kit,1,1,5.0,50,0.02
IGG,StabilitySelection,Properdin,1,1,5.0,50,0.02
IGG,StabilitySelection,PDGF-AA,1,1,6.0,50,0.02
IGG,StabilitySelection,CCL3/MIP-1 alpha,1,1,8.0,50,0.02
IGG,StabilitySelection,CXCL-11/I-TAC,1,1,8.0,50,0.02
IGG,StabilitySelection,MAdCAM-1,1,1,8.0,50,0.02
IGG,StabilitySelection,Granzyme A,1,1,9.0,50,0.02
IGG,StabilitySelection,IFN-beta,1,1,9.0,50,0.02
IGG,StabilitySelection,TGF-beta 2,1,1,9.0,50,0.02
IGG,StabilitySelection,CCL2/JE/MCP-1,1,1,10.0,50,0.02
IGG,StabilitySelection,CCL23/MPIF-1,1,1,10.0,50,0.02
IGG,StabilitySelection,EN-RAGE/S100A12,1,1,10.0,50,0.02
IGG,StabilitySelection,IL-4,1,1,10.0,50,0.02
IGG,Stabl-RP,BCMA/TNFRSF17,220,50,1.7227272727272727,50,1.0
IGG,Stabl-RP,Thrombospondin-2,170,50,2.7176470588235295,50,1.0
IGG,Stabl-RP,beta2-Microglobulin,121,50,3.9669421487603307,50,1.0
IGG,Stabl-RP,CCL19/MIP-3 beta,95,48,4.231578947368421,50,0.96
IGG,Stabl-RP,CXCL-11/I-TAC,82,45,4.963414634146342,50,0.9
IGG,Stabl-RP,LBP,70,45,5.671428571428572,50,0.9
IGG,Stabl-RP,CCL11/Eotaxin,70,44,3.7285714285714286,50,0.88
IGG,Stabl-RP,Granzyme B,74,44,5.702702702702703,50,0.88
IGG,Stabl-RP,Serpin A10/ZPI,62,43,4.693548387096774,50,0.86
IGG,Stabl-RP,Protein S/PROS1,54,42,4.722222222222222,50,0.84
IGG,Stabl-RP,PD-L1/B7-H1,50,41,4.68,50,0.82
IGG,Stabl-RP,Complement Component C9,52,37,6.230769230769231,50,0.74
IGG,Stabl-RP,IL-8/CXCL8,48,34,5.479166666666667,50,0.68
IGG,Stabl-RP,HE4/WFDC2,41,34,6.2926829268292686,50,0.68
IGG,Stabl-RP,CXCL6/GCP-2,41,31,4.585365853658536,50,0.62
IGG,Stabl-RP,CD14,32,28,5.9375,50,0.56
IGG,Stabl-RP,MMP-7,27,26,5.074074074074074,50,0.52
IGG,Stabl-RP,L-Selectin/CD62L,22,21,5.181818181818182,50,0.42
IGG,Stabl-RP,Complement Component C2,22,20,5.636363636363637,50,0.4
IGG,Stabl-RP,Galectin-9,20,19,6.05,50,0.38
IGG,Stabl-RP,IL-23,20,18,5.55,50,0.36
IGG,Stabl-RP,TIMP-1,20,18,6.35,50,0.36
IGG,Stabl-RP,IL-4R alpha,20,18,6.85,50,0.36
IGG,Stabl-RP,Serpin C1/Antithrombin-III,18,17,6.944444444444445,50,0.34
IGG,Stabl-RP,CXCL10/IP-10/CRG-2,16,15,5.875,50,0.3
IGG,Stabl-RP,LRG1,13,12,6.769230769230769,50,0.24
IGG,Stabl-RP,ICAM-1/CD54,11,11,5.0,50,0.22
IGG,Stabl-RP,OSteopontin/OPN,11,10,7.2727272727272725,50,0.2
IGG,Stabl-RP,Reg3A,7,7,5.428571428571429,50,0.14
IGG,Stabl-RP,IL-2,6,6,4.666666666666667,50,0.12
IGG,Stabl-RP,FABP4/A-FABP,6,6,5.833333333333333,50,0.12
IGG,Stabl-RP,Alpha-1-Microglobulin,6,6,6.0,50,0.12
IGG,Stabl-RP,Furin,5,5,5.0,50,0.1
IGG,Stabl-RP,VAP-1/AOC3,5,5,6.4,50,0.1
IGG,Stabl-RP,TRANCE/TNFSF11/RANK L,5,5,6.6,50,0.1
IGG,Stabl-RP,Thrombopoietin/Tpo,3,3,4.666666666666667,50,0.06
IGG,Stabl-RP,vWF-A2,2,2,3.0,50,0.04
IGG,Stabl-RP,CCL14/HCC-1/HCC-3,2,2,6.5,50,0.04
IGG,Stabl-RP,CEACAM-1/CD66a,3,2,7.333333333333333,50,0.04
IGG,Stabl-RP,Syndecan-1/CD138,2,2,7.5,50,0.04
IGG,Stabl-RP,SCGF/CLEC11a,2,2,8.0,50,0.04
IGG,Stabl-RP,IL-12 p70,2,2,9.5,50,0.04
IGG,Stabl-RP,GDF-15,2,2,10.0,50,0.04
IGG,Stabl-RP,IL-4,1,1,1.0,50,0.02
IGG,Stabl-RP,P-Selectin/CD62P,1,1,4.0,50,0.02
IGG,Stabl-RP,CCL22/MDC,1,1,5.0,50,0.02
IGG,Stabl-RP,Fibroblast Activation Protein alpha/FAP,1,1,5.0,50,0.02
IGG,Stabl-RP,CCL2/JE/MCP-1,1,1,6.0,50,0.02
IGG,Stabl-RP,Contactin-1,1,1,6.0,50,0.02
IGG,Stabl-RP,Thrombomodulin/BDCA-3,1,1,6.0,50,0.02
IGG,Stabl-RP,Oncostatin M/OSM,1,1,9.0,50,0.02
IGG,Stabl-RP,Myoglobin,1,1,10.0,50,0.02
IGG,Stabl-RP,TFF3,1,1,10.0,50,0.02
IGG,geeVerse,TRAIL/TNFSF10,187,50,1.267379679144385,50,1.0
IGG,geeVerse,P-Selectin/CD62P,137,50,2.1751824817518246,50,1.0
IGG,geeVerse,PD-L1/B7-H1,68,50,2.514705882352941,50,1.0
IGG,geeVerse,L-Selectin/CD62L,180,50,3.3722222222222222,50,1.0
IGG,geeVerse,TFF3,70,48,2.057142857142857,50,0.96
IGG,geeVerse,FABP4/A-FABP,81,48,4.728395061728395,50,0.96
IGG,geeVerse,CXCL6/GCP-2,104,47,5.326923076923077,50,0.94
IGG,geeVerse,CCL11/Eotaxin,88,45,6.465909090909091,50,0.9
IGG,geeVerse,OSteopontin/OPN,40,39,3.25,50,0.78
IGG,geeVerse,vWF-A2,40,33,7.55,50,0.66
IGG,geeVerse,Nectin-4,31,28,3.2580645161290325,50,0.56
IGG,geeVerse,CD40 Ligand/TNFSF5,34,25,6.294117647058823,50,0.5
IGG,geeVerse,IL-23,29,23,7.931034482758621,50,0.46
IGG,geeVerse,Syndecan-1/CD138,22,22,2.6818181818181817,50,0.44
IGG,geeVerse,IL-36 beta/IL-1F8,23,20,4.739130434782608,50,0.4
IGG,geeVerse,CXCL10/IP-10/CRG-2,24,20,8.833333333333334,50,0.4
IGG,geeVerse,Angiopoietin-like Protein 3/ANGPTL3,21,19,7.142857142857143,50,0.38
IGG,geeVerse,Thrombomodulin/BDCA-3,20,18,9.2,50,0.36
IGG,geeVerse,TRAIL R2/TNFRSF10B,17,17,9.294117647058824,50,0.34
IGG,geeVerse,IL-17E/IL-25,15,15,5.866666666666666,50,0.3
IGG,geeVerse,TGF-beta 2,15,14,1.0666666666666667,50,0.28
IGG,geeVerse,IL-3,16,14,5.3125,50,0.28
IGG,geeVerse,Serpin B3/SCCA1,14,14,9.428571428571429,50,0.28
IGG,geeVerse,uPAR,14,13,8.571428571428571,50,0.26
IGG,geeVerse,Complement C1q,12,12,1.0833333333333333,50,0.24
IGG,geeVerse,PDGF-AA,12,12,3.4166666666666665,50,0.24
IGG,geeVerse,PDGF-DD,12,11,1.25,50,0.22
IGG,geeVerse,GDF-15,12,11,7.583333333333333,50,0.22
IGG,geeVerse,Nephrin,10,10,3.4,50,0.2
IGG,geeVerse,Thrombospondin-2,8,8,9.375,50,0.16
IGG,geeVerse,VEGFR1/Flt-1,7,7,1.0,50,0.14
IGG,geeVerse,Proprotein Convertase 9/PCSK9,7,7,2.2857142857142856,50,0.14
IGG,geeVerse,Reg3A,6,6,9.833333333333334,50,0.12
IGG,geeVerse,MIA,5,5,4.4,50,0.1
IGG,geeVerse,Growth Hormone,5,5,7.0,50,0.1
IGG,geeVerse,TRANCE/TNFSF11/RANK L,5,5,8.0,50,0.1
IGG,geeVerse,IFN-alpha,5,5,8.2,50,0.1
IGG,geeVerse,SCGF/CLEC11a,4,4,9.75,50,0.08
IGG,geeVerse,BDNF,3,3,1.0,50,0.06
IGG,geeVerse,TGF-beta1,3,3,1.3333333333333333,50,0.06
IGG,geeVerse,Dkk-1,3,3,8.666666666666666,50,0.06
IGG,geeVerse,BCMA/TNFRSF17,2,2,1.0,50,0.04
IGG,geeVerse,CXCL12,2,2,1.0,50,0.04
IGG,geeVerse,CCL19/MIP-3 beta,2,2,2.0,50,0.04
IGG,geeVerse,Serpin A10/ZPI,2,2,3.0,50,0.04
IGG,geeVerse,M-CSF,2,2,6.5,50,0.04
IGG,geeVerse,EGF,2,2,8.0,50,0.04
IGG,geeVerse,ST2/IL-33R,1,1,5.0,50,0.02
IGG,geeVerse,LIF,1,1,6.0,50,0.02
IGG,geeVerse,ENPP-2/Autotaxin,1,1,7.0,50,0.02
IGG,geeVerse,IL-7,1,1,7.0,50,0.02
IGG,geeVerse,IL-18/IL-1F4,1,1,8.0,50,0.02
IGG,geeVerse,MICA,1,1,8.0,50,0.02
IGG,geeVerse,CXCL1/GRO alpha/KC/CINC-1,1,1,9.0,50,0.02
IGG,geeVerse,IL-33,1,1,9.0,50,0.02
IGG,geeVerse,Chitinase 3-like 1,1,1,10.0,50,0.02
IGG,geeVerse,Fas Ligand/TNFSF6,1,1,10.0,50,0.02
IGG,geeVerse,IL-15,1,1,10.0,50,0.02
IGG,geeVerse,MCAM/CD146,1,1,10.0,50,0.02
IGG,glmmLasso,BCMA/TNFRSF17,238,50,1.6512605042016806,50,1.0
IGG,glmmLasso,Protein S/PROS1,172,50,2.383720930232558,50,1.0
IGG,glmmLasso,CCL11/Eotaxin,157,50,3.464968152866242,50,1.0
IGG,glmmLasso,Complement Component C9,110,46,4.027272727272727,50,0.92
IGG,glmmLasso,Thrombospondin-2,40,40,1.725,50,0.8
IGG,glmmLasso,L-Selectin/CD62L,55,37,6.127272727272727,50,0.74
IGG,glmmLasso,CCL19/MIP-3 beta,45,36,3.422222222222222,50,0.72
IGG,glmmLasso,Serpin A10/ZPI,45,33,6.222222222222222,50,0.66
IGG,glmmLasso,MMP-8,30,28,2.066666666666667,50,0.56
IGG,glmmLasso,CD14,39,28,7.333333333333333,50,0.56
IGG,glmmLasso,MMP-7,30,25,7.366666666666666,50,0.5
IGG,glmmLasso,Granzyme B,30,24,3.066666666666667,50,0.48
IGG,glmmLasso,LRG1,28,24,3.4642857142857144,50,0.48
IGG,glmmLasso,CXCL6/GCP-2,28,24,7.464285714285714,50,0.48
IGG,glmmLasso,beta2-Microglobulin,24,21,5.333333333333333,50,0.42
IGG,glmmLasso,PD-L1/B7-H1,19,19,5.105263157894737,50,0.38
IGG,glmmLasso,alpha 2-Macroglobulin,19,18,5.2631578947368425,50,0.36
IGG,glmmLasso,Serpin C1/Antithrombin-III,13,13,4.846153846153846,50,0.26
IGG,glmmLasso,Reg3A,16,13,7.4375,50,0.26
IGG,glmmLasso,Serpin B3/SCCA1,14,12,7.285714285714286,50,0.24
IGG,glmmLasso,Alpha-1-Microglobulin,11,11,7.454545454545454,50,0.22
IGG,glmmLasso,Contactin-1,11,10,2.3636363636363638,50,0.2
IGG,glmmLasso,Myoglobin,10,10,2.5,50,0.2
IGG,glmmLasso,vWF-A2,11,10,7.181818181818182,50,0.2
IGG,glmmLasso,CXCL10/IP-10/CRG-2,9,9,5.888888888888889,50,0.18
IGG,glmmLasso,TRAIL/TNFSF10,9,9,7.222222222222222,50,0.18
IGG,glmmLasso,Myeloperoxidase/MPO,7,7,4.285714285714286,50,0.14
IGG,glmmLasso,IL-23,7,7,5.142857142857143,50,0.14
IGG,glmmLasso,TRAIL R2/TNFRSF10B,7,7,6.285714285714286,50,0.14
IGG,glmmLasso,LBP,7,7,7.428571428571429,50,0.14
IGG,glmmLasso,CD23/Fc epsilon RII,7,7,8.428571428571429,50,0.14
IGG,glmmLasso,VEGF,6,6,4.333333333333333,50,0.12
IGG,glmmLasso,Galectin-9,6,6,5.833333333333333,50,0.12
IGG,glmmLasso,CD40 Ligand/TNFSF5,6,6,6.333333333333333,50,0.12
IGG,glmmLasso,SCGF/CLEC11a,6,6,7.166666666666667,50,0.12
IGG,glmmLasso,CCL14/HCC-1/HCC-3,6,6,9.333333333333334,50,0.12
IGG,glmmLasso,Coagulation Factor XIV/Protein C,5,5,3.4,50,0.1
IGG,glmmLasso,ICAM-1/CD54,5,5,3.6,50,0.1
IGG,glmmLasso,CXCL-11/I-TAC,5,5,4.4,50,0.1
IGG,glmmLasso,IL-8/CXCL8,5,5,6.0,50,0.1
IGG,glmmLasso,Oncostatin M/OSM,5,5,6.4,50,0.1
IGG,glmmLasso,TGF-alpha,4,4,5.0,50,0.08
IGG,glmmLasso,TIMP-1,4,4,8.0,50,0.08
IGG,glmmLasso,VAP-1/AOC3,4,4,8.0,50,0.08
IGG,glmmLasso,MCAM/CD146,3,3,2.6666666666666665,50,0.06
IGG,glmmLasso,Thrombopoietin/Tpo,3,3,2.6666666666666665,50,0.06
IGG,glmmLasso,IL-4R alpha,3,3,3.3333333333333335,50,0.06
IGG,glmmLasso,Complement Component C2,3,3,7.666666666666667,50,0.06
IGG,glmmLasso,M-CSF,2,2,1.0,50,0.04
IGG,glmmLasso,EN-RAGE/S100A12,2,2,2.0,50,0.04
IGG,glmmLasso,IL-2,2,2,3.0,50,0.04
IGG,glmmLasso,CCL5/RANTES,2,2,3.5,50,0.04
IGG,glmmLasso,CXCL9/MIG,2,2,5.5,50,0.04
IGG,glmmLasso,Furin,2,2,6.5,50,0.04
IGG,glmmLasso,FABP4/A-FABP,2,2,7.5,50,0.04
IGG,glmmLasso,Galectin-3BP/MAC-2BP,2,2,7.5,50,0.04
IGG,glmmLasso,Angiopoietin-like Protein 3/ANGPTL3,2,2,9.0,50,0.04
IGG,glmmLasso,IGFBP-4,2,2,9.0,50,0.04
IGG,glmmLasso,FGF basic/FGF2/bFGF,1,1,2.0,50,0.02
IGG,glmmLasso,TREM-1,1,1,2.0,50,0.02
IGG,glmmLasso,IL-4,1,1,3.0,50,0.02
IGG,glmmLasso,BDNF,1,1,4.0,50,0.02
IGG,glmmLasso,IL-36 beta/IL-1F8,1,1,4.0,50,0.02
IGG,glmmLasso,IL-6R alpha,1,1,6.0,50,0.02
IGG,glmmLasso,CCL22/MDC,1,1,7.0,50,0.02
IGG,glmmLasso,Resistin,1,1,8.0,50,0.02
IGG,glmmLasso,CXCL2/GRO beta/MIP-2/CINC-3,1,1,9.0,50,0.02
IGG,glmmLasso,ErbB2/Her3,1,1,9.0,50,0.02
IGG,glmmLasso,CEACAM-1/CD66a,1,1,10.0,50,0.02
IGG,glmmLasso,Kallikrein 6/Neurosin,1,1,10.0,50,0.02
IGG,glmmLasso,TRANCE/TNFSF11/RANK L,1,1,10.0,50,0.02
IGG,mRMR,BCMA/TNFRSF17,240,50,1.6416666666666666,50,1.0
IGG,mRMR,CCL11/Eotaxin,195,50,2.8564102564102565,50,1.0
IGG,mRMR,CD14,116,50,4.172413793103448,50,1.0
IGG,mRMR,Protein S/PROS1,121,49,3.8016528925619837,50,0.98
IGG,mRMR,Serpin B3/SCCA1,80,49,4.6875,50,0.98
IGG,mRMR,MMP-7,105,48,4.9904761904761905,50,0.96
IGG,mRMR,Complement Component C9,91,46,3.8241758241758244,50,0.92
IGG,mRMR,L-Selectin/CD62L,76,45,5.473684210526316,50,0.9
IGG,mRMR,Serpin A10/ZPI,70,44,4.6,50,0.88
IGG,mRMR,CXCL6/GCP-2,51,39,5.666666666666667,50,0.78
IGG,mRMR,VAP-1/AOC3,45,36,6.088888888888889,50,0.72
IGG,mRMR,TRAIL/TNFSF10,34,29,7.029411764705882,50,0.58
IGG,mRMR,CD23/Fc epsilon RII,29,25,7.241379310344827,50,0.5
IGG,mRMR,Alpha-1-Microglobulin,23,22,7.608695652173913,50,0.44
IGG,mRMR,vWF-A2,20,20,5.6,50,0.4
IGG,mRMR,Thrombospondin-2,19,19,5.2105263157894735,50,0.38
IGG,mRMR,Reg3A,19,18,7.157894736842105,50,0.36
IGG,mRMR,alpha 2-Macroglobulin,17,17,6.0588235294117645,50,0.34
IGG,mRMR,Galectin-3BP/MAC-2BP,16,16,6.5625,50,0.32
IGG,mRMR,PD-L1/B7-H1,15,15,4.0,50,0.3
IGG,mRMR,CCL19/MIP-3 beta,17,15,5.235294117647059,50,0.3
IGG,mRMR,FABP4/A-FABP,13,13,6.0,50,0.26
IGG,mRMR,LRG1,13,11,7.230769230769231,50,0.22
IGG,mRMR,Complement Component C2,11,11,7.2727272727272725,50,0.22
IGG,mRMR,Furin,10,10,5.3,50,0.2
IGG,mRMR,SCGF/CLEC11a,8,8,5.375,50,0.16
IGG,mRMR,Granzyme B,8,8,5.875,50,0.16
IGG,mRMR,Thrombopoietin/Tpo,7,7,5.571428571428571,50,0.14
IGG,mRMR,LBP,5,5,5.8,50,0.1
IGG,mRMR,MMP-8,5,5,7.2,50,0.1
IGG,mRMR,P-Selectin/CD62P,4,4,5.0,50,0.08
IGG,mRMR,Myoglobin,4,4,5.75,50,0.08
IGG,mRMR,IL-2,4,4,7.5,50,0.08
IGG,mRMR,Serpin C1/Antithrombin-III,4,4,9.0,50,0.08
IGG,mRMR,VEGF,3,3,5.666666666666667,50,0.06
IGG,mRMR,CD40 Ligand/TNFSF5,3,3,6.0,50,0.06
IGG,mRMR,Leptin/OB,3,3,8.666666666666666,50,0.06
IGG,mRMR,Contactin-1,2,2,6.5,50,0.04
IGG,mRMR,TGF-alpha,2,2,7.5,50,0.04
IGG,mRMR,ICAM-1/CD54,2,2,8.0,50,0.04
IGG,mRMR,ErbB2/Her3,2,2,8.5,50,0.04
IGG,mRMR,Angiopoietin-like Protein 3/ANGPTL3,2,2,9.0,50,0.04
IGG,mRMR,CXCL9/MIG,2,2,9.0,50,0.04
IGG,mRMR,CXCL10/IP-10/CRG-2,2,2,10.0,50,0.04
IGG,mRMR,CEACAM-1/CD66a,1,1,3.0,50,0.02
IGG,mRMR,IGFBP-2,1,1,5.0,50,0.02
IGG,mRMR,IL-23,1,1,5.0,50,0.02
IGG,mRMR,TRANCE/TNFSF11/RANK L,1,1,5.0,50,0.02
IGG,mRMR,IL-6R alpha,1,1,6.0,50,0.02
IGG,mRMR,Oncostatin M/OSM,1,1,6.0,50,0.02
IGG,mRMR,CCL14/HCC-1/HCC-3,1,1,7.0,50,0.02
IGG,mRMR,Myeloperoxidase/MPO,1,1,7.0,50,0.02
IGG,mRMR,FGF basic/FGF2/bFGF,1,1,8.0,50,0.02
IGG,mRMR,IL-4R alpha,1,1,8.0,50,0.02
IGG,mRMR,TRAIL R2/TNFRSF10B,1,1,8.0,50,0.02
IGG,mRMR,VEGFR1/Flt-1,1,1,8.0,50,0.02
IGG,mRMR,CXCL-11/I-TAC,1,1,9.0,50,0.02
IGM,Boruta,ST2/IL-33R,181,50,2.596685082872928,50,1.0
IGM,Boruta,Fetuin A/AHSG,99,49,3.5454545454545454,50,0.98
IGM,Boruta,EGF,95,48,4.294736842105263,50,0.96
IGM,Boruta,TGF-alpha,77,46,3.6103896103896105,50,0.92
IGM,Boruta,Proprotein Convertase 9/PCSK9,93,45,3.817204301075269,50,0.9
IGM,Boruta,uPAR,82,44,4.024390243902439,50,0.88
IGM,Boruta,L-Selectin/CD62L,65,43,4.7846153846153845,50,0.86
IGM,Boruta,MMP-8,70,42,3.6857142857142855,50,0.84
IGM,Boruta,CCL5/RANTES,73,42,4.410958904109589,50,0.84
IGM,Boruta,IL-10,57,40,4.578947368421052,50,0.8
IGM,Boruta,IL-17E/IL-25,56,38,4.964285714285714,50,0.76
IGM,Boruta,M-CSF,43,34,4.930232558139535,50,0.68
IGM,Boruta,TGF-beta 2,45,33,4.666666666666667,50,0.66
IGM,Boruta,CXCL2/GRO beta/MIP-2/CINC-3,44,31,4.454545454545454,50,0.62
IGM,Boruta,CXCL1/GRO alpha/KC/CINC-1,39,31,5.6923076923076925,50,0.62
IGM,Boruta,CA15-3/MUC-1,38,30,4.0,50,0.6
IGM,Boruta,Contactin-1,29,28,4.793103448275862,50,0.56
IGM,Boruta,Serpin A4/Kallistatin,30,26,6.066666666666666,50,0.52
IGM,Boruta,PD-L1/B7-H1,29,25,5.379310344827586,50,0.5
IGM,Boruta,Thrombospondin-2,27,25,5.814814814814815,50,0.5
IGM,Boruta,BAFF/BLyS/TNFSF13B,25,23,5.32,50,0.46
IGM,Boruta,Myeloperoxidase/MPO,24,20,5.291666666666667,50,0.4
IGM,Boruta,Galectin-3,22,18,4.545454545454546,50,0.36
IGM,Boruta,Galectin-9,19,17,5.2631578947368425,50,0.34
IGM,Boruta,Pentraxin 3/TSG-14,17,16,4.647058823529412,50,0.32
IGM,Boruta,Resistin,15,15,5.6,50,0.3
IGM,Boruta,GDF-15,14,14,6.357142857142857,50,0.28
IGM,Boruta,IL-4R alpha,13,13,5.923076923076923,50,0.26
IGM,Boruta,Myoglobin,12,12,4.75,50,0.24
IGM,Boruta,TGF-beta1,12,12,5.5,50,0.24
IGM,Boruta,Protein S/PROS1,12,12,6.5,50,0.24
IGM,Boruta,CCL22/MDC,11,11,6.181818181818182,50,0.22
IGM,Boruta,TIMP-1,10,10,6.1,50,0.2
IGM,Boruta,IL-36 beta/IL-1F8,10,10,6.2,50,0.2
IGM,Boruta,IL-13,10,9,4.7,50,0.18
IGM,Boruta,IL-7,9,9,7.333333333333333,50,0.18
IGM,Boruta,VCAM-1/CD106,8,8,5.125,50,0.16
IGM,Boruta,IL-3,8,8,6.25,50,0.16
IGM,Boruta,Nephrin,10,8,7.6,50,0.16
IGM,Boruta,Syndecan-1/CD138,7,7,5.428571428571429,50,0.14
IGM,Boruta,MICA,6,6,7.666666666666667,50,0.12
IGM,Boruta,CA125/MUC16,5,5,4.8,50,0.1
IGM,Boruta,Angiopoietin-like Protein 3/ANGPTL3,4,4,5.0,50,0.08
IGM,Boruta,ENPP-2/Autotaxin,4,4,5.25,50,0.08
IGM,Boruta,IGFBP-1,4,4,5.25,50,0.08
IGM,Boruta,IL-11,4,4,5.5,50,0.08
IGM,Boruta,SCGF/CLEC11a,4,4,5.5,50,0.08
IGM,Boruta,BMP-10,4,4,6.0,50,0.08
IGM,Boruta,Angiopoietin-1,5,4,6.2,50,0.08
IGM,Boruta,CD40 Ligand/TNFSF5,4,4,6.75,50,0.08
IGM,Boruta,CD23/Fc epsilon RII,4,4,7.25,50,0.08
IGM,Boruta,ErbB2/Her3,4,4,7.5,50,0.08
IGM,Boruta,CEACAM-1/CD66a,5,4,8.6,50,0.08
IGM,Boruta,HGF,4,4,8.75,50,0.08
IGM,Boruta,LIGHT/TNFSF14,3,3,3.6666666666666665,50,0.06
IGM,Boruta,Galectin-3BP/MAC-2BP,3,3,4.666666666666667,50,0.06
IGM,Boruta,Dkk-1,3,3,6.0,50,0.06
IGM,Boruta,Lipocalin-2/NGAL,3,3,6.666666666666667,50,0.06
IGM,Boruta,ADAMTS13,3,3,7.0,50,0.06
IGM,Boruta,EN-RAGE/S100A12,3,3,7.0,50,0.06
IGM,Boruta,PDGF-AA,3,3,9.0,50,0.06
IGM,Boruta,LIF,2,2,2.0,50,0.04
IGM,Boruta,P-Selectin/CD62P,2,2,3.5,50,0.04
IGM,Boruta,CCL11/Eotaxin,2,2,5.0,50,0.04
IGM,Boruta,Endocan/ESM-1,2,2,5.5,50,0.04
IGM,Boruta,Furin,2,2,6.5,50,0.04
IGM,Boruta,MCAM/CD146,2,2,7.0,50,0.04
IGM,Boruta,TNF-alpha,2,2,7.0,50,0.04
IGM,Boruta,APRIL/TNFSF13,2,2,7.5,50,0.04
IGM,Boruta,SP-D,2,2,7.5,50,0.04
IGM,Boruta,Nectin-4,1,1,2.0,50,0.02
IGM,Boruta,PDGF-DD,1,1,2.0,50,0.02
IGM,Boruta,Flt-3 Ligand/FLT3L,1,1,3.0,50,0.02
IGM,Boruta,IL-12/IL-23 p40,1,1,4.0,50,0.02
IGM,Boruta,alpha 2-Macroglobulin,1,1,4.0,50,0.02
IGM,Boruta,G-CSF,1,1,5.0,50,0.02
IGM,Boruta,IL-2,1,1,5.0,50,0.02
IGM,Boruta,IL-5,1,1,7.0,50,0.02
IGM,Boruta,CCL4/MIP-1 beta,1,1,8.0,50,0.02
IGM,Boruta,Fas Ligand/TNFSF6,1,1,8.0,50,0.02
IGM,Boruta,MAdCAM-1,1,1,8.0,50,0.02
IGM,Boruta,NT-4,1,1,8.0,50,0.02
IGM,Boruta,MMP-2,1,1,9.0,50,0.02
IGM,Boruta,Serpin B3/SCCA1,1,1,9.0,50,0.02
IGM,Boruta,Chitinase 3-like 1,1,1,10.0,50,0.02
IGM,Boruta,Complement Component C9,1,1,10.0,50,0.02
IGM,Boruta,VEGFR1/Flt-1,1,1,10.0,50,0.02
IGM,ElasticNet,CCL5/RANTES,214,50,1.8177570093457944,50,1.0
IGM,ElasticNet,Thrombospondin-2,134,50,3.0970149253731343,50,1.0
IGM,ElasticNet,CXCL2/GRO beta/MIP-2/CINC-3,140,50,3.2928571428571427,50,1.0
IGM,ElasticNet,BAFF/BLyS/TNFSF13B,100,49,4.05,50,0.98
IGM,ElasticNet,M-CSF,107,49,4.981308411214953,50,0.98
IGM,ElasticNet,Follistatin-related Gene Protein/FLRG,100,48,3.88,50,0.96
IGM,ElasticNet,IL-7,79,46,3.367088607594937,50,0.92
IGM,ElasticNet,Contactin-1,74,46,4.54054054054054,50,0.92
IGM,ElasticNet,CX3CL1/Fractalkine,61,40,4.852459016393443,50,0.8
IGM,ElasticNet,Fetuin A/AHSG,43,34,6.5813953488372094,50,0.68
IGM,ElasticNet,LBP,42,32,5.119047619047619,50,0.64
IGM,ElasticNet,LIF,34,32,5.5,50,0.64
IGM,ElasticNet,L-Selectin/CD62L,28,27,5.607142857142857,50,0.54
IGM,ElasticNet,ErbB2/Her3,29,25,6.517241379310345,50,0.5
IGM,ElasticNet,Galectin-9,27,24,4.666666666666667,50,0.48
IGM,ElasticNet,DPPIV/CD26,34,24,4.970588235294118,50,0.48
IGM,ElasticNet,Myoglobin,24,24,5.75,50,0.48
IGM,ElasticNet,Galectin-3,15,15,6.466666666666667,50,0.3
IGM,ElasticNet,HE4/WFDC2,14,14,5.714285714285714,50,0.28
IGM,ElasticNet,Serpin B3/SCCA1,14,14,7.0,50,0.28
IGM,ElasticNet,Dkk-1,11,11,5.363636363636363,50,0.22
IGM,ElasticNet,CD163,11,11,6.090909090909091,50,0.22
IGM,ElasticNet,CD23/Fc epsilon RII,11,11,6.818181818181818,50,0.22
IGM,ElasticNet,IL-18/IL-1F4,10,10,4.1,50,0.2
IGM,ElasticNet,CA15-3/MUC-1,10,10,5.4,50,0.2
IGM,ElasticNet,Neuregulin-1 beta 1/NRG1 beta 1,10,10,5.8,50,0.2
IGM,ElasticNet,VEGFR1/Flt-1,9,9,5.444444444444445,50,0.18
IGM,ElasticNet,IGFBP-1,10,9,6.3,50,0.18
IGM,ElasticNet,CA125/MUC16,9,9,7.0,50,0.18
IGM,ElasticNet,CCL11/Eotaxin,8,8,5.75,50,0.16
IGM,ElasticNet,Prolactin,8,8,6.625,50,0.16
IGM,ElasticNet,CD31/PECAM-1,7,7,5.428571428571429,50,0.14
IGM,ElasticNet,CXCL1/GRO alpha/KC/CINC-1,7,7,5.428571428571429,50,0.14
IGM,ElasticNet,CXCL6/GCP-2,7,7,5.571428571428571,50,0.14
IGM,ElasticNet,Nectin-4,7,7,5.571428571428571,50,0.14
IGM,ElasticNet,CCL2/JE/MCP-1,7,6,7.285714285714286,50,0.12
IGM,ElasticNet,Serpin A10/ZPI,5,5,6.6,50,0.1
IGM,ElasticNet,VAP-1/AOC3,5,5,7.2,50,0.1
IGM,ElasticNet,CD117/c-kit,5,5,8.2,50,0.1
IGM,ElasticNet,IL-1 beta/IL-1F2,4,4,5.5,50,0.08
IGM,ElasticNet,Lipocalin-2/NGAL,4,4,6.5,50,0.08
IGM,ElasticNet,CXCL10/IP-10/CRG-2,4,4,7.25,50,0.08
IGM,ElasticNet,IL-12/IL-23 p40,4,4,7.5,50,0.08
IGM,ElasticNet,CCL4/MIP-1 beta,4,4,7.75,50,0.08
IGM,ElasticNet,Furin,4,4,8.75,50,0.08
IGM,ElasticNet,Nephrin,3,3,5.0,50,0.06
IGM,ElasticNet,MMP-8,3,3,7.0,50,0.06
IGM,ElasticNet,CXCL9/MIG,2,2,5.0,50,0.04
IGM,ElasticNet,Complement Component C5a,2,2,5.5,50,0.04
IGM,ElasticNet,IFN-gamma,2,2,6.0,50,0.04
IGM,ElasticNet,MAdCAM-1,2,2,7.5,50,0.04
IGM,ElasticNet,M-CSF R/CD115,2,2,8.5,50,0.04
IGM,ElasticNet,Proprotein Convertase 9/PCSK9,2,2,9.5,50,0.04
IGM,ElasticNet,CXCL13/BLC/BCA-1,2,2,10.0,50,0.04
IGM,ElasticNet,Reg3A,2,2,10.0,50,0.04
IGM,ElasticNet,GDF-15,1,1,1.0,50,0.02
IGM,ElasticNet,IGFBP-4,1,1,2.0,50,0.02
IGM,ElasticNet,VEGF,1,1,2.0,50,0.02
IGM,ElasticNet,Coagulation Factor II/Tissue Factor,1,1,3.0,50,0.02
IGM,ElasticNet,P-Selectin/CD62P,1,1,3.0,50,0.02
IGM,ElasticNet,MMP-9,1,1,4.0,50,0.02
IGM,ElasticNet,Myeloperoxidase/MPO,1,1,4.0,50,0.02
IGM,ElasticNet,TGF-alpha,1,1,4.0,50,0.02
IGM,ElasticNet,EGF,1,1,5.0,50,0.02
IGM,ElasticNet,G-CSF,1,1,5.0,50,0.02
IGM,ElasticNet,IL-11,1,1,5.0,50,0.02
IGM,ElasticNet,BCMA/TNFRSF17,1,1,6.0,50,0.02
IGM,ElasticNet,FABP4/A-FABP,1,1,6.0,50,0.02
IGM,ElasticNet,Endocan/ESM-1,1,1,7.0,50,0.02
IGM,ElasticNet,Galectin-3BP/MAC-2BP,1,1,7.0,50,0.02
IGM,ElasticNet,HGF,1,1,7.0,50,0.02
IGM,ElasticNet,TGF-beta1,1,1,7.0,50,0.02
IGM,ElasticNet,Collagen I alpha 1,1,1,8.0,50,0.02
IGM,ElasticNet,Properdin,1,1,8.0,50,0.02
IGM,ElasticNet,ST2/IL-33R,1,1,8.0,50,0.02
IGM,ElasticNet,uPAR,1,1,8.0,50,0.02
IGM,ElasticNet,Fibroblast Activation Protein alpha/FAP,1,1,9.0,50,0.02
IGM,ElasticNet,Chitinase 3-like 1,1,1,10.0,50,0.02
IGM,ElasticNet,Complement Component C9,1,1,10.0,50,0.02
IGM,ElasticNet,MCAM/CD146,1,1,10.0,50,0.02
IGM,ElasticNet,MMP-13,1,1,10.0,50,0.02
IGM,ElasticNet,Thrombopoietin/Tpo,1,1,10.0,50,0.02
IGM,ElasticNet,alpha 2-Macroglobulin,1,1,10.0,50,0.02
IGM,LLSS,Serpin B3/SCCA1,196,50,1.1581632653061225,50,1.0
IGM,LLSS,CCL5/RANTES,137,50,3.6204379562043796,50,1.0
IGM,LLSS,CA15-3/MUC-1,160,50,3.95625,50,1.0
IGM,LLSS,ST2/IL-33R,162,50,4.648148148148148,50,1.0
IGM,LLSS,MMP-8,144,50,4.881944444444445,50,1.0
IGM,LLSS,Fetuin A/AHSG,110,49,4.763636363636364,50,0.98
IGM,LLSS,TGF-beta1,77,47,4.311688311688312,50,0.94
IGM,LLSS,BAFF/BLyS/TNFSF13B,86,47,5.232558139534884,50,0.94
IGM,LLSS,Myoglobin,91,46,5.527472527472527,50,0.92
IGM,LLSS,Chitinase 3-like 1,78,46,6.4743589743589745,50,0.92
IGM,LLSS,TGF-alpha,62,43,5.693548387096774,50,0.86
IGM,LLSS,CA125/MUC16,62,41,5.693548387096774,50,0.82
IGM,LLSS,Myeloperoxidase/MPO,42,37,6.428571428571429,50,0.74
IGM,LLSS,CD40 Ligand/TNFSF5,48,36,4.895833333333333,50,0.72
IGM,LLSS,M-CSF,33,31,5.242424242424242,50,0.62
IGM,LLSS,Galectin-9,34,30,6.088235294117647,50,0.6
IGM,LLSS,EGF,28,28,3.8214285714285716,50,0.56
IGM,LLSS,SP-D,31,28,6.806451612903226,50,0.56
IGM,LLSS,Serpin A4/Kallistatin,26,24,7.230769230769231,50,0.48
IGM,LLSS,PD-L1/B7-H1,25,23,6.92,50,0.46
IGM,LLSS,Syndecan-1/CD138,25,23,7.4,50,0.46
IGM,LLSS,IL-10,17,16,6.882352941176471,50,0.32
IGM,LLSS,IGFBP-1,14,14,6.571428571428571,50,0.28
IGM,LLSS,IL-17E/IL-25,12,12,5.416666666666667,50,0.24
IGM,LLSS,ErbB2/Her3,10,10,6.9,50,0.2
IGM,LLSS,PDGF-DD,9,9,7.666666666666667,50,0.18
IGM,LLSS,GDF-15,9,8,6.0,50,0.16
IGM,LLSS,Leptin/OB,7,7,6.857142857142857,50,0.14
IGM,LLSS,Angiopoietin-1,7,7,8.142857142857142,50,0.14
IGM,LLSS,CCL11/Eotaxin,6,6,4.666666666666667,50,0.12
IGM,LLSS,L-Selectin/CD62L,6,6,6.5,50,0.12
IGM,LLSS,FGF basic/FGF2/bFGF,6,6,7.0,50,0.12
IGM,LLSS,Galectin-3BP/MAC-2BP,5,5,8.2,50,0.1
IGM,LLSS,MAdCAM-1,4,4,5.25,50,0.08
IGM,LLSS,VCAM-1/CD106,4,4,7.75,50,0.08
IGM,LLSS,Pentraxin 3/TSG-14,4,4,8.0,50,0.08
IGM,LLSS,Galectin-3,4,4,8.5,50,0.08
IGM,LLSS,CXCL4/PF4,3,3,6.666666666666667,50,0.06
IGM,LLSS,Angiopoietin-like Protein 3/ANGPTL3,3,3,7.333333333333333,50,0.06
IGM,LLSS,MMP-9,3,3,8.0,50,0.06
IGM,LLSS,CD23/Fc epsilon RII,3,3,8.333333333333334,50,0.06
IGM,LLSS,IL-18/IL-1F4,3,3,8.333333333333334,50,0.06
IGM,LLSS,TREM-1,3,3,9.0,50,0.06
IGM,LLSS,CCL22/MDC,2,2,7.0,50,0.04
IGM,LLSS,Flt-3 Ligand/FLT3L,2,2,7.0,50,0.04
IGM,LLSS,Follistatin-related Gene Protein/FLRG,2,2,8.0,50,0.04
IGM,LLSS,IL-6,2,2,9.0,50,0.04
IGM,LLSS,Properdin,2,2,9.0,50,0.04
IGM,LLSS,vWF-A2,1,1,1.0,50,0.02
IGM,LLSS,Prolactin,1,1,5.0,50,0.02
IGM,LLSS,ENPP-2/Autotaxin,1,1,7.0,50,0.02
IGM,LLSS,P-Selectin/CD62P,1,1,7.0,50,0.02
IGM,LLSS,Dkk-1,1,1,9.0,50,0.02
IGM,LLSS,Reg3A,1,1,9.0,50,0.02
IGM,LLSS,Thrombomodulin/BDCA-3,1,1,9.0,50,0.02
IGM,LLSS,ADAMTS13,1,1,10.0,50,0.02
IGM,LLSS,IL-1ra/IL-1F3,1,1,10.0,50,0.02
IGM,LLSS,Resistin,1,1,10.0,50,0.02
IGM,LLSS,TRAIL R2/TNFRSF10B,1,1,10.0,50,0.02
IGM,Lasso,CCL5/RANTES,232,50,1.4956896551724137,50,1.0
IGM,Lasso,Thrombospondin-2,150,50,2.8866666666666667,50,1.0
IGM,Lasso,M-CSF,146,50,3.732876712328767,50,1.0
IGM,Lasso,BAFF/BLyS/TNFSF13B,105,48,3.761904761904762,50,0.96
IGM,Lasso,CXCL2/GRO beta/MIP-2/CINC-3,100,48,3.79,50,0.96
IGM,Lasso,Fetuin A/AHSG,90,48,4.4222222222222225,50,0.96
IGM,Lasso,Myoglobin,82,47,4.7926829268292686,50,0.94
IGM,Lasso,Follistatin-related Gene Protein/FLRG,70,46,4.771428571428571,50,0.92
IGM,Lasso,Contactin-1,53,40,5.0,50,0.8
IGM,Lasso,CD23/Fc epsilon RII,39,33,6.794871794871795,50,0.66
IGM,Lasso,LBP,43,32,4.8604651162790695,50,0.64
IGM,Lasso,L-Selectin/CD62L,30,27,5.4,50,0.54
IGM,Lasso,Serpin B3/SCCA1,30,24,6.766666666666667,50,0.48
IGM,Lasso,CA15-3/MUC-1,28,23,5.178571428571429,50,0.46
IGM,Lasso,IL-11,25,19,7.0,50,0.38
IGM,Lasso,CCL2/JE/MCP-1,18,18,5.777777777777778,50,0.36
IGM,Lasso,LIF,17,17,5.9411764705882355,50,0.34
IGM,Lasso,CXCL1/GRO alpha/KC/CINC-1,13,13,6.923076923076923,50,0.26
IGM,Lasso,CX3CL1/Fractalkine,12,12,5.75,50,0.24
IGM,Lasso,VEGFR1/Flt-1,12,12,6.083333333333333,50,0.24
IGM,Lasso,Serpin A10/ZPI,13,12,7.076923076923077,50,0.24
IGM,Lasso,IL-7,11,10,4.636363636363637,50,0.2
IGM,Lasso,ErbB2/Her3,14,10,6.142857142857143,50,0.2
IGM,Lasso,MMP-8,11,10,6.636363636363637,50,0.2
IGM,Lasso,IL-18/IL-1F4,9,9,5.666666666666667,50,0.18
IGM,Lasso,DPPIV/CD26,9,8,6.888888888888889,50,0.16
IGM,Lasso,Prolactin,8,7,6.125,50,0.14
IGM,Lasso,CA125/MUC16,7,7,6.285714285714286,50,0.14
IGM,Lasso,Furin,7,7,6.714285714285714,50,0.14
IGM,Lasso,Granzyme B,6,6,7.333333333333333,50,0.12
IGM,Lasso,Galectin-9,5,5,5.4,50,0.1
IGM,Lasso,Nectin-4,5,5,5.8,50,0.1
IGM,Lasso,IGFBP-1,5,5,6.0,50,0.1
IGM,Lasso,Myeloperoxidase/MPO,5,5,7.4,50,0.1
IGM,Lasso,CCL11/Eotaxin,5,5,7.8,50,0.1
IGM,Lasso,Dkk-1,4,4,5.25,50,0.08
IGM,Lasso,CD163,4,4,6.0,50,0.08
IGM,Lasso,CXCL6/GCP-2,3,3,3.3333333333333335,50,0.06
IGM,Lasso,VAP-1/AOC3,3,3,8.333333333333334,50,0.06
IGM,Lasso,FABP4/A-FABP,2,2,4.5,50,0.04
IGM,Lasso,CD117/c-kit,2,2,5.5,50,0.04
IGM,Lasso,Galectin-3,2,2,6.0,50,0.04
IGM,Lasso,HE4/WFDC2,2,2,6.0,50,0.04
IGM,Lasso,vWF-A2,2,2,6.0,50,0.04
IGM,Lasso,IFN-gamma,2,2,6.5,50,0.04
IGM,Lasso,Flt-3 Ligand/FLT3L,2,2,7.0,50,0.04
IGM,Lasso,Galectin-3BP/MAC-2BP,2,2,7.0,50,0.04
IGM,Lasso,TFF3,2,2,7.5,50,0.04
IGM,Lasso,TGF-alpha,1,1,2.0,50,0.02
IGM,Lasso,EGF,1,1,3.0,50,0.02
IGM,Lasso,IGFBP-4,1,1,3.0,50,0.02
IGM,Lasso,Nephrin,1,1,3.0,50,0.02
IGM,Lasso,VEGF,1,1,4.0,50,0.02
IGM,Lasso,Neuregulin-1 beta 1/NRG1 beta 1,1,1,5.0,50,0.02
IGM,Lasso,CCL4/MIP-1 beta,1,1,6.0,50,0.02
IGM,Lasso,IL-23,1,1,6.0,50,0.02
IGM,Lasso,MMP-9,1,1,6.0,50,0.02
IGM,Lasso,G-CSF,1,1,7.0,50,0.02
IGM,Lasso,M-CSF R/CD115,1,1,7.0,50,0.02
IGM,Lasso,GDF-15,1,1,8.0,50,0.02
IGM,Lasso,Lipocalin-2/NGAL,1,1,8.0,50,0.02
IGM,Lasso,TREM-1,1,1,8.0,50,0.02
IGM,Lasso,alpha 2-Macroglobulin,1,1,8.0,50,0.02
IGM,Lasso,Alpha-1-Microglobulin,1,1,9.0,50,0.02
IGM,Lasso,CD31/PECAM-1,1,1,9.0,50,0.02
IGM,Lasso,ICAM-1/CD54,1,1,9.0,50,0.02
IGM,Lasso,TSLP,1,1,9.0,50,0.02
IGM,Lasso,Collagen I alpha 1,1,1,10.0,50,0.02
IGM,Lasso,IL-17/IL-17A,1,1,10.0,50,0.02
IGM,Lasso,MCAM/CD146,1,1,10.0,50,0.02
IGM,LongGroupLasso,CCL5/RANTES,238,50,1.495798319327731,50,1.0
IGM,LongGroupLasso,Fetuin A/AHSG,221,50,2.6289592760180995,50,1.0
IGM,LongGroupLasso,CA15-3/MUC-1,200,50,3.39,50,1.0
IGM,LongGroupLasso,Myoglobin,144,50,4.291666666666667,50,1.0
IGM,LongGroupLasso,M-CSF,91,48,4.582417582417582,50,0.96
IGM,LongGroupLasso,Serpin A4/Kallistatin,94,47,6.585106382978723,50,0.94
IGM,LongGroupLasso,BAFF/BLyS/TNFSF13B,79,46,6.189873417721519,50,0.92
IGM,LongGroupLasso,Angiopoietin-like Protein 3/ANGPTL3,66,43,6.075757575757576,50,0.86
IGM,LongGroupLasso,CCL22/MDC,51,38,7.176470588235294,50,0.76
IGM,LongGroupLasso,L-Selectin/CD62L,45,35,5.444444444444445,50,0.7
IGM,LongGroupLasso,TGF-beta1,47,35,6.446808510638298,50,0.7
IGM,LongGroupLasso,ST2/IL-33R,63,35,6.714285714285714,50,0.7
IGM,LongGroupLasso,CCL11/Eotaxin,39,34,4.897435897435898,50,0.68
IGM,LongGroupLasso,IGFBP-1,27,25,5.888888888888889,50,0.5
IGM,LongGroupLasso,Protein S/PROS1,31,25,8.451612903225806,50,0.5
IGM,LongGroupLasso,EGF,24,24,2.7916666666666665,50,0.48
IGM,LongGroupLasso,CD23/Fc epsilon RII,22,20,4.136363636363637,50,0.4
IGM,LongGroupLasso,CD40 Ligand/TNFSF5,18,18,6.111111111111111,50,0.36
IGM,LongGroupLasso,IL-18/IL-1F4,18,18,8.0,50,0.36
IGM,LongGroupLasso,CXCL1/GRO alpha/KC/CINC-1,16,16,4.75,50,0.32
IGM,LongGroupLasso,Flt-3 Ligand/FLT3L,12,12,5.25,50,0.24
IGM,LongGroupLasso,Serpin B3/SCCA1,11,11,7.909090909090909,50,0.22
IGM,LongGroupLasso,MAdCAM-1,11,10,8.090909090909092,50,0.2
IGM,LongGroupLasso,Angiopoietin-1,8,8,7.5,50,0.16
IGM,LongGroupLasso,PDGF-DD,7,7,7.285714285714286,50,0.14
IGM,LongGroupLasso,Leptin/OB,7,7,8.428571428571429,50,0.14
IGM,LongGroupLasso,CD31/PECAM-1,7,6,7.142857142857143,50,0.12
IGM,LongGroupLasso,Follistatin-related Gene Protein/FLRG,6,6,9.666666666666666,50,0.12
IGM,LongGroupLasso,ENPP-2/Autotaxin,5,5,7.8,50,0.1
IGM,LongGroupLasso,VEGFR1/Flt-1,5,5,8.2,50,0.1
IGM,LongGroupLasso,CXCL4/PF4,5,5,8.6,50,0.1
IGM,LongGroupLasso,TGF-alpha,5,5,9.0,50,0.1
IGM,LongGroupLasso,IL-6,5,5,9.6,50,0.1
IGM,LongGroupLasso,IL-5,3,3,5.666666666666667,50,0.06
IGM,LongGroupLasso,Oncostatin M/OSM,3,3,6.666666666666667,50,0.06
IGM,LongGroupLasso,PD-L1/B7-H1,3,3,9.666666666666666,50,0.06
IGM,LongGroupLasso,Prolactin,2,2,4.0,50,0.04
IGM,LongGroupLasso,LIF,2,2,5.5,50,0.04
IGM,LongGroupLasso,CXCL5/ENA-78,2,2,7.0,50,0.04
IGM,LongGroupLasso,Complement Component C2,2,2,7.0,50,0.04
IGM,LongGroupLasso,ADAMTS13,3,2,7.666666666666667,50,0.04
IGM,LongGroupLasso,FGF basic/FGF2/bFGF,2,2,10.0,50,0.04
IGM,LongGroupLasso,Thrombospondin-2,1,1,1.0,50,0.02
IGM,LongGroupLasso,Granzyme B,1,1,3.0,50,0.02
IGM,LongGroupLasso,IL-12/IL-23 p40,1,1,3.0,50,0.02
IGM,LongGroupLasso,IL-3,1,1,7.0,50,0.02
IGM,LongGroupLasso,ErbB2/Her3,1,1,9.0,50,0.02
IGM,LongGroupLasso,HGF,1,1,9.0,50,0.02
IGM,LongGroupLasso,Resistin,1,1,9.0,50,0.02
IGM,LongGroupLasso,CD117/c-kit,1,1,10.0,50,0.02
IGM,LongGroupLasso,Galectin-3BP/MAC-2BP,1,1,10.0,50,0.02
IGM,LongGroupLasso,IL-17E/IL-25,1,1,10.0,50,0.02
IGM,LongGroupLasso,TREM-1,1,1,10.0,50,0.02
IGM,LongGroupLasso,TSLP,1,1,10.0,50,0.02
IGM,LongGroupLasso,VCAM-1/CD106,1,1,10.0,50,0.02
IGM,MutualInfo,G-CSF,164,50,2.6890243902439024,50,1.0
IGM,MutualInfo,IL-17/IL-17A,153,50,2.8562091503267975,50,1.0
IGM,MutualInfo,LIGHT/TNFSF14,114,50,3.3684210526315788,50,1.0
IGM,MutualInfo,IL-31,118,50,3.7033898305084745,50,1.0
IGM,MutualInfo,DPPIV/CD26,86,49,3.813953488372093,50,0.98
IGM,MutualInfo,IL-12 p70,77,46,5.116883116883117,50,0.92
IGM,MutualInfo,Proprotein Convertase 9/PCSK9,63,45,3.6825396825396823,50,0.9
IGM,MutualInfo,TGF-beta 2,65,45,4.446153846153846,50,0.9
IGM,MutualInfo,Angiopoietin-like Protein 3/ANGPTL3,46,37,4.3478260869565215,50,0.74
IGM,MutualInfo,MAdCAM-1,49,37,4.938775510204081,50,0.74
IGM,MutualInfo,Contactin-1,44,34,5.0227272727272725,50,0.68
IGM,MutualInfo,VEGFR1/Flt-1,41,32,5.487804878048781,50,0.64
IGM,MutualInfo,Complement Component C9,37,31,5.4324324324324325,50,0.62
IGM,MutualInfo,ST2/IL-33R,34,27,4.794117647058823,50,0.54
IGM,MutualInfo,MIA,26,25,4.846153846153846,50,0.5
IGM,MutualInfo,MMP-13,27,23,6.333333333333333,50,0.46
IGM,MutualInfo,SCGF/CLEC11a,24,22,4.958333333333333,50,0.44
IGM,MutualInfo,CCL22/MDC,25,22,5.52,50,0.44
IGM,MutualInfo,GM-CSF,24,22,5.666666666666667,50,0.44
IGM,MutualInfo,IFN-beta,23,21,6.521739130434782,50,0.42
IGM,MutualInfo,Neuregulin-1 beta 1/NRG1 beta 1,20,19,5.65,50,0.38
IGM,MutualInfo,PDGF-AA,21,18,5.857142857142857,50,0.36
IGM,MutualInfo,Serpin A10/ZPI,19,18,5.894736842105263,50,0.36
IGM,MutualInfo,IL-2,21,18,6.238095238095238,50,0.36
IGM,MutualInfo,IL-17E/IL-25,19,17,6.052631578947368,50,0.34
IGM,MutualInfo,uPAR,15,14,5.333333333333333,50,0.28
IGM,MutualInfo,Granzyme B,16,14,8.0625,50,0.28
IGM,MutualInfo,ICAM-1/CD54,13,13,4.769230769230769,50,0.26
IGM,MutualInfo,Properdin,13,13,5.846153846153846,50,0.26
IGM,MutualInfo,IL-33,12,11,5.75,50,0.22
IGM,MutualInfo,Oncostatin M/OSM,11,10,5.090909090909091,50,0.2
IGM,MutualInfo,CCL5/RANTES,10,10,6.0,50,0.2
IGM,MutualInfo,CXCL9/MIG,11,10,6.454545454545454,50,0.2
IGM,MutualInfo,PDGF-DD,8,8,4.125,50,0.16
IGM,MutualInfo,Kallikrein 6/Neurosin,9,8,6.0,50,0.16
IGM,MutualInfo,CXCL10/IP-10/CRG-2,8,8,6.5,50,0.16
IGM,MutualInfo,Thrombopoietin/Tpo,9,8,7.555555555555555,50,0.16
IGM,MutualInfo,BMP-10,7,7,4.571428571428571,50,0.14
IGM,MutualInfo,Angiopoietin-2,8,7,4.625,50,0.14
IGM,MutualInfo,Fas Ligand/TNFSF6,7,7,5.857142857142857,50,0.14
IGM,MutualInfo,Myoglobin,7,7,6.0,50,0.14
IGM,MutualInfo,CX3CL1/Fractalkine,8,7,7.75,50,0.14
IGM,MutualInfo,S100A9,6,6,6.166666666666667,50,0.12
IGM,MutualInfo,M-CSF,6,6,6.666666666666667,50,0.12
IGM,MutualInfo,TIMP-1,5,5,4.4,50,0.1
IGM,MutualInfo,IGFBP-4,5,5,5.2,50,0.1
IGM,MutualInfo,Serpin A4/Kallistatin,5,5,9.0,50,0.1
IGM,MutualInfo,IFN-gamma,4,4,4.25,50,0.08
IGM,MutualInfo,Syndecan-1/CD138,4,4,5.0,50,0.08
IGM,MutualInfo,BCMA/TNFRSF17,4,4,5.25,50,0.08
IGM,MutualInfo,Nectin-4,4,4,5.75,50,0.08
IGM,MutualInfo,ENPP-2/Autotaxin,4,4,6.25,50,0.08
IGM,MutualInfo,IL-11,3,3,6.333333333333333,50,0.06
IGM,MutualInfo,IL-1 alpha/IL1-1F1,3,3,6.666666666666667,50,0.06
IGM,MutualInfo,CCL11/Eotaxin,3,3,7.0,50,0.06
IGM,MutualInfo,Growth Hormone,2,2,3.5,50,0.04
IGM,MutualInfo,FABP4/A-FABP,2,2,4.0,50,0.04
IGM,MutualInfo,IL-3,2,2,4.0,50,0.04
IGM,MutualInfo,Leptin/OB,2,2,4.5,50,0.04
IGM,MutualInfo,Reg3A,2,2,4.5,50,0.04
IGM,MutualInfo,CA15-3/MUC-1,2,2,5.0,50,0.04
IGM,MutualInfo,P-Selectin/CD62P,2,2,5.0,50,0.04
IGM,MutualInfo,EGF,2,2,6.0,50,0.04
IGM,MutualInfo,Complement Component C2,2,2,7.5,50,0.04
IGM,MutualInfo,SCF/c-Kit Ligand,2,2,7.5,50,0.04
IGM,MutualInfo,Serpin C1/Antithrombin-III,2,2,7.5,50,0.04
IGM,MutualInfo,CXCL12,2,2,8.5,50,0.04
IGM,MutualInfo,Aldehyde Dehydrogenase 1-A1/ALDH1A1,1,1,2.0,50,0.02
IGM,MutualInfo,IGFBP-1,1,1,2.0,50,0.02
IGM,MutualInfo,Endocan/ESM-1,1,1,3.0,50,0.02
IGM,MutualInfo,IFN-alpha,1,1,3.0,50,0.02
IGM,MutualInfo,Fetuin A/AHSG,1,1,4.0,50,0.02
IGM,MutualInfo,TGF-alpha,1,1,5.0,50,0.02
IGM,MutualInfo,Coagulation Factor II/Tissue Factor,1,1,6.0,50,0.02
IGM,MutualInfo,CXCL5/ENA-78,1,1,7.0,50,0.02
IGM,MutualInfo,Flt-3 Ligand/FLT3L,1,1,7.0,50,0.02
IGM,MutualInfo,Furin,1,1,7.0,50,0.02
IGM,MutualInfo,Serpin B3/SCCA1,1,1,7.0,50,0.02
IGM,MutualInfo,EN-RAGE/S100A12,1,1,8.0,50,0.02
IGM,MutualInfo,IL-13,1,1,8.0,50,0.02
IGM,MutualInfo,LIF,1,1,8.0,50,0.02
IGM,MutualInfo,CCL23/MPIF-1,1,1,9.0,50,0.02
IGM,MutualInfo,CCL26/Eotaxin-3,1,1,9.0,50,0.02
IGM,MutualInfo,TREM-1,1,1,9.0,50,0.02
IGM,MutualInfo,ErbB2/Her3,1,1,10.0,50,0.02
IGM,MutualInfo,LBP,1,1,10.0,50,0.02
IGM,OutcomeSNN-FS,M-CSF,235,50,2.204255319148936,50,1.0
IGM,OutcomeSNN-FS,CCL5/RANTES,171,50,3.2046783625730995,50,1.0
IGM,OutcomeSNN-FS,IGFBP-1,200,50,3.22,50,1.0
IGM,OutcomeSNN-FS,Thrombospondin-2,160,50,3.71875,50,1.0
IGM,OutcomeSNN-FS,Fetuin A/AHSG,146,50,4.6506849315068495,50,1.0
IGM,OutcomeSNN-FS,CA15-3/MUC-1,124,50,4.838709677419355,50,1.0
IGM,OutcomeSNN-FS,Follistatin-related Gene Protein/FLRG,91,48,5.417582417582418,50,0.96
IGM,OutcomeSNN-FS,Furin,72,44,5.208333333333333,50,0.88
IGM,OutcomeSNN-FS,EGF,64,44,5.609375,50,0.88
IGM,OutcomeSNN-FS,LIF,42,36,6.642857142857143,50,0.72
IGM,OutcomeSNN-FS,L-Selectin/CD62L,43,34,5.767441860465116,50,0.68
IGM,OutcomeSNN-FS,Serpin A10/ZPI,41,34,6.121951219512195,50,0.68
IGM,OutcomeSNN-FS,Contactin-1,31,27,7.0,50,0.54
IGM,OutcomeSNN-FS,Neuregulin-1 beta 1/NRG1 beta 1,33,26,5.484848484848484,50,0.52
IGM,OutcomeSNN-FS,MMP-8,26,25,6.653846153846154,50,0.5
IGM,OutcomeSNN-FS,CD163,27,24,6.703703703703703,50,0.48
IGM,OutcomeSNN-FS,CXCL1/GRO alpha/KC/CINC-1,25,24,7.04,50,0.48
IGM,OutcomeSNN-FS,CCL2/JE/MCP-1,17,16,6.647058823529412,50,0.32
IGM,OutcomeSNN-FS,IL-12/IL-23 p40,15,15,7.6,50,0.3
IGM,OutcomeSNN-FS,CD117/c-kit,16,15,7.8125,50,0.3
IGM,OutcomeSNN-FS,Kallikrein 6/Neurosin,14,14,7.142857142857143,50,0.28
IGM,OutcomeSNN-FS,Serpin B3/SCCA1,14,14,8.357142857142858,50,0.28
IGM,OutcomeSNN-FS,IL-28B/IFN-lambda 3,12,12,7.333333333333333,50,0.24
IGM,OutcomeSNN-FS,TFF3,12,12,7.333333333333333,50,0.24
IGM,OutcomeSNN-FS,BAFF/BLyS/TNFSF13B,12,12,7.75,50,0.24
IGM,OutcomeSNN-FS,Flt-3 Ligand/FLT3L,11,11,7.0,50,0.22
IGM,OutcomeSNN-FS,CXCL6/GCP-2,10,10,7.3,50,0.2
IGM,OutcomeSNN-FS,Prolactin,10,10,7.7,50,0.2
IGM,OutcomeSNN-FS,G-CSF,9,9,7.444444444444445,50,0.18
IGM,OutcomeSNN-FS,VEGFR1/Flt-1,9,8,7.444444444444445,50,0.16
IGM,OutcomeSNN-FS,DPPIV/CD26,7,7,6.428571428571429,50,0.14
IGM,OutcomeSNN-FS,ErbB2/Her3,7,7,8.285714285714286,50,0.14
IGM,OutcomeSNN-FS,Myoglobin,7,7,8.285714285714286,50,0.14
IGM,OutcomeSNN-FS,CCL3/MIP-1 alpha,6,6,8.166666666666666,50,0.12
IGM,OutcomeSNN-FS,Growth Hormone,6,6,8.666666666666666,50,0.12
IGM,OutcomeSNN-FS,Complement C1q,5,5,8.0,50,0.1
IGM,OutcomeSNN-FS,ADAMTS13,5,5,9.8,50,0.1
IGM,OutcomeSNN-FS,Coagulation Factor II/Tissue Factor,4,4,7.0,50,0.08
IGM,OutcomeSNN-FS,Dkk-1,4,4,7.75,50,0.08
IGM,OutcomeSNN-FS,IL-11,3,3,6.0,50,0.06
IGM,OutcomeSNN-FS,IL-33,3,3,6.0,50,0.06
IGM,OutcomeSNN-FS,CX3CL1/Fractalkine,3,3,6.666666666666667,50,0.06
IGM,OutcomeSNN-FS,Angiopoietin-1,3,3,7.0,50,0.06
IGM,OutcomeSNN-FS,TREM-1,2,2,5.5,50,0.04
IGM,OutcomeSNN-FS,Myeloperoxidase/MPO,2,2,6.0,50,0.04
IGM,OutcomeSNN-FS,Fas Ligand/TNFSF6,2,2,8.5,50,0.04
IGM,OutcomeSNN-FS,CD23/Fc epsilon RII,2,2,9.0,50,0.04
IGM,OutcomeSNN-FS,CXCL10/IP-10/CRG-2,2,2,9.0,50,0.04
IGM,OutcomeSNN-FS,Serpin C1/Antithrombin-III,2,2,9.0,50,0.04
IGM,OutcomeSNN-FS,IL-23,2,2,9.5,50,0.04
IGM,OutcomeSNN-FS,SP-D,2,2,9.5,50,0.04
IGM,OutcomeSNN-FS,CCL18/PARC,1,1,5.0,50,0.02
IGM,OutcomeSNN-FS,MMP-12,1,1,5.0,50,0.02
IGM,OutcomeSNN-FS,IFN-gamma,1,1,6.0,50,0.02
IGM,OutcomeSNN-FS,vWF-A2,1,1,7.0,50,0.02
IGM,OutcomeSNN-FS,ErbB2/Her2,1,1,8.0,50,0.02
IGM,OutcomeSNN-FS,GM-CSF,1,1,8.0,50,0.02
IGM,OutcomeSNN-FS,IL-6,1,1,8.0,50,0.02
IGM,OutcomeSNN-FS,Chitinase 3-like 1,1,1,9.0,50,0.02
IGM,OutcomeSNN-FS,alpha 2-Macroglobulin,1,1,9.0,50,0.02
IGM,OutcomeSNN-FS,BMP-10,1,1,10.0,50,0.02
IGM,OutcomeSNN-FS,IL-15,1,1,10.0,50,0.02
IGM,OutcomeSNN-FS,IL-17/IL-17A,1,1,10.0,50,0.02
IGM,OutcomeSNN-FS,LBP,1,1,10.0,50,0.02
IGM,OutcomeSNN-FS,VEGF,1,1,10.0,50,0.02
IGM,PGEE,Galectin-9,86,50,2.4651162790697674,50,1.0
IGM,PGEE,Myoglobin,168,50,3.3035714285714284,50,1.0
IGM,PGEE,Fetuin A/AHSG,202,50,3.3465346534653464,50,1.0
IGM,PGEE,CCL5/RANTES,165,50,3.7515151515151515,50,1.0
IGM,PGEE,CA15-3/MUC-1,120,50,4.833333333333333,50,1.0
IGM,PGEE,BAFF/BLyS/TNFSF13B,147,49,4.0,50,0.98
IGM,PGEE,Serpin B3/SCCA1,100,47,7.41,50,0.94
IGM,PGEE,VCAM-1/CD106,64,40,4.421875,50,0.8
IGM,PGEE,MMP-8,61,38,5.639344262295082,50,0.76
IGM,PGEE,Myeloperoxidase/MPO,65,35,5.507692307692308,50,0.7
IGM,PGEE,MMP-9,49,34,4.938775510204081,50,0.68
IGM,PGEE,TRAIL R2/TNFRSF10B,43,32,3.953488372093023,50,0.64
IGM,PGEE,IL-18/IL-1F4,38,32,7.631578947368421,50,0.64
IGM,PGEE,Syndecan-1/CD138,29,29,2.8275862068965516,50,0.58
IGM,PGEE,HGF,37,29,4.513513513513513,50,0.58
IGM,PGEE,M-CSF,34,29,6.088235294117647,50,0.58
IGM,PGEE,IL-1ra/IL-1F3,39,28,4.615384615384615,50,0.56
IGM,PGEE,ST2/IL-33R,39,28,6.410256410256411,50,0.56
IGM,PGEE,TGF-alpha,30,27,7.566666666666666,50,0.54
IGM,PGEE,Angiopoietin-like Protein 3/ANGPTL3,31,25,6.709677419354839,50,0.5
IGM,PGEE,CCL22/MDC,25,23,6.16,50,0.46
IGM,PGEE,Pentraxin 3/TSG-14,22,21,7.7727272727272725,50,0.42
IGM,PGEE,Serpin A4/Kallistatin,19,18,7.947368421052632,50,0.36
IGM,PGEE,TREM-1,19,17,6.0,50,0.34
IGM,PGEE,SP-D,22,17,8.5,50,0.34
IGM,PGEE,PD-L1/B7-H1,17,15,5.235294117647059,50,0.3
IGM,PGEE,L-Selectin/CD62L,14,14,4.714285714285714,50,0.28
IGM,PGEE,Protein S/PROS1,14,13,7.357142857142857,50,0.26
IGM,PGEE,FGF basic/FGF2/bFGF,12,12,5.333333333333333,50,0.24
IGM,PGEE,TIMP-1,13,11,4.384615384615385,50,0.22
IGM,PGEE,Galectin-3,10,10,9.2,50,0.2
IGM,PGEE,CCL11/Eotaxin,8,8,4.875,50,0.16
IGM,PGEE,EGF,8,8,5.0,50,0.16
IGM,PGEE,VEGFR1/Flt-1,8,8,5.625,50,0.16
IGM,PGEE,CD40 Ligand/TNFSF5,8,8,7.125,50,0.16
IGM,PGEE,CD23/Fc epsilon RII,5,5,3.4,50,0.1
IGM,PGEE,S100A9,5,5,4.0,50,0.1
IGM,PGEE,GDF-15,5,5,7.0,50,0.1
IGM,PGEE,IGFBP-1,4,4,5.5,50,0.08
IGM,PGEE,Lipocalin-2/NGAL,4,4,5.5,50,0.08
IGM,PGEE,Flt-3 Ligand/FLT3L,4,4,6.0,50,0.08
IGM,PGEE,ENPP-2/Autotaxin,4,4,6.5,50,0.08
IGM,PGEE,IL-3,4,4,8.75,50,0.08
IGM,PGEE,Follistatin-related Gene Protein/FLRG,3,3,7.0,50,0.06
IGM,PGEE,CXCL4/PF4,3,3,7.333333333333333,50,0.06
IGM,PGEE,ADAMTS13,3,3,9.333333333333334,50,0.06
IGM,PGEE,CA125/MUC16,3,3,9.666666666666666,50,0.06
IGM,PGEE,IL-5,2,2,1.0,50,0.04
IGM,PGEE,uPAR,2,2,2.0,50,0.04
IGM,PGEE,CXCL1/GRO alpha/KC/CINC-1,2,2,4.0,50,0.04
IGM,PGEE,IL-36 beta/IL-1F8,2,2,5.0,50,0.04
IGM,PGEE,EN-RAGE/S100A12,2,2,7.5,50,0.04
IGM,PGEE,IL-6,2,2,8.0,50,0.04
IGM,PGEE,Properdin,3,2,8.666666666666666,50,0.04
IGM,PGEE,MAdCAM-1,2,2,9.0,50,0.04
IGM,PGEE,Resistin,2,2,9.0,50,0.04
IGM,PGEE,Chitinase 3-like 1,2,2,10.0,50,0.04
IGM,PGEE,Nephrin,1,1,3.0,50,0.02
IGM,PGEE,ErbB2/Her3,1,1,5.0,50,0.02
IGM,PGEE,CD31/PECAM-1,1,1,6.0,50,0.02
IGM,PGEE,Granzyme B,1,1,6.0,50,0.02
IGM,PGEE,PDGF-AA,1,1,6.0,50,0.02
IGM,PGEE,APRIL/TNFSF13,1,1,7.0,50,0.02
IGM,PGEE,IL-17E/IL-25,1,1,8.0,50,0.02
IGM,PGEE,MMP-13,1,1,8.0,50,0.02
IGM,PGEE,P-Selectin/CD62P,1,1,8.0,50,0.02
IGM,PGEE,VEGF,1,1,8.0,50,0.02
IGM,PGEE,Dkk-1,1,1,9.0,50,0.02
IGM,PGEE,TGF-beta1,1,1,9.0,50,0.02
IGM,PGEE,Proprotein Convertase 9/PCSK9,1,1,10.0,50,0.02
IGM,RandomForest,ST2/IL-33R,192,50,2.5416666666666665,50,1.0
IGM,RandomForest,Fetuin A/AHSG,100,50,4.06,50,1.0
IGM,RandomForest,Proprotein Convertase 9/PCSK9,112,49,3.6517857142857144,50,0.98
IGM,RandomForest,L-Selectin/CD62L,101,49,4.396039603960396,50,0.98
IGM,RandomForest,uPAR,80,46,3.6125,50,0.92
IGM,RandomForest,CXCL1/GRO alpha/KC/CINC-1,69,46,4.956521739130435,50,0.92
IGM,RandomForest,IL-17E/IL-25,76,45,4.526315789473684,50,0.9
IGM,RandomForest,EGF,98,44,4.479591836734694,50,0.88
IGM,RandomForest,CCL5/RANTES,64,42,4.53125,50,0.84
IGM,RandomForest,TGF-alpha,56,40,4.017857142857143,50,0.8
IGM,RandomForest,MMP-8,53,38,4.113207547169812,50,0.76
IGM,RandomForest,CA15-3/MUC-1,48,37,4.395833333333333,50,0.74
IGM,RandomForest,M-CSF,45,36,4.288888888888889,50,0.72
IGM,RandomForest,Thrombospondin-2,49,36,4.653061224489796,50,0.72
IGM,RandomForest,CXCL2/GRO beta/MIP-2/CINC-3,47,34,4.212765957446808,50,0.68
IGM,RandomForest,IL-10,54,34,5.5,50,0.68
IGM,RandomForest,Contactin-1,33,27,4.696969696969697,50,0.54
IGM,RandomForest,TGF-beta 2,29,23,5.275862068965517,50,0.46
IGM,RandomForest,Galectin-3,22,21,4.818181818181818,50,0.42
IGM,RandomForest,BAFF/BLyS/TNFSF13B,21,19,5.904761904761905,50,0.38
IGM,RandomForest,PD-L1/B7-H1,20,18,6.1,50,0.36
IGM,RandomForest,Serpin A4/Kallistatin,18,16,5.888888888888889,50,0.32
IGM,RandomForest,Galectin-9,16,15,6.0,50,0.3
IGM,RandomForest,IL-13,15,15,6.066666666666666,50,0.3
IGM,RandomForest,Myoglobin,14,14,5.285714285714286,50,0.28
IGM,RandomForest,IL-4R alpha,15,14,5.666666666666667,50,0.28
IGM,RandomForest,Resistin,12,12,4.666666666666667,50,0.24
IGM,RandomForest,GDF-15,12,12,6.416666666666667,50,0.24
IGM,RandomForest,Pentraxin 3/TSG-14,9,9,6.444444444444445,50,0.18
IGM,RandomForest,IL-3,8,8,5.75,50,0.16
IGM,RandomForest,ErbB2/Her3,7,7,5.571428571428571,50,0.14
IGM,RandomForest,CCL22/MDC,7,7,5.714285714285714,50,0.14
IGM,RandomForest,Myeloperoxidase/MPO,7,7,6.857142857142857,50,0.14
IGM,RandomForest,Protein S/PROS1,7,7,6.857142857142857,50,0.14
IGM,RandomForest,IGFBP-1,7,7,7.0,50,0.14
IGM,RandomForest,MAdCAM-1,7,7,7.285714285714286,50,0.14
IGM,RandomForest,BMP-10,7,7,7.571428571428571,50,0.14
IGM,RandomForest,CA125/MUC16,6,6,6.5,50,0.12
IGM,RandomForest,Nephrin,6,6,6.833333333333333,50,0.12
IGM,RandomForest,ENPP-2/Autotaxin,6,6,7.0,50,0.12
IGM,RandomForest,IL-7,6,5,6.333333333333333,50,0.1
IGM,RandomForest,CD23/Fc epsilon RII,4,4,5.25,50,0.08
IGM,RandomForest,ADAMTS13,4,4,6.0,50,0.08
IGM,RandomForest,IL-36 beta/IL-1F8,4,4,6.0,50,0.08
IGM,RandomForest,G-CSF,4,4,7.0,50,0.08
IGM,RandomForest,Syndecan-1/CD138,4,4,7.0,50,0.08
IGM,RandomForest,TGF-beta1,5,4,7.4,50,0.08
IGM,RandomForest,NT-4,3,3,6.0,50,0.06
IGM,RandomForest,Endocan/ESM-1,3,3,6.666666666666667,50,0.06
IGM,RandomForest,MICA,3,3,7.666666666666667,50,0.06
IGM,RandomForest,TIMP-1,3,3,8.666666666666666,50,0.06
IGM,RandomForest,PDGF-AA,2,2,5.5,50,0.04
IGM,RandomForest,LIF,2,2,6.0,50,0.04
IGM,RandomForest,APRIL/TNFSF13,2,2,7.5,50,0.04
IGM,RandomForest,Dkk-1,2,2,7.5,50,0.04
IGM,RandomForest,Furin,2,2,8.0,50,0.04
IGM,RandomForest,P-Selectin/CD62P,2,2,8.5,50,0.04
IGM,RandomForest,CX3CL1/Fractalkine,2,2,9.0,50,0.04
IGM,RandomForest,EN-RAGE/S100A12,2,2,9.0,50,0.04
IGM,RandomForest,SP-D,2,2,9.0,50,0.04
IGM,RandomForest,VCAM-1/CD106,2,2,9.5,50,0.04
IGM,RandomForest,PDGF-DD,2,2,10.0,50,0.04
IGM,RandomForest,SCGF/CLEC11a,1,1,2.0,50,0.02
IGM,RandomForest,CCL11/Eotaxin,1,1,3.0,50,0.02
IGM,RandomForest,CXCL4/PF4,1,1,3.0,50,0.02
IGM,RandomForest,CD40 Ligand/TNFSF5,1,1,4.0,50,0.02
IGM,RandomForest,Angiopoietin-like Protein 3/ANGPTL3,1,1,5.0,50,0.02
IGM,RandomForest,FGF basic/FGF2/bFGF,1,1,6.0,50,0.02
IGM,RandomForest,IL-11,1,1,7.0,50,0.02
IGM,RandomForest,alpha 2-Macroglobulin,1,1,8.0,50,0.02
IGM,RandomForest,DPPIV/CD26,1,1,9.0,50,0.02
IGM,RandomForest,Fas Ligand/TNFSF6,1,1,9.0,50,0.02
IGM,RandomForest,IL-5,1,1,9.0,50,0.02
IGM,RandomForest,Serpin B3/SCCA1,1,1,9.0,50,0.02
IGM,RandomForest,IFN-gamma,1,1,10.0,50,0.02
IGM,RandomForest,Neuregulin-1 beta 1/NRG1 beta 1,1,1,10.0,50,0.02
IGM,RandomForest,Serpin A10/ZPI,1,1,10.0,50,0.02
IGM,SNN-FS,CCL5/RANTES,206,50,2.441747572815534,50,1.0
IGM,SNN-FS,M-CSF,205,50,2.4829268292682927,50,1.0
IGM,SNN-FS,BAFF/BLyS/TNFSF13B,133,50,3.3233082706766917,50,1.0
IGM,SNN-FS,Thrombospondin-2,137,50,3.4817518248175183,50,1.0
IGM,SNN-FS,Follistatin-related Gene Protein/FLRG,69,48,5.043478260869565,50,0.96
IGM,SNN-FS,Furin,81,44,4.320987654320987,50,0.88
IGM,SNN-FS,LIF,69,41,4.753623188405797,50,0.82
IGM,SNN-FS,IGFBP-1,45,39,4.533333333333333,50,0.78
IGM,SNN-FS,Fetuin A/AHSG,54,39,5.351851851851852,50,0.78
IGM,SNN-FS,L-Selectin/CD62L,40,36,5.375,50,0.72
IGM,SNN-FS,CA15-3/MUC-1,55,36,5.909090909090909,50,0.72
IGM,SNN-FS,CX3CL1/Fractalkine,39,32,5.205128205128205,50,0.64
IGM,SNN-FS,Myoglobin,28,27,5.142857142857143,50,0.54
IGM,SNN-FS,CCL2/JE/MCP-1,33,27,5.787878787878788,50,0.54
IGM,SNN-FS,DPPIV/CD26,28,27,5.821428571428571,50,0.54
IGM,SNN-FS,LBP,30,26,4.366666666666666,50,0.52
IGM,SNN-FS,CXCL2/GRO beta/MIP-2/CINC-3,28,25,6.607142857142857,50,0.5
IGM,SNN-FS,Contactin-1,25,24,5.52,50,0.48
IGM,SNN-FS,ErbB2/Her3,29,24,6.137931034482759,50,0.48
IGM,SNN-FS,Serpin A10/ZPI,20,19,6.8,50,0.38
IGM,SNN-FS,VEGFR1/Flt-1,19,16,6.842105263157895,50,0.32
IGM,SNN-FS,Prolactin,17,16,6.882352941176471,50,0.32
IGM,SNN-FS,TREM-1,16,14,7.125,50,0.28
IGM,SNN-FS,CXCL1/GRO alpha/KC/CINC-1,13,13,6.6923076923076925,50,0.26
IGM,SNN-FS,Galectin-9,12,12,5.666666666666667,50,0.24
IGM,SNN-FS,Lipocalin-2/NGAL,11,11,5.2727272727272725,50,0.22
IGM,SNN-FS,MMP-8,11,11,6.545454545454546,50,0.22
IGM,SNN-FS,CXCL6/GCP-2,10,10,5.0,50,0.2
IGM,SNN-FS,Neuregulin-1 beta 1/NRG1 beta 1,10,10,5.1,50,0.2
IGM,SNN-FS,CD23/Fc epsilon RII,10,10,7.6,50,0.2
IGM,SNN-FS,Serpin B3/SCCA1,9,9,6.666666666666667,50,0.18
IGM,SNN-FS,CD163,8,8,6.125,50,0.16
IGM,SNN-FS,vWF-A2,7,7,6.857142857142857,50,0.14
IGM,SNN-FS,Dkk-1,5,5,5.4,50,0.1
IGM,SNN-FS,TFF3,4,4,6.25,50,0.08
IGM,SNN-FS,CD117/c-kit,4,4,6.5,50,0.08
IGM,SNN-FS,Galectin-3,4,4,7.75,50,0.08
IGM,SNN-FS,CXCL10/IP-10/CRG-2,3,3,5.0,50,0.06
IGM,SNN-FS,Complement Component C5a,3,3,5.0,50,0.06
IGM,SNN-FS,CA125/MUC16,3,3,5.333333333333333,50,0.06
IGM,SNN-FS,GDF-15,3,3,5.666666666666667,50,0.06
IGM,SNN-FS,uPAR,3,3,7.333333333333333,50,0.06
IGM,SNN-FS,Complement C1q,3,3,8.0,50,0.06
IGM,SNN-FS,ICAM-1/CD54,3,3,9.0,50,0.06
IGM,SNN-FS,Serpin A4/Kallistatin,3,3,9.0,50,0.06
IGM,SNN-FS,Myeloperoxidase/MPO,3,3,9.666666666666666,50,0.06
IGM,SNN-FS,IFN-gamma,2,2,5.5,50,0.04
IGM,SNN-FS,G-CSF,2,2,6.5,50,0.04
IGM,SNN-FS,Galectin-3BP/MAC-2BP,2,2,6.5,50,0.04
IGM,SNN-FS,IL-18/IL-1F4,2,2,7.0,50,0.04
IGM,SNN-FS,CCL4/MIP-1 beta,2,2,8.0,50,0.04
IGM,SNN-FS,CXCL9/MIG,2,2,8.0,50,0.04
IGM,SNN-FS,Granzyme B,2,2,8.0,50,0.04
IGM,SNN-FS,IL-7,2,2,8.0,50,0.04
IGM,SNN-FS,Fas Ligand/TNFSF6,2,2,8.5,50,0.04
IGM,SNN-FS,VAP-1/AOC3,2,2,9.5,50,0.04
IGM,SNN-FS,Complement Component C9,1,1,5.0,50,0.02
IGM,SNN-FS,IL-23,1,1,5.0,50,0.02
IGM,SNN-FS,Resistin,1,1,5.0,50,0.02
IGM,SNN-FS,CD31/PECAM-1,1,1,6.0,50,0.02
IGM,SNN-FS,IL-4R alpha,1,1,6.0,50,0.02
IGM,SNN-FS,PDGF-DD,1,1,6.0,50,0.02
IGM,SNN-FS,EGF,1,1,7.0,50,0.02
IGM,SNN-FS,Flt-3 Ligand/FLT3L,1,1,8.0,50,0.02
IGM,SNN-FS,VEGF,1,1,8.0,50,0.02
IGM,SNN-FS,Growth Hormone,1,1,9.0,50,0.02
IGM,SNN-FS,IL-11,1,1,9.0,50,0.02
IGM,SNN-FS,IL-12/IL-23 p40,1,1,9.0,50,0.02
IGM,SNN-FS,Kallikrein 6/Neurosin,1,1,9.0,50,0.02
IGM,SNN-FS,Proprotein Convertase 9/PCSK9,1,1,9.0,50,0.02
IGM,SNN-FS,Thrombopoietin/Tpo,1,1,9.0,50,0.02
IGM,SNN-FS,Collagen I alpha 1,1,1,10.0,50,0.02
IGM,SNN-FS,Serpin C1/Antithrombin-III,1,1,10.0,50,0.02
IGM,StabilitySelection,M-CSF,220,50,2.018181818181818,50,1.0
IGM,StabilitySelection,Thrombospondin-2,185,50,3.0216216216216214,50,1.0
IGM,StabilitySelection,Serpin B3/SCCA1,122,50,4.319672131147541,50,1.0
IGM,StabilitySelection,LIF,101,49,3.772277227722772,50,0.98
IGM,StabilitySelection,Fetuin A/AHSG,91,49,5.648351648351649,50,0.98
IGM,StabilitySelection,BAFF/BLyS/TNFSF13B,97,47,4.649484536082475,50,0.94
IGM,StabilitySelection,Follistatin-related Gene Protein/FLRG,87,44,4.954022988505747,50,0.88
IGM,StabilitySelection,ErbB2/Her3,64,43,5.65625,50,0.86
IGM,StabilitySelection,Contactin-1,64,42,4.734375,50,0.84
IGM,StabilitySelection,CCL5/RANTES,78,42,5.730769230769231,50,0.84
IGM,StabilitySelection,CD23/Fc epsilon RII,61,42,6.147540983606557,50,0.84
IGM,StabilitySelection,IL-11,54,36,5.37037037037037,50,0.72
IGM,StabilitySelection,L-Selectin/CD62L,40,34,4.125,50,0.68
IGM,StabilitySelection,CXCL2/GRO beta/MIP-2/CINC-3,51,34,5.411764705882353,50,0.68
IGM,StabilitySelection,Myoglobin,40,33,5.525,50,0.66
IGM,StabilitySelection,Prolactin,36,29,5.833333333333333,50,0.58
IGM,StabilitySelection,CXCL1/GRO alpha/KC/CINC-1,33,28,5.545454545454546,50,0.56
IGM,StabilitySelection,VEGFR1/Flt-1,28,25,4.464285714285714,50,0.5
IGM,StabilitySelection,Complement C1q,23,20,5.869565217391305,50,0.4
IGM,StabilitySelection,CX3CL1/Fractalkine,26,20,6.346153846153846,50,0.4
IGM,StabilitySelection,IGFBP-1,19,18,5.578947368421052,50,0.36
IGM,StabilitySelection,CCL2/JE/MCP-1,14,13,5.142857142857143,50,0.26
IGM,StabilitySelection,Proprotein Convertase 9/PCSK9,10,10,6.2,50,0.2
IGM,StabilitySelection,Furin,9,9,4.444444444444445,50,0.18
IGM,StabilitySelection,CCL11/Eotaxin,8,8,5.875,50,0.16
IGM,StabilitySelection,CD117/c-kit,8,8,7.375,50,0.16
IGM,StabilitySelection,CA15-3/MUC-1,8,7,6.5,50,0.14
IGM,StabilitySelection,Growth Hormone,7,7,6.714285714285714,50,0.14
IGM,StabilitySelection,CA125/MUC16,6,6,3.6666666666666665,50,0.12
IGM,StabilitySelection,CD163,6,6,8.0,50,0.12
IGM,StabilitySelection,FABP4/A-FABP,5,5,5.8,50,0.1
IGM,StabilitySelection,Serpin A10/ZPI,5,5,6.6,50,0.1
IGM,StabilitySelection,IL-18/IL-1F4,4,4,4.75,50,0.08
IGM,StabilitySelection,Flt-3 Ligand/FLT3L,4,4,6.5,50,0.08
IGM,StabilitySelection,LBP,5,4,6.6,50,0.08
IGM,StabilitySelection,Dkk-1,3,3,3.6666666666666665,50,0.06
IGM,StabilitySelection,VEGF,3,3,6.0,50,0.06
IGM,StabilitySelection,MBL,3,3,7.0,50,0.06
IGM,StabilitySelection,alpha 2-Macroglobulin,4,3,7.75,50,0.06
IGM,StabilitySelection,EGF,2,2,5.5,50,0.04
IGM,StabilitySelection,CXCL6/GCP-2,2,2,6.5,50,0.04
IGM,StabilitySelection,GM-CSF,2,2,6.5,50,0.04
IGM,StabilitySelection,IL-17/IL-17A,2,2,8.0,50,0.04
IGM,StabilitySelection,Galectin-3BP/MAC-2BP,2,2,8.5,50,0.04
IGM,StabilitySelection,CCL22/MDC,2,2,9.0,50,0.04
IGM,StabilitySelection,MCAM/CD146,2,2,9.0,50,0.04
IGM,StabilitySelection,Galectin-9,2,2,10.0,50,0.04
IGM,StabilitySelection,IL-1 alpha/IL1-1F1,1,1,1.0,50,0.02
IGM,StabilitySelection,ICAM-1/CD54,1,1,3.0,50,0.02
IGM,StabilitySelection,TSLP,1,1,3.0,50,0.02
IGM,StabilitySelection,IL-3,1,1,4.0,50,0.02
IGM,StabilitySelection,CXCL13/BLC/BCA-1,1,1,5.0,50,0.02
IGM,StabilitySelection,Collagen I alpha 1,1,1,5.0,50,0.02
IGM,StabilitySelection,CCL4/MIP-1 beta,1,1,6.0,50,0.02
IGM,StabilitySelection,IL-6R alpha,1,1,6.0,50,0.02
IGM,StabilitySelection,IL-23,1,1,7.0,50,0.02
IGM,StabilitySelection,NT-4,1,1,7.0,50,0.02
IGM,StabilitySelection,DPPIV/CD26,1,1,8.0,50,0.02
IGM,StabilitySelection,IGFBP-4,1,1,8.0,50,0.02
IGM,StabilitySelection,M-CSF R/CD115,1,1,8.0,50,0.02
IGM,StabilitySelection,Alpha-1-Microglobulin,1,1,9.0,50,0.02
IGM,StabilitySelection,G-CSF,1,1,9.0,50,0.02
IGM,StabilitySelection,IL-12/IL-23 p40,1,1,9.0,50,0.02
IGM,StabilitySelection,IL-4R alpha,1,1,9.0,50,0.02
IGM,StabilitySelection,Chitinase 3-like 1,1,1,10.0,50,0.02
IGM,StabilitySelection,IGFBP-2,1,1,10.0,50,0.02
IGM,StabilitySelection,Serpin C1/Antithrombin-III,1,1,10.0,50,0.02
IGM,StabilitySelection,vWF-A2,1,1,10.0,50,0.02
IGM,Stabl-RP,CCL5/RANTES,233,50,1.9012875536480687,50,1.0
IGM,Stabl-RP,Fetuin A/AHSG,232,50,2.3706896551724137,50,1.0
IGM,Stabl-RP,Myoglobin,155,50,4.083870967741936,50,1.0
IGM,Stabl-RP,M-CSF,144,50,4.173611111111111,50,1.0
IGM,Stabl-RP,Serpin A4/Kallistatin,132,50,4.704545454545454,50,1.0
IGM,Stabl-RP,CA15-3/MUC-1,94,48,5.0638297872340425,50,0.96
IGM,Stabl-RP,CCL22/MDC,78,48,5.871794871794871,50,0.96
IGM,Stabl-RP,EGF,57,43,5.228070175438597,50,0.86
IGM,Stabl-RP,BAFF/BLyS/TNFSF13B,68,42,5.661764705882353,50,0.84
IGM,Stabl-RP,IGFBP-1,61,41,4.868852459016393,50,0.82
IGM,Stabl-RP,IL-18/IL-1F4,38,33,6.7105263157894735,50,0.66
IGM,Stabl-RP,CXCL5/ENA-78,38,30,5.815789473684211,50,0.6
IGM,Stabl-RP,ST2/IL-33R,38,30,7.2894736842105265,50,0.6
IGM,Stabl-RP,MAdCAM-1,40,28,7.025,50,0.56
IGM,Stabl-RP,Protein S/PROS1,32,25,6.6875,50,0.5
IGM,Stabl-RP,Angiopoietin-like Protein 3/ANGPTL3,28,23,5.5,50,0.46
IGM,Stabl-RP,CD23/Fc epsilon RII,25,22,6.56,50,0.44
IGM,Stabl-RP,CXCL4/PF4,24,22,7.458333333333333,50,0.44
IGM,Stabl-RP,TGF-beta1,19,19,5.947368421052632,50,0.38
IGM,Stabl-RP,BDNF,21,19,7.904761904761905,50,0.38
IGM,Stabl-RP,PDGF-DD,14,14,7.071428571428571,50,0.28
IGM,Stabl-RP,PDGF-AA,14,13,6.857142857142857,50,0.26
IGM,Stabl-RP,CXCL1/GRO alpha/KC/CINC-1,12,12,6.166666666666667,50,0.24
IGM,Stabl-RP,Angiopoietin-1,12,12,6.916666666666667,50,0.24
IGM,Stabl-RP,IL-6,13,12,7.538461538461538,50,0.24
IGM,Stabl-RP,Flt-3 Ligand/FLT3L,11,11,6.363636363636363,50,0.22
IGM,Stabl-RP,L-Selectin/CD62L,9,9,7.777777777777778,50,0.18
IGM,Stabl-RP,Follistatin-related Gene Protein/FLRG,8,8,8.125,50,0.16
IGM,Stabl-RP,CD40 Ligand/TNFSF5,7,7,7.857142857142857,50,0.14
IGM,Stabl-RP,PD-L1/B7-H1,7,7,8.857142857142858,50,0.14
IGM,Stabl-RP,TSLP,6,6,6.5,50,0.12
IGM,Stabl-RP,Thrombospondin-2,6,6,7.0,50,0.12
IGM,Stabl-RP,Properdin,5,5,6.8,50,0.1
IGM,Stabl-RP,CD31/PECAM-1,5,4,7.0,50,0.08
IGM,Stabl-RP,VCAM-1/CD106,4,4,7.5,50,0.08
IGM,Stabl-RP,GDF-15,4,4,8.5,50,0.08
IGM,Stabl-RP,CCL11/Eotaxin,3,3,4.666666666666667,50,0.06
IGM,Stabl-RP,G-CSF,3,3,7.666666666666667,50,0.06
IGM,Stabl-RP,Endocan/ESM-1,3,3,9.666666666666666,50,0.06
IGM,Stabl-RP,Prolactin,2,2,4.0,50,0.04
IGM,Stabl-RP,FGF basic/FGF2/bFGF,2,2,5.5,50,0.04
IGM,Stabl-RP,ENPP-2/Autotaxin,2,2,6.5,50,0.04
IGM,Stabl-RP,IL-17/IL-17A,1,1,4.0,50,0.02
IGM,Stabl-RP,Granzyme B,1,1,5.0,50,0.02
IGM,Stabl-RP,Complement Component C2,1,1,6.0,50,0.02
IGM,Stabl-RP,IL-3,1,1,6.0,50,0.02
IGM,Stabl-RP,CCL24/Eotaxin-2/MPIF-2,1,1,7.0,50,0.02
IGM,Stabl-RP,CD117/c-kit,1,1,7.0,50,0.02
IGM,Stabl-RP,LIF,1,1,7.0,50,0.02
IGM,Stabl-RP,ADAMTS13,1,1,8.0,50,0.02
IGM,Stabl-RP,Galectin-9,1,1,8.0,50,0.02
IGM,Stabl-RP,CD14,1,1,9.0,50,0.02
IGM,Stabl-RP,CXCL10/IP-10/CRG-2,1,1,9.0,50,0.02
IGM,Stabl-RP,Nephrin,1,1,9.0,50,0.02
IGM,Stabl-RP,P-Selectin/CD62P,1,1,9.0,50,0.02
IGM,Stabl-RP,Alpha-1-Microglobulin,1,1,10.0,50,0.02
IGM,Stabl-RP,Fas Ligand/TNFSF6,1,1,10.0,50,0.02
IGM,Stabl-RP,IL-10,1,1,10.0,50,0.02
IGM,Stabl-RP,Serpin B3/SCCA1,1,1,10.0,50,0.02
IGM,Stabl-RP,VEGFR1/Flt-1,1,1,10.0,50,0.02
IGM,geeVerse,PDGF-DD,159,50,1.0880503144654088,50,1.0
IGM,geeVerse,TGF-beta1,144,50,2.3333333333333335,50,1.0
IGM,geeVerse,Syndecan-1/CD138,154,50,2.5324675324675323,50,1.0
IGM,geeVerse,PD-L1/B7-H1,151,50,3.370860927152318,50,1.0
IGM,geeVerse,ST2/IL-33R,92,48,7.021739130434782,50,0.96
IGM,geeVerse,TGF-beta 2,60,46,2.033333333333333,50,0.92
IGM,geeVerse,IL-17E/IL-25,72,46,5.597222222222222,50,0.92
IGM,geeVerse,VEGFR1/Flt-1,73,45,2.6301369863013697,50,0.9
IGM,geeVerse,Proprotein Convertase 9/PCSK9,65,43,2.646153846153846,50,0.86
IGM,geeVerse,IL-3,62,43,5.32258064516129,50,0.86
IGM,geeVerse,Angiopoietin-like Protein 3/ANGPTL3,72,43,6.333333333333333,50,0.86
IGM,geeVerse,SP-D,68,41,7.647058823529412,50,0.82
IGM,geeVerse,Pentraxin 3/TSG-14,50,40,8.02,50,0.8
IGM,geeVerse,M-CSF,43,33,8.86046511627907,50,0.66
IGM,geeVerse,L-Selectin/CD62L,42,32,4.738095238095238,50,0.64
IGM,geeVerse,IL-18/IL-1F4,38,30,9.131578947368421,50,0.6
IGM,geeVerse,HGF,27,25,9.62962962962963,50,0.5
IGM,geeVerse,CCL11/Eotaxin,28,23,6.678571428571429,50,0.46
IGM,geeVerse,IL-36 beta/IL-1F8,15,15,5.933333333333334,50,0.3
IGM,geeVerse,Nectin-4,12,12,4.5,50,0.24
IGM,geeVerse,CD40 Ligand/TNFSF5,13,11,7.6923076923076925,50,0.22
IGM,geeVerse,BDNF,9,9,2.3333333333333335,50,0.18
IGM,geeVerse,Nephrin,9,9,3.7777777777777777,50,0.18
IGM,geeVerse,Fetuin A/AHSG,8,7,1.375,50,0.14
IGM,geeVerse,uPAR,7,7,6.285714285714286,50,0.14
IGM,geeVerse,P-Selectin/CD62P,6,6,5.333333333333333,50,0.12
IGM,geeVerse,Chitinase 3-like 1,6,6,10.0,50,0.12
IGM,geeVerse,EGF,4,4,1.25,50,0.08
IGM,geeVerse,CCL5/RANTES,4,4,2.0,50,0.08
IGM,geeVerse,Angiopoietin-1,4,4,8.75,50,0.08
IGM,geeVerse,GDF-15,4,4,9.25,50,0.08
IGM,geeVerse,OSteopontin/OPN,3,3,3.0,50,0.06
IGM,geeVerse,Prolactin,3,3,5.0,50,0.06
IGM,geeVerse,MIF,3,3,8.333333333333334,50,0.06
IGM,geeVerse,LIF,2,2,4.5,50,0.04
IGM,geeVerse,Fas Ligand/TNFSF6,2,2,7.0,50,0.04
IGM,geeVerse,Granzyme A,2,2,8.5,50,0.04
IGM,geeVerse,IL-15,2,2,8.5,50,0.04
IGM,geeVerse,BAFF/BLyS/TNFSF13B,1,1,3.0,50,0.02
IGM,geeVerse,CA15-3/MUC-1,1,1,3.0,50,0.02
IGM,geeVerse,CXCL1/GRO alpha/KC/CINC-1,1,1,3.0,50,0.02
IGM,geeVerse,IGFBP-1,1,1,3.0,50,0.02
IGM,geeVerse,Myoglobin,1,1,3.0,50,0.02
IGM,geeVerse,CCL22/MDC,1,1,4.0,50,0.02
IGM,geeVerse,IL-7,1,1,6.0,50,0.02
IGM,glmmLasso,Fetuin A/AHSG,232,50,1.896551724137931,50,1.0
IGM,glmmLasso,CCL5/RANTES,182,50,2.379120879120879,50,1.0
IGM,glmmLasso,Myoglobin,183,50,3.202185792349727,50,1.0
IGM,glmmLasso,BAFF/BLyS/TNFSF13B,150,50,4.3133333333333335,50,1.0
IGM,glmmLasso,CA15-3/MUC-1,131,50,4.358778625954199,50,1.0
IGM,glmmLasso,Serpin B3/SCCA1,114,49,6.12280701754386,50,0.98
IGM,glmmLasso,Serpin A4/Kallistatin,91,46,6.263736263736264,50,0.92
IGM,glmmLasso,M-CSF,49,42,3.836734693877551,50,0.84
IGM,glmmLasso,Angiopoietin-like Protein 3/ANGPTL3,57,40,3.0350877192982457,50,0.8
IGM,glmmLasso,Galectin-9,51,35,6.176470588235294,50,0.7
IGM,glmmLasso,CCL22/MDC,37,32,5.027027027027027,50,0.64
IGM,glmmLasso,IL-18/IL-1F4,36,29,8.0,50,0.58
IGM,glmmLasso,Protein S/PROS1,27,25,6.703703703703703,50,0.5
IGM,glmmLasso,VCAM-1/CD106,27,25,8.296296296296296,50,0.5
IGM,glmmLasso,Syndecan-1/CD138,26,23,7.653846153846154,50,0.46
IGM,glmmLasso,PDGF-DD,22,20,8.5,50,0.4
IGM,glmmLasso,L-Selectin/CD62L,21,19,2.0952380952380953,50,0.38
IGM,glmmLasso,TGF-beta1,18,17,7.333333333333333,50,0.34
IGM,glmmLasso,ST2/IL-33R,18,17,8.222222222222221,50,0.34
IGM,glmmLasso,IL-1ra/IL-1F3,20,16,8.85,50,0.32
IGM,glmmLasso,HGF,16,15,9.0,50,0.3
IGM,glmmLasso,IL-10,15,15,9.2,50,0.3
IGM,glmmLasso,PD-L1/B7-H1,13,13,9.076923076923077,50,0.26
IGM,glmmLasso,FGF basic/FGF2/bFGF,12,12,4.5,50,0.24
IGM,glmmLasso,EGF,11,11,3.6363636363636362,50,0.22
IGM,glmmLasso,VEGFR1/Flt-1,11,10,5.454545454545454,50,0.2
IGM,glmmLasso,MAdCAM-1,9,9,8.333333333333334,50,0.18
IGM,glmmLasso,Properdin,9,9,8.555555555555555,50,0.18
IGM,glmmLasso,CCL11/Eotaxin,8,8,3.125,50,0.16
IGM,glmmLasso,IGFBP-1,8,8,3.625,50,0.16
IGM,glmmLasso,ADAMTS13,8,8,5.875,50,0.16
IGM,glmmLasso,TIMP-1,8,8,8.625,50,0.16
IGM,glmmLasso,CA125/MUC16,8,8,9.5,50,0.16
IGM,glmmLasso,TRAIL R2/TNFRSF10B,7,7,6.714285714285714,50,0.14
IGM,glmmLasso,ENPP-2/Autotaxin,6,6,3.3333333333333335,50,0.12
IGM,glmmLasso,IL-3,6,6,7.5,50,0.12
IGM,glmmLasso,TREM-1,6,6,8.333333333333334,50,0.12
IGM,glmmLasso,CD23/Fc epsilon RII,5,5,1.4,50,0.1
IGM,glmmLasso,Myeloperoxidase/MPO,5,5,9.4,50,0.1
IGM,glmmLasso,IL-6,4,4,8.5,50,0.08
IGM,glmmLasso,Flt-3 Ligand/FLT3L,3,3,3.0,50,0.06
IGM,glmmLasso,VEGF,3,3,9.0,50,0.06
IGM,glmmLasso,SP-D,3,3,9.333333333333334,50,0.06
IGM,glmmLasso,IL-5,2,2,3.5,50,0.04
IGM,glmmLasso,CXCL4/PF4,2,2,7.0,50,0.04
IGM,glmmLasso,CD31/PECAM-1,2,2,7.5,50,0.04
IGM,glmmLasso,Follistatin-related Gene Protein/FLRG,2,2,7.5,50,0.04
IGM,glmmLasso,P-Selectin/CD62P,2,2,7.5,50,0.04
IGM,glmmLasso,TGF-alpha,2,2,8.5,50,0.04
IGM,glmmLasso,IL-17E/IL-25,2,2,9.0,50,0.04
IGM,glmmLasso,Pentraxin 3/TSG-14,2,2,9.0,50,0.04
IGM,glmmLasso,TGF-beta 2,2,2,9.0,50,0.04
IGM,glmmLasso,Chitinase 3-like 1,2,2,9.5,50,0.04
IGM,glmmLasso,S100A9,2,2,9.5,50,0.04
IGM,glmmLasso,CXCL1/GRO alpha/KC/CINC-1,1,1,2.0,50,0.02
IGM,glmmLasso,CD117/c-kit,1,1,3.0,50,0.02
IGM,glmmLasso,Granzyme B,1,1,5.0,50,0.02
IGM,glmmLasso,Leptin/OB,1,1,5.0,50,0.02
IGM,glmmLasso,GDF-15,1,1,8.0,50,0.02
IGM,glmmLasso,Granzyme A,1,1,9.0,50,0.02
IGM,glmmLasso,Nephrin,1,1,9.0,50,0.02
IGM,glmmLasso,MMP-8,1,1,10.0,50,0.02
IGM,glmmLasso,Resistin,1,1,10.0,50,0.02
IGM,mRMR,Serpin B3/SCCA1,199,50,1.3316582914572865,50,1.0
IGM,mRMR,Fetuin A/AHSG,209,50,2.952153110047847,50,1.0
IGM,mRMR,BAFF/BLyS/TNFSF13B,163,50,3.331288343558282,50,1.0
IGM,mRMR,MMP-8,154,50,4.214285714285714,50,1.0
IGM,mRMR,ST2/IL-33R,153,50,4.882352941176471,50,1.0
IGM,mRMR,CCL5/RANTES,126,49,5.007936507936508,50,0.98
IGM,mRMR,Myoglobin,106,49,6.40566037735849,50,0.98
IGM,mRMR,MMP-9,97,47,6.216494845360825,50,0.94
IGM,mRMR,CA15-3/MUC-1,78,46,5.410256410256411,50,0.92
IGM,mRMR,Angiopoietin-like Protein 3/ANGPTL3,60,41,6.683333333333334,50,0.82
IGM,mRMR,Serpin A4/Kallistatin,67,40,6.82089552238806,50,0.8
IGM,mRMR,Myeloperoxidase/MPO,35,33,6.942857142857143,50,0.66
IGM,mRMR,IL-18/IL-1F4,42,32,6.642857142857143,50,0.64
IGM,mRMR,M-CSF,30,30,5.933333333333334,50,0.6
IGM,mRMR,IL-10,32,30,6.625,50,0.6
IGM,mRMR,TGF-beta1,26,24,4.961538461538462,50,0.48
IGM,mRMR,PDGF-DD,30,24,6.4,50,0.48
IGM,mRMR,L-Selectin/CD62L,25,21,6.68,50,0.42
IGM,mRMR,CCL22/MDC,22,19,7.136363636363637,50,0.38
IGM,mRMR,Protein S/PROS1,21,19,8.142857142857142,50,0.38
IGM,mRMR,PD-L1/B7-H1,15,15,6.933333333333334,50,0.3
IGM,mRMR,IL-17E/IL-25,13,13,6.923076923076923,50,0.26
IGM,mRMR,TGF-alpha,11,11,5.909090909090909,50,0.22
IGM,mRMR,CA125/MUC16,10,10,6.7,50,0.2
IGM,mRMR,FGF basic/FGF2/bFGF,9,9,6.888888888888889,50,0.18
IGM,mRMR,CCL11/Eotaxin,8,8,7.375,50,0.16
IGM,mRMR,ADAMTS13,8,8,8.25,50,0.16
IGM,mRMR,IL-3,6,6,5.666666666666667,50,0.12
IGM,mRMR,GDF-15,6,6,6.166666666666667,50,0.12
IGM,mRMR,Properdin,6,6,7.833333333333333,50,0.12
IGM,mRMR,EGF,5,5,4.0,50,0.1
IGM,mRMR,Leptin/OB,4,4,7.25,50,0.08
IGM,mRMR,VCAM-1/CD106,4,4,8.5,50,0.08
IGM,mRMR,IL-6,4,4,9.0,50,0.08
IGM,mRMR,MAdCAM-1,3,3,4.666666666666667,50,0.06
IGM,mRMR,CD23/Fc epsilon RII,3,3,5.666666666666667,50,0.06
IGM,mRMR,IGFBP-1,3,3,7.0,50,0.06
IGM,mRMR,TGF-beta 2,3,3,7.0,50,0.06
IGM,mRMR,SP-D,3,3,9.333333333333334,50,0.06
IGM,mRMR,ENPP-2/Autotaxin,2,2,8.5,50,0.04
IGM,mRMR,Growth Hormone,2,2,10.0,50,0.04
IGM,mRMR,Flt-3 Ligand/FLT3L,1,1,3.0,50,0.02
IGM,mRMR,Pentraxin 3/TSG-14,1,1,4.0,50,0.02
IGM,mRMR,CD31/PECAM-1,1,1,7.0,50,0.02
IGM,mRMR,CD40 Ligand/TNFSF5,1,1,8.0,50,0.02
IGM,mRMR,CXCL1/GRO alpha/KC/CINC-1,1,1,8.0,50,0.02
IGM,mRMR,CXCL4/PF4,1,1,8.0,50,0.02
IGM,mRMR,Galectin-3,1,1,9.0,50,0.02
IGM,mRMR,Proprotein Convertase 9/PCSK9,1,1,9.0,50,0.02
IGM,mRMR,VEGFR1/Flt-1,1,1,9.0,50,0.02
IGM,mRMR,CD117/c-kit,1,1,10.0,50,0.02
IGM,mRMR,Galectin-9,1,1,10.0,50,0.02
IGM,mRMR,alpha 2-Macroglobulin,1,1,10.0,50,0.02
KARE_STATUS,Boruta,Glutamate,250,50,1.208,50,1.0
KARE_STATUS,Boruta,Glycine,250,50,2.008,50,1.0
KARE_STATUS,Boruta,Alanine,242,50,3.6404958677685952,50,1.0
KARE_STATUS,Boruta,Tyrosine,240,50,3.7708333333333335,50,1.0
KARE_STATUS,Boruta,bmi,160,50,6.31875,50,1.0
KARE_STATUS,Boruta,Xanthine,178,50,6.455056179775281,50,1.0
KARE_STATUS,Boruta,age,145,50,6.586206896551724,50,1.0
KARE_STATUS,Boruta,Lactate,157,50,6.630573248407643,50,1.0
KARE_STATUS,Boruta,sex,119,50,7.764705882352941,50,1.0
KARE_STATUS,Boruta,Hexanoyl_carnitine,117,49,7.52991452991453,50,0.98
KARE_STATUS,Boruta,Phenylalanine,74,45,8.162162162162161,50,0.9
KARE_STATUS,Boruta,Glutamine,38,34,8.368421052631579,50,0.68
KARE_STATUS,Boruta,Isoleucine,43,33,8.69767441860465,50,0.66
KARE_STATUS,Boruta,Leucine,45,32,8.466666666666667,50,0.64
KARE_STATUS,Boruta,Aspartate,30,26,8.3,50,0.52
KARE_STATUS,Boruta,Valine,26,23,8.576923076923077,50,0.46
KARE_STATUS,Boruta,Proline,25,21,7.52,50,0.42
KARE_STATUS,Boruta,Isovaleryl_carnitine,23,20,8.565217391304348,50,0.4
KARE_STATUS,Boruta,Acetoacetate,21,20,8.80952380952381,50,0.4
KARE_STATUS,Boruta,Asparagine,12,12,9.416666666666666,50,0.24
KARE_STATUS,Boruta,Butanoyl_carnitine,9,9,7.333333333333333,50,0.18
KARE_STATUS,Boruta,S_adenosylhomocysteine__SAH_,7,6,8.428571428571429,50,0.12
KARE_STATUS,Boruta,Acetylcarnitine,4,4,8.75,50,0.08
KARE_STATUS,Boruta,Taurine,1,1,8.0,50,0.02
KARE_STATUS,Boruta,Urea,1,1,10.0,50,0.02
KARE_STATUS,Boruta,X3_Hydroxybutyrate,1,1,10.0,50,0.02
KARE_STATUS,ElasticNet,Alanine,248,50,1.4959677419354838,50,1.0
KARE_STATUS,ElasticNet,Glycine,249,50,3.2248995983935744,50,1.0
KARE_STATUS,ElasticNet,Glutamate,239,50,4.154811715481172,50,1.0
KARE_STATUS,ElasticNet,Acetoacetate,234,50,4.252136752136752,50,1.0
KARE_STATUS,ElasticNet,Xanthine,218,50,5.220183486238532,50,1.0
KARE_STATUS,ElasticNet,Hexanoyl_carnitine,218,50,5.922018348623853,50,1.0
KARE_STATUS,ElasticNet,Tyrosine,148,50,6.452702702702703,50,1.0
KARE_STATUS,ElasticNet,Taurine,186,50,6.709677419354839,50,1.0
KARE_STATUS,ElasticNet,sex,171,50,6.847953216374269,50,1.0
KARE_STATUS,ElasticNet,age,161,50,7.198757763975156,50,1.0
KARE_STATUS,ElasticNet,Cysteine,48,37,8.416666666666666,50,0.74
KARE_STATUS,ElasticNet,Glutamine,40,32,8.4,50,0.64
KARE_STATUS,ElasticNet,Arginine,32,28,8.15625,50,0.56
KARE_STATUS,ElasticNet,Cystathionine,28,25,9.285714285714286,50,0.5
KARE_STATUS,ElasticNet,Urea,25,23,8.88,50,0.46
KARE_STATUS,ElasticNet,Uridine,19,19,9.421052631578947,50,0.38
KARE_STATUS,ElasticNet,Methionine,15,14,9.733333333333333,50,0.28
KARE_STATUS,ElasticNet,Proline,13,12,8.76923076923077,50,0.24
KARE_STATUS,ElasticNet,Tryptophan,10,9,9.4,50,0.18
KARE_STATUS,ElasticNet,Trigonelline,9,8,8.666666666666666,50,0.16
KARE_STATUS,ElasticNet,Asparagine,6,6,7.5,50,0.12
KARE_STATUS,ElasticNet,S_adenosylhomocysteine__SAH_,5,5,8.8,50,0.1
KARE_STATUS,ElasticNet,Trans_4_Hydroxy_L_proline,5,5,9.8,50,0.1
KARE_STATUS,ElasticNet,Carnitine,4,4,8.75,50,0.08
KARE_STATUS,ElasticNet,Guanine,4,4,9.5,50,0.08
KARE_STATUS,ElasticNet,X5_Methyl_THF,4,4,10.0,50,0.08
KARE_STATUS,ElasticNet,Isoleucine,3,3,8.666666666666666,50,0.06
KARE_STATUS,ElasticNet,Uric_acid,3,3,9.333333333333334,50,0.06
KARE_STATUS,ElasticNet,Acetylcholine,3,3,9.666666666666666,50,0.06
KARE_STATUS,ElasticNet,Hypoxanthine,3,3,9.666666666666666,50,0.06
KARE_STATUS,ElasticNet,Serine,2,2,9.5,50,0.04
KARE_STATUS,ElasticNet,Threonine,1,1,5.0,50,0.02
KARE_STATUS,ElasticNet,X3_Hydroxybutyrate,1,1,9.0,50,0.02
KARE_STATUS,ElasticNet,Histidine,1,1,10.0,50,0.02
KARE_STATUS,ElasticNet,Lysine,1,1,10.0,50,0.02
KARE_STATUS,LLSS,Glutamate,250,50,1.0,50,1.0
KARE_STATUS,LLSS,Alanine,246,50,2.8008130081300813,50,1.0
KARE_STATUS,LLSS,Tyrosine,244,50,3.401639344262295,50,1.0
KARE_STATUS,LLSS,Xanthine,214,50,4.626168224299065,50,1.0
KARE_STATUS,LLSS,Glycine,223,50,5.031390134529148,50,1.0
KARE_STATUS,LLSS,Lactate,188,50,6.101063829787234,50,1.0
KARE_STATUS,LLSS,Phenylalanine,159,50,7.2075471698113205,50,1.0
KARE_STATUS,LLSS,Valine,177,50,7.333333333333333,50,1.0
KARE_STATUS,LLSS,Isoleucine,139,50,8.201438848920864,50,1.0
KARE_STATUS,LLSS,Isovaleryl_carnitine,142,49,6.922535211267606,50,0.98
KARE_STATUS,LLSS,Leucine,122,49,8.549180327868852,50,0.98
KARE_STATUS,LLSS,Hexanoyl_carnitine,53,39,7.69811320754717,50,0.78
KARE_STATUS,LLSS,Aspartate,30,27,7.4,50,0.54
KARE_STATUS,LLSS,S_adenosylhomocysteine__SAH_,23,19,8.608695652173912,50,0.38
KARE_STATUS,LLSS,Proline,3,3,9.0,50,0.06
KARE_STATUS,LLSS,Acetoacetate,2,2,8.5,50,0.04
KARE_STATUS,LLSS,Butanoyl_carnitine,1,1,7.0,50,0.02
KARE_STATUS,LLSS,Lauroyl_carnitine,1,1,9.0,50,0.02
KARE_STATUS,LLSS,Acetylcarnitine,1,1,10.0,50,0.02
KARE_STATUS,Lasso,Alanine,248,50,1.6290322580645162,50,1.0
KARE_STATUS,Lasso,Glutamate,250,50,2.388,50,1.0
KARE_STATUS,Lasso,Glycine,247,50,3.222672064777328,50,1.0
KARE_STATUS,Lasso,Acetoacetate,225,50,4.511111111111111,50,1.0
KARE_STATUS,Lasso,Hexanoyl_carnitine,228,50,5.2631578947368425,50,1.0
KARE_STATUS,Lasso,age,198,50,6.540404040404041,50,1.0
KARE_STATUS,Lasso,Xanthine,172,50,6.622093023255814,50,1.0
KARE_STATUS,Lasso,Tyrosine,176,50,6.818181818181818,50,1.0
KARE_STATUS,Lasso,Taurine,155,50,7.490322580645161,50,1.0
KARE_STATUS,Lasso,sex,129,49,7.852713178294573,50,0.98
KARE_STATUS,Lasso,Glutamine,36,31,8.36111111111111,50,0.62
KARE_STATUS,Lasso,Cystathionine,39,29,8.794871794871796,50,0.58
KARE_STATUS,Lasso,Asparagine,32,26,8.59375,50,0.52
KARE_STATUS,Lasso,Proline,24,23,8.333333333333334,50,0.46
KARE_STATUS,Lasso,Cysteine,20,19,8.8,50,0.38
KARE_STATUS,Lasso,Acetylcholine,18,18,8.88888888888889,50,0.36
KARE_STATUS,Lasso,Trigonelline,17,16,8.352941176470589,50,0.32
KARE_STATUS,Lasso,Uridine,13,13,9.23076923076923,50,0.26
KARE_STATUS,Lasso,Guanine,12,11,9.25,50,0.22
KARE_STATUS,Lasso,X3_Hydroxybutyrate,10,10,7.3,50,0.2
KARE_STATUS,Lasso,Urea,10,10,9.2,50,0.2
KARE_STATUS,Lasso,Serine,10,10,9.5,50,0.2
KARE_STATUS,Lasso,Arginine,8,8,8.375,50,0.16
KARE_STATUS,Lasso,S_adenosylhomocysteine__SAH_,6,6,9.166666666666666,50,0.12
KARE_STATUS,Lasso,Butanoyl_carnitine,3,3,10.0,50,0.06
KARE_STATUS,Lasso,Isoleucine,2,2,9.5,50,0.04
KARE_STATUS,Lasso,Threonine,1,1,6.0,50,0.02
KARE_STATUS,Lasso,Trans_4_Hydroxy_L_proline,1,1,9.0,50,0.02
KARE_STATUS,Lasso,Valine,1,1,10.0,50,0.02
KARE_STATUS,Lasso,X5_Methyl_THF,1,1,10.0,50,0.02
KARE_STATUS,LongGroupLasso,Glutamate,250,50,1.056,50,1.0
KARE_STATUS,LongGroupLasso,Glycine,249,50,2.8072289156626504,50,1.0
KARE_STATUS,LongGroupLasso,Alanine,248,50,3.193548387096774,50,1.0
KARE_STATUS,LongGroupLasso,Hexanoyl_carnitine,238,50,4.067226890756302,50,1.0
KARE_STATUS,LongGroupLasso,Tyrosine,205,50,5.492682926829269,50,1.0
KARE_STATUS,LongGroupLasso,age,219,50,5.844748858447488,50,1.0
KARE_STATUS,LongGroupLasso,Acetoacetate,186,50,6.903225806451613,50,1.0
KARE_STATUS,LongGroupLasso,Xanthine,173,50,6.994219653179191,50,1.0
KARE_STATUS,LongGroupLasso,Butanoyl_carnitine,124,50,8.040322580645162,50,1.0
KARE_STATUS,LongGroupLasso,Lactate,62,45,8.53225806451613,50,0.9
KARE_STATUS,LongGroupLasso,X3_Hydroxybutyrate,62,45,8.903225806451612,50,0.9
KARE_STATUS,LongGroupLasso,Trigonelline,32,28,8.53125,50,0.56
KARE_STATUS,LongGroupLasso,Asparagine,29,26,8.89655172413793,50,0.52
KARE_STATUS,LongGroupLasso,Cystathionine,20,17,8.9,50,0.34
KARE_STATUS,LongGroupLasso,Proline,19,17,9.263157894736842,50,0.34
KARE_STATUS,LongGroupLasso,Aspartate,16,16,9.0625,50,0.32
KARE_STATUS,LongGroupLasso,Isovaleryl_carnitine,17,15,9.117647058823529,50,0.3
KARE_STATUS,LongGroupLasso,Glutamine,13,13,8.692307692307692,50,0.26
KARE_STATUS,LongGroupLasso,S_adenosylhomocysteine__SAH_,11,11,8.636363636363637,50,0.22
KARE_STATUS,LongGroupLasso,Valine,10,10,8.9,50,0.2
KARE_STATUS,LongGroupLasso,Acetylcarnitine,9,9,9.555555555555555,50,0.18
KARE_STATUS,LongGroupLasso,Acetylcholine,8,8,9.125,50,0.16
KARE_STATUS,LongGroupLasso,Serine,8,8,9.625,50,0.16
KARE_STATUS,LongGroupLasso,Taurine,6,6,8.833333333333334,50,0.12
KARE_STATUS,LongGroupLasso,Guanine,6,6,9.166666666666666,50,0.12
KARE_STATUS,LongGroupLasso,Phenylalanine,4,4,9.5,50,0.08
KARE_STATUS,LongGroupLasso,Trans_4_Hydroxy_L_proline,1,1,9.0,50,0.02
KARE_STATUS,LongGroupLasso,Isoleucine,1,1,10.0,50,0.02
KARE_STATUS,LongGroupLasso,Kynurenine,1,1,10.0,50,0.02
KARE_STATUS,MutualInfo,Tryptophan,241,50,2.1535269709543567,50,1.0
KARE_STATUS,MutualInfo,bmi,154,50,4.51948051948052,50,1.0
KARE_STATUS,MutualInfo,Xanthine,162,50,4.765432098765432,50,1.0
KARE_STATUS,MutualInfo,Uric_acid,111,50,4.936936936936937,50,1.0
KARE_STATUS,MutualInfo,Glycine,141,50,5.375886524822695,50,1.0
KARE_STATUS,MutualInfo,Glutamate,115,50,5.504347826086956,50,1.0
KARE_STATUS,MutualInfo,Lysine,114,49,5.324561403508772,50,0.98
KARE_STATUS,MutualInfo,Tyrosine,92,49,5.989130434782608,50,0.98
KARE_STATUS,MutualInfo,Phenylalanine,97,48,5.525773195876289,50,0.96
KARE_STATUS,MutualInfo,Guanine,87,47,5.482758620689655,50,0.94
KARE_STATUS,MutualInfo,Betaine,83,47,5.9156626506024095,50,0.94
KARE_STATUS,MutualInfo,Creatine,85,47,6.152941176470589,50,0.94
KARE_STATUS,MutualInfo,Trigonelline,68,45,6.264705882352941,50,0.9
KARE_STATUS,MutualInfo,X3_Hydroxybutyrate,68,43,6.147058823529412,50,0.86
KARE_STATUS,MutualInfo,Lauroyl_carnitine,67,42,6.492537313432836,50,0.84
KARE_STATUS,MutualInfo,Methionine,56,42,6.857142857142857,50,0.84
KARE_STATUS,MutualInfo,Hexanoyl_carnitine,60,41,6.283333333333333,50,0.82
KARE_STATUS,MutualInfo,Alanine,54,39,6.333333333333333,50,0.78
KARE_STATUS,MutualInfo,Valine,45,39,6.355555555555555,50,0.78
KARE_STATUS,MutualInfo,Asymmetric_dimethylarginitine__ADMA_,48,37,6.604166666666667,50,0.74
KARE_STATUS,MutualInfo,Kynurenine,43,37,6.674418604651163,50,0.74
KARE_STATUS,MutualInfo,Cystathionine,49,36,6.489795918367347,50,0.72
KARE_STATUS,MutualInfo,Isoleucine,36,30,5.527777777777778,50,0.6
KARE_STATUS,MutualInfo,Choline,41,29,7.195121951219512,50,0.58
KARE_STATUS,MutualInfo,Decanoyl_carnitine,30,26,6.6,50,0.52
KARE_STATUS,MutualInfo,sex,33,25,4.333333333333333,50,0.5
KARE_STATUS,MutualInfo,Acetylcarnitine,24,24,6.166666666666667,50,0.48
KARE_STATUS,MutualInfo,Riboflavin,25,21,6.4,50,0.42
KARE_STATUS,MutualInfo,age,19,18,5.2105263157894735,50,0.36
KARE_STATUS,MutualInfo,Cysteine,18,18,6.444444444444445,50,0.36
KARE_STATUS,MutualInfo,Butanoyl_carnitine,19,18,6.473684210526316,50,0.36
KARE_STATUS,MutualInfo,Proline,21,18,7.857142857142857,50,0.36
KARE_STATUS,MutualInfo,Xanthosine,16,15,7.0,50,0.3
KARE_STATUS,MutualInfo,Aspartate,15,12,6.4,50,0.24
KARE_STATUS,MutualInfo,gamma_Aminobutyrate__GABA_,13,12,6.846153846153846,50,0.24
KARE_STATUS,MutualInfo,Lactate,13,12,7.0,50,0.24
KARE_STATUS,MutualInfo,Uridine,13,11,6.461538461538462,50,0.22
KARE_STATUS,MutualInfo,Inosine,9,9,5.555555555555555,50,0.18
KARE_STATUS,MutualInfo,Nicotinamide,9,9,6.777777777777778,50,0.18
KARE_STATUS,MutualInfo,Glutamine,10,9,7.0,50,0.18
KARE_STATUS,MutualInfo,Isovaleryl_carnitine,7,7,7.142857142857143,50,0.14
KARE_STATUS,MutualInfo,Trimethylamine_N_oxide__TMAO_,7,7,7.571428571428571,50,0.14
KARE_STATUS,MutualInfo,Leucine,5,5,7.6,50,0.1
KARE_STATUS,MutualInfo,Acetoacetate,4,4,7.25,50,0.08
KARE_STATUS,MutualInfo,Norepinephrine,4,4,7.5,50,0.08
KARE_STATUS,MutualInfo,Urea,4,4,8.0,50,0.08
KARE_STATUS,MutualInfo,Arginine,5,4,8.2,50,0.08
KARE_STATUS,MutualInfo,S_adenosylhomocysteine__SAH_,3,3,6.333333333333333,50,0.06
KARE_STATUS,MutualInfo,Pyroglutamic_acid,3,3,10.0,50,0.06
KARE_STATUS,MutualInfo,Acetylcholine,2,2,5.0,50,0.04
KARE_STATUS,MutualInfo,Succinate,2,2,8.0,50,0.04
KARE_STATUS,MutualInfo,Carnitine,2,2,10.0,50,0.04
KARE_STATUS,MutualInfo,Propionyl_carnitine,1,1,6.0,50,0.02
KARE_STATUS,MutualInfo,Creatinine,1,1,7.0,50,0.02
KARE_STATUS,MutualInfo,Dimethylglycine__DMG_,1,1,9.0,50,0.02
KARE_STATUS,OutcomeSNN-FS,Glutamate,250,50,1.268,50,1.0
KARE_STATUS,OutcomeSNN-FS,Alanine,250,50,2.436,50,1.0
KARE_STATUS,OutcomeSNN-FS,Glycine,244,50,3.4672131147540983,50,1.0
KARE_STATUS,OutcomeSNN-FS,Hexanoyl_carnitine,240,50,4.195833333333334,50,1.0
KARE_STATUS,OutcomeSNN-FS,Tyrosine,223,50,5.2242152466367715,50,1.0
KARE_STATUS,OutcomeSNN-FS,Xanthine,192,50,5.96875,50,1.0
KARE_STATUS,OutcomeSNN-FS,Acetoacetate,136,50,6.926470588235294,50,1.0
KARE_STATUS,OutcomeSNN-FS,Cystathionine,158,50,7.348101265822785,50,1.0
KARE_STATUS,OutcomeSNN-FS,sex,73,45,7.52054794520548,50,0.9
KARE_STATUS,OutcomeSNN-FS,Taurine,65,45,8.23076923076923,50,0.9
KARE_STATUS,OutcomeSNN-FS,Butanoyl_carnitine,70,45,8.257142857142858,50,0.9
KARE_STATUS,OutcomeSNN-FS,age,82,45,8.317073170731707,50,0.9
KARE_STATUS,OutcomeSNN-FS,Arginine,58,42,7.931034482758621,50,0.84
KARE_STATUS,OutcomeSNN-FS,Glutamine,54,42,8.185185185185185,50,0.84
KARE_STATUS,OutcomeSNN-FS,Trigonelline,32,29,8.25,50,0.58
KARE_STATUS,OutcomeSNN-FS,Asparagine,26,23,8.5,50,0.46
KARE_STATUS,OutcomeSNN-FS,Acetylcholine,23,21,8.26086956521739,50,0.42
KARE_STATUS,OutcomeSNN-FS,Betaine,21,19,8.761904761904763,50,0.38
KARE_STATUS,OutcomeSNN-FS,Isoleucine,16,14,8.625,50,0.28
KARE_STATUS,OutcomeSNN-FS,Serine,15,14,8.733333333333333,50,0.28
KARE_STATUS,OutcomeSNN-FS,gamma_Aminobutyrate__GABA_,12,11,9.333333333333334,50,0.22
KARE_STATUS,OutcomeSNN-FS,Threonine,8,8,8.5,50,0.16
KARE_STATUS,OutcomeSNN-FS,Guanine,6,6,9.333333333333334,50,0.12
KARE_STATUS,OutcomeSNN-FS,Lysine,4,4,8.75,50,0.08
KARE_STATUS,OutcomeSNN-FS,Histidine,4,4,9.0,50,0.08
KARE_STATUS,OutcomeSNN-FS,Proline,2,2,7.5,50,0.04
KARE_STATUS,OutcomeSNN-FS,Valine,2,2,9.5,50,0.04
KARE_STATUS,OutcomeSNN-FS,Choline,2,2,10.0,50,0.04
KARE_STATUS,OutcomeSNN-FS,Cysteine,1,1,8.0,50,0.02
KARE_STATUS,OutcomeSNN-FS,Xanthosine,1,1,9.0,50,0.02
KARE_STATUS,PGEE,Alanine,250,50,1.916,50,1.0
KARE_STATUS,PGEE,Acetoacetate,154,50,2.668831168831169,50,1.0
KARE_STATUS,PGEE,Glutamate,244,50,3.2950819672131146,50,1.0
KARE_STATUS,PGEE,Glycine,248,50,3.6693548387096775,50,1.0
KARE_STATUS,PGEE,Hexanoyl_carnitine,213,50,4.577464788732394,50,1.0
KARE_STATUS,PGEE,Tyrosine,216,50,6.037037037037037,50,1.0
KARE_STATUS,PGEE,Xanthine,139,50,7.841726618705036,50,1.0
KARE_STATUS,PGEE,age,120,49,5.366666666666666,50,0.98
KARE_STATUS,PGEE,Glutamine,87,49,6.218390804597701,50,0.98
KARE_STATUS,PGEE,Isoleucine,106,49,8.00943396226415,50,0.98
KARE_STATUS,PGEE,Leucine,105,48,7.561904761904762,50,0.96
KARE_STATUS,PGEE,Cystathionine,42,37,8.071428571428571,50,0.74
KARE_STATUS,PGEE,Proline,46,37,8.934782608695652,50,0.74
KARE_STATUS,PGEE,Phenylalanine,55,35,8.854545454545455,50,0.7
KARE_STATUS,PGEE,Lactate,40,32,9.325,50,0.64
KARE_STATUS,PGEE,Valine,30,26,8.833333333333334,50,0.52
KARE_STATUS,PGEE,Serine,27,25,5.62962962962963,50,0.5
KARE_STATUS,PGEE,Methionine,26,24,8.73076923076923,50,0.48
KARE_STATUS,PGEE,X3_Hydroxybutyrate,23,22,6.521739130434782,50,0.44
KARE_STATUS,PGEE,S_adenosylhomocysteine__SAH_,20,19,9.35,50,0.38
KARE_STATUS,PGEE,Butanoyl_carnitine,20,18,8.7,50,0.36
KARE_STATUS,PGEE,Decanoyl_carnitine,13,13,5.461538461538462,50,0.26
KARE_STATUS,PGEE,Acetylcarnitine,14,13,7.428571428571429,50,0.26
KARE_STATUS,PGEE,Asparagine,10,10,3.7,50,0.2
KARE_STATUS,PGEE,Lauroyl_carnitine,6,6,9.0,50,0.12
KARE_STATUS,PGEE,Octanoyl_carnitine,4,4,1.25,50,0.08
KARE_STATUS,PGEE,Trigonelline,4,4,6.0,50,0.08
KARE_STATUS,PGEE,Aspartate,4,4,9.25,50,0.08
KARE_STATUS,PGEE,Isovaleryl_carnitine,4,4,9.75,50,0.08
KARE_STATUS,PGEE,Kynurenine,4,3,9.0,50,0.06
KARE_STATUS,PGEE,Uric_acid,2,2,8.0,50,0.04
KARE_STATUS,PGEE,Dimethylglycine__DMG_,2,2,8.5,50,0.04
KARE_STATUS,PGEE,Xanthosine,2,2,9.5,50,0.04
KARE_STATUS,PGEE,Taurine,1,1,1.0,50,0.02
KARE_STATUS,PGEE,Acetylcholine,1,1,3.0,50,0.02
KARE_STATUS,PGEE,Guanine,1,1,7.0,50,0.02
KARE_STATUS,PGEE,Riboflavin,1,1,7.0,50,0.02
KARE_STATUS,RandomForest,Glutamate,250,50,1.18,50,1.0
KARE_STATUS,RandomForest,Glycine,250,50,1.964,50,1.0
KARE_STATUS,RandomForest,Tyrosine,246,50,3.727642276422764,50,1.0
KARE_STATUS,RandomForest,Alanine,238,50,3.764705882352941,50,1.0
KARE_STATUS,RandomForest,bmi,195,50,6.082051282051282,50,1.0
KARE_STATUS,RandomForest,age,184,50,6.293478260869565,50,1.0
KARE_STATUS,RandomForest,Xanthine,188,50,6.579787234042553,50,1.0
KARE_STATUS,RandomForest,Lactate,166,50,7.4156626506024095,50,1.0
KARE_STATUS,RandomForest,Hexanoyl_carnitine,116,50,7.577586206896552,50,1.0
KARE_STATUS,RandomForest,sex,126,50,8.166666666666666,50,1.0
KARE_STATUS,RandomForest,Glutamine,51,40,8.254901960784315,50,0.8
KARE_STATUS,RandomForest,Phenylalanine,51,34,8.627450980392156,50,0.68
KARE_STATUS,RandomForest,Isoleucine,42,32,8.880952380952381,50,0.64
KARE_STATUS,RandomForest,Proline,33,27,8.181818181818182,50,0.54
KARE_STATUS,RandomForest,Acetoacetate,26,23,8.76923076923077,50,0.46
KARE_STATUS,RandomForest,Leucine,28,23,8.964285714285714,50,0.46
KARE_STATUS,RandomForest,Aspartate,22,22,8.863636363636363,50,0.44
KARE_STATUS,RandomForest,Valine,12,12,8.916666666666666,50,0.24
KARE_STATUS,RandomForest,Isovaleryl_carnitine,12,9,8.666666666666666,50,0.18
KARE_STATUS,RandomForest,Arginine,6,6,9.166666666666666,50,0.12
KARE_STATUS,RandomForest,Asparagine,6,6,9.333333333333334,50,0.12
KARE_STATUS,RandomForest,Butanoyl_carnitine,5,5,8.8,50,0.1
KARE_STATUS,RandomForest,S_adenosylhomocysteine__SAH_,5,5,9.2,50,0.1
KARE_STATUS,RandomForest,Acetylcarnitine,2,2,10.0,50,0.04
KARE_STATUS,RandomForest,Taurine,1,1,5.0,50,0.02
KARE_STATUS,RandomForest,Methionine,1,1,10.0,50,0.02
KARE_STATUS,SNN-FS,Glutamate,250,50,2.016,50,1.0
KARE_STATUS,SNN-FS,Alanine,250,50,2.04,50,1.0
KARE_STATUS,SNN-FS,Glycine,248,50,3.1653225806451615,50,1.0
KARE_STATUS,SNN-FS,Hexanoyl_carnitine,225,50,4.9511111111111115,50,1.0
KARE_STATUS,SNN-FS,Acetoacetate,192,50,5.286458333333333,50,1.0
KARE_STATUS,SNN-FS,Xanthine,146,50,6.36986301369863,50,1.0
KARE_STATUS,SNN-FS,Tyrosine,172,50,6.459302325581396,50,1.0
KARE_STATUS,SNN-FS,age,149,50,6.912751677852349,50,1.0
KARE_STATUS,SNN-FS,sex,145,50,6.944827586206896,50,1.0
KARE_STATUS,SNN-FS,Taurine,151,50,7.19205298013245,50,1.0
KARE_STATUS,SNN-FS,Cystathionine,80,48,8.425,50,0.96
KARE_STATUS,SNN-FS,Arginine,66,46,7.636363636363637,50,0.92
KARE_STATUS,SNN-FS,Glutamine,50,40,8.44,50,0.8
KARE_STATUS,SNN-FS,Trigonelline,36,33,7.916666666666667,50,0.66
KARE_STATUS,SNN-FS,Proline,22,21,8.363636363636363,50,0.42
KARE_STATUS,SNN-FS,Asparagine,19,18,8.157894736842104,50,0.36
KARE_STATUS,SNN-FS,Cysteine,18,17,8.555555555555555,50,0.34
KARE_STATUS,SNN-FS,X3_Hydroxybutyrate,10,10,8.2,50,0.2
KARE_STATUS,SNN-FS,Serine,9,9,8.666666666666666,50,0.18
KARE_STATUS,SNN-FS,Guanine,10,9,9.0,50,0.18
KARE_STATUS,SNN-FS,S_adenosylhomocysteine__SAH_,9,8,8.88888888888889,50,0.16
KARE_STATUS,SNN-FS,Butanoyl_carnitine,7,7,8.285714285714286,50,0.14
KARE_STATUS,SNN-FS,Betaine,6,6,8.333333333333334,50,0.12
KARE_STATUS,SNN-FS,Urea,6,6,9.333333333333334,50,0.12
KARE_STATUS,SNN-FS,Carnitine,5,5,8.8,50,0.1
KARE_STATUS,SNN-FS,Acetylcholine,4,4,9.25,50,0.08
KARE_STATUS,SNN-FS,Trans_4_Hydroxy_L_proline,4,4,9.25,50,0.08
KARE_STATUS,SNN-FS,Threonine,3,3,8.0,50,0.06
KARE_STATUS,SNN-FS,Histidine,2,2,8.0,50,0.04
KARE_STATUS,SNN-FS,Uridine,2,2,8.5,50,0.04
KARE_STATUS,SNN-FS,Isoleucine,2,2,9.5,50,0.04
KARE_STATUS,SNN-FS,Xanthosine,1,1,7.0,50,0.02
KARE_STATUS,SNN-FS,Phenylalanine,1,1,9.0,50,0.02
KARE_STATUS,SNN-FS,Nicotinamide,1,1,10.0,50,0.02
KARE_STATUS,SNN-FS,X5_Methyl_THF,1,1,10.0,50,0.02
KARE_STATUS,StabilitySelection,age,199,50,3.5527638190954773,50,1.0
KARE_STATUS,StabilitySelection,Xanthine,196,50,3.576530612244898,50,1.0
KARE_STATUS,StabilitySelection,Glycine,247,50,3.935222672064777,50,1.0
KARE_STATUS,StabilitySelection,Taurine,177,50,4.870056497175141,50,1.0
KARE_STATUS,StabilitySelection,Glutamate,243,50,4.983539094650205,50,1.0
KARE_STATUS,StabilitySelection,Hexanoyl_carnitine,218,50,5.045871559633028,50,1.0
KARE_STATUS,StabilitySelection,Tyrosine,154,50,5.142857142857143,50,1.0
KARE_STATUS,StabilitySelection,Alanine,242,50,5.950413223140496,50,1.0
KARE_STATUS,StabilitySelection,Acetoacetate,156,50,7.365384615384615,50,1.0
KARE_STATUS,StabilitySelection,sex,134,49,5.91044776119403,50,0.98
KARE_STATUS,StabilitySelection,Trigonelline,61,43,6.213114754098361,50,0.86
KARE_STATUS,StabilitySelection,Glutamine,58,42,7.689655172413793,50,0.84
KARE_STATUS,StabilitySelection,Cystathionine,61,41,7.737704918032787,50,0.82
KARE_STATUS,StabilitySelection,Uridine,42,36,6.5476190476190474,50,0.72
KARE_STATUS,StabilitySelection,Urea,32,28,7.59375,50,0.56
KARE_STATUS,StabilitySelection,Cysteine,29,26,8.172413793103448,50,0.52
KARE_STATUS,StabilitySelection,Proline,24,22,6.0,50,0.44
KARE_STATUS,StabilitySelection,Trans_4_Hydroxy_L_proline,23,21,6.739130434782608,50,0.42
KARE_STATUS,StabilitySelection,Arginine,21,21,8.428571428571429,50,0.42
KARE_STATUS,StabilitySelection,Guanine,18,16,8.38888888888889,50,0.32
KARE_STATUS,StabilitySelection,Asparagine,14,13,7.571428571428571,50,0.26
KARE_STATUS,StabilitySelection,S_adenosylhomocysteine__SAH_,13,13,7.615384615384615,50,0.26
KARE_STATUS,StabilitySelection,Histidine,13,12,8.307692307692308,50,0.24
KARE_STATUS,StabilitySelection,Acetylcholine,12,12,8.5,50,0.24
KARE_STATUS,StabilitySelection,Serine,10,10,8.0,50,0.2
KARE_STATUS,StabilitySelection,Nicotinamide,6,6,9.0,50,0.12
KARE_STATUS,StabilitySelection,Carnitine,6,6,9.833333333333334,50,0.12
KARE_STATUS,StabilitySelection,Butanoyl_carnitine,6,5,8.5,50,0.1
KARE_STATUS,StabilitySelection,X5_Methyl_THF,5,5,9.0,50,0.1
KARE_STATUS,StabilitySelection,Betaine,4,4,9.75,50,0.08
KARE_STATUS,StabilitySelection,Tryptophan,3,3,9.333333333333334,50,0.06
KARE_STATUS,StabilitySelection,Xanthosine,3,3,9.666666666666666,50,0.06
KARE_STATUS,StabilitySelection,Riboflavin,2,2,9.0,50,0.04
KARE_STATUS,StabilitySelection,Threonine,1,1,10.0,50,0.02
KARE_STATUS,StabilitySelection,Uric_acid,1,1,10.0,50,0.02
KARE_STATUS,Stabl-RP,Glutamate,250,50,1.02,50,1.0
KARE_STATUS,Stabl-RP,Glycine,249,50,2.3493975903614457,50,1.0
KARE_STATUS,Stabl-RP,Tyrosine,241,50,3.323651452282158,50,1.0
KARE_STATUS,Stabl-RP,Alanine,221,50,4.665158371040724,50,1.0
KARE_STATUS,Stabl-RP,Hexanoyl_carnitine,181,50,5.878453038674033,50,1.0
KARE_STATUS,Stabl-RP,Butanoyl_carnitine,109,50,6.513761467889908,50,1.0
KARE_STATUS,Stabl-RP,Xanthine,119,50,6.546218487394958,50,1.0
KARE_STATUS,Stabl-RP,Isoleucine,185,50,6.718918918918919,50,1.0
KARE_STATUS,Stabl-RP,Lactate,137,50,7.430656934306569,50,1.0
KARE_STATUS,Stabl-RP,Valine,145,50,7.448275862068965,50,1.0
KARE_STATUS,Stabl-RP,Phenylalanine,115,49,7.582608695652174,50,0.98
KARE_STATUS,Stabl-RP,Leucine,118,49,7.788135593220339,50,0.98
KARE_STATUS,Stabl-RP,S_adenosylhomocysteine__SAH_,64,42,8.03125,50,0.84
KARE_STATUS,Stabl-RP,Isovaleryl_carnitine,44,36,8.204545454545455,50,0.72
KARE_STATUS,Stabl-RP,Acetoacetate,40,33,7.625,50,0.66
KARE_STATUS,Stabl-RP,Cystathionine,38,30,7.605263157894737,50,0.6
KARE_STATUS,Stabl-RP,Proline,36,30,7.861111111111111,50,0.6
KARE_STATUS,Stabl-RP,bmi,3,3,8.0,50,0.06
KARE_STATUS,Stabl-RP,age,3,3,8.333333333333334,50,0.06
KARE_STATUS,Stabl-RP,Aspartate,2,2,8.5,50,0.04
KARE_STATUS,Stabl-RP,X3_Hydroxybutyrate,1,1,5.0,50,0.02
KARE_STATUS,Stabl-RP,Decanoyl_carnitine,1,1,8.0,50,0.02
KARE_STATUS,Stabl-RP,Lauroyl_carnitine,1,1,8.0,50,0.02
KARE_STATUS,Stabl-RP,Asparagine,1,1,9.0,50,0.02
KARE_STATUS,Stabl-RP,Octanoyl_carnitine,1,1,9.0,50,0.02
KARE_STATUS,Stabl-RP,Glutamine,1,1,10.0,50,0.02
KARE_STATUS,Stabl-RP,Kynurenine,1,1,10.0,50,0.02
KARE_STATUS,geeVerse,Acetoacetate,195,50,1.564102564102564,50,1.0
KARE_STATUS,geeVerse,Hexanoyl_carnitine,122,50,1.9344262295081966,50,1.0
KARE_STATUS,geeVerse,bmi,250,50,3.124,50,1.0
KARE_STATUS,geeVerse,age,249,50,3.180722891566265,50,1.0
KARE_STATUS,geeVerse,Xanthosine,250,50,4.8,50,1.0
KARE_STATUS,geeVerse,Xanthine,250,50,5.76,50,1.0
KARE_STATUS,geeVerse,Valine,250,50,6.792,50,1.0
KARE_STATUS,geeVerse,Uric_acid,224,50,7.763392857142857,50,1.0
KARE_STATUS,geeVerse,Tyrosine,223,50,8.77578475336323,50,1.0
KARE_STATUS,geeVerse,Tryptophan,109,50,9.36697247706422,50,1.0
KARE_STATUS,geeVerse,Urea,76,47,8.421052631578947,50,0.94
KARE_STATUS,geeVerse,Trigonelline,85,47,9.658823529411764,50,0.94
KARE_STATUS,geeVerse,Guanine,85,46,1.7882352941176471,50,0.92
KARE_STATUS,geeVerse,Trans_4_Hydroxy_L_proline,47,35,9.680851063829786,50,0.7
KARE_STATUS,geeVerse,Lauroyl_carnitine,21,20,3.0,50,0.4
KARE_STATUS,geeVerse,Taurine,15,13,9.733333333333333,50,0.26
KARE_STATUS,geeVerse,Acetylcarnitine,9,9,3.111111111111111,50,0.18
KARE_STATUS,geeVerse,X3_Hydroxybutyrate,7,7,2.7142857142857144,50,0.14
KARE_STATUS,geeVerse,Decanoyl_carnitine,6,6,4.5,50,0.12
KARE_STATUS,geeVerse,Uridine,6,6,7.5,50,0.12
KARE_STATUS,geeVerse,Serine,6,6,9.666666666666666,50,0.12
KARE_STATUS,geeVerse,Threonine,6,6,10.0,50,0.12
KARE_STATUS,geeVerse,sn_glycerol_3_phosphocholine,3,3,10.0,50,0.06
KARE_STATUS,geeVerse,S_adenosylhomocysteine__SAH_,2,2,10.0,50,0.04
KARE_STATUS,geeVerse,Cysteine,1,1,3.0,50,0.02
KARE_STATUS,geeVerse,Nicotinamide,1,1,4.0,50,0.02
KARE_STATUS,geeVerse,Octanoyl_carnitine,1,1,5.0,50,0.02
KARE_STATUS,geeVerse,sex,1,1,5.0,50,0.02
KARE_STATUS,glmmLasso,Glycine,249,50,2.216867469879518,50,1.0
KARE_STATUS,glmmLasso,Glutamate,247,50,2.6315789473684212,50,1.0
KARE_STATUS,glmmLasso,Alanine,249,50,3.004016064257028,50,1.0
KARE_STATUS,glmmLasso,age,143,50,3.5944055944055946,50,1.0
KARE_STATUS,glmmLasso,Hexanoyl_carnitine,236,50,4.529661016949152,50,1.0
KARE_STATUS,glmmLasso,Acetoacetate,150,50,4.573333333333333,50,1.0
KARE_STATUS,glmmLasso,Tyrosine,212,50,6.570754716981132,50,1.0
KARE_STATUS,glmmLasso,Xanthine,172,50,8.25,50,1.0
KARE_STATUS,glmmLasso,Proline,152,50,8.375,50,1.0
KARE_STATUS,glmmLasso,Glutamine,86,48,5.5,50,0.96
KARE_STATUS,glmmLasso,Butanoyl_carnitine,56,40,8.428571428571429,50,0.8
KARE_STATUS,glmmLasso,Phenylalanine,54,37,9.25925925925926,50,0.74
KARE_STATUS,glmmLasso,Cystathionine,42,34,8.023809523809524,50,0.68
KARE_STATUS,glmmLasso,S_adenosylhomocysteine__SAH_,33,28,8.848484848484848,50,0.56
KARE_STATUS,glmmLasso,Serine,28,27,6.035714285714286,50,0.54
KARE_STATUS,glmmLasso,X3_Hydroxybutyrate,30,27,7.5,50,0.54
KARE_STATUS,glmmLasso,Isoleucine,32,27,9.15625,50,0.54
KARE_STATUS,glmmLasso,Acetylcarnitine,27,24,8.11111111111111,50,0.48
KARE_STATUS,glmmLasso,Leucine,24,20,9.458333333333334,50,0.4
KARE_STATUS,glmmLasso,Xanthosine,13,13,9.461538461538462,50,0.26
KARE_STATUS,glmmLasso,Aspartate,13,13,9.538461538461538,50,0.26
KARE_STATUS,glmmLasso,Asparagine,10,10,3.7,50,0.2
KARE_STATUS,glmmLasso,Lactate,9,9,9.222222222222221,50,0.18
KARE_STATUS,glmmLasso,Isovaleryl_carnitine,8,8,9.25,50,0.16
KARE_STATUS,glmmLasso,Lauroyl_carnitine,7,7,8.714285714285714,50,0.14
KARE_STATUS,glmmLasso,bmi,7,7,9.714285714285714,50,0.14
KARE_STATUS,glmmLasso,Trigonelline,5,4,5.4,50,0.08
KARE_STATUS,glmmLasso,Valine,4,4,9.5,50,0.08
KARE_STATUS,glmmLasso,Uric_acid,2,2,7.5,50,0.04
KARE_STATUS,glmmLasso,Kynurenine,2,2,9.0,50,0.04
KARE_STATUS,glmmLasso,Taurine,1,1,1.0,50,0.02
KARE_STATUS,glmmLasso,Acetylcholine,1,1,2.0,50,0.02
KARE_STATUS,glmmLasso,Riboflavin,1,1,8.0,50,0.02
KARE_STATUS,mRMR,Glutamate,250,50,1.004,50,1.0
KARE_STATUS,mRMR,Tyrosine,246,50,2.9390243902439024,50,1.0
KARE_STATUS,mRMR,Glycine,249,50,3.004016064257028,50,1.0
KARE_STATUS,mRMR,Alanine,232,50,4.297413793103448,50,1.0
KARE_STATUS,mRMR,Hexanoyl_carnitine,205,50,5.1414634146341465,50,1.0
KARE_STATUS,mRMR,Xanthine,219,50,5.30593607305936,50,1.0
KARE_STATUS,mRMR,Isoleucine,121,50,7.892561983471074,50,1.0
KARE_STATUS,mRMR,Isovaleryl_carnitine,123,50,7.91869918699187,50,1.0
KARE_STATUS,mRMR,age,95,50,7.968421052631579,50,1.0
KARE_STATUS,mRMR,Lactate,138,49,8.08695652173913,50,0.98
KARE_STATUS,mRMR,S_adenosylhomocysteine__SAH_,74,44,7.581081081081081,50,0.88
KARE_STATUS,mRMR,Valine,53,40,8.320754716981131,50,0.8
KARE_STATUS,mRMR,Phenylalanine,63,40,8.523809523809524,50,0.8
KARE_STATUS,mRMR,Aspartate,35,31,8.685714285714285,50,0.62
KARE_STATUS,mRMR,Proline,31,26,8.451612903225806,50,0.52
KARE_STATUS,mRMR,Glutamine,18,18,9.222222222222221,50,0.36
KARE_STATUS,mRMR,Leucine,14,13,8.571428571428571,50,0.26
KARE_STATUS,mRMR,Butanoyl_carnitine,11,11,8.0,50,0.22
KARE_STATUS,mRMR,Acetoacetate,6,6,7.666666666666667,50,0.12
KARE_STATUS,mRMR,Riboflavin,5,5,8.0,50,0.1
KARE_STATUS,mRMR,bmi,5,5,9.0,50,0.1
KARE_STATUS,mRMR,Cystathionine,4,4,7.0,50,0.08
KARE_STATUS,mRMR,Lauroyl_carnitine,3,3,9.666666666666666,50,0.06
KARE_STATUS,mRMR,Serine,3,3,9.666666666666666,50,0.06
KARE_STATUS,mRMR,Asparagine,2,2,9.0,50,0.04
KARE_STATUS,mRMR,Kynurenine,1,1,9.0,50,0.02
KARE_STATUS,mRMR,Trigonelline,1,1,9.0,50,0.02
OLINK_COVID,Boruta,ST2,185,50,2.4,50,1.0
OLINK_COVID,Boruta,IL6,166,50,2.710843373493976,50,1.0
OLINK_COVID,Boruta,IL5,104,49,3.8846153846153846,50,0.98
OLINK_COVID,Boruta,TNFRSF10A,116,48,3.5258620689655173,50,0.96
OLINK_COVID,Boruta,ST6GAL1,118,48,3.9322033898305087,50,0.96
OLINK_COVID,Boruta,FS,79,44,4.658227848101266,50,0.88
OLINK_COVID,Boruta,SERPINA5,70,43,4.385714285714286,50,0.86
OLINK_COVID,Boruta,AXL,72,42,4.388888888888889,50,0.84
OLINK_COVID,Boruta,KRT19,48,38,5.333333333333333,50,0.76
OLINK_COVID,Boruta,GDF-15,51,35,5.509803921568627,50,0.7
OLINK_COVID,Boruta,IL10,43,33,4.953488372093023,50,0.66
OLINK_COVID,Boruta,TNC,37,32,4.648648648648648,50,0.64
OLINK_COVID,Boruta,SIT1,40,29,5.45,50,0.58
OLINK_COVID,Boruta,FCRL6,27,25,6.296296296296297,50,0.5
OLINK_COVID,Boruta,CKAP4,26,23,5.153846153846154,50,0.46
OLINK_COVID,Boruta,IGFBP-1,25,22,5.28,50,0.44
OLINK_COVID,Boruta,NID1,21,20,6.238095238095238,50,0.4
OLINK_COVID,Boruta,IL8,19,16,6.105263157894737,50,0.32
OLINK_COVID,Boruta,CXCL10,16,15,3.4375,50,0.3
OLINK_COVID,Boruta,CTSD,16,15,3.75,50,0.3
OLINK_COVID,Boruta,CD6,17,15,6.352941176470588,50,0.3
OLINK_COVID,Boruta,TIMP1,16,15,6.8125,50,0.3
OLINK_COVID,Boruta,PRDX1,14,14,6.428571428571429,50,0.28
OLINK_COVID,Boruta,GRN,16,13,4.9375,50,0.26
OLINK_COVID,Boruta,FETUB,16,13,6.5625,50,0.26
OLINK_COVID,Boruta,IL-1ra,12,12,3.3333333333333335,50,0.24
OLINK_COVID,Boruta,TNFRSF13B,13,12,4.6923076923076925,50,0.24
OLINK_COVID,Boruta,PRTN3,12,12,5.416666666666667,50,0.24
OLINK_COVID,Boruta,TRANCE,11,11,7.090909090909091,50,0.22
OLINK_COVID,Boruta,PSIP1,11,11,8.0,50,0.22
OLINK_COVID,Boruta,CX3CL1,10,10,4.8,50,0.2
OLINK_COVID,Boruta,HO-1,9,9,5.222222222222222,50,0.18
OLINK_COVID,Boruta,PTX3,10,9,7.3,50,0.18
OLINK_COVID,Boruta,PCSK9,8,8,5.25,50,0.16
OLINK_COVID,Boruta,OSMR,8,7,4.875,50,0.14
OLINK_COVID,Boruta,IL-4RA,6,6,6.333333333333333,50,0.12
OLINK_COVID,Boruta,LEP,6,6,6.833333333333333,50,0.12
OLINK_COVID,Boruta,HAOX1,6,6,7.666666666666667,50,0.12
OLINK_COVID,Boruta,TNFSF13B,5,5,5.2,50,0.1
OLINK_COVID,Boruta,CTSL1,5,5,5.6,50,0.1
OLINK_COVID,Boruta,LTBP2,5,5,6.4,50,0.1
OLINK_COVID,Boruta,ACE2,5,5,7.0,50,0.1
OLINK_COVID,Boruta,MCP-3,5,5,8.4,50,0.1
OLINK_COVID,Boruta,PADI2,4,4,5.5,50,0.08
OLINK_COVID,Boruta,IL-27,4,4,6.0,50,0.08
OLINK_COVID,Boruta,IL7,4,4,6.25,50,0.08
OLINK_COVID,Boruta,TNFRSF9,4,4,7.25,50,0.08
OLINK_COVID,Boruta,IL-18BP,3,3,5.0,50,0.06
OLINK_COVID,Boruta,FGF-21,3,3,6.333333333333333,50,0.06
OLINK_COVID,Boruta,TNF-R1,3,3,7.666666666666667,50,0.06
OLINK_COVID,Boruta,BOC,3,3,9.0,50,0.06
OLINK_COVID,Boruta,TCN2,2,2,4.5,50,0.04
OLINK_COVID,Boruta,FABP2,2,2,6.0,50,0.04
OLINK_COVID,Boruta,LPL,2,2,6.5,50,0.04
OLINK_COVID,Boruta,MBL2,2,2,8.0,50,0.04
OLINK_COVID,Boruta,JUN,2,2,8.5,50,0.04
OLINK_COVID,Boruta,MARCO,2,2,8.5,50,0.04
OLINK_COVID,Boruta,CXCL16,2,2,9.0,50,0.04
OLINK_COVID,Boruta,THBS4,2,2,9.5,50,0.04
OLINK_COVID,Boruta,IL-22 RA1,1,1,3.0,50,0.02
OLINK_COVID,Boruta,LILRB4,1,1,4.0,50,0.02
OLINK_COVID,Boruta,CD244,1,1,5.0,50,0.02
OLINK_COVID,Boruta,FGF-19,1,1,5.0,50,0.02
OLINK_COVID,Boruta,LILRB2,1,1,5.0,50,0.02
OLINK_COVID,Boruta,LTBR,1,1,5.0,50,0.02
OLINK_COVID,Boruta,MCP-2,1,1,5.0,50,0.02
OLINK_COVID,Boruta,PRSS8,1,1,5.0,50,0.02
OLINK_COVID,Boruta,HCLS1,1,1,7.0,50,0.02
OLINK_COVID,Boruta,LIF,1,1,7.0,50,0.02
OLINK_COVID,Boruta,SELL,1,1,7.0,50,0.02
OLINK_COVID,Boruta,MERTK,1,1,8.0,50,0.02
OLINK_COVID,Boruta,CNTN1,1,1,9.0,50,0.02
OLINK_COVID,Boruta,DFFA,1,1,9.0,50,0.02
OLINK_COVID,Boruta,IGFBP-2,1,1,9.0,50,0.02
OLINK_COVID,Boruta,IL-17D,1,1,9.0,50,0.02
OLINK_COVID,Boruta,BTN3A2,1,1,10.0,50,0.02
OLINK_COVID,Boruta,MB,1,1,10.0,50,0.02
OLINK_COVID,Boruta,MCP-1,1,1,10.0,50,0.02
OLINK_COVID,Boruta,PAR-1,1,1,10.0,50,0.02
OLINK_COVID,Boruta,PRSS27,1,1,10.0,50,0.02
OLINK_COVID,Boruta,VASN,1,1,10.0,50,0.02
OLINK_COVID,ElasticNet,AXL,232,50,2.3577586206896552,50,1.0
OLINK_COVID,ElasticNet,IL5,188,50,2.601063829787234,50,1.0
OLINK_COVID,ElasticNet,TNFRSF13B,144,50,4.166666666666667,50,1.0
OLINK_COVID,ElasticNet,FS,180,50,4.488888888888889,50,1.0
OLINK_COVID,ElasticNet,FCRL6,101,50,5.0594059405940595,50,1.0
OLINK_COVID,ElasticNet,REN,84,49,4.190476190476191,50,0.98
OLINK_COVID,ElasticNet,SIT1,109,49,5.513761467889908,50,0.98
OLINK_COVID,ElasticNet,CXCL16,81,48,5.666666666666667,50,0.96
OLINK_COVID,ElasticNet,ST2,74,46,6.756756756756757,50,0.92
OLINK_COVID,ElasticNet,IL10,66,45,5.712121212121212,50,0.9
OLINK_COVID,ElasticNet,PRSS8,47,44,3.425531914893617,50,0.88
OLINK_COVID,ElasticNet,NRP1,70,43,6.6571428571428575,50,0.86
OLINK_COVID,ElasticNet,MMP-10,47,42,5.191489361702128,50,0.84
OLINK_COVID,ElasticNet,IL-17D,63,41,6.9523809523809526,50,0.82
OLINK_COVID,ElasticNet,CNDP1,50,40,6.18,50,0.8
OLINK_COVID,ElasticNet,SERPINA5,46,37,5.565217391304348,50,0.74
OLINK_COVID,ElasticNet,FGF-19,44,34,6.386363636363637,50,0.68
OLINK_COVID,ElasticNet,OSMR,38,33,5.473684210526316,50,0.66
OLINK_COVID,ElasticNet,LPL,35,32,5.628571428571429,50,0.64
OLINK_COVID,ElasticNet,ST6GAL1,36,32,6.944444444444445,50,0.64
OLINK_COVID,ElasticNet,HAOX1,36,31,7.333333333333333,50,0.62
OLINK_COVID,ElasticNet,HO-1,26,24,6.269230769230769,50,0.48
OLINK_COVID,ElasticNet,TNFRSF10A,29,24,7.517241379310345,50,0.48
OLINK_COVID,ElasticNet,FETUB,25,21,7.0,50,0.42
OLINK_COVID,ElasticNet,IL1RL2,14,14,6.428571428571429,50,0.28
OLINK_COVID,ElasticNet,CHL1,13,13,6.846153846153846,50,0.26
OLINK_COVID,ElasticNet,IL-22 RA1,12,12,8.0,50,0.24
OLINK_COVID,ElasticNet,CA3,11,11,8.0,50,0.22
OLINK_COVID,ElasticNet,LIF,10,10,7.4,50,0.2
OLINK_COVID,ElasticNet,MMP12,9,9,6.111111111111111,50,0.18
OLINK_COVID,ElasticNet,NID1,7,7,7.428571428571429,50,0.14
OLINK_COVID,ElasticNet,CD28,6,6,7.0,50,0.12
OLINK_COVID,ElasticNet,CNTNAP2,6,6,7.166666666666667,50,0.12
OLINK_COVID,ElasticNet,PTX3,6,6,8.0,50,0.12
OLINK_COVID,ElasticNet,VSIG2,6,6,9.666666666666666,50,0.12
OLINK_COVID,ElasticNet,VASN,5,5,6.8,50,0.1
OLINK_COVID,ElasticNet,CHIT1,5,5,7.2,50,0.1
OLINK_COVID,ElasticNet,Gal-9,5,5,7.6,50,0.1
OLINK_COVID,ElasticNet,TGFBR3,5,5,7.6,50,0.1
OLINK_COVID,ElasticNet,COL18A1,5,5,8.0,50,0.1
OLINK_COVID,ElasticNet,DCN,4,4,5.25,50,0.08
OLINK_COVID,ElasticNet,GIF,4,4,6.5,50,0.08
OLINK_COVID,ElasticNet,TNFRSF9,4,4,8.25,50,0.08
OLINK_COVID,ElasticNet,IGFBP3,3,3,7.0,50,0.06
OLINK_COVID,ElasticNet,Gal-4,3,3,8.333333333333334,50,0.06
OLINK_COVID,ElasticNet,CX3CL1,3,3,8.666666666666666,50,0.06
OLINK_COVID,ElasticNet,IL-10RB,2,2,6.0,50,0.04
OLINK_COVID,ElasticNet,MARCO,2,2,6.0,50,0.04
OLINK_COVID,ElasticNet,QPCT,2,2,6.0,50,0.04
OLINK_COVID,ElasticNet,PRDX1,2,2,6.5,50,0.04
OLINK_COVID,ElasticNet,CDCP1,2,2,8.5,50,0.04
OLINK_COVID,ElasticNet,LILRB4,2,2,8.5,50,0.04
OLINK_COVID,ElasticNet,OPG,2,2,9.0,50,0.04
OLINK_COVID,ElasticNet,ITM2A,2,2,9.5,50,0.04
OLINK_COVID,ElasticNet,NCAM1,2,2,9.5,50,0.04
OLINK_COVID,ElasticNet,TIMP1,2,2,10.0,50,0.04
OLINK_COVID,ElasticNet,TNFB,1,1,5.0,50,0.02
OLINK_COVID,ElasticNet,CD40,1,1,8.0,50,0.02
OLINK_COVID,ElasticNet,IGLC2,1,1,8.0,50,0.02
OLINK_COVID,ElasticNet,IL-17RA,1,1,8.0,50,0.02
OLINK_COVID,ElasticNet,IL-6RA,1,1,8.0,50,0.02
OLINK_COVID,ElasticNet,LEP,1,1,8.0,50,0.02
OLINK_COVID,ElasticNet,MBL2,1,1,8.0,50,0.02
OLINK_COVID,ElasticNet,4E-BP1,1,1,9.0,50,0.02
OLINK_COVID,ElasticNet,CCL14,1,1,9.0,50,0.02
OLINK_COVID,ElasticNet,CEACAM8,1,1,9.0,50,0.02
OLINK_COVID,ElasticNet,CXCL1,1,1,9.0,50,0.02
OLINK_COVID,ElasticNet,FCN2,1,1,9.0,50,0.02
OLINK_COVID,ElasticNet,LILRB2,1,1,9.0,50,0.02
OLINK_COVID,ElasticNet,F7,1,1,10.0,50,0.02
OLINK_COVID,ElasticNet,FCGR2A,1,1,10.0,50,0.02
OLINK_COVID,ElasticNet,IL6,1,1,10.0,50,0.02
OLINK_COVID,ElasticNet,KIT,1,1,10.0,50,0.02
OLINK_COVID,LLSS,IL5,193,50,1.3160621761658031,50,1.0
OLINK_COVID,LLSS,FS,214,50,2.7429906542056073,50,1.0
OLINK_COVID,LLSS,SERPINA5,160,50,3.5875,50,1.0
OLINK_COVID,LLSS,IL6,186,50,3.650537634408602,50,1.0
OLINK_COVID,LLSS,PRDX1,133,50,5.120300751879699,50,1.0
OLINK_COVID,LLSS,ST2,134,49,4.253731343283582,50,0.98
OLINK_COVID,LLSS,IL10,110,48,4.7727272727272725,50,0.96
OLINK_COVID,LLSS,ST6GAL1,91,44,6.274725274725275,50,0.88
OLINK_COVID,LLSS,CXCL16,70,43,5.728571428571429,50,0.86
OLINK_COVID,LLSS,NID1,44,35,7.568181818181818,50,0.7
OLINK_COVID,LLSS,TIMP1,50,34,7.24,50,0.68
OLINK_COVID,LLSS,TNFRSF13B,33,29,4.545454545454546,50,0.58
OLINK_COVID,LLSS,PRTN3,31,27,5.483870967741935,50,0.54
OLINK_COVID,LLSS,IGFBP-1,27,26,7.185185185185185,50,0.52
OLINK_COVID,LLSS,TNFRSF10A,22,21,7.863636363636363,50,0.42
OLINK_COVID,LLSS,LIF,17,16,5.235294117647059,50,0.32
OLINK_COVID,LLSS,LTBP2,12,12,7.416666666666667,50,0.24
OLINK_COVID,LLSS,CTSL1,11,11,8.909090909090908,50,0.22
OLINK_COVID,LLSS,PTX3,9,9,6.888888888888889,50,0.18
OLINK_COVID,LLSS,AXL,8,8,6.5,50,0.16
OLINK_COVID,LLSS,JUN,8,8,8.75,50,0.16
OLINK_COVID,LLSS,IL8,7,7,8.571428571428571,50,0.14
OLINK_COVID,LLSS,SPON1,7,7,8.857142857142858,50,0.14
OLINK_COVID,LLSS,FETUB,7,6,7.142857142857143,50,0.12
OLINK_COVID,LLSS,IL-4RA,5,5,8.6,50,0.1
OLINK_COVID,LLSS,FABP2,6,5,8.666666666666666,50,0.1
OLINK_COVID,LLSS,TNFSF13B,5,5,10.0,50,0.1
OLINK_COVID,LLSS,CA3,4,4,6.75,50,0.08
OLINK_COVID,LLSS,COL18A1,4,4,7.0,50,0.08
OLINK_COVID,LLSS,SIT1,4,4,9.0,50,0.08
OLINK_COVID,LLSS,TRANCE,4,4,9.25,50,0.08
OLINK_COVID,LLSS,FCRL6,2,2,6.5,50,0.04
OLINK_COVID,LLSS,IL-22 RA1,2,2,8.0,50,0.04
OLINK_COVID,LLSS,KRT19,2,2,9.5,50,0.04
OLINK_COVID,LLSS,IL-2RB,1,1,3.0,50,0.02
OLINK_COVID,LLSS,AREG,1,1,6.0,50,0.02
OLINK_COVID,LLSS,TRAIL-R2,1,1,7.0,50,0.02
OLINK_COVID,LLSS,IL-1RT2,1,1,8.0,50,0.02
OLINK_COVID,LLSS,LILRB4,1,1,8.0,50,0.02
OLINK_COVID,LLSS,TNFSF14,1,1,8.0,50,0.02
OLINK_COVID,LLSS,OSMR,1,1,9.0,50,0.02
OLINK_COVID,LLSS,TFPI,1,1,9.0,50,0.02
OLINK_COVID,LLSS,CD6,1,1,10.0,50,0.02
OLINK_COVID,LLSS,NRP1,1,1,10.0,50,0.02
OLINK_COVID,LLSS,PCSK9,1,1,10.0,50,0.02
OLINK_COVID,LLSS,TNFB,1,1,10.0,50,0.02
OLINK_COVID,LLSS,VASN,1,1,10.0,50,0.02
OLINK_COVID,Lasso,IL5,167,50,2.5988023952095807,50,1.0
OLINK_COVID,Lasso,AXL,197,50,2.8934010152284264,50,1.0
OLINK_COVID,Lasso,TNFRSF13B,161,50,3.9627329192546585,50,1.0
OLINK_COVID,Lasso,REN,83,49,3.8072289156626504,50,0.98
OLINK_COVID,Lasso,FS,115,49,4.921739130434783,50,0.98
OLINK_COVID,Lasso,FCRL6,79,48,4.860759493670886,50,0.96
OLINK_COVID,Lasso,CXCL16,82,47,5.012195121951219,50,0.94
OLINK_COVID,Lasso,ST2,78,47,5.346153846153846,50,0.94
OLINK_COVID,Lasso,SIT1,66,44,6.015151515151516,50,0.88
OLINK_COVID,Lasso,SERPINA5,69,42,4.434782608695652,50,0.84
OLINK_COVID,Lasso,MMP-10,53,42,4.90566037735849,50,0.84
OLINK_COVID,Lasso,PRSS8,44,41,3.022727272727273,50,0.82
OLINK_COVID,Lasso,OSMR,41,38,4.390243902439025,50,0.76
OLINK_COVID,Lasso,NRP1,50,38,5.46,50,0.76
OLINK_COVID,Lasso,IL10,43,37,5.395348837209302,50,0.74
OLINK_COVID,Lasso,CNDP1,46,37,5.565217391304348,50,0.74
OLINK_COVID,Lasso,TNFRSF10A,38,33,5.342105263157895,50,0.66
OLINK_COVID,Lasso,IL-17D,43,31,6.8604651162790695,50,0.62
OLINK_COVID,Lasso,HAOX1,32,30,7.28125,50,0.6
OLINK_COVID,Lasso,FGF-19,37,28,6.081081081081081,50,0.56
OLINK_COVID,Lasso,HO-1,28,26,5.357142857142857,50,0.52
OLINK_COVID,Lasso,LPL,20,20,5.9,50,0.4
OLINK_COVID,Lasso,LIF,20,18,6.45,50,0.36
OLINK_COVID,Lasso,CA3,16,16,6.8125,50,0.32
OLINK_COVID,Lasso,IL1RL2,15,15,5.933333333333334,50,0.3
OLINK_COVID,Lasso,FETUB,18,15,6.833333333333333,50,0.3
OLINK_COVID,Lasso,ST6GAL1,14,14,5.5,50,0.28
OLINK_COVID,Lasso,GIF,13,13,7.230769230769231,50,0.26
OLINK_COVID,Lasso,NID1,11,11,5.363636363636363,50,0.22
OLINK_COVID,Lasso,CD28,11,11,7.0,50,0.22
OLINK_COVID,Lasso,MMP12,10,10,5.9,50,0.2
OLINK_COVID,Lasso,PTX3,11,10,6.545454545454546,50,0.2
OLINK_COVID,Lasso,IL-22 RA1,9,9,8.11111111111111,50,0.18
OLINK_COVID,Lasso,OPG,8,8,6.25,50,0.16
OLINK_COVID,Lasso,DCN,8,8,7.25,50,0.16
OLINK_COVID,Lasso,TNFRSF9,7,7,7.571428571428571,50,0.14
OLINK_COVID,Lasso,CX3CL1,6,6,6.333333333333333,50,0.12
OLINK_COVID,Lasso,GRN,7,6,6.571428571428571,50,0.12
OLINK_COVID,Lasso,Gal-9,6,6,6.666666666666667,50,0.12
OLINK_COVID,Lasso,PRDX1,7,6,6.714285714285714,50,0.12
OLINK_COVID,Lasso,Gal-4,8,6,7.0,50,0.12
OLINK_COVID,Lasso,COL18A1,6,6,7.166666666666667,50,0.12
OLINK_COVID,Lasso,IL-4RA,6,6,7.666666666666667,50,0.12
OLINK_COVID,Lasso,LILRB4,5,5,6.6,50,0.1
OLINK_COVID,Lasso,CNTNAP2,5,5,7.6,50,0.1
OLINK_COVID,Lasso,IL6,4,4,7.25,50,0.08
OLINK_COVID,Lasso,LILRB2,4,4,7.75,50,0.08
OLINK_COVID,Lasso,VASN,4,4,7.75,50,0.08
OLINK_COVID,Lasso,CD40,4,4,8.25,50,0.08
OLINK_COVID,Lasso,CHL1,4,4,8.25,50,0.08
OLINK_COVID,Lasso,CHIT1,4,4,8.5,50,0.08
OLINK_COVID,Lasso,TRANCE,4,4,8.75,50,0.08
OLINK_COVID,Lasso,CD83,3,3,4.666666666666667,50,0.06
OLINK_COVID,Lasso,IL-10RB,3,3,5.666666666666667,50,0.06
OLINK_COVID,Lasso,TGFBR3,3,3,9.333333333333334,50,0.06
OLINK_COVID,Lasso,QPCT,2,2,5.5,50,0.04
OLINK_COVID,Lasso,FGF-21,2,2,6.5,50,0.04
OLINK_COVID,Lasso,F7,2,2,7.0,50,0.04
OLINK_COVID,Lasso,CCL3,2,2,9.0,50,0.04
OLINK_COVID,Lasso,CPA1,2,2,9.0,50,0.04
OLINK_COVID,Lasso,NCAM1,2,2,9.0,50,0.04
OLINK_COVID,Lasso,PAM,2,2,10.0,50,0.04
OLINK_COVID,Lasso,IGFBP-2,1,1,4.0,50,0.02
OLINK_COVID,Lasso,CDCP1,1,1,5.0,50,0.02
OLINK_COVID,Lasso,IGFBP3,1,1,5.0,50,0.02
OLINK_COVID,Lasso,IL-20RA,1,1,7.0,50,0.02
OLINK_COVID,Lasso,IL-6RA,1,1,7.0,50,0.02
OLINK_COVID,Lasso,RARRES2,1,1,7.0,50,0.02
OLINK_COVID,Lasso,CEACAM8,1,1,8.0,50,0.02
OLINK_COVID,Lasso,CTSD,1,1,8.0,50,0.02
OLINK_COVID,Lasso,GT,1,1,8.0,50,0.02
OLINK_COVID,Lasso,IL-2RB,1,1,8.0,50,0.02
OLINK_COVID,Lasso,MB,1,1,8.0,50,0.02
OLINK_COVID,Lasso,PRTN3,1,1,8.0,50,0.02
OLINK_COVID,Lasso,TNFB,1,1,8.0,50,0.02
OLINK_COVID,Lasso,CR2,1,1,9.0,50,0.02
OLINK_COVID,Lasso,CXADR,1,1,9.0,50,0.02
OLINK_COVID,Lasso,MILR1,1,1,9.0,50,0.02
OLINK_COVID,Lasso,CD4,1,1,10.0,50,0.02
OLINK_COVID,Lasso,COMP,1,1,10.0,50,0.02
OLINK_COVID,Lasso,CTSL1,1,1,10.0,50,0.02
OLINK_COVID,Lasso,Ep-CAM,1,1,10.0,50,0.02
OLINK_COVID,Lasso,LOX-1,1,1,10.0,50,0.02
OLINK_COVID,Lasso,NTF4,1,1,10.0,50,0.02
OLINK_COVID,Lasso,TIMP1,1,1,10.0,50,0.02
OLINK_COVID,LongGroupLasso,IL5,198,50,1.5707070707070707,50,1.0
OLINK_COVID,LongGroupLasso,FS,234,50,2.7094017094017095,50,1.0
OLINK_COVID,LongGroupLasso,AXL,174,50,2.9195402298850577,50,1.0
OLINK_COVID,LongGroupLasso,SERPINA5,152,50,3.9210526315789473,50,1.0
OLINK_COVID,LongGroupLasso,TNFRSF13B,71,49,3.2253521126760565,50,0.98
OLINK_COVID,LongGroupLasso,FCRL6,116,49,4.637931034482759,50,0.98
OLINK_COVID,LongGroupLasso,PRDX1,98,49,6.755102040816326,50,0.98
OLINK_COVID,LongGroupLasso,FETUB,97,47,5.402061855670103,50,0.94
OLINK_COVID,LongGroupLasso,CXCL16,89,46,6.50561797752809,50,0.92
OLINK_COVID,LongGroupLasso,ST6GAL1,78,46,7.410256410256411,50,0.92
OLINK_COVID,LongGroupLasso,ST2,82,44,7.609756097560975,50,0.88
OLINK_COVID,LongGroupLasso,SIT1,59,43,5.8474576271186445,50,0.86
OLINK_COVID,LongGroupLasso,IL10,46,35,6.891304347826087,50,0.7
OLINK_COVID,LongGroupLasso,COL18A1,32,29,5.625,50,0.58
OLINK_COVID,LongGroupLasso,IL-22 RA1,27,27,4.074074074074074,50,0.54
OLINK_COVID,LongGroupLasso,TRANCE,29,26,7.793103448275862,50,0.52
OLINK_COVID,LongGroupLasso,IL6,21,21,6.857142857142857,50,0.42
OLINK_COVID,LongGroupLasso,TNFRSF9,20,20,7.7,50,0.4
OLINK_COVID,LongGroupLasso,LIF,19,19,4.7894736842105265,50,0.38
OLINK_COVID,LongGroupLasso,TNFRSF10A,19,18,7.2631578947368425,50,0.36
OLINK_COVID,LongGroupLasso,VASN,15,15,6.133333333333334,50,0.3
OLINK_COVID,LongGroupLasso,TIMP1,15,15,7.733333333333333,50,0.3
OLINK_COVID,LongGroupLasso,CX3CL1,13,13,7.846153846153846,50,0.26
OLINK_COVID,LongGroupLasso,PRTN3,11,11,8.181818181818182,50,0.22
OLINK_COVID,LongGroupLasso,IGFBP-1,10,10,9.0,50,0.2
OLINK_COVID,LongGroupLasso,HAOX1,10,9,3.3,50,0.18
OLINK_COVID,LongGroupLasso,OSMR,9,9,8.222222222222221,50,0.18
OLINK_COVID,LongGroupLasso,NID1,9,9,8.88888888888889,50,0.18
OLINK_COVID,LongGroupLasso,NRP1,8,8,8.375,50,0.16
OLINK_COVID,LongGroupLasso,FABP2,7,7,8.142857142857142,50,0.14
OLINK_COVID,LongGroupLasso,SPON1,6,6,7.833333333333333,50,0.12
OLINK_COVID,LongGroupLasso,IL-17D,5,5,9.4,50,0.1
OLINK_COVID,LongGroupLasso,FGF-19,4,4,3.75,50,0.08
OLINK_COVID,LongGroupLasso,BOC,3,3,7.333333333333333,50,0.06
OLINK_COVID,LongGroupLasso,LPL,3,3,7.666666666666667,50,0.06
OLINK_COVID,LongGroupLasso,CA3,3,3,8.666666666666666,50,0.06
OLINK_COVID,LongGroupLasso,TGFBR3,3,3,8.666666666666666,50,0.06
OLINK_COVID,LongGroupLasso,CHL1,2,2,6.5,50,0.04
OLINK_COVID,LongGroupLasso,TNFB,2,2,7.0,50,0.04
OLINK_COVID,LongGroupLasso,CEACAM8,2,2,7.5,50,0.04
OLINK_COVID,LongGroupLasso,HO-1,2,2,9.0,50,0.04
OLINK_COVID,LongGroupLasso,PRSS8,1,1,2.0,50,0.02
OLINK_COVID,LongGroupLasso,REN,1,1,6.0,50,0.02
OLINK_COVID,LongGroupLasso,GRN,1,1,7.0,50,0.02
OLINK_COVID,LongGroupLasso,CCL20,1,1,8.0,50,0.02
OLINK_COVID,LongGroupLasso,PTX3,1,1,8.0,50,0.02
OLINK_COVID,LongGroupLasso,CCL23,1,1,9.0,50,0.02
OLINK_COVID,LongGroupLasso,CD6,1,1,10.0,50,0.02
OLINK_COVID,LongGroupLasso,IL-4RA,1,1,10.0,50,0.02
OLINK_COVID,LongGroupLasso,MMP-10,1,1,10.0,50,0.02
OLINK_COVID,LongGroupLasso,PRSS27,1,1,10.0,50,0.02
OLINK_COVID,LongGroupLasso,SCGB3A2,1,1,10.0,50,0.02
OLINK_COVID,LongGroupLasso,THBS4,1,1,10.0,50,0.02
OLINK_COVID,MutualInfo,ST2,182,50,2.7142857142857144,50,1.0
OLINK_COVID,MutualInfo,FS,201,50,3.0348258706467663,50,1.0
OLINK_COVID,MutualInfo,ST6GAL1,160,50,3.83125,50,1.0
OLINK_COVID,MutualInfo,IL6,196,50,3.9030612244897958,50,1.0
OLINK_COVID,MutualInfo,CKAP4,140,50,4.492857142857143,50,1.0
OLINK_COVID,MutualInfo,AXL,113,49,4.247787610619469,50,0.98
OLINK_COVID,MutualInfo,TNFRSF10A,124,49,4.92741935483871,50,0.98
OLINK_COVID,MutualInfo,IL5,64,43,6.421875,50,0.86
OLINK_COVID,MutualInfo,SERPINA5,43,37,5.744186046511628,50,0.74
OLINK_COVID,MutualInfo,LEP,49,37,6.244897959183674,50,0.74
OLINK_COVID,MutualInfo,SIT1,42,35,5.595238095238095,50,0.7
OLINK_COVID,MutualInfo,IL8,38,35,7.052631578947368,50,0.7
OLINK_COVID,MutualInfo,IGFBP-1,38,34,5.131578947368421,50,0.68
OLINK_COVID,MutualInfo,TNFRSF13B,39,32,4.564102564102564,50,0.64
OLINK_COVID,MutualInfo,IL10,32,30,5.9375,50,0.6
OLINK_COVID,MutualInfo,IL7,31,29,5.032258064516129,50,0.58
OLINK_COVID,MutualInfo,TNF-R1,21,21,7.619047619047619,50,0.42
OLINK_COVID,MutualInfo,CTSD,18,18,5.388888888888889,50,0.36
OLINK_COVID,MutualInfo,PRTN3,17,17,3.6470588235294117,50,0.34
OLINK_COVID,MutualInfo,IL-17D,16,16,6.5625,50,0.32
OLINK_COVID,MutualInfo,PRDX5,16,15,6.6875,50,0.3
OLINK_COVID,MutualInfo,IL18,14,14,4.0,50,0.28
OLINK_COVID,MutualInfo,PCSK9,13,13,5.769230769230769,50,0.26
OLINK_COVID,MutualInfo,FCRL6,13,13,6.384615384615385,50,0.26
OLINK_COVID,MutualInfo,CXCL10,13,13,6.538461538461538,50,0.26
OLINK_COVID,MutualInfo,NID1,13,13,7.769230769230769,50,0.26
OLINK_COVID,MutualInfo,IL16,13,13,8.461538461538462,50,0.26
OLINK_COVID,MutualInfo,SELL,14,12,6.285714285714286,50,0.24
OLINK_COVID,MutualInfo,TNC,11,11,8.818181818181818,50,0.22
OLINK_COVID,MutualInfo,GDF-15,10,10,7.2,50,0.2
OLINK_COVID,MutualInfo,IL-27,8,8,7.375,50,0.16
OLINK_COVID,MutualInfo,AREG,8,8,8.25,50,0.16
OLINK_COVID,MutualInfo,PADI2,8,8,8.25,50,0.16
OLINK_COVID,MutualInfo,TRANCE,6,6,8.166666666666666,50,0.12
OLINK_COVID,MutualInfo,CTSZ,5,5,5.4,50,0.1
OLINK_COVID,MutualInfo,IGFBP-2,4,4,3.75,50,0.08
OLINK_COVID,MutualInfo,TNFRSF9,4,4,6.5,50,0.08
OLINK_COVID,MutualInfo,HO-1,4,4,6.75,50,0.08
OLINK_COVID,MutualInfo,LIF,4,4,7.0,50,0.08
OLINK_COVID,MutualInfo,CD6,4,4,8.25,50,0.08
OLINK_COVID,MutualInfo,SLAMF1,4,4,8.5,50,0.08
OLINK_COVID,MutualInfo,EGLN1,4,4,9.0,50,0.08
OLINK_COVID,MutualInfo,FETUB,3,3,6.333333333333333,50,0.06
OLINK_COVID,MutualInfo,PSIP1,3,3,7.333333333333333,50,0.06
OLINK_COVID,MutualInfo,ADA,3,3,9.0,50,0.06
OLINK_COVID,MutualInfo,CR2,3,3,9.333333333333334,50,0.06
OLINK_COVID,MutualInfo,MCP-2,3,3,9.333333333333334,50,0.06
OLINK_COVID,MutualInfo,PTX3,2,2,6.0,50,0.04
OLINK_COVID,MutualInfo,MB,2,2,6.5,50,0.04
OLINK_COVID,MutualInfo,KIM1,2,2,7.5,50,0.04
OLINK_COVID,MutualInfo,KRT19,2,2,7.5,50,0.04
OLINK_COVID,MutualInfo,VASN,2,2,7.5,50,0.04
OLINK_COVID,MutualInfo,HEXIM1,2,2,8.0,50,0.04
OLINK_COVID,MutualInfo,RARRES2,1,1,6.0,50,0.02
OLINK_COVID,MutualInfo,MBL2,1,1,7.0,50,0.02
OLINK_COVID,MutualInfo,LAMP3,1,1,8.0,50,0.02
OLINK_COVID,MutualInfo,MARCO,1,1,9.0,50,0.02
OLINK_COVID,MutualInfo,PSP-D,1,1,9.0,50,0.02
OLINK_COVID,MutualInfo,TCN2,1,1,9.0,50,0.02
OLINK_COVID,MutualInfo,CD244,1,1,10.0,50,0.02
OLINK_COVID,MutualInfo,MILR1,1,1,10.0,50,0.02
OLINK_COVID,MutualInfo,PRDX1,1,1,10.0,50,0.02
OLINK_COVID,MutualInfo,TIMP1,1,1,10.0,50,0.02
OLINK_COVID,MutualInfo,TNFSF14,1,1,10.0,50,0.02
OLINK_COVID,OutcomeSNN-FS,IL5,157,50,3.3312101910828025,50,1.0
OLINK_COVID,OutcomeSNN-FS,AXL,173,50,3.393063583815029,50,1.0
OLINK_COVID,OutcomeSNN-FS,FS,171,50,3.5964912280701755,50,1.0
OLINK_COVID,OutcomeSNN-FS,SERPINA5,169,50,3.6153846153846154,50,1.0
OLINK_COVID,OutcomeSNN-FS,SIT1,128,50,4.7890625,50,1.0
OLINK_COVID,OutcomeSNN-FS,TNFRSF13B,111,49,4.27027027027027,50,0.98
OLINK_COVID,OutcomeSNN-FS,IL10,72,49,4.722222222222222,50,0.98
OLINK_COVID,OutcomeSNN-FS,CXCL16,75,47,5.48,50,0.94
OLINK_COVID,OutcomeSNN-FS,ST2,82,46,4.2317073170731705,50,0.92
OLINK_COVID,OutcomeSNN-FS,ST6GAL1,88,46,4.284090909090909,50,0.92
OLINK_COVID,OutcomeSNN-FS,IL-17D,60,42,6.516666666666667,50,0.84
OLINK_COVID,OutcomeSNN-FS,TNFRSF10A,64,40,4.390625,50,0.8
OLINK_COVID,OutcomeSNN-FS,NID1,49,39,5.816326530612245,50,0.78
OLINK_COVID,OutcomeSNN-FS,FCRL6,48,37,5.479166666666667,50,0.74
OLINK_COVID,OutcomeSNN-FS,FETUB,41,33,6.073170731707317,50,0.66
OLINK_COVID,OutcomeSNN-FS,REN,34,29,6.294117647058823,50,0.58
OLINK_COVID,OutcomeSNN-FS,OSMR,28,27,6.035714285714286,50,0.54
OLINK_COVID,OutcomeSNN-FS,IL6,27,25,5.703703703703703,50,0.5
OLINK_COVID,OutcomeSNN-FS,PRSS8,21,21,5.666666666666667,50,0.42
OLINK_COVID,OutcomeSNN-FS,MMP-10,19,19,6.947368421052632,50,0.38
OLINK_COVID,OutcomeSNN-FS,CNDP1,21,18,6.714285714285714,50,0.36
OLINK_COVID,OutcomeSNN-FS,TIMP1,16,16,7.9375,50,0.32
OLINK_COVID,OutcomeSNN-FS,PRDX1,17,16,8.470588235294118,50,0.32
OLINK_COVID,OutcomeSNN-FS,HO-1,17,15,5.647058823529412,50,0.3
OLINK_COVID,OutcomeSNN-FS,FGF-19,14,14,7.142857142857143,50,0.28
OLINK_COVID,OutcomeSNN-FS,IL-22 RA1,14,14,7.928571428571429,50,0.28
OLINK_COVID,OutcomeSNN-FS,LIF,13,13,6.846153846153846,50,0.26
OLINK_COVID,OutcomeSNN-FS,IGFBP-1,10,10,7.9,50,0.2
OLINK_COVID,OutcomeSNN-FS,LPL,8,8,8.625,50,0.16
OLINK_COVID,OutcomeSNN-FS,PRTN3,7,7,7.285714285714286,50,0.14
OLINK_COVID,OutcomeSNN-FS,IL-4RA,6,6,7.166666666666667,50,0.12
OLINK_COVID,OutcomeSNN-FS,LILRB4,5,5,6.4,50,0.1
OLINK_COVID,OutcomeSNN-FS,CA3,5,5,8.6,50,0.1
OLINK_COVID,OutcomeSNN-FS,HAOX1,4,4,9.0,50,0.08
OLINK_COVID,OutcomeSNN-FS,PTX3,3,3,4.666666666666667,50,0.06
OLINK_COVID,OutcomeSNN-FS,TRANCE,3,3,5.666666666666667,50,0.06
OLINK_COVID,OutcomeSNN-FS,NRP1,3,3,7.333333333333333,50,0.06
OLINK_COVID,OutcomeSNN-FS,TNFRSF9,3,3,9.333333333333334,50,0.06
OLINK_COVID,OutcomeSNN-FS,CTSD,2,2,6.5,50,0.04
OLINK_COVID,OutcomeSNN-FS,Gal-9,2,2,7.5,50,0.04
OLINK_COVID,OutcomeSNN-FS,FGF-21,2,2,9.0,50,0.04
OLINK_COVID,OutcomeSNN-FS,LTBP2,2,2,9.0,50,0.04
OLINK_COVID,OutcomeSNN-FS,LILRB2,2,2,10.0,50,0.04
OLINK_COVID,OutcomeSNN-FS,MMP12,1,1,2.0,50,0.02
OLINK_COVID,OutcomeSNN-FS,IGFBP-2,1,1,4.0,50,0.02
OLINK_COVID,OutcomeSNN-FS,TNFSF14,1,1,5.0,50,0.02
OLINK_COVID,OutcomeSNN-FS,DCN,1,1,6.0,50,0.02
OLINK_COVID,OutcomeSNN-FS,CD28,1,1,7.0,50,0.02
OLINK_COVID,OutcomeSNN-FS,IL-17RA,1,1,7.0,50,0.02
OLINK_COVID,OutcomeSNN-FS,MILR1,1,1,9.0,50,0.02
OLINK_COVID,OutcomeSNN-FS,COL18A1,1,1,10.0,50,0.02
OLINK_COVID,OutcomeSNN-FS,F7,1,1,10.0,50,0.02
OLINK_COVID,OutcomeSNN-FS,GIF,1,1,10.0,50,0.02
OLINK_COVID,OutcomeSNN-FS,GRN,1,1,10.0,50,0.02
OLINK_COVID,OutcomeSNN-FS,THPO,1,1,10.0,50,0.02
OLINK_COVID,PGEE,FS,196,50,2.9285714285714284,50,1.0
OLINK_COVID,PGEE,AXL,96,50,3.8541666666666665,50,1.0
OLINK_COVID,PGEE,KRT19,96,49,3.6041666666666665,50,0.98
OLINK_COVID,PGEE,IL10,106,48,5.235849056603773,50,0.96
OLINK_COVID,PGEE,FCRL6,83,47,4.048192771084337,50,0.94
OLINK_COVID,PGEE,IL6,132,47,4.204545454545454,50,0.94
OLINK_COVID,PGEE,ST2,90,46,4.777777777777778,50,0.92
OLINK_COVID,PGEE,ST6GAL1,103,45,5.679611650485437,50,0.9
OLINK_COVID,PGEE,CXCL16,74,45,5.756756756756757,50,0.9
OLINK_COVID,PGEE,IL5,71,45,6.183098591549296,50,0.9
OLINK_COVID,PGEE,NID1,101,44,4.9504950495049505,50,0.88
OLINK_COVID,PGEE,IL8,78,44,5.0256410256410255,50,0.88
OLINK_COVID,PGEE,IGFBP-1,77,44,5.4935064935064934,50,0.88
OLINK_COVID,PGEE,SIT1,56,42,5.607142857142857,50,0.84
OLINK_COVID,PGEE,GDF-15,55,35,6.363636363636363,50,0.7
OLINK_COVID,PGEE,PTX3,48,33,5.0625,50,0.66
OLINK_COVID,PGEE,SERPINA5,47,33,6.25531914893617,50,0.66
OLINK_COVID,PGEE,TIMP1,47,33,7.553191489361702,50,0.66
OLINK_COVID,PGEE,CTSL1,40,31,6.5,50,0.62
OLINK_COVID,PGEE,TNFRSF13B,30,30,2.8333333333333335,50,0.6
OLINK_COVID,PGEE,OSMR,27,27,3.3333333333333335,50,0.54
OLINK_COVID,PGEE,IL-4RA,29,27,6.758620689655173,50,0.54
OLINK_COVID,PGEE,IL-17D,23,21,3.0869565217391304,50,0.42
OLINK_COVID,PGEE,PRDX1,24,20,7.291666666666667,50,0.4
OLINK_COVID,PGEE,LTBP2,22,19,5.318181818181818,50,0.38
OLINK_COVID,PGEE,FETUB,16,15,7.0,50,0.3
OLINK_COVID,PGEE,TNFSF13B,14,14,2.5,50,0.28
OLINK_COVID,PGEE,TNFRSF10A,16,14,6.75,50,0.28
OLINK_COVID,PGEE,TNC,14,14,7.857142857142857,50,0.28
OLINK_COVID,PGEE,CD6,15,13,7.333333333333333,50,0.26
OLINK_COVID,PGEE,LILRB2,11,11,4.2727272727272725,50,0.22
OLINK_COVID,PGEE,JUN,12,11,6.166666666666667,50,0.22
OLINK_COVID,PGEE,LIF,10,10,5.8,50,0.2
OLINK_COVID,PGEE,CKAP4,8,8,4.375,50,0.16
OLINK_COVID,PGEE,PRTN3,7,7,6.0,50,0.14
OLINK_COVID,PGEE,HO-1,6,6,2.5,50,0.12
OLINK_COVID,PGEE,COL18A1,6,6,6.333333333333333,50,0.12
OLINK_COVID,PGEE,FGF-21,5,5,5.2,50,0.1
OLINK_COVID,PGEE,LPL,5,5,7.4,50,0.1
OLINK_COVID,PGEE,CA3,4,4,5.25,50,0.08
OLINK_COVID,PGEE,OPG,3,3,1.3333333333333333,50,0.06
OLINK_COVID,PGEE,IL-22 RA1,3,3,4.0,50,0.06
OLINK_COVID,PGEE,TNFRSF9,3,3,4.333333333333333,50,0.06
OLINK_COVID,PGEE,AREG,3,3,5.333333333333333,50,0.06
OLINK_COVID,PGEE,PCSK9,3,3,7.0,50,0.06
OLINK_COVID,PGEE,ACE2,3,3,7.333333333333333,50,0.06
OLINK_COVID,PGEE,FABP2,3,3,7.333333333333333,50,0.06
OLINK_COVID,PGEE,PSIP1,2,2,3.5,50,0.04
OLINK_COVID,PGEE,LEP,2,2,4.5,50,0.04
OLINK_COVID,PGEE,CX3CL1,2,2,6.5,50,0.04
OLINK_COVID,PGEE,IL-27,2,2,7.5,50,0.04
OLINK_COVID,PGEE,MCP-3,1,1,1.0,50,0.02
OLINK_COVID,PGEE,NRP1,1,1,2.0,50,0.02
OLINK_COVID,PGEE,CR2,1,1,3.0,50,0.02
OLINK_COVID,PGEE,BNP,1,1,5.0,50,0.02
OLINK_COVID,PGEE,CCL20,1,1,6.0,50,0.02
OLINK_COVID,PGEE,CEACAM8,1,1,8.0,50,0.02
OLINK_COVID,PGEE,CTSD,1,1,8.0,50,0.02
OLINK_COVID,PGEE,TNFB,1,1,8.0,50,0.02
OLINK_COVID,PGEE,IL33,1,1,9.0,50,0.02
OLINK_COVID,PGEE,TGF-alpha,1,1,10.0,50,0.02
OLINK_COVID,RandomForest,ST2,213,50,1.9671361502347418,50,1.0
OLINK_COVID,RandomForest,IL6,201,50,2.681592039800995,50,1.0
OLINK_COVID,RandomForest,IL5,117,49,4.316239316239316,50,0.98
OLINK_COVID,RandomForest,ST6GAL1,128,49,4.5859375,50,0.98
OLINK_COVID,RandomForest,TNFRSF10A,118,48,4.033898305084746,50,0.96
OLINK_COVID,RandomForest,AXL,88,47,4.556818181818182,50,0.94
OLINK_COVID,RandomForest,SERPINA5,74,47,5.0,50,0.94
OLINK_COVID,RandomForest,FS,91,47,5.010989010989011,50,0.94
OLINK_COVID,RandomForest,GDF-15,57,38,5.9298245614035086,50,0.76
OLINK_COVID,RandomForest,SIT1,49,37,5.73469387755102,50,0.74
OLINK_COVID,RandomForest,IL10,44,36,4.2727272727272725,50,0.72
OLINK_COVID,RandomForest,TNC,39,33,4.871794871794871,50,0.66
OLINK_COVID,RandomForest,KRT19,42,33,4.976190476190476,50,0.66
OLINK_COVID,RandomForest,IGFBP-1,35,29,5.4,50,0.58
OLINK_COVID,RandomForest,CKAP4,32,28,5.09375,50,0.56
OLINK_COVID,RandomForest,FCRL6,31,27,5.935483870967742,50,0.54
OLINK_COVID,RandomForest,CXCL10,14,14,5.571428571428571,50,0.28
OLINK_COVID,RandomForest,IL8,15,14,7.866666666666666,50,0.28
OLINK_COVID,RandomForest,CTSD,13,13,3.6153846153846154,50,0.26
OLINK_COVID,RandomForest,CD6,13,13,5.615384615384615,50,0.26
OLINK_COVID,RandomForest,FETUB,14,13,6.642857142857143,50,0.26
OLINK_COVID,RandomForest,PTX3,12,12,6.25,50,0.24
OLINK_COVID,RandomForest,PRTN3,11,11,5.454545454545454,50,0.22
OLINK_COVID,RandomForest,PRDX1,11,11,7.2727272727272725,50,0.22
OLINK_COVID,RandomForest,TIMP1,11,11,7.545454545454546,50,0.22
OLINK_COVID,RandomForest,NID1,11,10,6.363636363636363,50,0.2
OLINK_COVID,RandomForest,TNFRSF13B,10,10,6.9,50,0.2
OLINK_COVID,RandomForest,OSMR,7,7,3.7142857142857144,50,0.14
OLINK_COVID,RandomForest,GRN,8,7,6.75,50,0.14
OLINK_COVID,RandomForest,CX3CL1,7,7,6.857142857142857,50,0.14
OLINK_COVID,RandomForest,HAOX1,7,7,7.285714285714286,50,0.14
OLINK_COVID,RandomForest,IL-1ra,6,6,4.0,50,0.12
OLINK_COVID,RandomForest,LEP,6,6,5.333333333333333,50,0.12
OLINK_COVID,RandomForest,HO-1,5,5,6.4,50,0.1
OLINK_COVID,RandomForest,IL-4RA,5,5,9.0,50,0.1
OLINK_COVID,RandomForest,PSIP1,4,4,8.75,50,0.08
OLINK_COVID,RandomForest,TNFRSF9,3,3,6.666666666666667,50,0.06
OLINK_COVID,RandomForest,IL-22 RA1,3,3,9.0,50,0.06
OLINK_COVID,RandomForest,PCSK9,3,3,9.333333333333334,50,0.06
OLINK_COVID,RandomForest,FGF-21,2,2,3.0,50,0.04
OLINK_COVID,RandomForest,TNFSF13B,2,2,3.0,50,0.04
OLINK_COVID,RandomForest,FGF-19,2,2,4.0,50,0.04
OLINK_COVID,RandomForest,CTSL1,2,2,5.0,50,0.04
OLINK_COVID,RandomForest,IGFBP-2,2,2,6.5,50,0.04
OLINK_COVID,RandomForest,FABP2,2,2,7.5,50,0.04
OLINK_COVID,RandomForest,IL-18BP,2,2,7.5,50,0.04
OLINK_COVID,RandomForest,IL-17D,2,2,9.0,50,0.04
OLINK_COVID,RandomForest,TCN2,2,2,10.0,50,0.04
OLINK_COVID,RandomForest,IL7,1,1,1.0,50,0.02
OLINK_COVID,RandomForest,JUN,1,1,2.0,50,0.02
OLINK_COVID,RandomForest,LPL,1,1,7.0,50,0.02
OLINK_COVID,RandomForest,CEACAM8,1,1,8.0,50,0.02
OLINK_COVID,RandomForest,HCLS1,1,1,8.0,50,0.02
OLINK_COVID,RandomForest,MILR1,1,1,8.0,50,0.02
OLINK_COVID,RandomForest,TNFSF14,1,1,8.0,50,0.02
OLINK_COVID,RandomForest,ACE2,1,1,9.0,50,0.02
OLINK_COVID,RandomForest,MBL2,1,1,9.0,50,0.02
OLINK_COVID,RandomForest,AREG,1,1,10.0,50,0.02
OLINK_COVID,RandomForest,CNTN1,1,1,10.0,50,0.02
OLINK_COVID,RandomForest,IL-17RA,1,1,10.0,50,0.02
OLINK_COVID,RandomForest,LILRB4,1,1,10.0,50,0.02
OLINK_COVID,RandomForest,LTBR,1,1,10.0,50,0.02
OLINK_COVID,RandomForest,PRELP,1,1,10.0,50,0.02
OLINK_COVID,RandomForest,TRANCE,1,1,10.0,50,0.02
OLINK_COVID,SNN-FS,AXL,191,50,2.9162303664921465,50,1.0
OLINK_COVID,SNN-FS,IL5,169,50,3.1834319526627217,50,1.0
OLINK_COVID,SNN-FS,FS,173,50,3.393063583815029,50,1.0
OLINK_COVID,SNN-FS,SERPINA5,113,50,4.008849557522124,50,1.0
OLINK_COVID,SNN-FS,SIT1,120,50,5.025,50,1.0
OLINK_COVID,SNN-FS,TNFRSF13B,123,49,3.934959349593496,50,0.98
OLINK_COVID,SNN-FS,IL10,58,46,4.068965517241379,50,0.92
OLINK_COVID,SNN-FS,ST2,74,44,5.108108108108108,50,0.88
OLINK_COVID,SNN-FS,ST6GAL1,77,44,5.220779220779221,50,0.88
OLINK_COVID,SNN-FS,CXCL16,79,43,5.6455696202531644,50,0.86
OLINK_COVID,SNN-FS,FCRL6,55,41,5.490909090909091,50,0.82
OLINK_COVID,SNN-FS,IL-17D,60,40,6.4,50,0.8
OLINK_COVID,SNN-FS,TNFRSF10A,49,38,4.938775510204081,50,0.76
OLINK_COVID,SNN-FS,REN,47,36,4.9361702127659575,50,0.72
OLINK_COVID,SNN-FS,NID1,36,33,6.444444444444445,50,0.66
OLINK_COVID,SNN-FS,FETUB,33,30,5.575757575757576,50,0.6
OLINK_COVID,SNN-FS,PRSS8,28,28,3.5,50,0.56
OLINK_COVID,SNN-FS,OSMR,26,26,4.653846153846154,50,0.52
OLINK_COVID,SNN-FS,MMP-10,26,26,6.8076923076923075,50,0.52
OLINK_COVID,SNN-FS,CNDP1,29,24,6.448275862068965,50,0.48
OLINK_COVID,SNN-FS,HO-1,22,22,4.863636363636363,50,0.44
OLINK_COVID,SNN-FS,IL6,23,22,6.086956521739131,50,0.44
OLINK_COVID,SNN-FS,LIF,18,18,7.111111111111111,50,0.36
OLINK_COVID,SNN-FS,FGF-19,18,15,7.166666666666667,50,0.3
OLINK_COVID,SNN-FS,LPL,14,14,7.785714285714286,50,0.28
OLINK_COVID,SNN-FS,NRP1,12,12,7.416666666666667,50,0.24
OLINK_COVID,SNN-FS,IL-22 RA1,12,12,8.25,50,0.24
OLINK_COVID,SNN-FS,PRDX1,8,8,8.375,50,0.16
OLINK_COVID,SNN-FS,TRANCE,7,7,7.142857142857143,50,0.14
OLINK_COVID,SNN-FS,TIMP1,7,7,7.428571428571429,50,0.14
OLINK_COVID,SNN-FS,PTX3,6,6,6.333333333333333,50,0.12
OLINK_COVID,SNN-FS,IGFBP-1,6,6,8.833333333333334,50,0.12
OLINK_COVID,SNN-FS,IL-4RA,5,5,8.2,50,0.1
OLINK_COVID,SNN-FS,PRTN3,5,5,9.0,50,0.1
OLINK_COVID,SNN-FS,CD28,4,4,6.75,50,0.08
OLINK_COVID,SNN-FS,CTSD,3,3,7.0,50,0.06
OLINK_COVID,SNN-FS,HAOX1,3,3,8.666666666666666,50,0.06
OLINK_COVID,SNN-FS,CA3,3,3,9.0,50,0.06
OLINK_COVID,SNN-FS,TNFRSF9,3,3,9.0,50,0.06
OLINK_COVID,SNN-FS,LILRB4,2,2,5.5,50,0.04
OLINK_COVID,SNN-FS,Gal-9,2,2,7.0,50,0.04
OLINK_COVID,SNN-FS,VASN,2,2,8.0,50,0.04
OLINK_COVID,SNN-FS,COL18A1,2,2,8.5,50,0.04
OLINK_COVID,SNN-FS,GRN,2,2,9.0,50,0.04
OLINK_COVID,SNN-FS,MMP12,1,1,2.0,50,0.02
OLINK_COVID,SNN-FS,DCN,1,1,5.0,50,0.02
OLINK_COVID,SNN-FS,TNC,1,1,6.0,50,0.02
OLINK_COVID,SNN-FS,TNFSF14,1,1,6.0,50,0.02
OLINK_COVID,SNN-FS,FGF-21,1,1,9.0,50,0.02
OLINK_COVID,SNN-FS,IL-2RB,1,1,9.0,50,0.02
OLINK_COVID,SNN-FS,LEP,1,1,9.0,50,0.02
OLINK_COVID,SNN-FS,LILRB2,1,1,9.0,50,0.02
OLINK_COVID,SNN-FS,OPG,1,1,9.0,50,0.02
OLINK_COVID,SNN-FS,CHL1,1,1,10.0,50,0.02
OLINK_COVID,SNN-FS,CTSL1,1,1,10.0,50,0.02
OLINK_COVID,SNN-FS,GIF,1,1,10.0,50,0.02
OLINK_COVID,SNN-FS,IL-10RB,1,1,10.0,50,0.02
OLINK_COVID,SNN-FS,IL1RL2,1,1,10.0,50,0.02
OLINK_COVID,StabilitySelection,IL5,183,50,2.4972677595628414,50,1.0
OLINK_COVID,StabilitySelection,TNFRSF13B,190,50,2.8210526315789473,50,1.0
OLINK_COVID,StabilitySelection,AXL,187,50,3.037433155080214,50,1.0
OLINK_COVID,StabilitySelection,SIT1,145,50,4.151724137931034,50,1.0
OLINK_COVID,StabilitySelection,CXCL16,145,50,4.248275862068965,50,1.0
OLINK_COVID,StabilitySelection,FS,75,48,5.506666666666667,50,0.96
OLINK_COVID,StabilitySelection,SERPINA5,94,47,4.468085106382978,50,0.94
OLINK_COVID,StabilitySelection,FCRL6,69,44,5.6231884057971016,50,0.88
OLINK_COVID,StabilitySelection,IL10,54,42,5.2407407407407405,50,0.84
OLINK_COVID,StabilitySelection,MMP-10,60,42,6.233333333333333,50,0.84
OLINK_COVID,StabilitySelection,CNDP1,68,41,4.75,50,0.82
OLINK_COVID,StabilitySelection,ST2,52,38,6.711538461538462,50,0.76
OLINK_COVID,StabilitySelection,REN,41,33,5.170731707317073,50,0.66
OLINK_COVID,StabilitySelection,FGF-19,38,31,6.578947368421052,50,0.62
OLINK_COVID,StabilitySelection,PRSS8,30,29,5.166666666666667,50,0.58
OLINK_COVID,StabilitySelection,HAOX1,33,28,6.575757575757576,50,0.56
OLINK_COVID,StabilitySelection,OSMR,27,25,6.074074074074074,50,0.5
OLINK_COVID,StabilitySelection,IL-17D,31,25,6.516129032258065,50,0.5
OLINK_COVID,StabilitySelection,FETUB,24,22,6.166666666666667,50,0.44
OLINK_COVID,StabilitySelection,IL1RL2,15,15,6.266666666666667,50,0.3
OLINK_COVID,StabilitySelection,LPL,14,14,7.0,50,0.28
OLINK_COVID,StabilitySelection,IL-22 RA1,11,11,6.818181818181818,50,0.22
OLINK_COVID,StabilitySelection,CD28,12,11,7.5,50,0.22
OLINK_COVID,StabilitySelection,NRP1,11,10,7.363636363636363,50,0.2
OLINK_COVID,StabilitySelection,NID1,10,10,7.8,50,0.2
OLINK_COVID,StabilitySelection,TNFRSF10A,10,10,7.9,50,0.2
OLINK_COVID,StabilitySelection,TRANCE,11,9,7.818181818181818,50,0.18
OLINK_COVID,StabilitySelection,CA3,9,8,5.888888888888889,50,0.16
OLINK_COVID,StabilitySelection,MMP12,8,8,7.125,50,0.16
OLINK_COVID,StabilitySelection,LIF,8,7,6.875,50,0.14
OLINK_COVID,StabilitySelection,GIF,5,5,6.2,50,0.1
OLINK_COVID,StabilitySelection,PRDX1,5,5,7.4,50,0.1
OLINK_COVID,StabilitySelection,TNFRSF9,5,5,8.8,50,0.1
OLINK_COVID,StabilitySelection,Gal-9,4,4,7.5,50,0.08
OLINK_COVID,StabilitySelection,COL18A1,4,4,7.75,50,0.08
OLINK_COVID,StabilitySelection,HO-1,4,4,7.75,50,0.08
OLINK_COVID,StabilitySelection,DCN,4,4,8.5,50,0.08
OLINK_COVID,StabilitySelection,ST6GAL1,4,4,9.25,50,0.08
OLINK_COVID,StabilitySelection,FGF-21,3,3,5.0,50,0.06
OLINK_COVID,StabilitySelection,VSIG2,3,3,5.333333333333333,50,0.06
OLINK_COVID,StabilitySelection,CHL1,3,3,6.0,50,0.06
OLINK_COVID,StabilitySelection,TNFB,3,3,6.333333333333333,50,0.06
OLINK_COVID,StabilitySelection,CEACAM8,3,3,8.0,50,0.06
OLINK_COVID,StabilitySelection,PRTN3,4,3,8.0,50,0.06
OLINK_COVID,StabilitySelection,OPG,3,3,8.333333333333334,50,0.06
OLINK_COVID,StabilitySelection,Gal-4,3,3,9.0,50,0.06
OLINK_COVID,StabilitySelection,VASN,3,3,9.0,50,0.06
OLINK_COVID,StabilitySelection,FCN2,2,2,7.0,50,0.04
OLINK_COVID,StabilitySelection,CD83,2,2,8.0,50,0.04
OLINK_COVID,StabilitySelection,TIMP1,2,2,9.5,50,0.04
OLINK_COVID,StabilitySelection,CX3CL1,2,2,10.0,50,0.04
OLINK_COVID,StabilitySelection,CNTNAP2,1,1,4.0,50,0.02
OLINK_COVID,StabilitySelection,IL-10RB,1,1,5.0,50,0.02
OLINK_COVID,StabilitySelection,QPCT,1,1,5.0,50,0.02
OLINK_COVID,StabilitySelection,MBL2,1,1,6.0,50,0.02
OLINK_COVID,StabilitySelection,LEP,1,1,7.0,50,0.02
OLINK_COVID,StabilitySelection,CLEC4C,1,1,8.0,50,0.02
OLINK_COVID,StabilitySelection,TGFBR3,1,1,8.0,50,0.02
OLINK_COVID,StabilitySelection,IL-27,1,1,9.0,50,0.02
OLINK_COVID,StabilitySelection,LILRB2,1,1,9.0,50,0.02
OLINK_COVID,StabilitySelection,AP-N,1,1,10.0,50,0.02
OLINK_COVID,StabilitySelection,IL6,1,1,10.0,50,0.02
OLINK_COVID,StabilitySelection,PIgR,1,1,10.0,50,0.02
OLINK_COVID,Stabl-RP,ST2,159,50,2.6666666666666665,50,1.0
OLINK_COVID,Stabl-RP,IL6,193,50,3.145077720207254,50,1.0
OLINK_COVID,Stabl-RP,FS,118,49,4.491525423728813,50,0.98
OLINK_COVID,Stabl-RP,ST6GAL1,110,49,4.5636363636363635,50,0.98
OLINK_COVID,Stabl-RP,SERPINA5,89,48,2.9775280898876404,50,0.96
OLINK_COVID,Stabl-RP,IGFBP-1,91,48,4.648351648351649,50,0.96
OLINK_COVID,Stabl-RP,SIT1,87,47,3.67816091954023,50,0.94
OLINK_COVID,Stabl-RP,IL10,68,45,3.6029411764705883,50,0.9
OLINK_COVID,Stabl-RP,NID1,82,44,4.780487804878049,50,0.88
OLINK_COVID,Stabl-RP,IL8,52,38,5.884615384615385,50,0.76
OLINK_COVID,Stabl-RP,TIMP1,54,36,4.888888888888889,50,0.72
OLINK_COVID,Stabl-RP,PRDX1,40,35,6.525,50,0.7
OLINK_COVID,Stabl-RP,CTSL1,45,34,5.7555555555555555,50,0.68
OLINK_COVID,Stabl-RP,PTX3,41,32,4.902439024390244,50,0.64
OLINK_COVID,Stabl-RP,IL-4RA,38,32,5.394736842105263,50,0.64
OLINK_COVID,Stabl-RP,TNFRSF10A,38,27,5.342105263157895,50,0.54
OLINK_COVID,Stabl-RP,CXCL16,38,26,5.394736842105263,50,0.52
OLINK_COVID,Stabl-RP,LIF,23,23,4.695652173913044,50,0.46
OLINK_COVID,Stabl-RP,TRANCE,23,21,6.130434782608695,50,0.42
OLINK_COVID,Stabl-RP,LTBP2,22,20,6.136363636363637,50,0.4
OLINK_COVID,Stabl-RP,KRT19,22,20,6.590909090909091,50,0.4
OLINK_COVID,Stabl-RP,FETUB,17,17,5.470588235294118,50,0.34
OLINK_COVID,Stabl-RP,CXCL10,17,15,6.588235294117647,50,0.3
OLINK_COVID,Stabl-RP,TNFRSF13B,14,13,2.357142857142857,50,0.26
OLINK_COVID,Stabl-RP,CKAP4,15,13,5.8,50,0.26
OLINK_COVID,Stabl-RP,TNC,12,12,6.75,50,0.24
OLINK_COVID,Stabl-RP,AXL,14,11,5.285714285714286,50,0.22
OLINK_COVID,Stabl-RP,PRTN3,10,10,3.8,50,0.2
OLINK_COVID,Stabl-RP,FCRL6,10,10,4.7,50,0.2
OLINK_COVID,Stabl-RP,CTSD,9,9,3.3333333333333335,50,0.18
OLINK_COVID,Stabl-RP,GDF-15,10,9,5.5,50,0.18
OLINK_COVID,Stabl-RP,TNFSF13B,8,8,8.125,50,0.16
OLINK_COVID,Stabl-RP,PSIP1,6,6,7.833333333333333,50,0.12
OLINK_COVID,Stabl-RP,PCSK9,6,6,8.166666666666666,50,0.12
OLINK_COVID,Stabl-RP,PADI2,5,5,4.8,50,0.1
OLINK_COVID,Stabl-RP,OSMR,5,5,6.4,50,0.1
OLINK_COVID,Stabl-RP,HO-1,5,5,8.0,50,0.1
OLINK_COVID,Stabl-RP,GRN,4,4,6.5,50,0.08
OLINK_COVID,Stabl-RP,TNFB,3,3,4.0,50,0.06
OLINK_COVID,Stabl-RP,CR2,3,3,10.0,50,0.06
OLINK_COVID,Stabl-RP,TNFRSF9,2,2,3.0,50,0.04
OLINK_COVID,Stabl-RP,AREG,2,2,5.5,50,0.04
OLINK_COVID,Stabl-RP,TGF-alpha,2,2,5.5,50,0.04
OLINK_COVID,Stabl-RP,PAM,2,2,6.5,50,0.04
OLINK_COVID,Stabl-RP,IGFBP-2,2,2,7.5,50,0.04
OLINK_COVID,Stabl-RP,IL-17D,2,2,7.5,50,0.04
OLINK_COVID,Stabl-RP,IL-27,2,2,7.5,50,0.04
OLINK_COVID,Stabl-RP,JUN,2,2,8.0,50,0.04
OLINK_COVID,Stabl-RP,LILRB2,2,2,9.0,50,0.04
OLINK_COVID,Stabl-RP,LILRB4,1,1,2.0,50,0.02
OLINK_COVID,Stabl-RP,MB,1,1,2.0,50,0.02
OLINK_COVID,Stabl-RP,VASN,1,1,3.0,50,0.02
OLINK_COVID,Stabl-RP,BOC,1,1,4.0,50,0.02
OLINK_COVID,Stabl-RP,CA3,1,1,8.0,50,0.02
OLINK_COVID,Stabl-RP,CNDP1,1,1,8.0,50,0.02
OLINK_COVID,Stabl-RP,CD6,1,1,9.0,50,0.02
OLINK_COVID,Stabl-RP,COL18A1,1,1,9.0,50,0.02
OLINK_COVID,Stabl-RP,IL-1ra,1,1,9.0,50,0.02
OLINK_COVID,Stabl-RP,SCF,1,1,9.0,50,0.02
OLINK_COVID,Stabl-RP,CCL17,1,1,10.0,50,0.02
OLINK_COVID,Stabl-RP,CTSZ,1,1,10.0,50,0.02
OLINK_COVID,Stabl-RP,TNFSF14,1,1,10.0,50,0.02
OLINK_COVID,glmmLasso,FS,228,50,2.1403508771929824,50,1.0
OLINK_COVID,glmmLasso,AXL,121,50,2.231404958677686,50,1.0
OLINK_COVID,glmmLasso,FCRL6,108,50,3.2314814814814814,50,1.0
OLINK_COVID,glmmLasso,IL5,169,50,4.005917159763314,50,1.0
OLINK_COVID,glmmLasso,CXCL16,123,50,5.008130081300813,50,1.0
OLINK_COVID,glmmLasso,ST6GAL1,114,50,5.684210526315789,50,1.0
OLINK_COVID,glmmLasso,SIT1,87,49,5.35632183908046,50,0.98
OLINK_COVID,glmmLasso,IL10,103,49,5.543689320388349,50,0.98
OLINK_COVID,glmmLasso,TNFRSF10A,77,46,6.454545454545454,50,0.92
OLINK_COVID,glmmLasso,TNFRSF13B,46,45,1.4565217391304348,50,0.9
OLINK_COVID,glmmLasso,ST2,66,41,6.7727272727272725,50,0.82
OLINK_COVID,glmmLasso,IL6,67,41,7.313432835820896,50,0.82
OLINK_COVID,glmmLasso,NID1,60,41,7.4,50,0.82
OLINK_COVID,glmmLasso,SERPINA5,66,40,5.2272727272727275,50,0.8
OLINK_COVID,glmmLasso,FETUB,51,38,6.372549019607843,50,0.76
OLINK_COVID,glmmLasso,TIMP1,47,36,7.723404255319149,50,0.72
OLINK_COVID,glmmLasso,OSMR,35,34,2.914285714285714,50,0.68
OLINK_COVID,glmmLasso,PTX3,41,34,6.975609756097561,50,0.68
OLINK_COVID,glmmLasso,IGFBP-1,44,30,8.113636363636363,50,0.6
OLINK_COVID,glmmLasso,TNFRSF9,30,29,6.166666666666667,50,0.58
OLINK_COVID,glmmLasso,IL8,35,27,7.685714285714286,50,0.54
OLINK_COVID,glmmLasso,IL-17D,24,22,2.625,50,0.44
OLINK_COVID,glmmLasso,PRDX1,24,22,7.083333333333333,50,0.44
OLINK_COVID,glmmLasso,KRT19,24,21,6.416666666666667,50,0.42
OLINK_COVID,glmmLasso,TNFSF13B,19,19,3.3684210526315788,50,0.38
OLINK_COVID,glmmLasso,LIF,19,19,5.473684210526316,50,0.38
OLINK_COVID,glmmLasso,GDF-15,22,19,7.2727272727272725,50,0.38
OLINK_COVID,glmmLasso,IL-4RA,20,19,7.95,50,0.38
OLINK_COVID,glmmLasso,LILRB2,13,13,5.846153846153846,50,0.26
OLINK_COVID,glmmLasso,CA3,12,12,6.416666666666667,50,0.24
OLINK_COVID,glmmLasso,CTSL1,13,11,8.23076923076923,50,0.22
OLINK_COVID,glmmLasso,COL18A1,8,8,5.375,50,0.16
OLINK_COVID,glmmLasso,TRANCE,8,8,6.25,50,0.16
OLINK_COVID,glmmLasso,CX3CL1,8,8,7.5,50,0.16
OLINK_COVID,glmmLasso,LPL,7,7,5.857142857142857,50,0.14
OLINK_COVID,glmmLasso,FGF-21,6,6,3.5,50,0.12
OLINK_COVID,glmmLasso,LTBP2,6,6,7.666666666666667,50,0.12
OLINK_COVID,glmmLasso,CD6,6,6,7.833333333333333,50,0.12
OLINK_COVID,glmmLasso,FABP2,6,6,8.333333333333334,50,0.12
OLINK_COVID,glmmLasso,OPG,5,5,4.0,50,0.1
OLINK_COVID,glmmLasso,TNC,5,5,7.6,50,0.1
OLINK_COVID,glmmLasso,PRTN3,5,5,9.6,50,0.1
OLINK_COVID,glmmLasso,IL-22 RA1,4,4,3.25,50,0.08
OLINK_COVID,glmmLasso,HO-1,4,4,3.75,50,0.08
OLINK_COVID,glmmLasso,LEP,3,3,4.0,50,0.06
OLINK_COVID,glmmLasso,ACE2,3,3,7.666666666666667,50,0.06
OLINK_COVID,glmmLasso,CTSD,3,3,7.666666666666667,50,0.06
OLINK_COVID,glmmLasso,JUN,3,3,8.333333333333334,50,0.06
OLINK_COVID,glmmLasso,PSIP1,3,3,8.333333333333334,50,0.06
OLINK_COVID,glmmLasso,TNFB,2,2,4.0,50,0.04
OLINK_COVID,glmmLasso,NRP1,2,2,6.0,50,0.04
OLINK_COVID,glmmLasso,MB,2,2,6.5,50,0.04
OLINK_COVID,glmmLasso,CKAP4,2,2,7.0,50,0.04
OLINK_COVID,glmmLasso,FGF-19,1,1,3.0,50,0.02
OLINK_COVID,glmmLasso,HAOX1,1,1,3.0,50,0.02
OLINK_COVID,glmmLasso,CR2,1,1,4.0,50,0.02
OLINK_COVID,glmmLasso,PRSS27,1,1,4.0,50,0.02
OLINK_COVID,glmmLasso,AREG,1,1,5.0,50,0.02
OLINK_COVID,glmmLasso,IGFBP-2,1,1,5.0,50,0.02
OLINK_COVID,glmmLasso,BNP,1,1,6.0,50,0.02
OLINK_COVID,glmmLasso,VASN,1,1,6.0,50,0.02
OLINK_COVID,glmmLasso,CCL20,1,1,9.0,50,0.02
OLINK_COVID,glmmLasso,TRAIL,1,1,10.0,50,0.02
OLINK_COVID,mRMR,IL5,200,50,1.0,50,1.0
OLINK_COVID,mRMR,CXCL16,156,50,3.0128205128205128,50,1.0
OLINK_COVID,mRMR,IL6,152,50,3.848684210526316,50,1.0
OLINK_COVID,mRMR,AXL,142,50,4.47887323943662,50,1.0
OLINK_COVID,mRMR,ST2,143,50,4.629370629370629,50,1.0
OLINK_COVID,mRMR,SERPINA5,111,49,4.504504504504505,50,0.98
OLINK_COVID,mRMR,IL10,75,48,4.306666666666667,50,0.96
OLINK_COVID,mRMR,FS,126,48,5.73015873015873,50,0.96
OLINK_COVID,mRMR,FCRL6,90,48,6.033333333333333,50,0.96
OLINK_COVID,mRMR,TNFRSF13B,55,47,3.2181818181818183,50,0.94
OLINK_COVID,mRMR,NID1,74,46,4.337837837837838,50,0.92
OLINK_COVID,mRMR,TIMP1,34,29,8.205882352941176,50,0.58
OLINK_COVID,mRMR,TNFRSF10A,28,26,7.428571428571429,50,0.52
OLINK_COVID,mRMR,IGFBP-1,25,25,4.4,50,0.5
OLINK_COVID,mRMR,ST6GAL1,26,23,7.961538461538462,50,0.46
OLINK_COVID,mRMR,IL-17D,21,21,5.0,50,0.42
OLINK_COVID,mRMR,SIT1,20,19,8.45,50,0.38
OLINK_COVID,mRMR,TNFRSF9,19,18,6.7894736842105265,50,0.36
OLINK_COVID,mRMR,FETUB,20,18,8.15,50,0.36
OLINK_COVID,mRMR,HAOX1,17,17,8.470588235294118,50,0.34
OLINK_COVID,mRMR,CA3,16,16,4.9375,50,0.32
OLINK_COVID,mRMR,PRTN3,12,12,5.333333333333333,50,0.24
OLINK_COVID,mRMR,COL18A1,11,11,7.818181818181818,50,0.22
OLINK_COVID,mRMR,NRP1,9,9,6.666666666666667,50,0.18
OLINK_COVID,mRMR,TNFB,9,9,8.333333333333334,50,0.18
OLINK_COVID,mRMR,VASN,7,7,6.428571428571429,50,0.14
OLINK_COVID,mRMR,PRDX1,7,7,7.0,50,0.14
OLINK_COVID,mRMR,IL-22 RA1,5,5,5.2,50,0.1
OLINK_COVID,mRMR,LIF,5,5,5.2,50,0.1
OLINK_COVID,mRMR,LTBP2,5,5,6.2,50,0.1
OLINK_COVID,mRMR,REN,4,4,4.75,50,0.08
OLINK_COVID,mRMR,EIF5A,4,4,5.25,50,0.08
OLINK_COVID,mRMR,FGF-19,4,4,5.75,50,0.08
OLINK_COVID,mRMR,CX3CL1,4,4,8.25,50,0.08
OLINK_COVID,mRMR,FABP2,4,4,9.75,50,0.08
OLINK_COVID,mRMR,IL8,3,3,6.666666666666667,50,0.06
OLINK_COVID,mRMR,LPL,3,3,8.333333333333334,50,0.06
OLINK_COVID,mRMR,CD84,3,3,9.333333333333334,50,0.06
OLINK_COVID,mRMR,OSMR,3,3,9.333333333333334,50,0.06
OLINK_COVID,mRMR,TGFBR3,3,3,10.0,50,0.06
OLINK_COVID,mRMR,CCL11,2,2,2.5,50,0.04
OLINK_COVID,mRMR,EDAR,2,2,3.0,50,0.04
OLINK_COVID,mRMR,IL1RL2,2,2,6.0,50,0.04
OLINK_COVID,mRMR,IL-10RB,2,2,6.5,50,0.04
OLINK_COVID,mRMR,IL-4RA,2,2,7.0,50,0.04
OLINK_COVID,mRMR,VSIG2,2,2,8.5,50,0.04
OLINK_COVID,mRMR,CNDP1,1,1,2.0,50,0.02
OLINK_COVID,mRMR,DCN,1,1,3.0,50,0.02
OLINK_COVID,mRMR,AOC3,1,1,4.0,50,0.02
OLINK_COVID,mRMR,IL-6RA,1,1,4.0,50,0.02
OLINK_COVID,mRMR,IL-2RB,1,1,5.0,50,0.02
OLINK_COVID,mRMR,CEACAM8,1,1,6.0,50,0.02
OLINK_COVID,mRMR,CCL17,1,1,7.0,50,0.02
OLINK_COVID,mRMR,SPON1,1,1,7.0,50,0.02
OLINK_COVID,mRMR,CTSL1,1,1,8.0,50,0.02
OLINK_COVID,mRMR,IL4,1,1,8.0,50,0.02
OLINK_COVID,mRMR,JUN,1,1,8.0,50,0.02
OLINK_COVID,mRMR,REG1A,1,1,8.0,50,0.02
OLINK_COVID,mRMR,SLAMF1,1,1,8.0,50,0.02
OLINK_COVID,mRMR,CHL1,1,1,9.0,50,0.02
OLINK_COVID,mRMR,CTSD,1,1,9.0,50,0.02
OLINK_COVID,mRMR,LEP,1,1,9.0,50,0.02
OLINK_COVID,mRMR,CD6,1,1,10.0,50,0.02
OLINK_COVID,mRMR,CLEC4A,1,1,10.0,50,0.02
OLINK_COVID,mRMR,FGF-21,1,1,10.0,50,0.02
OLINK_COVID,mRMR,GDF-15,1,1,10.0,50,0.02
OLINK_COVID,mRMR,MMP-10,1,1,10.0,50,0.02
OLINK_COVID,mRMR,PIgR,1,1,10.0,50,0.02
OLINK_COVID,mRMR,PTX3,1,1,10.0,50,0.02
OLINK_COVID,mRMR,RARRES2,1,1,10.0,50,0.02
PE,Boruta,LEP,146,50,2.8493150684931505,50,1.0
PE,Boruta,SPARCL1,135,50,3.911111111111111,50,1.0
PE,Boruta,TXNDC12,132,49,3.371212121212121,50,0.98
PE,Boruta,IL1RAP,71,45,4.112676056338028,50,0.9
PE,Boruta,FAM3D,68,44,3.8676470588235294,50,0.88
PE,Boruta,CCL23.1,73,44,4.027397260273973,50,0.88
PE,Boruta,ULBP1,76,42,3.9473684210526314,50,0.84
PE,Boruta,IL24,61,40,5.147540983606557,50,0.8
PE,Boruta,ADIPOQ,50,32,4.68,50,0.64
PE,Boruta,WFIKKN2,43,31,5.186046511627907,50,0.62
PE,Boruta,ROR1,37,30,5.756756756756757,50,0.6
PE,Boruta,DPT,33,28,4.242424242424242,50,0.56
PE,Boruta,LEPR,32,28,4.5,50,0.56
PE,Boruta,CPE,36,28,4.916666666666667,50,0.56
PE,Boruta,IGF1R,35,27,5.8,50,0.54
PE,Boruta,GDF2,27,25,5.111111111111111,50,0.5
PE,Boruta,COLEC12,31,25,5.290322580645161,50,0.5
PE,Boruta,NRXN3,28,24,5.321428571428571,50,0.48
PE,Boruta,NEGR1,29,24,5.655172413793103,50,0.48
PE,Boruta,PRSS2,29,24,6.206896551724138,50,0.48
PE,Boruta,AGER,24,23,3.7916666666666665,50,0.46
PE,Boruta,SELE,25,21,5.8,50,0.42
PE,Boruta,CXCL10,24,20,6.0,50,0.4
PE,Boruta,SOD2,23,19,4.521739130434782,50,0.38
PE,Boruta,MSN,22,19,5.363636363636363,50,0.38
PE,Boruta,SELL,22,19,5.7727272727272725,50,0.38
PE,Boruta,THPO,18,17,5.444444444444445,50,0.34
PE,Boruta,PRSS1,18,17,5.777777777777778,50,0.34
PE,Boruta,APOM,20,15,5.3,50,0.3
PE,Boruta,IL9,16,15,5.6875,50,0.3
PE,Boruta,GPNMB,14,13,5.571428571428571,50,0.26
PE,Boruta,AKR1A1,13,13,7.0,50,0.26
PE,Boruta,HSPB1,13,12,5.538461538461538,50,0.24
PE,Boruta,IL1R2,11,11,4.454545454545454,50,0.22
PE,Boruta,MED1,12,11,5.083333333333333,50,0.22
PE,Boruta,SPON1,11,11,5.454545454545454,50,0.22
PE,Boruta,UNC5D,12,11,6.0,50,0.22
PE,Boruta,CNTFR,11,11,7.181818181818182,50,0.22
PE,Boruta,CNTN5,10,10,4.5,50,0.2
PE,Boruta,FUT5,9,9,5.0,50,0.18
PE,Boruta,PES1,9,9,7.0,50,0.18
PE,Boruta,NCAM1,10,9,7.3,50,0.18
PE,Boruta,PLAT,8,8,5.5,50,0.16
PE,Boruta,FSTL1,8,8,5.75,50,0.16
PE,Boruta,TNFRSF21,8,8,5.75,50,0.16
PE,Boruta,PIANP,7,7,3.857142857142857,50,0.14
PE,Boruta,TNFAIP6,7,7,4.571428571428571,50,0.14
PE,Boruta,DHH,8,7,5.0,50,0.14
PE,Boruta,XPNPEP1,7,7,6.0,50,0.14
PE,Boruta,AGRP,7,7,6.428571428571429,50,0.14
PE,Boruta,EPHB6,7,7,6.857142857142857,50,0.14
PE,Boruta,SCARB2,8,7,6.875,50,0.14
PE,Boruta,FAM3B,8,7,8.0,50,0.14
PE,Boruta,LTA.LTB.1,8,6,4.875,50,0.12
PE,Boruta,WIF1,6,6,6.333333333333333,50,0.12
PE,Boruta,CHGA,6,6,6.833333333333333,50,0.12
PE,Boruta,IGHD..IGK..IGL.,5,5,2.6,50,0.1
PE,Boruta,COL18A1,5,5,4.2,50,0.1
PE,Boruta,CFP,5,5,4.8,50,0.1
PE,Boruta,CNTN4,5,5,5.2,50,0.1
PE,Boruta,MICB,5,5,5.4,50,0.1
PE,Boruta,C3,6,5,5.5,50,0.1
PE,Boruta,SIRPA,5,5,6.4,50,0.1
PE,Boruta,NRCAM,6,5,6.666666666666667,50,0.1
PE,Boruta,SAA1,4,4,4.0,50,0.08
PE,Boruta,EDA,4,4,6.0,50,0.08
PE,Boruta,APOB,4,4,7.0,50,0.08
PE,Boruta,NOTCH1,4,4,7.75,50,0.08
PE,Boruta,DKK3,4,4,8.25,50,0.08
PE,Boruta,AGR2,3,3,4.0,50,0.06
PE,Boruta,SIGLEC9,3,3,4.333333333333333,50,0.06
PE,Boruta,FGFR3,3,3,4.666666666666667,50,0.06
PE,Boruta,CFH,3,3,5.0,50,0.06
PE,Boruta,HIPK3,3,3,5.0,50,0.06
PE,Boruta,EEF1B2,3,3,5.333333333333333,50,0.06
PE,Boruta,ICAM5,3,3,5.333333333333333,50,0.06
PE,Boruta,CCL16,3,3,5.666666666666667,50,0.06
PE,Boruta,EGFR,3,3,6.0,50,0.06
PE,Boruta,NTRK2,3,3,6.0,50,0.06
PE,Boruta,FGF4,3,3,6.666666666666667,50,0.06
PE,Boruta,ERAP1,3,3,7.0,50,0.06
PE,Boruta,PYY,3,3,7.333333333333333,50,0.06
PE,Boruta,DDR2,3,3,7.666666666666667,50,0.06
PE,Boruta,IGHE.IGK..IGL.,2,2,2.5,50,0.04
PE,Boruta,CHEK2,2,2,3.0,50,0.04
PE,Boruta,EGFR.1,2,2,3.0,50,0.04
PE,Boruta,CNTF,2,2,4.5,50,0.04
PE,Boruta,F11,2,2,5.0,50,0.04
PE,Boruta,MAPK12,2,2,5.0,50,0.04
PE,Boruta,RGMB,2,2,5.0,50,0.04
PE,Boruta,SEMA3E,2,2,5.0,50,0.04
PE,Boruta,CDNF,2,2,5.5,50,0.04
PE,Boruta,GSTA3,2,2,5.5,50,0.04
PE,Boruta,LSAMP,2,2,5.5,50,0.04
PE,Boruta,LDLR,2,2,6.0,50,0.04
PE,Boruta,DAPK2,2,2,6.5,50,0.04
PE,Boruta,FSTL3,2,2,6.5,50,0.04
PE,Boruta,HSP90AA1.HSP90AB1,2,2,6.5,50,0.04
PE,Boruta,KIT,2,2,6.5,50,0.04
PE,Boruta,BCAN,2,2,7.0,50,0.04
PE,Boruta,HAPLN1,2,2,7.0,50,0.04
PE,Boruta,OSM,2,2,7.0,50,0.04
PE,Boruta,CD226,2,2,7.5,50,0.04
PE,Boruta,CST4,2,2,7.5,50,0.04
PE,Boruta,GDF11.MSTN,2,2,7.5,50,0.04
PE,Boruta,MDM2,2,2,7.5,50,0.04
PE,Boruta,PDE9A,2,2,7.5,50,0.04
PE,Boruta,SEMA5A,2,2,7.5,50,0.04
PE,Boruta,TFPI,2,2,7.5,50,0.04
PE,Boruta,IL36A,2,2,8.0,50,0.04
PE,Boruta,PRSS22,2,2,8.0,50,0.04
PE,Boruta,SIGLEC14,2,2,8.0,50,0.04
PE,Boruta,P4HB,2,2,10.0,50,0.04
PE,Boruta,CHST2,1,1,1.0,50,0.02
PE,Boruta,SERPINA1,1,1,1.0,50,0.02
PE,Boruta,SMOC1,1,1,1.0,50,0.02
PE,Boruta,YWHAZ,1,1,1.0,50,0.02
PE,Boruta,TLR4.LY96,1,1,2.0,50,0.02
PE,Boruta,EPS15L1,1,1,3.0,50,0.02
PE,Boruta,PRSS3,1,1,3.0,50,0.02
PE,Boruta,SERPINA4,1,1,3.0,50,0.02
PE,Boruta,CSF2,1,1,4.0,50,0.02
PE,Boruta,FGF19,1,1,4.0,50,0.02
PE,Boruta,FOLH1,1,1,4.0,50,0.02
PE,Boruta,IDUA,1,1,4.0,50,0.02
PE,Boruta,C1R,1,1,5.0,50,0.02
PE,Boruta,CTLA4,1,1,5.0,50,0.02
PE,Boruta,HPGD,1,1,5.0,50,0.02
PE,Boruta,IL13,1,1,5.0,50,0.02
PE,Boruta,MIA,1,1,5.0,50,0.02
PE,Boruta,NMT1,1,1,5.0,50,0.02
PE,Boruta,POSTN,1,1,5.0,50,0.02
PE,Boruta,COL23A1,1,1,6.0,50,0.02
PE,Boruta,LILRB2,1,1,6.0,50,0.02
PE,Boruta,MDH1,1,1,6.0,50,0.02
PE,Boruta,PPIE,1,1,6.0,50,0.02
PE,Boruta,C9,1,1,7.0,50,0.02
PE,Boruta,CCL23,1,1,7.0,50,0.02
PE,Boruta,LAYN,1,1,7.0,50,0.02
PE,Boruta,TIMP2,1,1,7.0,50,0.02
PE,Boruta,IL6,1,1,8.0,50,0.02
PE,Boruta,IL6ST,1,1,8.0,50,0.02
PE,Boruta,PDGFC,1,1,8.0,50,0.02
PE,Boruta,APOE.2,1,1,9.0,50,0.02
PE,Boruta,EPHB2,1,1,9.0,50,0.02
PE,Boruta,F10.1,1,1,9.0,50,0.02
PE,Boruta,GPD1,1,1,9.0,50,0.02
PE,Boruta,HSP90AB1,1,1,9.0,50,0.02
PE,Boruta,JAG1,1,1,9.0,50,0.02
PE,Boruta,LGALS3,1,1,9.0,50,0.02
PE,Boruta,MAPK9,1,1,9.0,50,0.02
PE,Boruta,SH2D1A,1,1,9.0,50,0.02
PE,Boruta,TIMP1,1,1,9.0,50,0.02
PE,Boruta,CD55,1,1,10.0,50,0.02
PE,Boruta,CSK,1,1,10.0,50,0.02
PE,Boruta,EFNA3,1,1,10.0,50,0.02
PE,Boruta,FIGF,1,1,10.0,50,0.02
PE,Boruta,GPC5,1,1,10.0,50,0.02
PE,Boruta,HHLA2,1,1,10.0,50,0.02
PE,Boruta,LGALS9,1,1,10.0,50,0.02
PE,Boruta,MIF,1,1,10.0,50,0.02
PE,Boruta,RSPO4,1,1,10.0,50,0.02
PE,Boruta,TNFRSF6B,1,1,10.0,50,0.02
PE,ElasticNet,LEP,234,50,2.1666666666666665,50,1.0
PE,ElasticNet,TXNDC12,183,50,3.158469945355191,50,1.0
PE,ElasticNet,FAM3D,116,50,3.4051724137931036,50,1.0
PE,ElasticNet,SELL,160,50,4.15625,50,1.0
PE,ElasticNet,PRSS2,84,50,4.928571428571429,50,1.0
PE,ElasticNet,ULBP1,120,49,4.391666666666667,50,0.98
PE,ElasticNet,IL24,108,49,4.972222222222222,50,0.98
PE,ElasticNet,GDF11.MSTN,79,42,6.6075949367088604,50,0.84
PE,ElasticNet,IL1RAP,48,37,5.375,50,0.74
PE,ElasticNet,PYY,47,37,6.723404255319149,50,0.74
PE,ElasticNet,IGHD..IGK..IGL.,43,36,4.186046511627907,50,0.72
PE,ElasticNet,FUT5,50,36,5.46,50,0.72
PE,ElasticNet,CXCL10,42,34,6.0,50,0.68
PE,ElasticNet,SPARCL1,36,31,6.888888888888889,50,0.62
PE,ElasticNet,ROR1,32,27,6.90625,50,0.54
PE,ElasticNet,SELE,27,26,6.148148148148148,50,0.52
PE,ElasticNet,GRAP2,27,23,5.592592592592593,50,0.46
PE,ElasticNet,HIPK3,19,17,5.526315789473684,50,0.34
PE,ElasticNet,ADIPOQ,17,16,6.117647058823529,50,0.32
PE,ElasticNet,GPNMB,16,16,6.75,50,0.32
PE,ElasticNet,MICB,15,15,4.266666666666667,50,0.3
PE,ElasticNet,Human.virus.2,16,15,5.5,50,0.3
PE,ElasticNet,APOB,16,15,8.1875,50,0.3
PE,ElasticNet,SCARB2,16,14,4.6875,50,0.28
PE,ElasticNet,F11,14,14,5.571428571428571,50,0.28
PE,ElasticNet,APCS,13,13,6.769230769230769,50,0.26
PE,ElasticNet,NRXN3,12,12,6.333333333333333,50,0.24
PE,ElasticNet,DHH,11,11,7.454545454545454,50,0.22
PE,ElasticNet,IRF1,10,10,5.1,50,0.2
PE,ElasticNet,IGHE.IGK..IGL.,10,10,6.1,50,0.2
PE,ElasticNet,IL9,10,10,7.4,50,0.2
PE,ElasticNet,C3,10,10,8.1,50,0.2
PE,ElasticNet,FAM3B,9,9,5.444444444444445,50,0.18
PE,ElasticNet,FGFR3,9,9,6.222222222222222,50,0.18
PE,ElasticNet,CFH,8,8,7.25,50,0.16
PE,ElasticNet,PES1,8,8,7.625,50,0.16
PE,ElasticNet,MSN,7,7,7.142857142857143,50,0.14
PE,ElasticNet,GSTA3,6,6,5.0,50,0.12
PE,ElasticNet,CCL23.1,6,6,7.0,50,0.12
PE,ElasticNet,THPO,6,6,7.0,50,0.12
PE,ElasticNet,CFI,6,6,9.166666666666666,50,0.12
PE,ElasticNet,CST4,5,5,7.4,50,0.1
PE,ElasticNet,VEGFA.1,5,5,7.4,50,0.1
PE,ElasticNet,IL5RA,5,5,9.0,50,0.1
PE,ElasticNet,SAA1,4,4,2.5,50,0.08
PE,ElasticNet,CHI3L1,4,4,4.0,50,0.08
PE,ElasticNet,RETN,4,4,4.0,50,0.08
PE,ElasticNet,ICAM1,4,4,4.25,50,0.08
PE,ElasticNet,LILRB2,4,4,5.25,50,0.08
PE,ElasticNet,CHEK2,4,4,6.25,50,0.08
PE,ElasticNet,PDE4D,4,4,6.25,50,0.08
PE,ElasticNet,TNFAIP6,4,4,6.25,50,0.08
PE,ElasticNet,PRSS1,4,4,6.5,50,0.08
PE,ElasticNet,FCGR1A,4,4,6.75,50,0.08
PE,ElasticNet,AGER,4,4,7.0,50,0.08
PE,ElasticNet,DPT,4,4,7.5,50,0.08
PE,ElasticNet,GDF2,4,4,7.75,50,0.08
PE,ElasticNet,CCL23,4,4,8.0,50,0.08
PE,ElasticNet,CXCL1,4,4,8.0,50,0.08
PE,ElasticNet,IL22,4,4,8.25,50,0.08
PE,ElasticNet,TPM1,4,4,8.75,50,0.08
PE,ElasticNet,SPHK2,3,3,4.333333333333333,50,0.06
PE,ElasticNet,TNFRSF21,3,3,6.333333333333333,50,0.06
PE,ElasticNet,LGALS3,3,3,7.333333333333333,50,0.06
PE,ElasticNet,GPC5,3,3,7.666666666666667,50,0.06
PE,ElasticNet,CSF2,3,3,8.0,50,0.06
PE,ElasticNet,HSPB1,3,3,8.0,50,0.06
PE,ElasticNet,IL27RA,2,2,4.5,50,0.04
PE,ElasticNet,SIGLEC9,2,2,4.5,50,0.04
PE,ElasticNet,SIRPA,2,2,5.5,50,0.04
PE,ElasticNet,EPHA1,2,2,8.5,50,0.04
PE,ElasticNet,XPNPEP1,2,2,8.5,50,0.04
PE,ElasticNet,ALB,2,2,9.0,50,0.04
PE,ElasticNet,IL13,2,2,9.0,50,0.04
PE,ElasticNet,CCL15,2,2,9.5,50,0.04
PE,ElasticNet,ECE1,1,1,2.0,50,0.02
PE,ElasticNet,VTN,1,1,2.0,50,0.02
PE,ElasticNet,FSTL3,1,1,3.0,50,0.02
PE,ElasticNet,CSNK2A2.CSNK2B,1,1,4.0,50,0.02
PE,ElasticNet,IL25,1,1,4.0,50,0.02
PE,ElasticNet,NOG,1,1,5.0,50,0.02
PE,ElasticNet,SERPINA4,1,1,5.0,50,0.02
PE,ElasticNet,SH2D1A,1,1,5.0,50,0.02
PE,ElasticNet,C3.5,1,1,6.0,50,0.02
PE,ElasticNet,IFNG,1,1,6.0,50,0.02
PE,ElasticNet,MPO,1,1,6.0,50,0.02
PE,ElasticNet,TNFRSF10A,1,1,6.0,50,0.02
PE,ElasticNet,FAM107B,1,1,7.0,50,0.02
PE,ElasticNet,FGF19,1,1,7.0,50,0.02
PE,ElasticNet,HAPLN1,1,1,7.0,50,0.02
PE,ElasticNet,IL36A,1,1,7.0,50,0.02
PE,ElasticNet,MSTN,1,1,7.0,50,0.02
PE,ElasticNet,PSME3,1,1,7.0,50,0.02
PE,ElasticNet,SEMA3E,1,1,7.0,50,0.02
PE,ElasticNet,TIMP2,1,1,7.0,50,0.02
PE,ElasticNet,TNFRSF4,1,1,7.0,50,0.02
PE,ElasticNet,C9,1,1,8.0,50,0.02
PE,ElasticNet,EGFR.1,1,1,8.0,50,0.02
PE,ElasticNet,GOT1,1,1,8.0,50,0.02
PE,ElasticNet,LYZ,1,1,8.0,50,0.02
PE,ElasticNet,CCL16,1,1,9.0,50,0.02
PE,ElasticNet,COLEC12,1,1,9.0,50,0.02
PE,ElasticNet,HBA1.HBB,1,1,9.0,50,0.02
PE,ElasticNet,IGF1R,1,1,9.0,50,0.02
PE,ElasticNet,INHBA,1,1,9.0,50,0.02
PE,ElasticNet,P4HB,1,1,9.0,50,0.02
PE,ElasticNet,SLAMF7,1,1,9.0,50,0.02
PE,ElasticNet,WNK3,1,1,9.0,50,0.02
PE,ElasticNet,BCL2L2,1,1,10.0,50,0.02
PE,ElasticNet,CCL19,1,1,10.0,50,0.02
PE,ElasticNet,CFB,1,1,10.0,50,0.02
PE,ElasticNet,CTSD,1,1,10.0,50,0.02
PE,ElasticNet,DYNLL1,1,1,10.0,50,0.02
PE,ElasticNet,EIF4EBP2,1,1,10.0,50,0.02
PE,ElasticNet,FABP3,1,1,10.0,50,0.02
PE,ElasticNet,LEPR,1,1,10.0,50,0.02
PE,ElasticNet,LGALS9,1,1,10.0,50,0.02
PE,ElasticNet,MET,1,1,10.0,50,0.02
PE,ElasticNet,PDGFRA,1,1,10.0,50,0.02
PE,ElasticNet,PLA2G7,1,1,10.0,50,0.02
PE,LLSS,SPARCL1,243,50,1.5555555555555556,50,1.0
PE,LLSS,XPNPEP1,127,50,2.795275590551181,50,1.0
PE,LLSS,CCL23.1,89,49,4.191011235955056,50,0.98
PE,LLSS,AKR1A1,116,49,4.560344827586207,50,0.98
PE,LLSS,NTRK2,67,44,3.701492537313433,50,0.88
PE,LLSS,LEP,54,42,4.62962962962963,50,0.84
PE,LLSS,IL1RAP,54,40,4.962962962962963,50,0.8
PE,LLSS,IL24,43,36,5.6976744186046515,50,0.72
PE,LLSS,NRXN3,37,32,3.945945945945946,50,0.64
PE,LLSS,COLEC12,38,32,5.026315789473684,50,0.64
PE,LLSS,HSPB1,35,31,4.8,50,0.62
PE,LLSS,PIANP,32,30,4.90625,50,0.6
PE,LLSS,TNFRSF21,35,30,5.542857142857143,50,0.6
PE,LLSS,LTA.LTB.1,34,30,6.117647058823529,50,0.6
PE,LLSS,APOB,35,28,6.2,50,0.56
PE,LLSS,GDF2,27,26,4.851851851851852,50,0.52
PE,LLSS,CNTFR,26,24,5.923076923076923,50,0.48
PE,LLSS,CPE,28,24,6.178571428571429,50,0.48
PE,LLSS,NEGR1,25,23,5.96,50,0.46
PE,LLSS,PRDX6,29,23,6.0344827586206895,50,0.46
PE,LLSS,NOTCH1,23,21,6.869565217391305,50,0.42
PE,LLSS,TXNDC12,24,20,4.625,50,0.4
PE,LLSS,CNTN4,22,20,6.409090909090909,50,0.4
PE,LLSS,MED1,19,19,4.578947368421052,50,0.38
PE,LLSS,NCAM1,18,18,5.333333333333333,50,0.36
PE,LLSS,GCG,16,15,4.8125,50,0.3
PE,LLSS,IGF1R,16,15,5.6875,50,0.3
PE,LLSS,FAM3D,14,14,5.071428571428571,50,0.28
PE,LLSS,ADIPOQ,14,14,5.214285714285714,50,0.28
PE,LLSS,ARPP19,14,14,5.5,50,0.28
PE,LLSS,LCORL,15,14,6.333333333333333,50,0.28
PE,LLSS,N6AMT1,13,13,4.615384615384615,50,0.26
PE,LLSS,GDF11.MSTN,14,13,4.857142857142857,50,0.26
PE,LLSS,SELL,14,13,5.714285714285714,50,0.26
PE,LLSS,FSTL1,12,12,5.416666666666667,50,0.24
PE,LLSS,LEPR,14,12,5.428571428571429,50,0.24
PE,LLSS,STAT1,12,12,8.75,50,0.24
PE,LLSS,WFIKKN2,12,11,6.416666666666667,50,0.22
PE,LLSS,CCL23,12,11,7.166666666666667,50,0.22
PE,LLSS,AGER,10,10,5.1,50,0.2
PE,LLSS,C3,9,9,5.555555555555555,50,0.18
PE,LLSS,PRSS22,10,9,5.6,50,0.18
PE,LLSS,ALB,9,9,6.555555555555555,50,0.18
PE,LLSS,ISG15,8,8,5.875,50,0.16
PE,LLSS,FAM3B,8,8,6.5,50,0.16
PE,LLSS,SOD2,7,7,6.571428571428571,50,0.14
PE,LLSS,GPT,7,7,7.571428571428571,50,0.14
PE,LLSS,DHH,7,7,8.0,50,0.14
PE,LLSS,F10,6,6,4.333333333333333,50,0.12
PE,LLSS,F10.1,6,6,4.666666666666667,50,0.12
PE,LLSS,APOM,6,6,5.833333333333333,50,0.12
PE,LLSS,ROR1,6,6,7.0,50,0.12
PE,LLSS,METAP2,6,6,8.5,50,0.12
PE,LLSS,TNFAIP6,5,5,2.4,50,0.1
PE,LLSS,ING1,5,5,4.6,50,0.1
PE,LLSS,MIF,5,5,7.2,50,0.1
PE,LLSS,FGF19,4,4,3.5,50,0.08
PE,LLSS,COL18A1,4,4,3.75,50,0.08
PE,LLSS,EPHB6,4,4,3.75,50,0.08
PE,LLSS,CHST2,4,4,4.25,50,0.08
PE,LLSS,DPT,4,4,4.75,50,0.08
PE,LLSS,HAPLN1,4,4,5.5,50,0.08
PE,LLSS,IL1R2,4,4,5.5,50,0.08
PE,LLSS,SMOC1,4,4,6.0,50,0.08
PE,LLSS,IL6ST,4,4,6.5,50,0.08
PE,LLSS,IL36A,3,3,4.0,50,0.06
PE,LLSS,CD55,3,3,4.333333333333333,50,0.06
PE,LLSS,GPNMB,3,3,5.0,50,0.06
PE,LLSS,KIT,3,3,5.666666666666667,50,0.06
PE,LLSS,PYY,3,3,5.666666666666667,50,0.06
PE,LLSS,IL9,3,3,6.0,50,0.06
PE,LLSS,WIF1,3,3,6.0,50,0.06
PE,LLSS,THPO,3,3,6.333333333333333,50,0.06
PE,LLSS,ENO1,3,3,7.666666666666667,50,0.06
PE,LLSS,NMT1,3,3,8.0,50,0.06
PE,LLSS,LSAMP,3,3,8.666666666666666,50,0.06
PE,LLSS,CD47,3,3,9.0,50,0.06
PE,LLSS,MSN,2,2,5.0,50,0.04
PE,LLSS,MAPK12,2,2,6.5,50,0.04
PE,LLSS,MAPK8,2,2,6.5,50,0.04
PE,LLSS,FUT5,2,2,7.0,50,0.04
PE,LLSS,PRSS2,2,2,7.0,50,0.04
PE,LLSS,JAG1,2,2,8.0,50,0.04
PE,LLSS,POSTN,2,2,8.0,50,0.04
PE,LLSS,MET,2,2,9.0,50,0.04
PE,LLSS,CD226,2,2,9.5,50,0.04
PE,LLSS,DNAJB1,2,2,10.0,50,0.04
PE,LLSS,CTSD,1,1,3.0,50,0.02
PE,LLSS,CXCL3.CXCL2,1,1,3.0,50,0.02
PE,LLSS,AGRP,1,1,4.0,50,0.02
PE,LLSS,EDA,1,1,4.0,50,0.02
PE,LLSS,AGR2,1,1,5.0,50,0.02
PE,LLSS,APCS,1,1,5.0,50,0.02
PE,LLSS,ESM1,1,1,5.0,50,0.02
PE,LLSS,PSME1,1,1,5.0,50,0.02
PE,LLSS,FETUB,1,1,6.0,50,0.02
PE,LLSS,ICAM5,1,1,6.0,50,0.02
PE,LLSS,PRSS1,1,1,6.0,50,0.02
PE,LLSS,SERPINA4,1,1,6.0,50,0.02
PE,LLSS,C3.4,1,1,7.0,50,0.02
PE,LLSS,CFP,1,1,7.0,50,0.02
PE,LLSS,CNTF,1,1,7.0,50,0.02
PE,LLSS,CXCL10,1,1,7.0,50,0.02
PE,LLSS,HBA1.HBB,1,1,7.0,50,0.02
PE,LLSS,RGMB,1,1,7.0,50,0.02
PE,LLSS,UNC5D,1,1,7.0,50,0.02
PE,LLSS,DKK3,1,1,8.0,50,0.02
PE,LLSS,IGFBP1,1,1,8.0,50,0.02
PE,LLSS,LIFR,1,1,8.0,50,0.02
PE,LLSS,MDH1,1,1,8.0,50,0.02
PE,LLSS,MFGE8,1,1,8.0,50,0.02
PE,LLSS,SELE,1,1,8.0,50,0.02
PE,LLSS,SPON1,1,1,8.0,50,0.02
PE,LLSS,AGT,1,1,9.0,50,0.02
PE,LLSS,KLKB1,1,1,9.0,50,0.02
PE,LLSS,MAPK1,1,1,9.0,50,0.02
PE,LLSS,NRCAM,1,1,9.0,50,0.02
PE,LLSS,CNTN5,1,1,10.0,50,0.02
PE,LLSS,GP6,1,1,10.0,50,0.02
PE,LLSS,HSP90AB1,1,1,10.0,50,0.02
PE,LLSS,SERPINF2,1,1,10.0,50,0.02
PE,Lasso,LEP,226,50,2.336283185840708,50,1.0
PE,Lasso,FAM3D,108,50,2.925925925925926,50,1.0
PE,Lasso,TXNDC12,183,50,3.3278688524590163,50,1.0
PE,Lasso,SELL,151,50,4.298013245033113,50,1.0
PE,Lasso,IL24,129,50,4.573643410852713,50,1.0
PE,Lasso,GDF11.MSTN,124,49,5.306451612903226,50,0.98
PE,Lasso,ULBP1,81,46,5.506172839506172,50,0.92
PE,Lasso,IL1RAP,72,45,4.652777777777778,50,0.9
PE,Lasso,PRSS2,73,43,5.383561643835616,50,0.86
PE,Lasso,IGHD..IGK..IGL.,43,39,4.674418604651163,50,0.78
PE,Lasso,CXCL10,43,33,5.465116279069767,50,0.66
PE,Lasso,TNFAIP6,37,32,5.5675675675675675,50,0.64
PE,Lasso,FUT5,37,29,5.486486486486487,50,0.58
PE,Lasso,PYY,31,26,7.032258064516129,50,0.52
PE,Lasso,ROR1,28,25,5.357142857142857,50,0.5
PE,Lasso,ADIPOQ,29,23,5.620689655172414,50,0.46
PE,Lasso,GRAP2,22,20,5.5,50,0.4
PE,Lasso,DHH,20,19,6.7,50,0.38
PE,Lasso,HSPB1,18,18,6.666666666666667,50,0.36
PE,Lasso,NRXN3,17,17,4.9411764705882355,50,0.34
PE,Lasso,GPNMB,17,17,7.352941176470588,50,0.34
PE,Lasso,MICB,16,16,5.4375,50,0.32
PE,Lasso,THPO,16,16,6.5625,50,0.32
PE,Lasso,TNFRSF21,14,14,5.571428571428571,50,0.28
PE,Lasso,VEGFA.1,14,14,6.071428571428571,50,0.28
PE,Lasso,SPARCL1,15,14,7.933333333333334,50,0.28
PE,Lasso,CFH,13,13,6.615384615384615,50,0.26
PE,Lasso,APCS,13,13,7.615384615384615,50,0.26
PE,Lasso,APOB,14,13,7.785714285714286,50,0.26
PE,Lasso,CCL23.1,12,12,5.5,50,0.24
PE,Lasso,XPNPEP1,12,12,8.166666666666666,50,0.24
PE,Lasso,PRSS1,11,11,5.7272727272727275,50,0.22
PE,Lasso,LEPR,11,11,7.545454545454546,50,0.22
PE,Lasso,IL9,12,11,7.666666666666667,50,0.22
PE,Lasso,SCARB2,10,10,5.9,50,0.2
PE,Lasso,CCL23,10,10,7.3,50,0.2
PE,Lasso,F11,9,9,5.222222222222222,50,0.18
PE,Lasso,GSTA3,9,9,5.555555555555555,50,0.18
PE,Lasso,AGER,7,7,4.571428571428571,50,0.14
PE,Lasso,SAA1,7,7,5.428571428571429,50,0.14
PE,Lasso,PES1,7,7,5.857142857142857,50,0.14
PE,Lasso,HIPK3,6,6,5.333333333333333,50,0.12
PE,Lasso,FAM3B,6,6,5.833333333333333,50,0.12
PE,Lasso,Human.virus.2,6,6,5.833333333333333,50,0.12
PE,Lasso,GDF2,6,6,6.5,50,0.12
PE,Lasso,SELE,6,6,7.833333333333333,50,0.12
PE,Lasso,C3,7,6,7.857142857142857,50,0.12
PE,Lasso,CFI,6,6,8.0,50,0.12
PE,Lasso,IGHE.IGK..IGL.,5,5,3.0,50,0.1
PE,Lasso,DDR2,5,5,4.8,50,0.1
PE,Lasso,FGFR3,5,5,5.2,50,0.1
PE,Lasso,MSN,5,5,5.4,50,0.1
PE,Lasso,IRF1,5,5,6.0,50,0.1
PE,Lasso,ICAM1,4,4,7.0,50,0.08
PE,Lasso,CXCL1,4,4,8.5,50,0.08
PE,Lasso,CST4,3,3,4.666666666666667,50,0.06
PE,Lasso,SMOC1,3,3,5.333333333333333,50,0.06
PE,Lasso,TNFRSF10A,3,3,7.0,50,0.06
PE,Lasso,CCL3,3,3,7.333333333333333,50,0.06
PE,Lasso,P4HB,3,3,8.666666666666666,50,0.06
PE,Lasso,MAPK8,3,3,9.0,50,0.06
PE,Lasso,IL22,3,3,9.333333333333334,50,0.06
PE,Lasso,FSTL3,2,2,4.5,50,0.04
PE,Lasso,IGFBP2,2,2,4.5,50,0.04
PE,Lasso,LILRB2,2,2,5.5,50,0.04
PE,Lasso,ARPP19,2,2,6.0,50,0.04
PE,Lasso,LCN2,2,2,6.5,50,0.04
PE,Lasso,RETN,2,2,6.5,50,0.04
PE,Lasso,CD4,2,2,7.0,50,0.04
PE,Lasso,CHEK2,2,2,7.5,50,0.04
PE,Lasso,PDE4D,2,2,7.5,50,0.04
PE,Lasso,SEMA5A,2,2,7.5,50,0.04
PE,Lasso,GPC5,2,2,8.0,50,0.04
PE,Lasso,MAPK11,2,2,8.0,50,0.04
PE,Lasso,IL27RA,2,2,8.5,50,0.04
PE,Lasso,IL5RA,2,2,8.5,50,0.04
PE,Lasso,AKR1A1,2,2,9.5,50,0.04
PE,Lasso,CCL16,2,2,9.5,50,0.04
PE,Lasso,SIGLEC9,1,1,2.0,50,0.02
PE,Lasso,CD47,1,1,3.0,50,0.02
PE,Lasso,CHI3L1,1,1,4.0,50,0.02
PE,Lasso,WNK3,1,1,4.0,50,0.02
PE,Lasso,ESAM,1,1,5.0,50,0.02
PE,Lasso,IL25,1,1,5.0,50,0.02
PE,Lasso,SIRPA,1,1,5.0,50,0.02
PE,Lasso,TIMP2,1,1,5.0,50,0.02
PE,Lasso,C9,1,1,6.0,50,0.02
PE,Lasso,CFB,1,1,6.0,50,0.02
PE,Lasso,CSNK2A2.CSNK2B,1,1,6.0,50,0.02
PE,Lasso,DYNLL1,1,1,6.0,50,0.02
PE,Lasso,F10.1,1,1,6.0,50,0.02
PE,Lasso,MAPK12,1,1,6.0,50,0.02
PE,Lasso,SPHK2,1,1,6.0,50,0.02
PE,Lasso,BCL2L2,1,1,7.0,50,0.02
PE,Lasso,CCL15,1,1,7.0,50,0.02
PE,Lasso,CPE,1,1,7.0,50,0.02
PE,Lasso,FGF5,1,1,7.0,50,0.02
PE,Lasso,GP1BA,1,1,7.0,50,0.02
PE,Lasso,LGALS9,1,1,7.0,50,0.02
PE,Lasso,MET,1,1,7.0,50,0.02
PE,Lasso,NAAA,1,1,7.0,50,0.02
PE,Lasso,ECE1,1,1,8.0,50,0.02
PE,Lasso,EHMT2,1,1,8.0,50,0.02
PE,Lasso,GPD1,1,1,8.0,50,0.02
PE,Lasso,HAPLN1,1,1,8.0,50,0.02
PE,Lasso,HGF,1,1,8.0,50,0.02
PE,Lasso,IL20,1,1,8.0,50,0.02
PE,Lasso,LYZ,1,1,8.0,50,0.02
PE,Lasso,PLAT,1,1,8.0,50,0.02
PE,Lasso,TBP,1,1,8.0,50,0.02
PE,Lasso,GOT1,1,1,9.0,50,0.02
PE,Lasso,HBEGF,1,1,9.0,50,0.02
PE,Lasso,IL2RA,1,1,9.0,50,0.02
PE,Lasso,LGALS3,1,1,9.0,50,0.02
PE,Lasso,LTF,1,1,9.0,50,0.02
PE,Lasso,TNFRSF17,1,1,9.0,50,0.02
PE,Lasso,ALB,1,1,10.0,50,0.02
PE,Lasso,ANXA6,1,1,10.0,50,0.02
PE,Lasso,ATP5O,1,1,10.0,50,0.02
PE,Lasso,DPT,1,1,10.0,50,0.02
PE,Lasso,FGF19,1,1,10.0,50,0.02
PE,Lasso,FIGF,1,1,10.0,50,0.02
PE,Lasso,ICAM5,1,1,10.0,50,0.02
PE,Lasso,KRT18,1,1,10.0,50,0.02
PE,Lasso,MBD4,1,1,10.0,50,0.02
PE,Lasso,MDH1,1,1,10.0,50,0.02
PE,Lasso,NOG,1,1,10.0,50,0.02
PE,Lasso,TPM1,1,1,10.0,50,0.02
PE,LongGroupLasso,IL24,157,50,2.4012738853503186,50,1.0
PE,LongGroupLasso,XPNPEP1,83,50,2.5903614457831323,50,1.0
PE,LongGroupLasso,LEP,183,50,2.841530054644809,50,1.0
PE,LongGroupLasso,SPARCL1,207,50,3.9806763285024154,50,1.0
PE,LongGroupLasso,TXNDC12,136,50,4.125,50,1.0
PE,LongGroupLasso,IL1RAP,88,50,5.465909090909091,50,1.0
PE,LongGroupLasso,SELL,81,46,4.62962962962963,50,0.92
PE,LongGroupLasso,CCL23,70,46,5.171428571428572,50,0.92
PE,LongGroupLasso,FAM3D,45,45,2.577777777777778,50,0.9
PE,LongGroupLasso,ADIPOQ,77,45,5.805194805194805,50,0.9
PE,LongGroupLasso,AKR1A1,62,44,4.790322580645161,50,0.88
PE,LongGroupLasso,C3,47,39,5.319148936170213,50,0.78
PE,LongGroupLasso,NTRK2,36,33,4.416666666666667,50,0.66
PE,LongGroupLasso,PYY,37,33,4.72972972972973,50,0.66
PE,LongGroupLasso,CCL23.1,40,32,7.5,50,0.64
PE,LongGroupLasso,NRXN3,31,30,5.838709677419355,50,0.6
PE,LongGroupLasso,PRSS2,31,30,6.161290322580645,50,0.6
PE,LongGroupLasso,HSPB1,31,26,7.548387096774194,50,0.52
PE,LongGroupLasso,IL9,25,23,7.32,50,0.46
PE,LongGroupLasso,GDF11.MSTN,24,22,5.958333333333333,50,0.44
PE,LongGroupLasso,DHH,25,21,7.64,50,0.42
PE,LongGroupLasso,AGER,16,16,6.8125,50,0.32
PE,LongGroupLasso,PRSS1,13,13,5.6923076923076925,50,0.26
PE,LongGroupLasso,FAM3B,13,13,6.0,50,0.26
PE,LongGroupLasso,ROR1,15,13,7.4,50,0.26
PE,LongGroupLasso,ARPP19,12,12,4.666666666666667,50,0.24
PE,LongGroupLasso,MAPK1,12,12,5.75,50,0.24
PE,LongGroupLasso,COLEC12,12,12,7.083333333333333,50,0.24
PE,LongGroupLasso,TNFRSF21,13,12,7.538461538461538,50,0.24
PE,LongGroupLasso,SELE,11,11,7.2727272727272725,50,0.22
PE,LongGroupLasso,CXCL10,10,10,3.1,50,0.2
PE,LongGroupLasso,LEPR,9,9,8.666666666666666,50,0.18
PE,LongGroupLasso,CPE,9,9,8.777777777777779,50,0.18
PE,LongGroupLasso,MAPK8,8,8,5.375,50,0.16
PE,LongGroupLasso,ULBP1,7,7,6.0,50,0.14
PE,LongGroupLasso,CFH,7,7,6.857142857142857,50,0.14
PE,LongGroupLasso,LCORL,7,7,7.285714285714286,50,0.14
PE,LongGroupLasso,NCAM1,7,7,7.428571428571429,50,0.14
PE,LongGroupLasso,PIANP,6,6,5.666666666666667,50,0.12
PE,LongGroupLasso,MMP2,6,6,6.5,50,0.12
PE,LongGroupLasso,CD47,5,5,5.6,50,0.1
PE,LongGroupLasso,GPNMB,5,5,5.6,50,0.1
PE,LongGroupLasso,LYZ,5,5,6.0,50,0.1
PE,LongGroupLasso,CNTN4,5,5,8.6,50,0.1
PE,LongGroupLasso,DAPK2,5,5,8.6,50,0.1
PE,LongGroupLasso,COL18A1,5,5,8.8,50,0.1
PE,LongGroupLasso,GDF2,5,5,8.8,50,0.1
PE,LongGroupLasso,F10.1,5,5,9.0,50,0.1
PE,LongGroupLasso,MIF,4,4,3.25,50,0.08
PE,LongGroupLasso,AGRP,4,4,3.75,50,0.08
PE,LongGroupLasso,DNAJB1,4,4,6.75,50,0.08
PE,LongGroupLasso,MED1,4,4,6.75,50,0.08
PE,LongGroupLasso,TNFAIP6,4,4,7.75,50,0.08
PE,LongGroupLasso,F10,4,4,8.0,50,0.08
PE,LongGroupLasso,APOB,4,4,9.5,50,0.08
PE,LongGroupLasso,CHST2,3,3,2.6666666666666665,50,0.06
PE,LongGroupLasso,GCG,3,3,3.0,50,0.06
PE,LongGroupLasso,LILRB2,3,3,5.0,50,0.06
PE,LongGroupLasso,HAPLN1,3,3,5.333333333333333,50,0.06
PE,LongGroupLasso,SMOC1,3,3,5.666666666666667,50,0.06
PE,LongGroupLasso,ALB,3,3,6.0,50,0.06
PE,LongGroupLasso,APCS,3,3,6.333333333333333,50,0.06
PE,LongGroupLasso,IL6R,3,3,6.333333333333333,50,0.06
PE,LongGroupLasso,CXCL3.CXCL2,3,3,7.0,50,0.06
PE,LongGroupLasso,MICB,3,3,7.333333333333333,50,0.06
PE,LongGroupLasso,THPO,3,3,9.0,50,0.06
PE,LongGroupLasso,IL36A,2,2,3.5,50,0.04
PE,LongGroupLasso,GSTA3,2,2,4.5,50,0.04
PE,LongGroupLasso,IGF1R,2,2,4.5,50,0.04
PE,LongGroupLasso,SAA1,2,2,4.5,50,0.04
PE,LongGroupLasso,IGHD..IGK..IGL.,2,2,5.0,50,0.04
PE,LongGroupLasso,ING1,2,2,5.0,50,0.04
PE,LongGroupLasso,IL1R2,2,2,5.5,50,0.04
PE,LongGroupLasso,MAPK12,2,2,5.5,50,0.04
PE,LongGroupLasso,FUT5,2,2,6.5,50,0.04
PE,LongGroupLasso,CNTFR,2,2,7.0,50,0.04
PE,LongGroupLasso,PRSS22,2,2,7.5,50,0.04
PE,LongGroupLasso,YWHAZ,2,2,7.5,50,0.04
PE,LongGroupLasso,FSTL1,2,2,8.0,50,0.04
PE,LongGroupLasso,JAG1,2,2,8.0,50,0.04
PE,LongGroupLasso,SERPINA4,2,2,8.0,50,0.04
PE,LongGroupLasso,EPHB6,2,2,8.5,50,0.04
PE,LongGroupLasso,MET,2,2,8.5,50,0.04
PE,LongGroupLasso,SOD2,2,2,8.5,50,0.04
PE,LongGroupLasso,MSN,2,2,9.0,50,0.04
PE,LongGroupLasso,PLAT,2,2,9.5,50,0.04
PE,LongGroupLasso,MFGE8,2,2,10.0,50,0.04
PE,LongGroupLasso,FSTL3,1,1,1.0,50,0.02
PE,LongGroupLasso,FGF19,1,1,2.0,50,0.02
PE,LongGroupLasso,EEF1B2,1,1,3.0,50,0.02
PE,LongGroupLasso,POSTN,1,1,4.0,50,0.02
PE,LongGroupLasso,CD27,1,1,5.0,50,0.02
PE,LongGroupLasso,F11,1,1,5.0,50,0.02
PE,LongGroupLasso,LCN2,1,1,6.0,50,0.02
PE,LongGroupLasso,IRF1,1,1,7.0,50,0.02
PE,LongGroupLasso,KLKB1,1,1,7.0,50,0.02
PE,LongGroupLasso,CFB,1,1,8.0,50,0.02
PE,LongGroupLasso,DKK3,1,1,9.0,50,0.02
PE,LongGroupLasso,GPD1,1,1,9.0,50,0.02
PE,LongGroupLasso,STAT1,1,1,9.0,50,0.02
PE,LongGroupLasso,ANXA5,1,1,10.0,50,0.02
PE,LongGroupLasso,CFP,1,1,10.0,50,0.02
PE,LongGroupLasso,FIGF,1,1,10.0,50,0.02
PE,LongGroupLasso,ICAM5,1,1,10.0,50,0.02
PE,LongGroupLasso,NEGR1,1,1,10.0,50,0.02
PE,LongGroupLasso,SEMA3E,1,1,10.0,50,0.02
PE,MutualInfo,FAM3D,104,50,2.480769230769231,50,1.0
PE,MutualInfo,TXNDC12,151,50,3.562913907284768,50,1.0
PE,MutualInfo,SPARCL1,105,50,4.428571428571429,50,1.0
PE,MutualInfo,DNAJB1,108,49,3.9166666666666665,50,0.98
PE,MutualInfo,AGER,80,47,4.55,50,0.94
PE,MutualInfo,EDA,71,46,4.225352112676056,50,0.92
PE,MutualInfo,HTRA2,68,44,3.5,50,0.88
PE,MutualInfo,THPO,54,44,4.481481481481482,50,0.88
PE,MutualInfo,APOM,66,43,4.681818181818182,50,0.86
PE,MutualInfo,NRXN3,58,43,4.741379310344827,50,0.86
PE,MutualInfo,SMAD2,48,40,5.666666666666667,50,0.8
PE,MutualInfo,CNTN4,46,36,4.630434782608695,50,0.72
PE,MutualInfo,MSN,38,35,4.2368421052631575,50,0.7
PE,MutualInfo,HSP90AA1.HSP90AB1,47,35,5.382978723404255,50,0.7
PE,MutualInfo,VAV1,35,32,5.142857142857143,50,0.64
PE,MutualInfo,VEGFA.1,37,31,4.972972972972973,50,0.62
PE,MutualInfo,LDLR,29,29,2.7586206896551726,50,0.58
PE,MutualInfo,MAPK8,27,26,5.777777777777778,50,0.52
PE,MutualInfo,CXCL10,26,22,5.038461538461538,50,0.44
PE,MutualInfo,WFIKKN2,24,21,7.0,50,0.42
PE,MutualInfo,WIF1,22,20,6.136363636363637,50,0.4
PE,MutualInfo,CCL23.1,20,19,5.95,50,0.38
PE,MutualInfo,ADIPOQ,19,19,6.421052631578948,50,0.38
PE,MutualInfo,IGF1R,16,16,5.1875,50,0.32
PE,MutualInfo,IGFBP2,16,16,5.5,50,0.32
PE,MutualInfo,STK16,15,15,6.066666666666666,50,0.3
PE,MutualInfo,NOTCH1,17,15,7.176470588235294,50,0.3
PE,MutualInfo,IL1RAP,14,14,6.357142857142857,50,0.28
PE,MutualInfo,COLEC12,13,13,3.923076923076923,50,0.26
PE,MutualInfo,DPT,14,13,5.0,50,0.26
PE,MutualInfo,ENO1,13,13,7.0,50,0.26
PE,MutualInfo,AKR1A1,13,13,7.076923076923077,50,0.26
PE,MutualInfo,RAD51,13,12,3.6923076923076925,50,0.24
PE,MutualInfo,EPHB4,13,12,5.076923076923077,50,0.24
PE,MutualInfo,C1R,12,12,5.083333333333333,50,0.24
PE,MutualInfo,HSPB1,11,11,6.090909090909091,50,0.22
PE,MutualInfo,PDE9A,10,10,4.1,50,0.2
PE,MutualInfo,TNFAIP6,10,10,5.6,50,0.2
PE,MutualInfo,CPE,10,10,6.7,50,0.2
PE,MutualInfo,EIF4H,10,10,7.3,50,0.2
PE,MutualInfo,SIGLEC14,9,9,4.555555555555555,50,0.18
PE,MutualInfo,FGF4,9,9,6.666666666666667,50,0.18
PE,MutualInfo,CHGA,9,9,6.777777777777778,50,0.18
PE,MutualInfo,UNC5D,9,9,7.0,50,0.18
PE,MutualInfo,FSTL3,8,8,4.125,50,0.16
PE,MutualInfo,FAM3B,8,8,6.125,50,0.16
PE,MutualInfo,PRSS1,8,8,6.125,50,0.16
PE,MutualInfo,PRDX1,8,8,6.375,50,0.16
PE,MutualInfo,IL6,8,8,6.625,50,0.16
PE,MutualInfo,SOD2,7,7,5.428571428571429,50,0.14
PE,MutualInfo,IL24,7,7,5.857142857142857,50,0.14
PE,MutualInfo,AKT1.AKT2.AKT3,7,7,7.142857142857143,50,0.14
PE,MutualInfo,IGHE.IGK..IGL.,6,6,1.5,50,0.12
PE,MutualInfo,FCGR3B,6,6,5.333333333333333,50,0.12
PE,MutualInfo,CTSD,6,6,6.0,50,0.12
PE,MutualInfo,APOA1,6,6,6.166666666666667,50,0.12
PE,MutualInfo,BAD,6,6,6.5,50,0.12
PE,MutualInfo,TIMP1,6,6,6.666666666666667,50,0.12
PE,MutualInfo,IL19,6,6,6.833333333333333,50,0.12
PE,MutualInfo,IL1R2,5,5,4.2,50,0.1
PE,MutualInfo,FGF7,6,5,4.333333333333333,50,0.1
PE,MutualInfo,LEP,5,5,4.4,50,0.1
PE,MutualInfo,SEZ6L2,5,5,5.4,50,0.1
PE,MutualInfo,CNTN5,5,5,5.8,50,0.1
PE,MutualInfo,DNAJC19,5,5,5.8,50,0.1
PE,MutualInfo,XPNPEP1,5,5,6.2,50,0.1
PE,MutualInfo,JAM3,5,5,6.8,50,0.1
PE,MutualInfo,GP6,5,5,7.8,50,0.1
PE,MutualInfo,MAPK12,5,5,7.8,50,0.1
PE,MutualInfo,IL12RB2,4,4,3.5,50,0.08
PE,MutualInfo,SOD3,4,4,4.0,50,0.08
PE,MutualInfo,KIT,4,4,4.25,50,0.08
PE,MutualInfo,IL5RA,4,4,5.0,50,0.08
PE,MutualInfo,PTPN1,4,4,5.0,50,0.08
PE,MutualInfo,APOB,4,4,5.25,50,0.08
PE,MutualInfo,ARID3A,4,4,5.25,50,0.08
PE,MutualInfo,SPON1,4,4,5.25,50,0.08
PE,MutualInfo,GDF2,4,4,5.75,50,0.08
PE,MutualInfo,PRKCQ,4,4,6.25,50,0.08
PE,MutualInfo,ROR1,4,4,6.25,50,0.08
PE,MutualInfo,CAPN1.CAPNS1,4,4,6.5,50,0.08
PE,MutualInfo,NEGR1,4,4,7.25,50,0.08
PE,MutualInfo,NAGK,4,4,7.5,50,0.08
PE,MutualInfo,GPNMB,4,4,8.0,50,0.08
PE,MutualInfo,SIRPA,3,3,4.0,50,0.06
PE,MutualInfo,AMIGO2,3,3,4.666666666666667,50,0.06
PE,MutualInfo,PIANP,3,3,5.0,50,0.06
PE,MutualInfo,GAPDH,3,3,5.333333333333333,50,0.06
PE,MutualInfo,HSP90AB1,3,3,6.0,50,0.06
PE,MutualInfo,MIA,3,3,6.0,50,0.06
PE,MutualInfo,CCL15,3,3,6.333333333333333,50,0.06
PE,MutualInfo,CNTFR,3,3,6.333333333333333,50,0.06
PE,MutualInfo,B2M,3,3,6.666666666666667,50,0.06
PE,MutualInfo,PES1,3,3,6.666666666666667,50,0.06
PE,MutualInfo,INSR,3,3,7.0,50,0.06
PE,MutualInfo,CCL23,3,3,7.333333333333333,50,0.06
PE,MutualInfo,GSK3A.GSK3B,3,3,7.333333333333333,50,0.06
PE,MutualInfo,ADAMTS1,3,3,8.0,50,0.06
PE,MutualInfo,HHLA2,3,3,8.0,50,0.06
PE,MutualInfo,GFRA2,3,3,8.333333333333334,50,0.06
PE,MutualInfo,HSPD1,3,3,8.333333333333334,50,0.06
PE,MutualInfo,EIF5A,3,3,8.666666666666666,50,0.06
PE,MutualInfo,TPI1,4,3,8.75,50,0.06
PE,MutualInfo,RSPO4,2,2,3.0,50,0.04
PE,MutualInfo,MFGE8,2,2,3.5,50,0.04
PE,MutualInfo,SIGLEC9,2,2,3.5,50,0.04
PE,MutualInfo,CFH,2,2,4.0,50,0.04
PE,MutualInfo,GFRA3,2,2,4.0,50,0.04
PE,MutualInfo,IL17RD,2,2,4.0,50,0.04
PE,MutualInfo,WFIKKN1,2,2,4.0,50,0.04
PE,MutualInfo,CRTAM,2,2,4.5,50,0.04
PE,MutualInfo,LGALS9,2,2,4.5,50,0.04
PE,MutualInfo,NCAM1,2,2,4.5,50,0.04
PE,MutualInfo,CGA.LHB,2,2,5.0,50,0.04
PE,MutualInfo,NAAA,2,2,5.5,50,0.04
PE,MutualInfo,RBM39,2,2,5.5,50,0.04
PE,MutualInfo,ULBP1,2,2,5.5,50,0.04
PE,MutualInfo,SERPINA6,2,2,6.0,50,0.04
PE,MutualInfo,IL18BP,2,2,6.5,50,0.04
PE,MutualInfo,MAPKAPK5,2,2,6.5,50,0.04
PE,MutualInfo,CCL24,2,2,7.0,50,0.04
PE,MutualInfo,FGFR2,2,2,7.0,50,0.04
PE,MutualInfo,MED1,2,2,7.0,50,0.04
PE,MutualInfo,CDNF,2,2,7.5,50,0.04
PE,MutualInfo,CFP,2,2,7.5,50,0.04
PE,MutualInfo,EPHB6,2,2,7.5,50,0.04
PE,MutualInfo,KREMEN2,2,2,7.5,50,0.04
PE,MutualInfo,MIF,2,2,7.5,50,0.04
PE,MutualInfo,TNFRSF21,2,2,7.5,50,0.04
PE,MutualInfo,BTK,2,2,8.0,50,0.04
PE,MutualInfo,CCL16,2,2,8.5,50,0.04
PE,MutualInfo,SLPI,2,2,8.5,50,0.04
PE,MutualInfo,CSK,2,2,9.0,50,0.04
PE,MutualInfo,DHH,2,2,9.0,50,0.04
PE,MutualInfo,PRSS22,2,2,9.0,50,0.04
PE,MutualInfo,LCMT1,2,2,9.5,50,0.04
PE,MutualInfo,MDH1,2,2,9.5,50,0.04
PE,MutualInfo,IL9,1,1,2.0,50,0.02
PE,MutualInfo,LILRB2,1,1,2.0,50,0.02
PE,MutualInfo,C3.4,1,1,3.0,50,0.02
PE,MutualInfo,IL18RAP,1,1,3.0,50,0.02
PE,MutualInfo,P4HB,1,1,3.0,50,0.02
PE,MutualInfo,SMOC1,1,1,3.0,50,0.02
PE,MutualInfo,AGRP,1,1,4.0,50,0.02
PE,MutualInfo,CCL4L1,1,1,4.0,50,0.02
PE,MutualInfo,CD93,1,1,4.0,50,0.02
PE,MutualInfo,FGFR3,1,1,4.0,50,0.02
PE,MutualInfo,HSD17B10,1,1,4.0,50,0.02
PE,MutualInfo,KLK12,1,1,4.0,50,0.02
PE,MutualInfo,PTPN2,1,1,4.0,50,0.02
PE,MutualInfo,SUMO3,1,1,4.0,50,0.02
PE,MutualInfo,THBS4,1,1,4.0,50,0.02
PE,MutualInfo,YWHAQ,1,1,4.0,50,0.02
PE,MutualInfo,CFI,1,1,5.0,50,0.02
PE,MutualInfo,LTBP4,1,1,5.0,50,0.02
PE,MutualInfo,NTN1,1,1,5.0,50,0.02
PE,MutualInfo,RPS7,1,1,5.0,50,0.02
PE,MutualInfo,CXCL1,1,1,6.0,50,0.02
PE,MutualInfo,ISG15,1,1,6.0,50,0.02
PE,MutualInfo,ITGA1.ITGB1,1,1,6.0,50,0.02
PE,MutualInfo,MAPK14,1,1,6.0,50,0.02
PE,MutualInfo,PRKAA2.PRKAB2.PRKAG1,1,1,6.0,50,0.02
PE,MutualInfo,F3,1,1,7.0,50,0.02
PE,MutualInfo,FSTL1,1,1,7.0,50,0.02
PE,MutualInfo,GPI,1,1,7.0,50,0.02
PE,MutualInfo,HSPA8,1,1,7.0,50,0.02
PE,MutualInfo,IL34,1,1,7.0,50,0.02
PE,MutualInfo,PKM2,1,1,7.0,50,0.02
PE,MutualInfo,CD244,1,1,8.0,50,0.02
PE,MutualInfo,KRT18,1,1,8.0,50,0.02
PE,MutualInfo,MMP8,1,1,8.0,50,0.02
PE,MutualInfo,PPIF,1,1,8.0,50,0.02
PE,MutualInfo,SEMA3E,1,1,8.0,50,0.02
PE,MutualInfo,UBE2N,1,1,8.0,50,0.02
PE,MutualInfo,CASP3,1,1,9.0,50,0.02
PE,MutualInfo,CD36,1,1,9.0,50,0.02
PE,MutualInfo,ETHE1,1,1,9.0,50,0.02
PE,MutualInfo,GCG,1,1,9.0,50,0.02
PE,MutualInfo,LEPR,1,1,9.0,50,0.02
PE,MutualInfo,TGFB2,1,1,9.0,50,0.02
PE,MutualInfo,VCAM1,1,1,9.0,50,0.02
PE,MutualInfo,ATP5O,1,1,10.0,50,0.02
PE,MutualInfo,CASP2,1,1,10.0,50,0.02
PE,MutualInfo,CHL1,1,1,10.0,50,0.02
PE,MutualInfo,CST4,1,1,10.0,50,0.02
PE,MutualInfo,DUSP3,1,1,10.0,50,0.02
PE,MutualInfo,IL3RA,1,1,10.0,50,0.02
PE,MutualInfo,MICB,1,1,10.0,50,0.02
PE,MutualInfo,PDE5A,1,1,10.0,50,0.02
PE,MutualInfo,PDIA3,1,1,10.0,50,0.02
PE,MutualInfo,RSPO3,1,1,10.0,50,0.02
PE,MutualInfo,SELL,1,1,10.0,50,0.02
PE,MutualInfo,WNK3,1,1,10.0,50,0.02
PE,OutcomeSNN-FS,TXNDC12,183,50,2.8743169398907105,50,1.0
PE,OutcomeSNN-FS,AGER,79,50,2.9746835443037973,50,1.0
PE,OutcomeSNN-FS,TNFAIP6,167,50,3.4191616766467066,50,1.0
PE,OutcomeSNN-FS,LEP,123,50,4.211382113821138,50,1.0
PE,OutcomeSNN-FS,IL24,98,49,4.561224489795919,50,0.98
PE,OutcomeSNN-FS,SELL,92,48,4.282608695652174,50,0.96
PE,OutcomeSNN-FS,IL1RAP,76,48,4.5,50,0.96
PE,OutcomeSNN-FS,CPE,69,46,5.0144927536231885,50,0.92
PE,OutcomeSNN-FS,NRXN3,70,45,5.185714285714286,50,0.9
PE,OutcomeSNN-FS,PRSS2,73,45,5.465753424657534,50,0.9
PE,OutcomeSNN-FS,ADIPOQ,61,40,5.409836065573771,50,0.8
PE,OutcomeSNN-FS,DHH,47,38,5.74468085106383,50,0.76
PE,OutcomeSNN-FS,FUT5,52,37,5.096153846153846,50,0.74
PE,OutcomeSNN-FS,WFIKKN2,34,31,4.764705882352941,50,0.62
PE,OutcomeSNN-FS,PYY,32,29,5.1875,50,0.58
PE,OutcomeSNN-FS,FAM3D,28,28,4.25,50,0.56
PE,OutcomeSNN-FS,SOD2,32,28,5.125,50,0.56
PE,OutcomeSNN-FS,ROR1,34,28,5.970588235294118,50,0.56
PE,OutcomeSNN-FS,DAPK2,26,24,4.961538461538462,50,0.48
PE,OutcomeSNN-FS,GDF11.MSTN,26,22,6.0,50,0.44
PE,OutcomeSNN-FS,SPARCL1,21,21,5.571428571428571,50,0.42
PE,OutcomeSNN-FS,THPO,23,20,5.130434782608695,50,0.4
PE,OutcomeSNN-FS,MDH1,24,20,6.875,50,0.4
PE,OutcomeSNN-FS,GDF2,18,18,4.833333333333333,50,0.36
PE,OutcomeSNN-FS,ATP5O,16,16,4.25,50,0.32
PE,OutcomeSNN-FS,SMOC1,16,16,5.1875,50,0.32
PE,OutcomeSNN-FS,HSPB1,17,16,5.9411764705882355,50,0.32
PE,OutcomeSNN-FS,MAPK8,16,16,6.5625,50,0.32
PE,OutcomeSNN-FS,GPD1,17,16,6.647058823529412,50,0.32
PE,OutcomeSNN-FS,CD226,15,14,7.4,50,0.28
PE,OutcomeSNN-FS,CCL23,13,13,5.538461538461538,50,0.26
PE,OutcomeSNN-FS,PRSS3,11,10,6.2727272727272725,50,0.2
PE,OutcomeSNN-FS,CCL23.1,10,9,4.4,50,0.18
PE,OutcomeSNN-FS,TNFRSF10A,9,9,5.777777777777778,50,0.18
PE,OutcomeSNN-FS,TNFRSF21,8,8,5.0,50,0.16
PE,OutcomeSNN-FS,FN1,8,8,5.5,50,0.16
PE,OutcomeSNN-FS,HSPD1,8,8,6.25,50,0.16
PE,OutcomeSNN-FS,ULBP1,8,8,6.25,50,0.16
PE,OutcomeSNN-FS,CNTN4,8,8,6.5,50,0.16
PE,OutcomeSNN-FS,APCS,8,8,6.875,50,0.16
PE,OutcomeSNN-FS,LEPR,8,8,7.5,50,0.16
PE,OutcomeSNN-FS,GPNMB,8,8,8.625,50,0.16
PE,OutcomeSNN-FS,LTA.LTB.1,8,8,8.625,50,0.16
PE,OutcomeSNN-FS,COLEC12,7,7,4.571428571428571,50,0.14
PE,OutcomeSNN-FS,CXCL10,7,7,5.0,50,0.14
PE,OutcomeSNN-FS,SAA1,7,7,5.571428571428571,50,0.14
PE,OutcomeSNN-FS,PRSS1,8,7,6.0,50,0.14
PE,OutcomeSNN-FS,CFH,7,7,6.142857142857143,50,0.14
PE,OutcomeSNN-FS,DDR2,6,6,5.666666666666667,50,0.12
PE,OutcomeSNN-FS,GPC5,6,6,6.166666666666667,50,0.12
PE,OutcomeSNN-FS,CXCL1,6,6,6.333333333333333,50,0.12
PE,OutcomeSNN-FS,EPHB6,6,6,7.333333333333333,50,0.12
PE,OutcomeSNN-FS,OCIAD1,5,5,4.4,50,0.1
PE,OutcomeSNN-FS,TPM4,5,5,5.4,50,0.1
PE,OutcomeSNN-FS,CCL3,5,5,6.8,50,0.1
PE,OutcomeSNN-FS,MAPK12,5,5,7.0,50,0.1
PE,OutcomeSNN-FS,GAPDH,5,5,7.4,50,0.1
PE,OutcomeSNN-FS,IL20,5,5,8.4,50,0.1
PE,OutcomeSNN-FS,C3,5,5,8.8,50,0.1
PE,OutcomeSNN-FS,EEF1B2,5,5,8.8,50,0.1
PE,OutcomeSNN-FS,CD55,4,4,5.0,50,0.08
PE,OutcomeSNN-FS,EHMT2,4,4,6.0,50,0.08
PE,OutcomeSNN-FS,IGHD..IGK..IGL.,4,4,6.0,50,0.08
PE,OutcomeSNN-FS,LAYN,4,4,6.75,50,0.08
PE,OutcomeSNN-FS,TPM1,4,4,8.5,50,0.08
PE,OutcomeSNN-FS,FGG,3,3,5.0,50,0.06
PE,OutcomeSNN-FS,FAM3B,3,3,5.333333333333333,50,0.06
PE,OutcomeSNN-FS,SCARB2,3,3,5.666666666666667,50,0.06
PE,OutcomeSNN-FS,HGF,3,3,6.0,50,0.06
PE,OutcomeSNN-FS,ERAP1,3,3,6.333333333333333,50,0.06
PE,OutcomeSNN-FS,BCAN,3,3,7.0,50,0.06
PE,OutcomeSNN-FS,FGA.FGB.FGG,3,3,7.0,50,0.06
PE,OutcomeSNN-FS,LILRB2,3,3,7.333333333333333,50,0.06
PE,OutcomeSNN-FS,IL25,3,3,7.666666666666667,50,0.06
PE,OutcomeSNN-FS,VEGFA.1,3,3,9.333333333333334,50,0.06
PE,OutcomeSNN-FS,ARPP19,2,2,5.0,50,0.04
PE,OutcomeSNN-FS,NAGK,2,2,6.0,50,0.04
PE,OutcomeSNN-FS,IL9,2,2,7.5,50,0.04
PE,OutcomeSNN-FS,SELE,2,2,8.0,50,0.04
PE,OutcomeSNN-FS,MAPK1,2,2,8.5,50,0.04
PE,OutcomeSNN-FS,GSTA3,2,2,9.5,50,0.04
PE,OutcomeSNN-FS,IL12RB2,2,2,9.5,50,0.04
PE,OutcomeSNN-FS,INHBA.INHBB,1,1,1.0,50,0.02
PE,OutcomeSNN-FS,FCGR2B,1,1,3.0,50,0.02
PE,OutcomeSNN-FS,BCL2L2,1,1,4.0,50,0.02
PE,OutcomeSNN-FS,NEGR1,1,1,4.0,50,0.02
PE,OutcomeSNN-FS,NTRK2,1,1,4.0,50,0.02
PE,OutcomeSNN-FS,FGFR3,1,1,5.0,50,0.02
PE,OutcomeSNN-FS,INHBA,1,1,5.0,50,0.02
PE,OutcomeSNN-FS,MAPKAPK5,1,1,5.0,50,0.02
PE,OutcomeSNN-FS,SPON1,1,1,5.0,50,0.02
PE,OutcomeSNN-FS,FSTL3,1,1,6.0,50,0.02
PE,OutcomeSNN-FS,HCK,1,1,6.0,50,0.02
PE,OutcomeSNN-FS,IGFBP2,1,1,6.0,50,0.02
PE,OutcomeSNN-FS,PIANP,1,1,6.0,50,0.02
PE,OutcomeSNN-FS,WIF1,1,1,6.0,50,0.02
PE,OutcomeSNN-FS,C3.5,1,1,7.0,50,0.02
PE,OutcomeSNN-FS,DPT,1,1,7.0,50,0.02
PE,OutcomeSNN-FS,HIPK3,1,1,7.0,50,0.02
PE,OutcomeSNN-FS,LCN2,1,1,7.0,50,0.02
PE,OutcomeSNN-FS,SIGLEC9,1,1,7.0,50,0.02
PE,OutcomeSNN-FS,SMPDL3A,1,1,7.0,50,0.02
PE,OutcomeSNN-FS,ADGRE2,1,1,8.0,50,0.02
PE,OutcomeSNN-FS,AKR7A2,1,1,8.0,50,0.02
PE,OutcomeSNN-FS,BTK,1,1,8.0,50,0.02
PE,OutcomeSNN-FS,CCL18,1,1,8.0,50,0.02
PE,OutcomeSNN-FS,CD47,1,1,8.0,50,0.02
PE,OutcomeSNN-FS,IL6ST,1,1,8.0,50,0.02
PE,OutcomeSNN-FS,KAT6A,1,1,8.0,50,0.02
PE,OutcomeSNN-FS,NME2,1,1,8.0,50,0.02
PE,OutcomeSNN-FS,POMC,1,1,8.0,50,0.02
PE,OutcomeSNN-FS,PPIE,1,1,8.0,50,0.02
PE,OutcomeSNN-FS,SPINT2,1,1,8.0,50,0.02
PE,OutcomeSNN-FS,YWHAZ,1,1,8.0,50,0.02
PE,OutcomeSNN-FS,AGRP,1,1,9.0,50,0.02
PE,OutcomeSNN-FS,HBA1.HBB,1,1,9.0,50,0.02
PE,OutcomeSNN-FS,MIF,1,1,9.0,50,0.02
PE,OutcomeSNN-FS,PLAT,1,1,9.0,50,0.02
PE,OutcomeSNN-FS,PTH,1,1,9.0,50,0.02
PE,OutcomeSNN-FS,AKR1A1,1,1,10.0,50,0.02
PE,OutcomeSNN-FS,CFI,1,1,10.0,50,0.02
PE,OutcomeSNN-FS,FGA.FGB.FGG.1,1,1,10.0,50,0.02
PE,OutcomeSNN-FS,IGF1R,1,1,10.0,50,0.02
PE,OutcomeSNN-FS,IGHE.IGK..IGL.,1,1,10.0,50,0.02
PE,OutcomeSNN-FS,LDLR,1,1,10.0,50,0.02
PE,OutcomeSNN-FS,MSN,1,1,10.0,50,0.02
PE,OutcomeSNN-FS,P4HB,1,1,10.0,50,0.02
PE,OutcomeSNN-FS,XPNPEP1,1,1,10.0,50,0.02
PE,PGEE,CCL23.1,131,50,3.5114503816793894,50,1.0
PE,PGEE,SPARCL1,131,49,4.6183206106870225,50,0.98
PE,PGEE,APOB,97,47,5.402061855670103,50,0.94
PE,PGEE,WFIKKN2,89,45,4.325842696629214,50,0.9
PE,PGEE,FAM3D,43,43,1.744186046511628,50,0.86
PE,PGEE,CPE,80,42,4.7125,50,0.84
PE,PGEE,TXNDC12,76,42,4.934210526315789,50,0.84
PE,PGEE,NOTCH1,57,41,2.473684210526316,50,0.82
PE,PGEE,IL24,52,38,5.346153846153846,50,0.76
PE,PGEE,PRSS1,48,37,4.958333333333333,50,0.74
PE,PGEE,ADIPOQ,48,37,5.354166666666667,50,0.74
PE,PGEE,LTA.LTB.1,52,37,5.365384615384615,50,0.74
PE,PGEE,GDF2,51,36,6.137254901960785,50,0.72
PE,PGEE,IGF1R,45,35,4.777777777777778,50,0.7
PE,PGEE,IL1RAP,43,34,5.8604651162790695,50,0.68
PE,PGEE,SELL,43,33,3.8372093023255816,50,0.66
PE,PGEE,SOD2,49,32,6.530612244897959,50,0.64
PE,PGEE,PRSS2,41,31,4.341463414634147,50,0.62
PE,PGEE,NEGR1,35,30,4.0,50,0.6
PE,PGEE,COLEC12,36,30,6.166666666666667,50,0.6
PE,PGEE,NRXN3,30,28,5.566666666666666,50,0.56
PE,PGEE,CNTN4,34,26,6.088235294117647,50,0.52
PE,PGEE,PIANP,31,26,7.129032258064516,50,0.52
PE,PGEE,LEPR,27,25,6.518518518518518,50,0.5
PE,PGEE,FUT5,25,24,5.6,50,0.48
PE,PGEE,CNTFR,26,24,5.730769230769231,50,0.48
PE,PGEE,EDA,24,23,3.1666666666666665,50,0.46
PE,PGEE,NCAM1,27,23,6.62962962962963,50,0.46
PE,PGEE,TNFRSF21,23,22,5.565217391304348,50,0.44
PE,PGEE,ROR1,23,19,4.217391304347826,50,0.38
PE,PGEE,THPO,20,18,5.7,50,0.36
PE,PGEE,WIF1,17,17,5.0588235294117645,50,0.34
PE,PGEE,AGER,17,17,5.235294117647059,50,0.34
PE,PGEE,APOM,20,17,6.25,50,0.34
PE,PGEE,DHH,16,16,4.125,50,0.32
PE,PGEE,TNFAIP6,14,14,3.642857142857143,50,0.28
PE,PGEE,IL9,13,13,4.923076923076923,50,0.26
PE,PGEE,SELE,12,12,4.25,50,0.24
PE,PGEE,HSPB1,12,12,5.583333333333333,50,0.24
PE,PGEE,RAD51,12,11,4.583333333333333,50,0.22
PE,PGEE,CCL23,11,11,4.818181818181818,50,0.22
PE,PGEE,EGFR,11,11,4.818181818181818,50,0.22
PE,PGEE,NRCAM,12,11,6.083333333333333,50,0.22
PE,PGEE,SPON1,11,11,6.2727272727272725,50,0.22
PE,PGEE,PAK3,9,9,1.3333333333333333,50,0.18
PE,PGEE,LEP,10,9,3.5,50,0.18
PE,PGEE,SEMA5A,8,8,4.625,50,0.16
PE,PGEE,PRSS3,8,8,6.125,50,0.16
PE,PGEE,C3,8,8,7.125,50,0.16
PE,PGEE,GDF11.MSTN,7,7,3.5714285714285716,50,0.14
PE,PGEE,CFH,7,7,5.0,50,0.14
PE,PGEE,XPNPEP1,7,7,5.714285714285714,50,0.14
PE,PGEE,LCORL,7,7,6.857142857142857,50,0.14
PE,PGEE,NOG,6,6,4.666666666666667,50,0.12
PE,PGEE,LAYN,6,6,5.666666666666667,50,0.12
PE,PGEE,MED1,7,6,5.857142857142857,50,0.12
PE,PGEE,FSTL1,7,6,6.285714285714286,50,0.12
PE,PGEE,CD226,7,6,7.0,50,0.12
PE,PGEE,IL6ST,6,6,7.666666666666667,50,0.12
PE,PGEE,MAPK12,5,5,4.4,50,0.1
PE,PGEE,PYY,5,5,6.6,50,0.1
PE,PGEE,LILRB2,4,4,2.0,50,0.08
PE,PGEE,BCAN,4,4,4.5,50,0.08
PE,PGEE,SMOC1,4,4,5.0,50,0.08
PE,PGEE,UNC5D,4,4,5.75,50,0.08
PE,PGEE,CHGA,4,4,6.5,50,0.08
PE,PGEE,LSAMP,4,4,7.75,50,0.08
PE,PGEE,JAG1,3,3,6.666666666666667,50,0.06
PE,PGEE,AKR1A1,3,3,7.0,50,0.06
PE,PGEE,AGR2,3,3,7.333333333333333,50,0.06
PE,PGEE,CXCL10,2,2,2.0,50,0.04
PE,PGEE,HS6ST1,2,2,2.5,50,0.04
PE,PGEE,MMP2,2,2,2.5,50,0.04
PE,PGEE,KIT,2,2,3.0,50,0.04
PE,PGEE,MICB,2,2,3.0,50,0.04
PE,PGEE,MSN,2,2,3.0,50,0.04
PE,PGEE,DPT,2,2,3.5,50,0.04
PE,PGEE,CD207,2,2,5.0,50,0.04
PE,PGEE,IGHE.IGK..IGL.,2,2,5.0,50,0.04
PE,PGEE,EFNA3,2,2,5.5,50,0.04
PE,PGEE,CNTN2,2,2,6.0,50,0.04
PE,PGEE,SAA1,2,2,6.5,50,0.04
PE,PGEE,NTRK2,2,2,7.0,50,0.04
PE,PGEE,SERPINA5,2,2,7.5,50,0.04
PE,PGEE,GPC5,2,2,8.5,50,0.04
PE,PGEE,ULBP1,2,2,10.0,50,0.04
PE,PGEE,CFB,1,1,1.0,50,0.02
PE,PGEE,IGHD..IGK..IGL.,1,1,1.0,50,0.02
PE,PGEE,ARPP19,1,1,2.0,50,0.02
PE,PGEE,CCL19,1,1,2.0,50,0.02
PE,PGEE,FLRT2,1,1,2.0,50,0.02
PE,PGEE,SIGLEC14,1,1,2.0,50,0.02
PE,PGEE,STK16,1,1,2.0,50,0.02
PE,PGEE,COL18A1,1,1,3.0,50,0.02
PE,PGEE,F10.1,1,1,3.0,50,0.02
PE,PGEE,FSTL3,1,1,3.0,50,0.02
PE,PGEE,GSTA3,1,1,3.0,50,0.02
PE,PGEE,LILRB1,1,1,3.0,50,0.02
PE,PGEE,TEK,1,1,3.0,50,0.02
PE,PGEE,VEGFA,1,1,3.0,50,0.02
PE,PGEE,YWHAZ,1,1,4.0,50,0.02
PE,PGEE,SEMA3E,1,1,5.0,50,0.02
PE,PGEE,BIRC3,1,1,6.0,50,0.02
PE,PGEE,DDR2,1,1,6.0,50,0.02
PE,PGEE,DKK3,1,1,6.0,50,0.02
PE,PGEE,ICAM5,1,1,6.0,50,0.02
PE,PGEE,APCS,1,1,7.0,50,0.02
PE,PGEE,CNTN5,1,1,7.0,50,0.02
PE,PGEE,MET,1,1,7.0,50,0.02
PE,PGEE,TIMP1,1,1,7.0,50,0.02
PE,PGEE,TLR4.LY96,1,1,7.0,50,0.02
PE,PGEE,CAST,1,1,8.0,50,0.02
PE,PGEE,CDNF,1,1,9.0,50,0.02
PE,PGEE,CFP,1,1,9.0,50,0.02
PE,PGEE,CNTF,1,1,9.0,50,0.02
PE,PGEE,KRT18,1,1,9.0,50,0.02
PE,PGEE,NAGK,1,1,9.0,50,0.02
PE,PGEE,POSTN,1,1,9.0,50,0.02
PE,PGEE,ADAMTS13,1,1,10.0,50,0.02
PE,PGEE,AGRP,1,1,10.0,50,0.02
PE,RandomForest,LEP,166,50,3.072289156626506,50,1.0
PE,RandomForest,TXNDC12,149,50,3.1677852348993287,50,1.0
PE,RandomForest,SPARCL1,162,50,3.4814814814814814,50,1.0
PE,RandomForest,IL1RAP,90,50,4.355555555555555,50,1.0
PE,RandomForest,CCL23.1,96,49,4.125,50,0.98
PE,RandomForest,FAM3D,80,47,4.05,50,0.94
PE,RandomForest,ULBP1,89,46,4.325842696629214,50,0.92
PE,RandomForest,IL24,71,44,4.450704225352113,50,0.88
PE,RandomForest,ADIPOQ,48,35,5.479166666666667,50,0.7
PE,RandomForest,DPT,36,32,4.305555555555555,50,0.64
PE,RandomForest,COLEC12,35,31,4.571428571428571,50,0.62
PE,RandomForest,WFIKKN2,37,31,5.27027027027027,50,0.62
PE,RandomForest,IGF1R,37,31,5.783783783783784,50,0.62
PE,RandomForest,ROR1,41,31,6.2926829268292686,50,0.62
PE,RandomForest,PRSS2,31,28,5.67741935483871,50,0.56
PE,RandomForest,LEPR,29,27,4.482758620689655,50,0.54
PE,RandomForest,NRXN3,32,27,5.53125,50,0.54
PE,RandomForest,AGER,21,21,4.857142857142857,50,0.42
PE,RandomForest,CXCL10,22,21,5.545454545454546,50,0.42
PE,RandomForest,CPE,25,21,5.56,50,0.42
PE,RandomForest,NEGR1,23,20,6.304347826086956,50,0.4
PE,RandomForest,SOD2,20,19,5.7,50,0.38
PE,RandomForest,SELL,20,19,5.85,50,0.38
PE,RandomForest,GDF2,23,19,6.304347826086956,50,0.38
PE,RandomForest,SELE,18,18,5.0,50,0.36
PE,RandomForest,APOM,19,18,5.526315789473684,50,0.36
PE,RandomForest,THPO,18,18,6.388888888888889,50,0.36
PE,RandomForest,MSN,17,17,5.9411764705882355,50,0.34
PE,RandomForest,IL9,16,15,7.375,50,0.3
PE,RandomForest,MED1,15,14,6.2,50,0.28
PE,RandomForest,PRSS1,15,14,6.266666666666667,50,0.28
PE,RandomForest,HSPB1,15,13,5.933333333333334,50,0.26
PE,RandomForest,LTA.LTB.1,13,12,5.846153846153846,50,0.24
PE,RandomForest,UNC5D,12,11,6.083333333333333,50,0.22
PE,RandomForest,GPNMB,12,11,6.5,50,0.22
PE,RandomForest,EPHB6,12,11,7.0,50,0.22
PE,RandomForest,IGHD..IGK..IGL.,10,10,4.9,50,0.2
PE,RandomForest,FAM3B,11,10,5.181818181818182,50,0.2
PE,RandomForest,IL1R2,10,10,6.9,50,0.2
PE,RandomForest,NCAM1,10,10,7.1,50,0.2
PE,RandomForest,AKR1A1,9,9,7.444444444444445,50,0.18
PE,RandomForest,SPON1,8,8,5.5,50,0.16
PE,RandomForest,C3,8,8,6.5,50,0.16
PE,RandomForest,SCARB2,8,8,7.25,50,0.16
PE,RandomForest,FGFR3,7,7,5.857142857142857,50,0.14
PE,RandomForest,AGRP,7,7,6.714285714285714,50,0.14
PE,RandomForest,FSTL1,7,7,7.142857142857143,50,0.14
PE,RandomForest,DHH,7,7,8.571428571428571,50,0.14
PE,RandomForest,TNFAIP6,6,6,4.333333333333333,50,0.12
PE,RandomForest,PLAT,6,6,5.666666666666667,50,0.12
PE,RandomForest,CFH,6,6,6.0,50,0.12
PE,RandomForest,FUT5,6,6,6.666666666666667,50,0.12
PE,RandomForest,SIGLEC9,5,5,2.6,50,0.1
PE,RandomForest,ICAM5,5,5,6.8,50,0.1
PE,RandomForest,CNTN4,6,5,7.5,50,0.1
PE,RandomForest,CFP,4,4,4.5,50,0.08
PE,RandomForest,COL18A1,4,4,6.75,50,0.08
PE,RandomForest,ERAP1,4,4,7.5,50,0.08
PE,RandomForest,CST4,4,4,8.25,50,0.08
PE,RandomForest,PIANP,3,3,2.6666666666666665,50,0.06
PE,RandomForest,SAA1,3,3,2.6666666666666665,50,0.06
PE,RandomForest,MICB,3,3,3.6666666666666665,50,0.06
PE,RandomForest,LILRB2,3,3,4.0,50,0.06
PE,RandomForest,XPNPEP1,3,3,4.666666666666667,50,0.06
PE,RandomForest,CNTFR,3,3,5.666666666666667,50,0.06
PE,RandomForest,WIF1,3,3,5.666666666666667,50,0.06
PE,RandomForest,SIGLEC14,3,3,6.0,50,0.06
PE,RandomForest,TNFRSF21,3,3,6.666666666666667,50,0.06
PE,RandomForest,GSTA3,3,3,7.0,50,0.06
PE,RandomForest,NTRK2,3,3,7.333333333333333,50,0.06
PE,RandomForest,CD55,3,3,8.0,50,0.06
PE,RandomForest,SMOC1,3,3,8.0,50,0.06
PE,RandomForest,APOB,3,3,8.333333333333334,50,0.06
PE,RandomForest,CNTN5,3,3,8.333333333333334,50,0.06
PE,RandomForest,AGR2,3,3,8.666666666666666,50,0.06
PE,RandomForest,PRSS3,3,3,9.0,50,0.06
PE,RandomForest,TIMP1,3,3,9.333333333333334,50,0.06
PE,RandomForest,LAYN,3,3,9.666666666666666,50,0.06
PE,RandomForest,PYY,2,2,3.0,50,0.04
PE,RandomForest,CHGA,2,2,3.5,50,0.04
PE,RandomForest,CD226,2,2,4.0,50,0.04
PE,RandomForest,MAPK12,2,2,5.0,50,0.04
PE,RandomForest,CDNF,2,2,5.5,50,0.04
PE,RandomForest,HIPK3,2,2,5.5,50,0.04
PE,RandomForest,IL13,2,2,5.5,50,0.04
PE,RandomForest,PDE9A,2,2,5.5,50,0.04
PE,RandomForest,CD27,2,2,6.5,50,0.04
PE,RandomForest,SEMA5A,2,2,6.5,50,0.04
PE,RandomForest,EDA,2,2,7.0,50,0.04
PE,RandomForest,LSAMP,2,2,7.0,50,0.04
PE,RandomForest,MIA,2,2,8.0,50,0.04
PE,RandomForest,KIT,2,2,9.0,50,0.04
PE,RandomForest,FSTL3,2,2,9.5,50,0.04
PE,RandomForest,GDF11.MSTN,2,2,9.5,50,0.04
PE,RandomForest,MDM2,2,2,10.0,50,0.04
PE,RandomForest,BCAN,1,1,1.0,50,0.02
PE,RandomForest,RGMB,1,1,1.0,50,0.02
PE,RandomForest,APCS,1,1,3.0,50,0.02
PE,RandomForest,EFEMP1,1,1,3.0,50,0.02
PE,RandomForest,INHBA,1,1,3.0,50,0.02
PE,RandomForest,CCL15,1,1,4.0,50,0.02
PE,RandomForest,CCL19,1,1,4.0,50,0.02
PE,RandomForest,HAPLN1,1,1,4.0,50,0.02
PE,RandomForest,IGHE.IGK..IGL.,1,1,4.0,50,0.02
PE,RandomForest,IL12B.IL23A,1,1,4.0,50,0.02
PE,RandomForest,LDLR,1,1,4.0,50,0.02
PE,RandomForest,RETN,1,1,4.0,50,0.02
PE,RandomForest,SEMA3E,1,1,4.0,50,0.02
PE,RandomForest,C1R,1,1,5.0,50,0.02
PE,RandomForest,CSF2,1,1,5.0,50,0.02
PE,RandomForest,CHEK2,1,1,6.0,50,0.02
PE,RandomForest,CRK,1,1,6.0,50,0.02
PE,RandomForest,F11,1,1,6.0,50,0.02
PE,RandomForest,LGALS9,1,1,6.0,50,0.02
PE,RandomForest,MAPK8,1,1,6.0,50,0.02
PE,RandomForest,PRSS22,1,1,6.0,50,0.02
PE,RandomForest,APOE.3,1,1,7.0,50,0.02
PE,RandomForest,DAPK2,1,1,7.0,50,0.02
PE,RandomForest,DDR2,1,1,7.0,50,0.02
PE,RandomForest,EEF1B2,1,1,7.0,50,0.02
PE,RandomForest,HS6ST1,1,1,7.0,50,0.02
PE,RandomForest,Human.virus.2,1,1,7.0,50,0.02
PE,RandomForest,ANGPTL3,1,1,8.0,50,0.02
PE,RandomForest,CCL16,1,1,8.0,50,0.02
PE,RandomForest,CHI3L1,1,1,8.0,50,0.02
PE,RandomForest,DKK3,1,1,8.0,50,0.02
PE,RandomForest,FGF4,1,1,8.0,50,0.02
PE,RandomForest,HSP90AB1,1,1,8.0,50,0.02
PE,RandomForest,LILRB1,1,1,8.0,50,0.02
PE,RandomForest,LYZ,1,1,8.0,50,0.02
PE,RandomForest,SOD3,1,1,8.0,50,0.02
PE,RandomForest,TPM1,1,1,8.0,50,0.02
PE,RandomForest,CCL23,1,1,9.0,50,0.02
PE,RandomForest,FN1,1,1,9.0,50,0.02
PE,RandomForest,GOT1,1,1,9.0,50,0.02
PE,RandomForest,HSPD1,1,1,9.0,50,0.02
PE,RandomForest,IRF1,1,1,9.0,50,0.02
PE,RandomForest,PPIE,1,1,9.0,50,0.02
PE,RandomForest,DUSP3,1,1,10.0,50,0.02
PE,RandomForest,FGF19,1,1,10.0,50,0.02
PE,RandomForest,PES1,1,1,10.0,50,0.02
PE,SNN-FS,TXNDC12,197,50,2.736040609137056,50,1.0
PE,SNN-FS,SELL,168,50,3.613095238095238,50,1.0
PE,SNN-FS,LEP,203,50,3.6206896551724137,50,1.0
PE,SNN-FS,IL24,154,50,3.9675324675324677,50,1.0
PE,SNN-FS,TNFAIP6,114,50,4.754385964912281,50,1.0
PE,SNN-FS,FUT5,110,50,4.9363636363636365,50,1.0
PE,SNN-FS,PRSS2,101,49,4.712871287128713,50,0.98
PE,SNN-FS,GDF11.MSTN,66,45,5.787878787878788,50,0.9
PE,SNN-FS,FAM3D,46,43,4.434782608695652,50,0.86
PE,SNN-FS,IL1RAP,55,41,5.672727272727273,50,0.82
PE,SNN-FS,PYY,52,38,5.096153846153846,50,0.76
PE,SNN-FS,DHH,50,37,5.82,50,0.74
PE,SNN-FS,AGER,35,35,3.0285714285714285,50,0.7
PE,SNN-FS,MDH1,35,28,7.0285714285714285,50,0.56
PE,SNN-FS,ULBP1,30,24,6.133333333333334,50,0.48
PE,SNN-FS,ADIPOQ,24,23,5.833333333333333,50,0.46
PE,SNN-FS,NRXN3,21,21,6.285714285714286,50,0.42
PE,SNN-FS,GPNMB,22,21,7.181818181818182,50,0.42
PE,SNN-FS,SELE,18,18,8.055555555555555,50,0.36
PE,SNN-FS,IGHD..IGK..IGL.,17,17,5.529411764705882,50,0.34
PE,SNN-FS,APCS,18,17,6.5,50,0.34
PE,SNN-FS,SPARCL1,16,15,6.6875,50,0.3
PE,SNN-FS,CXCL10,14,13,5.5,50,0.26
PE,SNN-FS,CCL3,13,13,6.461538461538462,50,0.26
PE,SNN-FS,THPO,13,13,7.0,50,0.26
PE,SNN-FS,SAA1,12,12,4.0,50,0.24
PE,SNN-FS,PRSS1,13,12,6.3076923076923075,50,0.24
PE,SNN-FS,DAPK2,11,11,5.363636363636363,50,0.22
PE,SNN-FS,GDF2,11,11,6.7272727272727275,50,0.22
PE,SNN-FS,CCL23,11,11,7.0,50,0.22
PE,SNN-FS,ROR1,10,10,5.7,50,0.2
PE,SNN-FS,CD47,10,10,7.5,50,0.2
PE,SNN-FS,FAM3B,9,9,5.444444444444445,50,0.18
PE,SNN-FS,TNFRSF10A,10,9,6.5,50,0.18
PE,SNN-FS,C3,9,9,7.888888888888889,50,0.18
PE,SNN-FS,CFI,9,9,8.11111111111111,50,0.18
PE,SNN-FS,TPM1,8,8,5.75,50,0.16
PE,SNN-FS,IL20,8,8,8.125,50,0.16
PE,SNN-FS,OCIAD1,6,6,6.0,50,0.12
PE,SNN-FS,MICB,6,6,6.166666666666667,50,0.12
PE,SNN-FS,SMOC1,6,6,6.166666666666667,50,0.12
PE,SNN-FS,GPC5,6,6,6.333333333333333,50,0.12
PE,SNN-FS,CFH,6,6,6.833333333333333,50,0.12
PE,SNN-FS,CXCL1,7,6,7.571428571428571,50,0.12
PE,SNN-FS,GPD1,6,6,7.666666666666667,50,0.12
PE,SNN-FS,PRSS3,7,6,8.428571428571429,50,0.12
PE,SNN-FS,SCARB2,5,5,5.4,50,0.1
PE,SNN-FS,ICAM1,5,5,6.2,50,0.1
PE,SNN-FS,SOD2,5,5,6.2,50,0.1
PE,SNN-FS,CCL23.1,5,5,6.4,50,0.1
PE,SNN-FS,IL9,5,5,8.4,50,0.1
PE,SNN-FS,CCL19,5,5,9.0,50,0.1
PE,SNN-FS,ERAP1,4,4,5.25,50,0.08
PE,SNN-FS,MSN,4,4,6.0,50,0.08
PE,SNN-FS,LILRB2,4,4,6.25,50,0.08
PE,SNN-FS,FGG,4,4,6.75,50,0.08
PE,SNN-FS,CPE,4,4,9.0,50,0.08
PE,SNN-FS,GSTA3,3,3,5.333333333333333,50,0.06
PE,SNN-FS,C3.5,3,3,5.666666666666667,50,0.06
PE,SNN-FS,IL5RA,3,3,6.333333333333333,50,0.06
PE,SNN-FS,CD4,3,3,6.666666666666667,50,0.06
PE,SNN-FS,DPT,3,3,6.666666666666667,50,0.06
PE,SNN-FS,Human.virus.2,3,3,6.666666666666667,50,0.06
PE,SNN-FS,IGHE.IGK..IGL.,3,3,7.0,50,0.06
PE,SNN-FS,IL25,3,3,7.0,50,0.06
PE,SNN-FS,TPM4,3,3,7.333333333333333,50,0.06
PE,SNN-FS,DDR2,3,3,7.666666666666667,50,0.06
PE,SNN-FS,ATP5O,3,3,8.0,50,0.06
PE,SNN-FS,TNFRSF21,3,3,8.0,50,0.06
PE,SNN-FS,CFP,3,3,8.666666666666666,50,0.06
PE,SNN-FS,HGF,3,3,9.0,50,0.06
PE,SNN-FS,BCL2L2,2,2,3.5,50,0.04
PE,SNN-FS,INHBA.INHBB,2,2,4.0,50,0.04
PE,SNN-FS,CHI3L1,2,2,5.0,50,0.04
PE,SNN-FS,LCN2,2,2,5.0,50,0.04
PE,SNN-FS,HIPK3,2,2,5.5,50,0.04
PE,SNN-FS,INHBA,2,2,5.5,50,0.04
PE,SNN-FS,EHMT2,2,2,6.0,50,0.04
PE,SNN-FS,MAPKAPK5,2,2,6.5,50,0.04
PE,SNN-FS,ESAM,2,2,7.0,50,0.04
PE,SNN-FS,F11,2,2,7.0,50,0.04
PE,SNN-FS,IL27RA,2,2,7.0,50,0.04
PE,SNN-FS,LEPR,2,2,7.0,50,0.04
PE,SNN-FS,MAPK8,2,2,7.0,50,0.04
PE,SNN-FS,VEGFA.1,2,2,7.0,50,0.04
PE,SNN-FS,FGA.FGB.FGG.1,2,2,7.5,50,0.04
PE,SNN-FS,EPHA1,2,2,9.0,50,0.04
PE,SNN-FS,IRF1,2,2,9.0,50,0.04
PE,SNN-FS,PLA2G7,2,2,9.0,50,0.04
PE,SNN-FS,PLAT,2,2,9.0,50,0.04
PE,SNN-FS,CFB,2,2,10.0,50,0.04
PE,SNN-FS,FSTL3,1,1,1.0,50,0.02
PE,SNN-FS,EEF1B2,1,1,3.0,50,0.02
PE,SNN-FS,CST4,1,1,4.0,50,0.02
PE,SNN-FS,FGFR3,1,1,4.0,50,0.02
PE,SNN-FS,IL12RB2,1,1,5.0,50,0.02
PE,SNN-FS,NTRK2,1,1,5.0,50,0.02
PE,SNN-FS,POMC,1,1,5.0,50,0.02
PE,SNN-FS,C9,1,1,6.0,50,0.02
PE,SNN-FS,FOLH1,1,1,6.0,50,0.02
PE,SNN-FS,HFE2,1,1,6.0,50,0.02
PE,SNN-FS,NAGK,1,1,6.0,50,0.02
PE,SNN-FS,PTH,1,1,7.0,50,0.02
PE,SNN-FS,SHH,1,1,7.0,50,0.02
PE,SNN-FS,SMPDL3A,1,1,7.0,50,0.02
PE,SNN-FS,THBS4,1,1,7.0,50,0.02
PE,SNN-FS,CCL2,1,1,8.0,50,0.02
PE,SNN-FS,GP1BA,1,1,8.0,50,0.02
PE,SNN-FS,IGFBP2,1,1,8.0,50,0.02
PE,SNN-FS,MAPK12,1,1,8.0,50,0.02
PE,SNN-FS,MSTN,1,1,8.0,50,0.02
PE,SNN-FS,P4HB,1,1,8.0,50,0.02
PE,SNN-FS,SERPINA4,1,1,8.0,50,0.02
PE,SNN-FS,TGFBR2,1,1,8.0,50,0.02
PE,SNN-FS,GOT1,1,1,9.0,50,0.02
PE,SNN-FS,TIMP2,1,1,9.0,50,0.02
PE,SNN-FS,TNFRSF4,1,1,9.0,50,0.02
PE,SNN-FS,APOB,1,1,10.0,50,0.02
PE,SNN-FS,COLEC12,1,1,10.0,50,0.02
PE,SNN-FS,FAM107B,1,1,10.0,50,0.02
PE,SNN-FS,GRP,1,1,10.0,50,0.02
PE,SNN-FS,HBA1.HBB,1,1,10.0,50,0.02
PE,SNN-FS,HSPB1,1,1,10.0,50,0.02
PE,SNN-FS,IL22,1,1,10.0,50,0.02
PE,SNN-FS,LGALS8,1,1,10.0,50,0.02
PE,SNN-FS,NAAA,1,1,10.0,50,0.02
PE,StabilitySelection,LEP,226,50,2.075221238938053,50,1.0
PE,StabilitySelection,FAM3D,88,50,2.9545454545454546,50,1.0
PE,StabilitySelection,TXNDC12,180,50,3.2777777777777777,50,1.0
PE,StabilitySelection,SELL,124,50,4.201612903225806,50,1.0
PE,StabilitySelection,IL24,106,48,4.2075471698113205,50,0.96
PE,StabilitySelection,IL1RAP,86,46,4.290697674418604,50,0.92
PE,StabilitySelection,PRSS2,93,46,4.935483870967742,50,0.92
PE,StabilitySelection,ULBP1,83,46,5.27710843373494,50,0.92
PE,StabilitySelection,ADIPOQ,72,44,5.138888888888889,50,0.88
PE,StabilitySelection,PYY,57,42,5.4035087719298245,50,0.84
PE,StabilitySelection,CXCL10,51,41,4.862745098039215,50,0.82
PE,StabilitySelection,FUT5,36,31,5.916666666666667,50,0.62
PE,StabilitySelection,IGHD..IGK..IGL.,35,30,4.628571428571429,50,0.6
PE,StabilitySelection,ROR1,30,28,5.166666666666667,50,0.56
PE,StabilitySelection,NRXN3,29,27,6.0,50,0.54
PE,StabilitySelection,TNFAIP6,29,26,6.482758620689655,50,0.52
PE,StabilitySelection,SELE,26,25,6.769230769230769,50,0.5
PE,StabilitySelection,GRAP2,28,24,5.107142857142857,50,0.48
PE,StabilitySelection,AGER,24,24,6.041666666666667,50,0.48
PE,StabilitySelection,CFH,22,20,7.136363636363637,50,0.4
PE,StabilitySelection,SCARB2,20,19,5.6,50,0.38
PE,StabilitySelection,GDF11.MSTN,16,15,5.6875,50,0.3
PE,StabilitySelection,FAM3B,14,14,6.571428571428571,50,0.28
PE,StabilitySelection,LEPR,14,14,6.571428571428571,50,0.28
PE,StabilitySelection,IL9,14,14,7.142857142857143,50,0.28
PE,StabilitySelection,GPNMB,13,13,6.6923076923076925,50,0.26
PE,StabilitySelection,CCL23,13,13,7.230769230769231,50,0.26
PE,StabilitySelection,SPARCL1,12,12,5.666666666666667,50,0.24
PE,StabilitySelection,VEGFA.1,12,12,7.833333333333333,50,0.24
PE,StabilitySelection,GSTA3,11,11,5.0,50,0.22
PE,StabilitySelection,C3,12,11,6.583333333333333,50,0.22
PE,StabilitySelection,MAPK11,11,10,7.090909090909091,50,0.2
PE,StabilitySelection,CCL23.1,10,10,7.8,50,0.2
PE,StabilitySelection,MDH1,11,10,8.090909090909092,50,0.2
PE,StabilitySelection,SAA1,9,9,4.555555555555555,50,0.18
PE,StabilitySelection,IL22,10,9,6.8,50,0.18
PE,StabilitySelection,MICB,8,8,4.625,50,0.16
PE,StabilitySelection,HIPK3,8,8,5.125,50,0.16
PE,StabilitySelection,IGHE.IGK..IGL.,8,8,5.125,50,0.16
PE,StabilitySelection,APOB,8,8,6.375,50,0.16
PE,StabilitySelection,APCS,9,8,7.111111111111111,50,0.16
PE,StabilitySelection,GDF2,8,8,7.5,50,0.16
PE,StabilitySelection,PES1,7,7,7.142857142857143,50,0.14
PE,StabilitySelection,TNFRSF21,7,7,7.142857142857143,50,0.14
PE,StabilitySelection,F11,7,7,8.0,50,0.14
PE,StabilitySelection,TNFRSF10A,6,6,5.833333333333333,50,0.12
PE,StabilitySelection,ICAM1,6,6,6.166666666666667,50,0.12
PE,StabilitySelection,LILRB2,5,5,4.4,50,0.1
PE,StabilitySelection,IRF1,5,5,4.8,50,0.1
PE,StabilitySelection,PRSS1,5,5,7.6,50,0.1
PE,StabilitySelection,IL20,6,5,7.666666666666667,50,0.1
PE,StabilitySelection,CSF2,5,5,8.6,50,0.1
PE,StabilitySelection,LYZ,5,5,9.0,50,0.1
PE,StabilitySelection,Human.virus.2,4,4,5.75,50,0.08
PE,StabilitySelection,DPT,4,4,6.75,50,0.08
PE,StabilitySelection,GPC5,4,4,7.0,50,0.08
PE,StabilitySelection,DHH,4,4,7.75,50,0.08
PE,StabilitySelection,THPO,4,4,8.0,50,0.08
PE,StabilitySelection,SIRPA,3,3,4.666666666666667,50,0.06
PE,StabilitySelection,CCL16,3,3,5.666666666666667,50,0.06
PE,StabilitySelection,NOG,3,3,5.666666666666667,50,0.06
PE,StabilitySelection,RETN,3,3,6.333333333333333,50,0.06
PE,StabilitySelection,FGFR3,3,3,7.333333333333333,50,0.06
PE,StabilitySelection,CCL3,3,3,7.666666666666667,50,0.06
PE,StabilitySelection,CFI,3,3,7.666666666666667,50,0.06
PE,StabilitySelection,MAPK8,3,3,7.666666666666667,50,0.06
PE,StabilitySelection,TPM1,3,3,7.666666666666667,50,0.06
PE,StabilitySelection,CST4,3,3,8.333333333333334,50,0.06
PE,StabilitySelection,CXCL1,3,3,8.333333333333334,50,0.06
PE,StabilitySelection,PLAT,3,3,8.333333333333334,50,0.06
PE,StabilitySelection,CHI3L1,3,3,9.0,50,0.06
PE,StabilitySelection,IGFBP2,2,2,4.5,50,0.04
PE,StabilitySelection,SIGLEC9,2,2,5.5,50,0.04
PE,StabilitySelection,MSN,2,2,6.0,50,0.04
PE,StabilitySelection,COLEC12,2,2,6.5,50,0.04
PE,StabilitySelection,SOD2,2,2,6.5,50,0.04
PE,StabilitySelection,XPNPEP1,2,2,6.5,50,0.04
PE,StabilitySelection,EIF4EBP2,2,2,7.5,50,0.04
PE,StabilitySelection,EGFR.1,2,2,8.0,50,0.04
PE,StabilitySelection,CSNK2A2.CSNK2B,2,2,8.5,50,0.04
PE,StabilitySelection,DDR2,2,2,8.5,50,0.04
PE,StabilitySelection,LGALS3,2,2,8.5,50,0.04
PE,StabilitySelection,MET,2,2,8.5,50,0.04
PE,StabilitySelection,SERPINA4,2,2,8.5,50,0.04
PE,StabilitySelection,CTSD,2,2,9.0,50,0.04
PE,StabilitySelection,GOT1,2,2,9.5,50,0.04
PE,StabilitySelection,GPD1,2,2,9.5,50,0.04
PE,StabilitySelection,FSTL3,1,1,2.0,50,0.02
PE,StabilitySelection,HAPLN1,1,1,3.0,50,0.02
PE,StabilitySelection,SMOC1,1,1,3.0,50,0.02
PE,StabilitySelection,C3.5,1,1,4.0,50,0.02
PE,StabilitySelection,FGF17,1,1,4.0,50,0.02
PE,StabilitySelection,CD4,1,1,5.0,50,0.02
PE,StabilitySelection,LCN2,1,1,5.0,50,0.02
PE,StabilitySelection,VTN,1,1,5.0,50,0.02
PE,StabilitySelection,CD47,1,1,6.0,50,0.02
PE,StabilitySelection,HNRNPK,1,1,6.0,50,0.02
PE,StabilitySelection,NR1D1,1,1,6.0,50,0.02
PE,StabilitySelection,PSME3,1,1,6.0,50,0.02
PE,StabilitySelection,SEMA3E,1,1,6.0,50,0.02
PE,StabilitySelection,SPHK2,1,1,6.0,50,0.02
PE,StabilitySelection,EPHA1,1,1,7.0,50,0.02
PE,StabilitySelection,IL36A,1,1,7.0,50,0.02
PE,StabilitySelection,SH2D1A,1,1,7.0,50,0.02
PE,StabilitySelection,BCL2L2,1,1,8.0,50,0.02
PE,StabilitySelection,CCL15,1,1,8.0,50,0.02
PE,StabilitySelection,IL13,1,1,8.0,50,0.02
PE,StabilitySelection,IL27RA,1,1,8.0,50,0.02
PE,StabilitySelection,ATP5O,1,1,9.0,50,0.02
PE,StabilitySelection,PDE4D,1,1,9.0,50,0.02
PE,StabilitySelection,RPSA,1,1,9.0,50,0.02
PE,StabilitySelection,ALB,1,1,10.0,50,0.02
PE,StabilitySelection,C5,1,1,10.0,50,0.02
PE,StabilitySelection,CFP,1,1,10.0,50,0.02
PE,StabilitySelection,DAPK2,1,1,10.0,50,0.02
PE,StabilitySelection,ECE1,1,1,10.0,50,0.02
PE,StabilitySelection,EHMT2,1,1,10.0,50,0.02
PE,StabilitySelection,FCGR1A,1,1,10.0,50,0.02
PE,StabilitySelection,HSPB1,1,1,10.0,50,0.02
PE,StabilitySelection,IL5RA,1,1,10.0,50,0.02
PE,StabilitySelection,INHBA,1,1,10.0,50,0.02
PE,StabilitySelection,LTF,1,1,10.0,50,0.02
PE,StabilitySelection,PDGFRA,1,1,10.0,50,0.02
PE,StabilitySelection,S100A7,1,1,10.0,50,0.02
PE,StabilitySelection,SOD3,1,1,10.0,50,0.02
PE,Stabl-RP,LEP,94,50,3.095744680851064,50,1.0
PE,Stabl-RP,SPARCL1,160,50,4.05,50,1.0
PE,Stabl-RP,IL1RAP,105,48,2.8285714285714287,50,0.96
PE,Stabl-RP,FAM3D,55,46,1.8545454545454545,50,0.92
PE,Stabl-RP,COLEC12,59,45,3.4237288135593222,50,0.9
PE,Stabl-RP,CCL23.1,61,44,4.409836065573771,50,0.88
PE,Stabl-RP,TXNDC12,58,41,3.6724137931034484,50,0.82
PE,Stabl-RP,ADIPOQ,49,38,4.020408163265306,50,0.76
PE,Stabl-RP,CNTN4,50,37,6.02,50,0.74
PE,Stabl-RP,AKR1A1,51,37,6.352941176470588,50,0.74
PE,Stabl-RP,NRXN3,40,36,3.4,50,0.72
PE,Stabl-RP,TNFAIP6,41,36,4.219512195121951,50,0.72
PE,Stabl-RP,APOB,44,36,6.409090909090909,50,0.72
PE,Stabl-RP,AGER,39,35,3.076923076923077,50,0.7
PE,Stabl-RP,DHH,50,34,5.1,50,0.68
PE,Stabl-RP,LEPR,32,29,3.125,50,0.58
PE,Stabl-RP,HSPB1,29,29,3.3448275862068964,50,0.58
PE,Stabl-RP,CPE,43,28,4.72093023255814,50,0.56
PE,Stabl-RP,IL24,37,27,4.675675675675675,50,0.54
PE,Stabl-RP,LTA.LTB.1,30,25,6.133333333333334,50,0.5
PE,Stabl-RP,MAPK1,30,25,6.733333333333333,50,0.5
PE,Stabl-RP,ROR1,29,24,5.517241379310345,50,0.48
PE,Stabl-RP,MAPK8,27,23,5.2592592592592595,50,0.46
PE,Stabl-RP,WFIKKN2,25,21,4.88,50,0.42
PE,Stabl-RP,GDF2,24,21,4.916666666666667,50,0.42
PE,Stabl-RP,IGF1R,22,20,6.363636363636363,50,0.4
PE,Stabl-RP,THPO,21,19,4.0476190476190474,50,0.38
PE,Stabl-RP,PYY,20,19,5.5,50,0.38
PE,Stabl-RP,PIANP,19,17,6.473684210526316,50,0.34
PE,Stabl-RP,AKR7A2,18,17,7.444444444444445,50,0.34
PE,Stabl-RP,MAPK12,16,16,4.1875,50,0.32
PE,Stabl-RP,SELL,19,16,5.105263157894737,50,0.32
PE,Stabl-RP,SOD2,19,16,5.526315789473684,50,0.32
PE,Stabl-RP,GDF11.MSTN,16,16,7.125,50,0.32
PE,Stabl-RP,NCAM1,16,15,6.9375,50,0.3
PE,Stabl-RP,CCL23,14,13,5.857142857142857,50,0.26
PE,Stabl-RP,STAT1,12,12,6.916666666666667,50,0.24
PE,Stabl-RP,EEF1B2,11,11,5.181818181818182,50,0.22
PE,Stabl-RP,APOM,13,11,5.461538461538462,50,0.22
PE,Stabl-RP,XPNPEP1,11,11,6.0,50,0.22
PE,Stabl-RP,TNFRSF21,11,11,6.545454545454546,50,0.22
PE,Stabl-RP,PRSS1,11,11,6.7272727272727275,50,0.22
PE,Stabl-RP,CXCL10,10,10,3.1,50,0.2
PE,Stabl-RP,C3,11,10,6.7272727272727275,50,0.2
PE,Stabl-RP,NEGR1,11,10,7.181818181818182,50,0.2
PE,Stabl-RP,TPT1,11,10,8.272727272727273,50,0.2
PE,Stabl-RP,PRSS2,9,9,4.777777777777778,50,0.18
PE,Stabl-RP,FUT5,10,9,5.3,50,0.18
PE,Stabl-RP,PKM2,8,8,5.875,50,0.16
PE,Stabl-RP,CNTFR,8,8,6.625,50,0.16
PE,Stabl-RP,CTSD,8,8,6.625,50,0.16
PE,Stabl-RP,EDA,9,8,6.888888888888889,50,0.16
PE,Stabl-RP,DNAJB1,8,8,7.625,50,0.16
PE,Stabl-RP,DAPK2,7,7,4.857142857142857,50,0.14
PE,Stabl-RP,GAPDH,7,7,7.857142857142857,50,0.14
PE,Stabl-RP,MED1,6,6,4.166666666666667,50,0.12
PE,Stabl-RP,FGF4,6,6,6.0,50,0.12
PE,Stabl-RP,MIF,6,6,6.0,50,0.12
PE,Stabl-RP,FSTL1,6,6,6.166666666666667,50,0.12
PE,Stabl-RP,NOTCH1,6,6,6.333333333333333,50,0.12
PE,Stabl-RP,IL1R2,5,5,4.4,50,0.1
PE,Stabl-RP,IL9,5,5,5.4,50,0.1
PE,Stabl-RP,CGA.LHB,5,5,6.2,50,0.1
PE,Stabl-RP,CSK,5,5,6.6,50,0.1
PE,Stabl-RP,ARPP19,5,5,6.8,50,0.1
PE,Stabl-RP,BTK,5,5,6.8,50,0.1
PE,Stabl-RP,NTRK2,5,5,7.0,50,0.1
PE,Stabl-RP,NRCAM,5,5,7.2,50,0.1
PE,Stabl-RP,HSP90AA1.HSP90AB1,5,5,7.6,50,0.1
PE,Stabl-RP,COL18A1,4,4,4.5,50,0.08
PE,Stabl-RP,WIF1,4,4,6.25,50,0.08
PE,Stabl-RP,FAM3B,4,4,6.5,50,0.08
PE,Stabl-RP,KIF23,4,4,7.0,50,0.08
PE,Stabl-RP,HSP90AB1,4,4,8.0,50,0.08
PE,Stabl-RP,CXCL3.CXCL2,4,4,8.25,50,0.08
PE,Stabl-RP,PRSS3,3,3,1.3333333333333333,50,0.06
PE,Stabl-RP,CDNF,3,3,3.3333333333333335,50,0.06
PE,Stabl-RP,DDR2,3,3,3.3333333333333335,50,0.06
PE,Stabl-RP,POSTN,3,3,3.3333333333333335,50,0.06
PE,Stabl-RP,CFH,3,3,4.666666666666667,50,0.06
PE,Stabl-RP,AGRP,3,3,5.0,50,0.06
PE,Stabl-RP,GPD1,3,3,5.0,50,0.06
PE,Stabl-RP,FGF19,3,3,5.666666666666667,50,0.06
PE,Stabl-RP,SUMO3,3,3,5.666666666666667,50,0.06
PE,Stabl-RP,PRDX6,3,3,6.0,50,0.06
PE,Stabl-RP,SMOC1,3,3,6.333333333333333,50,0.06
PE,Stabl-RP,ATP5O,3,3,7.333333333333333,50,0.06
PE,Stabl-RP,FGF6,3,3,7.333333333333333,50,0.06
PE,Stabl-RP,CD47,3,3,8.0,50,0.06
PE,Stabl-RP,PRSS22,3,3,8.0,50,0.06
PE,Stabl-RP,UNC5D,3,3,8.666666666666666,50,0.06
PE,Stabl-RP,TPM4,2,2,4.5,50,0.04
PE,Stabl-RP,NME2,2,2,5.0,50,0.04
PE,Stabl-RP,CD55,2,2,6.0,50,0.04
PE,Stabl-RP,DPT,2,2,6.0,50,0.04
PE,Stabl-RP,LAYN,2,2,6.0,50,0.04
PE,Stabl-RP,PES1,2,2,6.0,50,0.04
PE,Stabl-RP,SELE,2,2,6.5,50,0.04
PE,Stabl-RP,SERPINA4,2,2,6.5,50,0.04
PE,Stabl-RP,EFNA3,2,2,7.0,50,0.04
PE,Stabl-RP,YWHAQ,2,2,7.0,50,0.04
PE,Stabl-RP,CD226,2,2,8.5,50,0.04
PE,Stabl-RP,EGFR,2,2,8.5,50,0.04
PE,Stabl-RP,MAPKAPK2,2,2,9.0,50,0.04
PE,Stabl-RP,ICAM5,1,1,1.0,50,0.02
PE,Stabl-RP,LILRB2,1,1,1.0,50,0.02
PE,Stabl-RP,SIGLEC9,1,1,2.0,50,0.02
PE,Stabl-RP,HSPD1,1,1,3.0,50,0.02
PE,Stabl-RP,IGHD..IGK..IGL.,1,1,3.0,50,0.02
PE,Stabl-RP,IGHE.IGK..IGL.,1,1,3.0,50,0.02
PE,Stabl-RP,YWHAZ,1,1,3.0,50,0.02
PE,Stabl-RP,CASP3,1,1,4.0,50,0.02
PE,Stabl-RP,CHST2,1,1,4.0,50,0.02
PE,Stabl-RP,COL23A1,1,1,4.0,50,0.02
PE,Stabl-RP,NAGK,1,1,4.0,50,0.02
PE,Stabl-RP,P4HB,1,1,4.0,50,0.02
PE,Stabl-RP,SAA1,1,1,4.0,50,0.02
PE,Stabl-RP,EPHB6,1,1,5.0,50,0.02
PE,Stabl-RP,GSK3A.GSK3B,1,1,5.0,50,0.02
PE,Stabl-RP,JAG1,1,1,5.0,50,0.02
PE,Stabl-RP,KIT,1,1,5.0,50,0.02
PE,Stabl-RP,LSAMP,1,1,5.0,50,0.02
PE,Stabl-RP,MDH1,1,1,5.0,50,0.02
PE,Stabl-RP,MET,1,1,5.0,50,0.02
PE,Stabl-RP,NOG,1,1,5.0,50,0.02
PE,Stabl-RP,PLA2G7,1,1,5.0,50,0.02
PE,Stabl-RP,TGFBR2,1,1,5.0,50,0.02
PE,Stabl-RP,CNTN2,1,1,6.0,50,0.02
PE,Stabl-RP,GCG,1,1,6.0,50,0.02
PE,Stabl-RP,GRB2,1,1,6.0,50,0.02
PE,Stabl-RP,SEMA5A,1,1,6.0,50,0.02
PE,Stabl-RP,TIMP1,1,1,6.0,50,0.02
PE,Stabl-RP,AGR2,1,1,7.0,50,0.02
PE,Stabl-RP,ARID3A,1,1,7.0,50,0.02
PE,Stabl-RP,HBEGF,1,1,7.0,50,0.02
PE,Stabl-RP,LDLR,1,1,7.0,50,0.02
PE,Stabl-RP,STAT6,1,1,7.0,50,0.02
PE,Stabl-RP,CD40LG,1,1,8.0,50,0.02
PE,Stabl-RP,CNTN5,1,1,8.0,50,0.02
PE,Stabl-RP,PLAT,1,1,8.0,50,0.02
PE,Stabl-RP,PPIF,1,1,8.0,50,0.02
PE,Stabl-RP,C3.5,1,1,9.0,50,0.02
PE,Stabl-RP,CAMKK1,1,1,9.0,50,0.02
PE,Stabl-RP,ESM1,1,1,9.0,50,0.02
PE,Stabl-RP,GPC5,1,1,9.0,50,0.02
PE,Stabl-RP,HPGD,1,1,9.0,50,0.02
PE,Stabl-RP,PPP3R1,1,1,9.0,50,0.02
PE,Stabl-RP,PSME1,1,1,9.0,50,0.02
PE,Stabl-RP,BCAN,1,1,10.0,50,0.02
PE,Stabl-RP,CXCL1,1,1,10.0,50,0.02
PE,Stabl-RP,Human.virus.1,1,1,10.0,50,0.02
PE,Stabl-RP,IL6,1,1,10.0,50,0.02
PE,Stabl-RP,RPS6KA5,1,1,10.0,50,0.02
PE,Stabl-RP,SEMA3E,1,1,10.0,50,0.02
PE,glmmLasso,LEP,146,50,2.5136986301369864,50,1.0
PE,glmmLasso,CCL23.1,162,50,2.740740740740741,50,1.0
PE,glmmLasso,SPARCL1,181,50,3.7679558011049723,50,1.0
PE,glmmLasso,APOB,125,50,5.248,50,1.0
PE,glmmLasso,TXNDC12,114,49,3.745614035087719,50,0.98
PE,glmmLasso,IL1RAP,84,49,5.380952380952381,50,0.98
PE,glmmLasso,IL24,73,46,3.452054794520548,50,0.92
PE,glmmLasso,FAM3D,43,43,1.186046511627907,50,0.86
PE,glmmLasso,GDF2,60,43,6.266666666666667,50,0.86
PE,glmmLasso,SELL,48,38,3.4375,50,0.76
PE,glmmLasso,ADIPOQ,45,37,6.022222222222222,50,0.74
PE,glmmLasso,PRSS1,50,36,4.48,50,0.72
PE,glmmLasso,PRSS2,42,34,3.7142857142857144,50,0.68
PE,glmmLasso,THPO,40,33,6.5,50,0.66
PE,glmmLasso,WFIKKN2,33,30,7.454545454545454,50,0.6
PE,glmmLasso,LTA.LTB.1,40,28,6.725,50,0.56
PE,glmmLasso,NRXN3,27,26,6.481481481481482,50,0.52
PE,glmmLasso,FUT5,25,24,3.68,50,0.48
PE,glmmLasso,ROR1,25,24,6.56,50,0.48
PE,glmmLasso,COLEC12,27,24,7.185185185185185,50,0.48
PE,glmmLasso,CPE,26,22,8.26923076923077,50,0.44
PE,glmmLasso,SOD2,26,21,7.653846153846154,50,0.42
PE,glmmLasso,LEPR,23,21,7.695652173913044,50,0.42
PE,glmmLasso,CNTN4,21,21,8.095238095238095,50,0.42
PE,glmmLasso,TNFRSF21,21,20,5.619047619047619,50,0.4
PE,glmmLasso,IGF1R,20,19,5.85,50,0.38
PE,glmmLasso,HSPB1,19,19,6.842105263157895,50,0.38
PE,glmmLasso,IL9,17,17,4.588235294117647,50,0.34
PE,glmmLasso,NOTCH1,15,15,5.266666666666667,50,0.3
PE,glmmLasso,CNTFR,17,15,8.058823529411764,50,0.3
PE,glmmLasso,AGER,14,14,5.571428571428571,50,0.28
PE,glmmLasso,NEGR1,15,14,7.0,50,0.28
PE,glmmLasso,GDF11.MSTN,12,12,2.5833333333333335,50,0.24
PE,glmmLasso,EDA,12,12,6.25,50,0.24
PE,glmmLasso,DHH,12,12,7.083333333333333,50,0.24
PE,glmmLasso,XPNPEP1,12,12,7.25,50,0.24
PE,glmmLasso,NCAM1,13,12,8.615384615384615,50,0.24
PE,glmmLasso,SELE,11,11,4.454545454545454,50,0.22
PE,glmmLasso,SEMA5A,11,11,5.2727272727272725,50,0.22
PE,glmmLasso,PYY,10,10,5.1,50,0.2
PE,glmmLasso,NRCAM,10,10,8.8,50,0.2
PE,glmmLasso,C3,9,9,7.777777777777778,50,0.18
PE,glmmLasso,FSTL1,9,9,9.11111111111111,50,0.18
PE,glmmLasso,NOG,7,7,4.142857142857143,50,0.14
PE,glmmLasso,CFH,7,7,6.0,50,0.14
PE,glmmLasso,TNFAIP6,7,7,6.285714285714286,50,0.14
PE,glmmLasso,PIANP,8,7,8.5,50,0.14
PE,glmmLasso,APOM,6,6,7.166666666666667,50,0.12
PE,glmmLasso,FAM3B,5,5,4.6,50,0.1
PE,glmmLasso,MAPK12,5,5,5.6,50,0.1
PE,glmmLasso,EGFR,5,5,6.0,50,0.1
PE,glmmLasso,RAD51,5,5,7.0,50,0.1
PE,glmmLasso,AGR2,5,5,8.0,50,0.1
PE,glmmLasso,CCL23,5,5,8.0,50,0.1
PE,glmmLasso,LILRB2,4,4,3.5,50,0.08
PE,glmmLasso,ULBP1,4,4,3.75,50,0.08
PE,glmmLasso,PAK3,4,4,4.0,50,0.08
PE,glmmLasso,NTRK2,4,4,5.0,50,0.08
PE,glmmLasso,CD226,4,4,7.75,50,0.08
PE,glmmLasso,EFNA3,4,4,7.75,50,0.08
PE,glmmLasso,WIF1,4,4,8.0,50,0.08
PE,glmmLasso,DDR2,3,3,5.0,50,0.06
PE,glmmLasso,PRSS3,3,3,6.0,50,0.06
PE,glmmLasso,SMOC1,3,3,6.0,50,0.06
PE,glmmLasso,MED1,3,3,7.666666666666667,50,0.06
PE,glmmLasso,HAPLN1,3,3,8.0,50,0.06
PE,glmmLasso,CHGA,3,3,8.333333333333334,50,0.06
PE,glmmLasso,DPT,3,3,8.666666666666666,50,0.06
PE,glmmLasso,AKR1A1,3,3,9.666666666666666,50,0.06
PE,glmmLasso,CXCL10,2,2,1.0,50,0.04
PE,glmmLasso,MICB,2,2,2.0,50,0.04
PE,glmmLasso,IGHE.IGK..IGL.,2,2,3.0,50,0.04
PE,glmmLasso,COL18A1,2,2,3.5,50,0.04
PE,glmmLasso,MSN,2,2,3.5,50,0.04
PE,glmmLasso,CFB,2,2,4.5,50,0.04
PE,glmmLasso,LDLR,2,2,4.5,50,0.04
PE,glmmLasso,SAA1,2,2,5.0,50,0.04
PE,glmmLasso,ARPP19,2,2,6.0,50,0.04
PE,glmmLasso,KIT,2,2,6.5,50,0.04
PE,glmmLasso,LAYN,2,2,6.5,50,0.04
PE,glmmLasso,IL1R2,2,2,7.0,50,0.04
PE,glmmLasso,UNC5D,2,2,8.5,50,0.04
PE,glmmLasso,LCORL,2,2,9.0,50,0.04
PE,glmmLasso,GSTA3,1,1,1.0,50,0.02
PE,glmmLasso,IGHD..IGK..IGL.,1,1,1.0,50,0.02
PE,glmmLasso,FSTL3,1,1,2.0,50,0.02
PE,glmmLasso,CCL19,1,1,3.0,50,0.02
PE,glmmLasso,AGRP,1,1,4.0,50,0.02
PE,glmmLasso,LSAMP,1,1,4.0,50,0.02
PE,glmmLasso,EPHB6,1,1,6.0,50,0.02
PE,glmmLasso,MET,1,1,6.0,50,0.02
PE,glmmLasso,TLR4.LY96,1,1,6.0,50,0.02
PE,glmmLasso,F3,1,1,7.0,50,0.02
PE,glmmLasso,BCAN,1,1,8.0,50,0.02
PE,glmmLasso,CD207,1,1,8.0,50,0.02
PE,glmmLasso,CD55,1,1,8.0,50,0.02
PE,glmmLasso,CFP,1,1,8.0,50,0.02
PE,glmmLasso,F10.1,1,1,8.0,50,0.02
PE,glmmLasso,GCG,1,1,8.0,50,0.02
PE,glmmLasso,IL6ST,1,1,8.0,50,0.02
PE,glmmLasso,JAG1,1,1,8.0,50,0.02
PE,glmmLasso,POSTN,1,1,8.0,50,0.02
PE,glmmLasso,TIMP1,1,1,8.0,50,0.02
PE,glmmLasso,CXCL3.CXCL2,1,1,9.0,50,0.02
PE,glmmLasso,ESM1,1,1,9.0,50,0.02
PE,glmmLasso,F10,1,1,9.0,50,0.02
PE,glmmLasso,IL6,1,1,9.0,50,0.02
PE,glmmLasso,IL6R,1,1,9.0,50,0.02
PE,glmmLasso,LGALS9,1,1,9.0,50,0.02
PE,glmmLasso,MMP2,1,1,9.0,50,0.02
PE,glmmLasso,SERPINA4,1,1,9.0,50,0.02
PE,glmmLasso,GPC5,1,1,10.0,50,0.02
PE,glmmLasso,HS6ST1,1,1,10.0,50,0.02
PE,glmmLasso,IL36A,1,1,10.0,50,0.02
PE,glmmLasso,SIGLEC14,1,1,10.0,50,0.02
PE,glmmLasso,SPON1,1,1,10.0,50,0.02
PE,mRMR,SPARCL1,221,50,2.3574660633484164,50,1.0
PE,mRMR,IL1RAP,119,50,3.966386554621849,50,1.0
PE,mRMR,LEP,129,50,3.992248062015504,50,1.0
PE,mRMR,CCL23.1,130,50,3.9923076923076923,50,1.0
PE,mRMR,CPE,110,50,4.5181818181818185,50,1.0
PE,mRMR,NRXN3,51,47,2.8627450980392157,50,0.94
PE,mRMR,TXNDC12,77,47,4.805194805194805,50,0.94
PE,mRMR,APOB,74,45,6.297297297297297,50,0.9
PE,mRMR,IL24,64,43,4.984375,50,0.86
PE,mRMR,GDF2,63,43,5.682539682539683,50,0.86
PE,mRMR,FAM3D,40,40,3.35,50,0.8
PE,mRMR,LTA.LTB.1,56,40,5.357142857142857,50,0.8
PE,mRMR,SOD2,52,39,5.346153846153846,50,0.78
PE,mRMR,ADIPOQ,47,39,5.404255319148936,50,0.78
PE,mRMR,PRSS1,57,38,4.614035087719298,50,0.76
PE,mRMR,WFIKKN2,45,38,5.844444444444444,50,0.76
PE,mRMR,COLEC12,53,37,5.811320754716981,50,0.74
PE,mRMR,LEPR,43,35,5.558139534883721,50,0.7
PE,mRMR,PRSS2,38,30,6.105263157894737,50,0.6
PE,mRMR,SELL,28,26,5.785714285714286,50,0.52
PE,mRMR,PIANP,20,20,5.35,50,0.4
PE,mRMR,IGF1R,20,19,6.35,50,0.38
PE,mRMR,FUT5,18,17,5.666666666666667,50,0.34
PE,mRMR,XPNPEP1,16,16,7.5,50,0.32
PE,mRMR,AGER,14,14,5.214285714285714,50,0.28
PE,mRMR,TNFRSF21,15,14,6.333333333333333,50,0.28
PE,mRMR,SELE,13,13,6.461538461538462,50,0.26
PE,mRMR,ROR1,12,12,5.833333333333333,50,0.24
PE,mRMR,APOM,12,11,4.916666666666667,50,0.22
PE,mRMR,PYY,11,11,6.0,50,0.22
PE,mRMR,CNTN4,11,10,8.0,50,0.2
PE,mRMR,C3,10,10,8.5,50,0.2
PE,mRMR,THPO,9,9,8.555555555555555,50,0.18
PE,mRMR,TNFAIP6,8,8,5.125,50,0.16
PE,mRMR,FAM3B,7,7,6.142857142857143,50,0.14
PE,mRMR,WIF1,7,7,7.142857142857143,50,0.14
PE,mRMR,NCAM1,7,7,7.428571428571429,50,0.14
PE,mRMR,GDF11.MSTN,6,6,5.833333333333333,50,0.12
PE,mRMR,ULBP1,8,6,6.0,50,0.12
PE,mRMR,CFH,6,6,6.166666666666667,50,0.12
PE,mRMR,MED1,5,5,4.4,50,0.1
PE,mRMR,CDNF,5,5,6.6,50,0.1
PE,mRMR,HSPB1,5,5,6.8,50,0.1
PE,mRMR,DPT,4,4,6.75,50,0.08
PE,mRMR,NOG,4,4,6.75,50,0.08
PE,mRMR,COL18A1,4,4,7.25,50,0.08
PE,mRMR,IL9,4,4,7.5,50,0.08
PE,mRMR,SIGLEC14,3,3,5.0,50,0.06
PE,mRMR,PRSS3,3,3,5.666666666666667,50,0.06
PE,mRMR,LILRB2,3,3,6.0,50,0.06
PE,mRMR,SPON1,3,3,6.0,50,0.06
PE,mRMR,FSTL1,3,3,6.333333333333333,50,0.06
PE,mRMR,SMOC1,3,3,6.333333333333333,50,0.06
PE,mRMR,AGRP,3,3,8.0,50,0.06
PE,mRMR,IL1R2,2,2,2.0,50,0.04
PE,mRMR,APCS,2,2,5.0,50,0.04
PE,mRMR,DDR2,2,2,5.0,50,0.04
PE,mRMR,GSTA3,2,2,5.0,50,0.04
PE,mRMR,AGR2,2,2,7.0,50,0.04
PE,mRMR,MSN,2,2,7.0,50,0.04
PE,mRMR,CD55,2,2,7.5,50,0.04
PE,mRMR,IGHE.IGK..IGL.,2,2,7.5,50,0.04
PE,mRMR,NRCAM,2,2,7.5,50,0.04
PE,mRMR,IGHD..IGK..IGL.,2,2,8.5,50,0.04
PE,mRMR,GRAP2,1,1,2.0,50,0.02
PE,mRMR,FGFR3,1,1,3.0,50,0.02
PE,mRMR,LAYN,1,1,3.0,50,0.02
PE,mRMR,MICB,1,1,3.0,50,0.02
PE,mRMR,EDA,1,1,4.0,50,0.02
PE,mRMR,SAA1,1,1,4.0,50,0.02
PE,mRMR,FSTL3,1,1,6.0,50,0.02
PE,mRMR,HIPK3,1,1,6.0,50,0.02
PE,mRMR,LILRB1,1,1,6.0,50,0.02
PE,mRMR,SERPINA4,1,1,6.0,50,0.02
PE,mRMR,EFNA3,1,1,7.0,50,0.02
PE,mRMR,EPHB2,1,1,7.0,50,0.02
PE,mRMR,IL36A,1,1,8.0,50,0.02
PE,mRMR,RGMB,1,1,8.0,50,0.02
PE,mRMR,SEMA5A,1,1,8.0,50,0.02
PE,mRMR,EPHB6,1,1,9.0,50,0.02
PE,mRMR,ARPP19,1,1,10.0,50,0.02
PE,mRMR,LGALS9,1,1,10.0,50,0.02
PE,mRMR,UNC5D,1,1,10.0,50,0.02
PE_LOPE_MATCHED,Boruta,IL24,114,49,3.56140350877193,50,0.98
PE_LOPE_MATCHED,Boruta,LEP,76,45,3.6447368421052633,50,0.9
PE_LOPE_MATCHED,Boruta,IGF1R,76,43,3.8157894736842106,50,0.86
PE_LOPE_MATCHED,Boruta,IL1RAP,64,41,4.796875,50,0.82
PE_LOPE_MATCHED,Boruta,CCL23.1,62,40,4.080645161290323,50,0.8
PE_LOPE_MATCHED,Boruta,CPE,53,40,4.528301886792453,50,0.8
PE_LOPE_MATCHED,Boruta,GDF2,47,39,3.851063829787234,50,0.78
PE_LOPE_MATCHED,Boruta,TXNDC12,56,39,4.785714285714286,50,0.78
PE_LOPE_MATCHED,Boruta,SPARCL1,52,37,3.75,50,0.74
PE_LOPE_MATCHED,Boruta,AGER,46,37,4.108695652173913,50,0.74
PE_LOPE_MATCHED,Boruta,WFIKKN2,52,34,4.6923076923076925,50,0.68
PE_LOPE_MATCHED,Boruta,GPNMB,43,34,4.6976744186046515,50,0.68
PE_LOPE_MATCHED,Boruta,MED1,44,33,4.5,50,0.66
PE_LOPE_MATCHED,Boruta,COLEC12,46,32,4.369565217391305,50,0.64
PE_LOPE_MATCHED,Boruta,SIGLEC9,27,25,4.333333333333333,50,0.5
PE_LOPE_MATCHED,Boruta,BCAN,31,24,5.129032258064516,50,0.48
PE_LOPE_MATCHED,Boruta,SEMA3E,25,22,5.52,50,0.44
PE_LOPE_MATCHED,Boruta,WIF1,22,21,4.090909090909091,50,0.42
PE_LOPE_MATCHED,Boruta,DPT,26,21,4.653846153846154,50,0.42
PE_LOPE_MATCHED,Boruta,FGF19,23,20,4.869565217391305,50,0.4
PE_LOPE_MATCHED,Boruta,MSN,21,19,4.095238095238095,50,0.38
PE_LOPE_MATCHED,Boruta,ULBP1,20,18,5.05,50,0.36
PE_LOPE_MATCHED,Boruta,SERPINA5,18,18,5.166666666666667,50,0.36
PE_LOPE_MATCHED,Boruta,LEPR,18,17,3.7777777777777777,50,0.34
PE_LOPE_MATCHED,Boruta,NRXN3,18,17,4.222222222222222,50,0.34
PE_LOPE_MATCHED,Boruta,ADIPOQ,19,17,4.473684210526316,50,0.34
PE_LOPE_MATCHED,Boruta,GPI,21,17,5.190476190476191,50,0.34
PE_LOPE_MATCHED,Boruta,XPNPEP1,19,17,5.7368421052631575,50,0.34
PE_LOPE_MATCHED,Boruta,TIMP2,18,17,6.277777777777778,50,0.34
PE_LOPE_MATCHED,Boruta,PRSS2,20,16,4.9,50,0.32
PE_LOPE_MATCHED,Boruta,LCORL,15,15,5.0,50,0.3
PE_LOPE_MATCHED,Boruta,F11,16,15,5.625,50,0.3
PE_LOPE_MATCHED,Boruta,C3,16,15,5.9375,50,0.3
PE_LOPE_MATCHED,Boruta,ICAM5,14,14,4.714285714285714,50,0.28
PE_LOPE_MATCHED,Boruta,IGHD..IGK..IGL.,14,13,4.214285714285714,50,0.26
PE_LOPE_MATCHED,Boruta,SELL,15,13,4.266666666666667,50,0.26
PE_LOPE_MATCHED,Boruta,NCAM1,16,13,5.0,50,0.26
PE_LOPE_MATCHED,Boruta,GOT1,14,13,5.5,50,0.26
PE_LOPE_MATCHED,Boruta,EPHA1,11,11,5.2727272727272725,50,0.22
PE_LOPE_MATCHED,Boruta,MMP2,11,11,5.454545454545454,50,0.22
PE_LOPE_MATCHED,Boruta,ROR1,13,11,5.538461538461538,50,0.22
PE_LOPE_MATCHED,Boruta,FUT5,10,10,3.8,50,0.2
PE_LOPE_MATCHED,Boruta,IGFBP2,10,10,4.7,50,0.2
PE_LOPE_MATCHED,Boruta,FGA.FGB.FGG.1,11,10,4.818181818181818,50,0.2
PE_LOPE_MATCHED,Boruta,EPHB6,10,10,5.7,50,0.2
PE_LOPE_MATCHED,Boruta,AKR1A1,11,10,6.909090909090909,50,0.2
PE_LOPE_MATCHED,Boruta,LYZ,9,9,3.2222222222222223,50,0.18
PE_LOPE_MATCHED,Boruta,PECAM1,9,9,5.666666666666667,50,0.18
PE_LOPE_MATCHED,Boruta,APCS,9,9,5.888888888888889,50,0.18
PE_LOPE_MATCHED,Boruta,DDR2,8,8,6.25,50,0.16
PE_LOPE_MATCHED,Boruta,SERPINA1,8,8,6.25,50,0.16
PE_LOPE_MATCHED,Boruta,LSAMP,8,8,6.5,50,0.16
PE_LOPE_MATCHED,Boruta,CSF2,9,8,6.777777777777778,50,0.16
PE_LOPE_MATCHED,Boruta,CCL19,7,7,3.4285714285714284,50,0.14
PE_LOPE_MATCHED,Boruta,ESAM,7,7,3.5714285714285716,50,0.14
PE_LOPE_MATCHED,Boruta,GSTA3,7,7,3.857142857142857,50,0.14
PE_LOPE_MATCHED,Boruta,NTRK2,7,7,4.0,50,0.14
PE_LOPE_MATCHED,Boruta,SAA1,7,7,4.0,50,0.14
PE_LOPE_MATCHED,Boruta,CXCL10,7,7,4.285714285714286,50,0.14
PE_LOPE_MATCHED,Boruta,IL19,7,7,4.857142857142857,50,0.14
PE_LOPE_MATCHED,Boruta,SPHK2,7,7,6.0,50,0.14
PE_LOPE_MATCHED,Boruta,CFP,8,7,6.75,50,0.14
PE_LOPE_MATCHED,Boruta,HIPK3,7,7,6.857142857142857,50,0.14
PE_LOPE_MATCHED,Boruta,SELE,6,6,4.333333333333333,50,0.12
PE_LOPE_MATCHED,Boruta,CD55,6,6,4.5,50,0.12
PE_LOPE_MATCHED,Boruta,SOD2,6,6,4.833333333333333,50,0.12
PE_LOPE_MATCHED,Boruta,TNFAIP6,6,6,5.166666666666667,50,0.12
PE_LOPE_MATCHED,Boruta,SIGLEC14,6,6,5.333333333333333,50,0.12
PE_LOPE_MATCHED,Boruta,CNTN5,6,6,6.0,50,0.12
PE_LOPE_MATCHED,Boruta,CCL23,6,5,2.5,50,0.1
PE_LOPE_MATCHED,Boruta,FRZB,5,5,3.0,50,0.1
PE_LOPE_MATCHED,Boruta,FSTL3,5,5,3.0,50,0.1
PE_LOPE_MATCHED,Boruta,ERAP1,5,5,3.8,50,0.1
PE_LOPE_MATCHED,Boruta,IGHE.IGK..IGL.,5,5,5.2,50,0.1
PE_LOPE_MATCHED,Boruta,CDH2,5,5,5.4,50,0.1
PE_LOPE_MATCHED,Boruta,COL18A1,5,5,5.4,50,0.1
PE_LOPE_MATCHED,Boruta,ESM1,5,5,5.4,50,0.1
PE_LOPE_MATCHED,Boruta,CFH,6,5,6.0,50,0.1
PE_LOPE_MATCHED,Boruta,UNC5D,5,5,6.4,50,0.1
PE_LOPE_MATCHED,Boruta,C1R,4,4,4.75,50,0.08
PE_LOPE_MATCHED,Boruta,HSP90AA1.HSP90AB1,4,4,4.75,50,0.08
PE_LOPE_MATCHED,Boruta,PKM2,4,4,4.75,50,0.08
PE_LOPE_MATCHED,Boruta,CD226,4,4,5.5,50,0.08
PE_LOPE_MATCHED,Boruta,CKB,4,4,6.25,50,0.08
PE_LOPE_MATCHED,Boruta,MAPK1,4,4,6.5,50,0.08
PE_LOPE_MATCHED,Boruta,HTRA2,4,4,6.75,50,0.08
PE_LOPE_MATCHED,Boruta,SPON1,3,3,1.6666666666666667,50,0.06
PE_LOPE_MATCHED,Boruta,PRSS1,3,3,2.6666666666666665,50,0.06
PE_LOPE_MATCHED,Boruta,HSPD1,3,3,3.3333333333333335,50,0.06
PE_LOPE_MATCHED,Boruta,FOLH1,3,3,5.0,50,0.06
PE_LOPE_MATCHED,Boruta,NAMPT,3,3,5.0,50,0.06
PE_LOPE_MATCHED,Boruta,APOB,3,3,5.333333333333333,50,0.06
PE_LOPE_MATCHED,Boruta,MAPK8,3,3,5.333333333333333,50,0.06
PE_LOPE_MATCHED,Boruta,C3.4,3,3,5.666666666666667,50,0.06
PE_LOPE_MATCHED,Boruta,CNTFR,3,3,5.666666666666667,50,0.06
PE_LOPE_MATCHED,Boruta,CHST2,3,3,6.0,50,0.06
PE_LOPE_MATCHED,Boruta,FAM107B,3,3,6.0,50,0.06
PE_LOPE_MATCHED,Boruta,BMP6,3,3,6.333333333333333,50,0.06
PE_LOPE_MATCHED,Boruta,CTSD,3,3,6.333333333333333,50,0.06
PE_LOPE_MATCHED,Boruta,PYY,4,3,6.5,50,0.06
PE_LOPE_MATCHED,Boruta,CCL15,3,3,7.0,50,0.06
PE_LOPE_MATCHED,Boruta,MAPKAPK2,3,3,7.333333333333333,50,0.06
PE_LOPE_MATCHED,Boruta,SPINT2,3,3,7.333333333333333,50,0.06
PE_LOPE_MATCHED,Boruta,MAPKAPK5,3,3,7.666666666666667,50,0.06
PE_LOPE_MATCHED,Boruta,ALCAM,3,3,8.0,50,0.06
PE_LOPE_MATCHED,Boruta,HAPLN1,2,2,3.5,50,0.04
PE_LOPE_MATCHED,Boruta,HGF,2,2,4.0,50,0.04
PE_LOPE_MATCHED,Boruta,KRAS,2,2,4.0,50,0.04
PE_LOPE_MATCHED,Boruta,JAG1,2,2,4.5,50,0.04
PE_LOPE_MATCHED,Boruta,CCL16,2,2,5.0,50,0.04
PE_LOPE_MATCHED,Boruta,HSD17B10,2,2,5.0,50,0.04
PE_LOPE_MATCHED,Boruta,PDE11A,2,2,5.0,50,0.04
PE_LOPE_MATCHED,Boruta,AGRP,2,2,5.5,50,0.04
PE_LOPE_MATCHED,Boruta,LAYN,2,2,5.5,50,0.04
PE_LOPE_MATCHED,Boruta,GP6,2,2,6.0,50,0.04
PE_LOPE_MATCHED,Boruta,MET,2,2,6.0,50,0.04
PE_LOPE_MATCHED,Boruta,BIRC3,2,2,6.5,50,0.04
PE_LOPE_MATCHED,Boruta,CNTN4,2,2,6.5,50,0.04
PE_LOPE_MATCHED,Boruta,MRC1,2,2,6.5,50,0.04
PE_LOPE_MATCHED,Boruta,AGR2,2,2,7.0,50,0.04
PE_LOPE_MATCHED,Boruta,DKKL1,2,2,7.0,50,0.04
PE_LOPE_MATCHED,Boruta,EIF4EBP2,2,2,7.0,50,0.04
PE_LOPE_MATCHED,Boruta,HIBADH,2,2,7.0,50,0.04
PE_LOPE_MATCHED,Boruta,TPT1,2,2,7.0,50,0.04
PE_LOPE_MATCHED,Boruta,FGF4,2,2,7.5,50,0.04
PE_LOPE_MATCHED,Boruta,PRSS3,2,2,7.5,50,0.04
PE_LOPE_MATCHED,Boruta,ABL1,2,2,9.0,50,0.04
PE_LOPE_MATCHED,Boruta,CALR,2,2,9.0,50,0.04
PE_LOPE_MATCHED,Boruta,PRSS22,2,2,9.0,50,0.04
PE_LOPE_MATCHED,Boruta,RTN4R,2,2,9.5,50,0.04
PE_LOPE_MATCHED,Boruta,CCL2,1,1,1.0,50,0.02
PE_LOPE_MATCHED,Boruta,PPIE,1,1,1.0,50,0.02
PE_LOPE_MATCHED,Boruta,SERPINE1,1,1,1.0,50,0.02
PE_LOPE_MATCHED,Boruta,IL6ST,1,1,2.0,50,0.02
PE_LOPE_MATCHED,Boruta,MAPK12,1,1,2.0,50,0.02
PE_LOPE_MATCHED,Boruta,PPID,1,1,2.0,50,0.02
PE_LOPE_MATCHED,Boruta,APOE.3,1,1,3.0,50,0.02
PE_LOPE_MATCHED,Boruta,BCL2L1,1,1,3.0,50,0.02
PE_LOPE_MATCHED,Boruta,F10,1,1,3.0,50,0.02
PE_LOPE_MATCHED,Boruta,METAP1,1,1,3.0,50,0.02
PE_LOPE_MATCHED,Boruta,PLAT,1,1,3.0,50,0.02
PE_LOPE_MATCHED,Boruta,YWHAB.YWHAE.YWHAG.YWHAH.YWHAQ.YWHAZ.SFN,1,1,3.0,50,0.02
PE_LOPE_MATCHED,Boruta,C3.5,1,1,4.0,50,0.02
PE_LOPE_MATCHED,Boruta,FASLG,1,1,4.0,50,0.02
PE_LOPE_MATCHED,Boruta,NMT1,1,1,4.0,50,0.02
PE_LOPE_MATCHED,Boruta,PAK3,1,1,4.0,50,0.02
PE_LOPE_MATCHED,Boruta,SERPINC1,1,1,4.0,50,0.02
PE_LOPE_MATCHED,Boruta,AKR7A2,1,1,5.0,50,0.02
PE_LOPE_MATCHED,Boruta,ANGPTL4,1,1,5.0,50,0.02
PE_LOPE_MATCHED,Boruta,GCG,1,1,5.0,50,0.02
PE_LOPE_MATCHED,Boruta,PPP3R1,1,1,5.0,50,0.02
PE_LOPE_MATCHED,Boruta,PRKCG,1,1,5.0,50,0.02
PE_LOPE_MATCHED,Boruta,RPS6KA3,1,1,5.0,50,0.02
PE_LOPE_MATCHED,Boruta,SHC1,1,1,5.0,50,0.02
PE_LOPE_MATCHED,Boruta,TG,1,1,5.0,50,0.02
PE_LOPE_MATCHED,Boruta,TNFRSF21,1,1,5.0,50,0.02
PE_LOPE_MATCHED,Boruta,CA10,1,1,6.0,50,0.02
PE_LOPE_MATCHED,Boruta,CD40LG,1,1,6.0,50,0.02
PE_LOPE_MATCHED,Boruta,HNRNPK,1,1,6.0,50,0.02
PE_LOPE_MATCHED,Boruta,LRRTM3,1,1,6.0,50,0.02
PE_LOPE_MATCHED,Boruta,UCHL1,1,1,6.0,50,0.02
PE_LOPE_MATCHED,Boruta,NME2,1,1,7.0,50,0.02
PE_LOPE_MATCHED,Boruta,PRKCD,1,1,7.0,50,0.02
PE_LOPE_MATCHED,Boruta,EDA,1,1,8.0,50,0.02
PE_LOPE_MATCHED,Boruta,HS6ST1,1,1,8.0,50,0.02
PE_LOPE_MATCHED,Boruta,PDCD1LG2,1,1,8.0,50,0.02
PE_LOPE_MATCHED,Boruta,CAPN1.CAPNS1,1,1,9.0,50,0.02
PE_LOPE_MATCHED,Boruta,ECE1,1,1,9.0,50,0.02
PE_LOPE_MATCHED,Boruta,GAS1,1,1,9.0,50,0.02
PE_LOPE_MATCHED,Boruta,GRAP2,1,1,9.0,50,0.02
PE_LOPE_MATCHED,Boruta,IL6R,1,1,9.0,50,0.02
PE_LOPE_MATCHED,Boruta,NRP1,1,1,9.0,50,0.02
PE_LOPE_MATCHED,Boruta,PPP3CA.PPP3R1,1,1,9.0,50,0.02
PE_LOPE_MATCHED,Boruta,STK16,1,1,9.0,50,0.02
PE_LOPE_MATCHED,Boruta,ADAMTS4,1,1,10.0,50,0.02
PE_LOPE_MATCHED,Boruta,C3.3,1,1,10.0,50,0.02
PE_LOPE_MATCHED,Boruta,CSK,1,1,10.0,50,0.02
PE_LOPE_MATCHED,Boruta,ENPP7,1,1,10.0,50,0.02
PE_LOPE_MATCHED,Boruta,FCGR1A,1,1,10.0,50,0.02
PE_LOPE_MATCHED,Boruta,FGG,1,1,10.0,50,0.02
PE_LOPE_MATCHED,Boruta,GPC5,1,1,10.0,50,0.02
PE_LOPE_MATCHED,Boruta,NUDCD3,1,1,10.0,50,0.02
PE_LOPE_MATCHED,Boruta,PRKAA2.PRKAB2.PRKAG1,1,1,10.0,50,0.02
PE_LOPE_MATCHED,ElasticNet,LEP,195,50,2.81025641025641,50,1.0
PE_LOPE_MATCHED,ElasticNet,IL24,123,50,3.2764227642276422,50,1.0
PE_LOPE_MATCHED,ElasticNet,IL1RAP,112,50,3.392857142857143,50,1.0
PE_LOPE_MATCHED,ElasticNet,ULBP1,78,47,4.0,50,0.94
PE_LOPE_MATCHED,ElasticNet,SELL,75,47,4.933333333333334,50,0.94
PE_LOPE_MATCHED,ElasticNet,GRAP2,76,46,4.394736842105263,50,0.92
PE_LOPE_MATCHED,ElasticNet,C3.4,78,44,4.82051282051282,50,0.88
PE_LOPE_MATCHED,ElasticNet,AGER,60,43,4.5,50,0.86
PE_LOPE_MATCHED,ElasticNet,TXNDC12,59,42,4.779661016949152,50,0.84
PE_LOPE_MATCHED,ElasticNet,LYZ,54,41,5.666666666666667,50,0.82
PE_LOPE_MATCHED,ElasticNet,CSF2,49,39,4.959183673469388,50,0.78
PE_LOPE_MATCHED,ElasticNet,CCL23.1,45,37,4.355555555555555,50,0.74
PE_LOPE_MATCHED,ElasticNet,SELE,45,36,5.044444444444444,50,0.72
PE_LOPE_MATCHED,ElasticNet,ADIPOQ,40,34,4.475,50,0.68
PE_LOPE_MATCHED,ElasticNet,F11,32,28,5.75,50,0.56
PE_LOPE_MATCHED,ElasticNet,HIPK3,30,27,5.4,50,0.54
PE_LOPE_MATCHED,ElasticNet,IGHD..IGK..IGL.,32,25,4.5625,50,0.5
PE_LOPE_MATCHED,ElasticNet,CXCL10,26,25,6.346153846153846,50,0.5
PE_LOPE_MATCHED,ElasticNet,PRSS2,24,24,5.166666666666667,50,0.48
PE_LOPE_MATCHED,ElasticNet,COLEC12,24,24,5.541666666666667,50,0.48
PE_LOPE_MATCHED,ElasticNet,LEPR,31,23,6.064516129032258,50,0.46
PE_LOPE_MATCHED,ElasticNet,GDF2,23,22,4.565217391304348,50,0.44
PE_LOPE_MATCHED,ElasticNet,TIMP2,22,22,5.2272727272727275,50,0.44
PE_LOPE_MATCHED,ElasticNet,IGHE.IGK..IGL.,25,21,3.92,50,0.42
PE_LOPE_MATCHED,ElasticNet,CKB,21,20,3.9047619047619047,50,0.4
PE_LOPE_MATCHED,ElasticNet,SPARCL1,19,19,5.2105263157894735,50,0.38
PE_LOPE_MATCHED,ElasticNet,SPHK2,21,19,6.190476190476191,50,0.38
PE_LOPE_MATCHED,ElasticNet,FUT5,18,18,6.5,50,0.36
PE_LOPE_MATCHED,ElasticNet,APCS,18,17,6.666666666666667,50,0.34
PE_LOPE_MATCHED,ElasticNet,HBA1.HBB,16,16,7.6875,50,0.32
PE_LOPE_MATCHED,ElasticNet,XPNPEP1,15,15,7.066666666666666,50,0.3
PE_LOPE_MATCHED,ElasticNet,C3,14,14,6.357142857142857,50,0.28
PE_LOPE_MATCHED,ElasticNet,HAPLN1,13,13,4.461538461538462,50,0.26
PE_LOPE_MATCHED,ElasticNet,ESAM,13,13,5.0,50,0.26
PE_LOPE_MATCHED,ElasticNet,PYY,14,13,5.285714285714286,50,0.26
PE_LOPE_MATCHED,ElasticNet,MSN,12,12,5.0,50,0.24
PE_LOPE_MATCHED,ElasticNet,FGF19,12,12,5.75,50,0.24
PE_LOPE_MATCHED,ElasticNet,IGFBP2,11,11,5.454545454545454,50,0.22
PE_LOPE_MATCHED,ElasticNet,PES1,11,11,7.0,50,0.22
PE_LOPE_MATCHED,ElasticNet,MAPK8,11,11,7.636363636363637,50,0.22
PE_LOPE_MATCHED,ElasticNet,CCL23,13,11,8.0,50,0.22
PE_LOPE_MATCHED,ElasticNet,SEMA3E,10,10,5.3,50,0.2
PE_LOPE_MATCHED,ElasticNet,NAMPT,10,10,5.5,50,0.2
PE_LOPE_MATCHED,ElasticNet,SIGLEC9,9,9,4.0,50,0.18
PE_LOPE_MATCHED,ElasticNet,GOT1,9,9,5.888888888888889,50,0.18
PE_LOPE_MATCHED,ElasticNet,DPT,8,8,2.875,50,0.16
PE_LOPE_MATCHED,ElasticNet,MAPKAPK5,7,7,5.142857142857143,50,0.14
PE_LOPE_MATCHED,ElasticNet,FCGR1A,7,7,5.428571428571429,50,0.14
PE_LOPE_MATCHED,ElasticNet,CFH,7,7,5.714285714285714,50,0.14
PE_LOPE_MATCHED,ElasticNet,ICAM5,7,7,6.0,50,0.14
PE_LOPE_MATCHED,ElasticNet,ECE1,6,6,6.666666666666667,50,0.12
PE_LOPE_MATCHED,ElasticNet,CCL19,5,5,4.2,50,0.1
PE_LOPE_MATCHED,ElasticNet,PRSS1,5,5,4.8,50,0.1
PE_LOPE_MATCHED,ElasticNet,CHEK2,5,5,6.4,50,0.1
PE_LOPE_MATCHED,ElasticNet,MRC1,5,5,6.6,50,0.1
PE_LOPE_MATCHED,ElasticNet,GPNMB,5,5,7.4,50,0.1
PE_LOPE_MATCHED,ElasticNet,CCL2,5,5,8.8,50,0.1
PE_LOPE_MATCHED,ElasticNet,FGF10,4,4,2.75,50,0.08
PE_LOPE_MATCHED,ElasticNet,BIRC3,4,4,5.75,50,0.08
PE_LOPE_MATCHED,ElasticNet,GSTA3,5,4,6.8,50,0.08
PE_LOPE_MATCHED,ElasticNet,DDR2,4,4,7.75,50,0.08
PE_LOPE_MATCHED,ElasticNet,NRXN3,3,3,4.333333333333333,50,0.06
PE_LOPE_MATCHED,ElasticNet,PLAT,3,3,4.666666666666667,50,0.06
PE_LOPE_MATCHED,ElasticNet,FGFR3,3,3,7.333333333333333,50,0.06
PE_LOPE_MATCHED,ElasticNet,INS,3,3,7.666666666666667,50,0.06
PE_LOPE_MATCHED,ElasticNet,APOB,3,3,8.0,50,0.06
PE_LOPE_MATCHED,ElasticNet,FGF5,2,2,4.5,50,0.04
PE_LOPE_MATCHED,ElasticNet,MED1,2,2,4.5,50,0.04
PE_LOPE_MATCHED,ElasticNet,EPHA1,2,2,5.5,50,0.04
PE_LOPE_MATCHED,ElasticNet,EHMT2,2,2,6.0,50,0.04
PE_LOPE_MATCHED,ElasticNet,RTN4R,2,2,6.0,50,0.04
PE_LOPE_MATCHED,ElasticNet,EEF1B2,2,2,6.5,50,0.04
PE_LOPE_MATCHED,ElasticNet,KLKB1,2,2,8.5,50,0.04
PE_LOPE_MATCHED,ElasticNet,FAM107B,2,2,9.0,50,0.04
PE_LOPE_MATCHED,ElasticNet,PRSS22,2,2,9.0,50,0.04
PE_LOPE_MATCHED,ElasticNet,FGF17,1,1,2.0,50,0.02
PE_LOPE_MATCHED,ElasticNet,LILRB1,1,1,3.0,50,0.02
PE_LOPE_MATCHED,ElasticNet,FCN3,1,1,4.0,50,0.02
PE_LOPE_MATCHED,ElasticNet,GPC5,1,1,4.0,50,0.02
PE_LOPE_MATCHED,ElasticNet,SERPINA5,1,1,4.0,50,0.02
PE_LOPE_MATCHED,ElasticNet,SLAMF7,1,1,4.0,50,0.02
PE_LOPE_MATCHED,ElasticNet,PLG,1,1,5.0,50,0.02
PE_LOPE_MATCHED,ElasticNet,EIF4EBP2,1,1,6.0,50,0.02
PE_LOPE_MATCHED,ElasticNet,FTH1.FTL,1,1,6.0,50,0.02
PE_LOPE_MATCHED,ElasticNet,ANGPT2,1,1,7.0,50,0.02
PE_LOPE_MATCHED,ElasticNet,FOLH1,1,1,7.0,50,0.02
PE_LOPE_MATCHED,ElasticNet,LCN2,1,1,7.0,50,0.02
PE_LOPE_MATCHED,ElasticNet,C3.2,1,1,8.0,50,0.02
PE_LOPE_MATCHED,ElasticNet,CCL16,1,1,8.0,50,0.02
PE_LOPE_MATCHED,ElasticNet,CPE,1,1,8.0,50,0.02
PE_LOPE_MATCHED,ElasticNet,IL22RA1,1,1,8.0,50,0.02
PE_LOPE_MATCHED,ElasticNet,LAG3,1,1,8.0,50,0.02
PE_LOPE_MATCHED,ElasticNet,RETN,1,1,8.0,50,0.02
PE_LOPE_MATCHED,ElasticNet,SPINT2,1,1,8.0,50,0.02
PE_LOPE_MATCHED,ElasticNet,BMP7,1,1,9.0,50,0.02
PE_LOPE_MATCHED,ElasticNet,CCL3,1,1,9.0,50,0.02
PE_LOPE_MATCHED,ElasticNet,CTSD,1,1,9.0,50,0.02
PE_LOPE_MATCHED,ElasticNet,ESM1,1,1,9.0,50,0.02
PE_LOPE_MATCHED,ElasticNet,FGA.FGB.FGG.1,1,1,9.0,50,0.02
PE_LOPE_MATCHED,ElasticNet,JAG1,1,1,9.0,50,0.02
PE_LOPE_MATCHED,ElasticNet,TNFAIP6,1,1,9.0,50,0.02
PE_LOPE_MATCHED,ElasticNet,CFP,1,1,10.0,50,0.02
PE_LOPE_MATCHED,ElasticNet,HNRNPK,1,1,10.0,50,0.02
PE_LOPE_MATCHED,ElasticNet,Human.virus.2,1,1,10.0,50,0.02
PE_LOPE_MATCHED,ElasticNet,IGF1R,1,1,10.0,50,0.02
PE_LOPE_MATCHED,ElasticNet,LGALS3,1,1,10.0,50,0.02
PE_LOPE_MATCHED,ElasticNet,NAAA,1,1,10.0,50,0.02
PE_LOPE_MATCHED,ElasticNet,NCAM1,1,1,10.0,50,0.02
PE_LOPE_MATCHED,ElasticNet,NOG,1,1,10.0,50,0.02
PE_LOPE_MATCHED,ElasticNet,ROR1,1,1,10.0,50,0.02
PE_LOPE_MATCHED,ElasticNet,SAA1,1,1,10.0,50,0.02
PE_LOPE_MATCHED,LLSS,XPNPEP1,177,50,2.824858757062147,50,1.0
PE_LOPE_MATCHED,LLSS,IL24,152,50,3.125,50,1.0
PE_LOPE_MATCHED,LLSS,IGF1R,114,50,3.526315789473684,50,1.0
PE_LOPE_MATCHED,LLSS,SPARCL1,159,50,3.729559748427673,50,1.0
PE_LOPE_MATCHED,LLSS,LEP,102,50,4.519607843137255,50,1.0
PE_LOPE_MATCHED,LLSS,GPT,102,49,4.333333333333333,50,0.98
PE_LOPE_MATCHED,LLSS,AKR1A1,114,48,4.473684210526316,50,0.96
PE_LOPE_MATCHED,LLSS,MED1,79,47,4.6075949367088604,50,0.94
PE_LOPE_MATCHED,LLSS,CCL23.1,42,38,4.690476190476191,50,0.76
PE_LOPE_MATCHED,LLSS,CPE,39,35,5.384615384615385,50,0.7
PE_LOPE_MATCHED,LLSS,COLEC12,32,30,5.5,50,0.6
PE_LOPE_MATCHED,LLSS,WIF1,28,26,4.892857142857143,50,0.52
PE_LOPE_MATCHED,LLSS,IL1RAP,23,23,5.260869565217392,50,0.46
PE_LOPE_MATCHED,LLSS,GPNMB,22,21,3.272727272727273,50,0.42
PE_LOPE_MATCHED,LLSS,CTSD,22,21,5.181818181818182,50,0.42
PE_LOPE_MATCHED,LLSS,C3.4,21,21,6.666666666666667,50,0.42
PE_LOPE_MATCHED,LLSS,MAPK8,23,21,7.086956521739131,50,0.42
PE_LOPE_MATCHED,LLSS,MSN,21,20,4.571428571428571,50,0.4
PE_LOPE_MATCHED,LLSS,NRXN3,19,19,4.7894736842105265,50,0.38
PE_LOPE_MATCHED,LLSS,C3,19,18,4.947368421052632,50,0.36
PE_LOPE_MATCHED,LLSS,POR,19,17,7.052631578947368,50,0.34
PE_LOPE_MATCHED,LLSS,NMT1,17,16,5.823529411764706,50,0.32
PE_LOPE_MATCHED,LLSS,GDF2,16,15,5.75,50,0.3
PE_LOPE_MATCHED,LLSS,PRSS22,14,14,4.714285714285714,50,0.28
PE_LOPE_MATCHED,LLSS,FSTL3,14,14,4.857142857142857,50,0.28
PE_LOPE_MATCHED,LLSS,MAPKAPK2,15,14,7.466666666666667,50,0.28
PE_LOPE_MATCHED,LLSS,NTRK2,13,13,4.846153846153846,50,0.26
PE_LOPE_MATCHED,LLSS,AGER,14,13,5.428571428571429,50,0.26
PE_LOPE_MATCHED,LLSS,BCAN,13,13,6.769230769230769,50,0.26
PE_LOPE_MATCHED,LLSS,COL18A1,12,12,5.333333333333333,50,0.24
PE_LOPE_MATCHED,LLSS,SERPINA5,12,12,6.75,50,0.24
PE_LOPE_MATCHED,LLSS,SST,12,12,6.916666666666667,50,0.24
PE_LOPE_MATCHED,LLSS,WFIKKN2,11,11,7.363636363636363,50,0.22
PE_LOPE_MATCHED,LLSS,APCS,11,10,6.0,50,0.2
PE_LOPE_MATCHED,LLSS,PRKCD,10,10,6.0,50,0.2
PE_LOPE_MATCHED,LLSS,LEPR,11,10,7.090909090909091,50,0.2
PE_LOPE_MATCHED,LLSS,SELL,9,9,5.888888888888889,50,0.18
PE_LOPE_MATCHED,LLSS,CNTFR,9,9,6.111111111111111,50,0.18
PE_LOPE_MATCHED,LLSS,LSAMP,9,9,6.444444444444445,50,0.18
PE_LOPE_MATCHED,LLSS,FUT5,8,8,5.375,50,0.16
PE_LOPE_MATCHED,LLSS,GCG,8,8,6.0,50,0.16
PE_LOPE_MATCHED,LLSS,CCL23,7,7,5.714285714285714,50,0.14
PE_LOPE_MATCHED,LLSS,LYZ,7,7,6.285714285714286,50,0.14
PE_LOPE_MATCHED,LLSS,NCAM1,7,7,6.571428571428571,50,0.14
PE_LOPE_MATCHED,LLSS,SEMA3E,7,7,6.571428571428571,50,0.14
PE_LOPE_MATCHED,LLSS,HTRA2,7,7,7.857142857142857,50,0.14
PE_LOPE_MATCHED,LLSS,YWHAB.YWHAE.YWHAG.YWHAH.YWHAQ.YWHAZ.SFN,7,7,8.0,50,0.14
PE_LOPE_MATCHED,LLSS,METAP2,7,7,8.571428571428571,50,0.14
PE_LOPE_MATCHED,LLSS,DPT,6,6,3.8333333333333335,50,0.12
PE_LOPE_MATCHED,LLSS,NOTCH1,6,6,5.666666666666667,50,0.12
PE_LOPE_MATCHED,LLSS,APOB,6,6,6.833333333333333,50,0.12
PE_LOPE_MATCHED,LLSS,GPI,6,6,6.833333333333333,50,0.12
PE_LOPE_MATCHED,LLSS,TIMP2,6,6,7.833333333333333,50,0.12
PE_LOPE_MATCHED,LLSS,GP6,6,6,8.5,50,0.12
PE_LOPE_MATCHED,LLSS,HAPLN1,5,5,4.6,50,0.1
PE_LOPE_MATCHED,LLSS,FGF19,5,5,6.0,50,0.1
PE_LOPE_MATCHED,LLSS,CFH,5,5,6.2,50,0.1
PE_LOPE_MATCHED,LLSS,CLIC1,4,4,5.5,50,0.08
PE_LOPE_MATCHED,LLSS,LCORL,4,4,6.5,50,0.08
PE_LOPE_MATCHED,LLSS,ICAM5,4,4,7.25,50,0.08
PE_LOPE_MATCHED,LLSS,ESAM,3,3,3.6666666666666665,50,0.06
PE_LOPE_MATCHED,LLSS,JAG1,3,3,5.0,50,0.06
PE_LOPE_MATCHED,LLSS,TNFAIP6,3,3,5.333333333333333,50,0.06
PE_LOPE_MATCHED,LLSS,PRSS2,3,3,5.666666666666667,50,0.06
PE_LOPE_MATCHED,LLSS,ADIPOQ,3,3,6.0,50,0.06
PE_LOPE_MATCHED,LLSS,EPHA1,3,3,6.666666666666667,50,0.06
PE_LOPE_MATCHED,LLSS,GOT1,3,3,7.0,50,0.06
PE_LOPE_MATCHED,LLSS,ESM1,3,3,7.666666666666667,50,0.06
PE_LOPE_MATCHED,LLSS,PKM2,3,3,8.0,50,0.06
PE_LOPE_MATCHED,LLSS,SPHK2,3,3,8.0,50,0.06
PE_LOPE_MATCHED,LLSS,DDR2,3,3,8.333333333333334,50,0.06
PE_LOPE_MATCHED,LLSS,CAPN1.CAPNS1,2,2,5.0,50,0.04
PE_LOPE_MATCHED,LLSS,MRC1,2,2,5.0,50,0.04
PE_LOPE_MATCHED,LLSS,EPHB6,2,2,5.5,50,0.04
PE_LOPE_MATCHED,LLSS,PPIA,2,2,7.0,50,0.04
PE_LOPE_MATCHED,LLSS,CD55,2,2,7.5,50,0.04
PE_LOPE_MATCHED,LLSS,CFP,2,2,7.5,50,0.04
PE_LOPE_MATCHED,LLSS,EEF1B2,2,2,8.0,50,0.04
PE_LOPE_MATCHED,LLSS,TXNDC12,2,2,8.5,50,0.04
PE_LOPE_MATCHED,LLSS,SERPINC1,2,2,10.0,50,0.04
PE_LOPE_MATCHED,LLSS,ERAP1,1,1,1.0,50,0.02
PE_LOPE_MATCHED,LLSS,CD40LG,1,1,2.0,50,0.02
PE_LOPE_MATCHED,LLSS,IGFBP2,1,1,2.0,50,0.02
PE_LOPE_MATCHED,LLSS,MAPK12,1,1,2.0,50,0.02
PE_LOPE_MATCHED,LLSS,TNFRSF21,1,1,2.0,50,0.02
PE_LOPE_MATCHED,LLSS,CHST2,1,1,4.0,50,0.02
PE_LOPE_MATCHED,LLSS,CNTN5,1,1,4.0,50,0.02
PE_LOPE_MATCHED,LLSS,CCDC80,1,1,5.0,50,0.02
PE_LOPE_MATCHED,LLSS,RGMB,1,1,5.0,50,0.02
PE_LOPE_MATCHED,LLSS,SIGLEC14,1,1,5.0,50,0.02
PE_LOPE_MATCHED,LLSS,CCL15,1,1,6.0,50,0.02
PE_LOPE_MATCHED,LLSS,LAYN,1,1,6.0,50,0.02
PE_LOPE_MATCHED,LLSS,NME2,1,1,6.0,50,0.02
PE_LOPE_MATCHED,LLSS,PROC,1,1,6.0,50,0.02
PE_LOPE_MATCHED,LLSS,TEC,1,1,6.0,50,0.02
PE_LOPE_MATCHED,LLSS,BCAM,1,1,7.0,50,0.02
PE_LOPE_MATCHED,LLSS,BIRC3,1,1,7.0,50,0.02
PE_LOPE_MATCHED,LLSS,EPHB2,1,1,7.0,50,0.02
PE_LOPE_MATCHED,LLSS,GAS1,1,1,7.0,50,0.02
PE_LOPE_MATCHED,LLSS,UFC1,1,1,7.0,50,0.02
PE_LOPE_MATCHED,LLSS,VEGFA,1,1,7.0,50,0.02
PE_LOPE_MATCHED,LLSS,AGR2,1,1,8.0,50,0.02
PE_LOPE_MATCHED,LLSS,C3.5,1,1,8.0,50,0.02
PE_LOPE_MATCHED,LLSS,CCL16,1,1,8.0,50,0.02
PE_LOPE_MATCHED,LLSS,H2AFZ,1,1,8.0,50,0.02
PE_LOPE_MATCHED,LLSS,IGF2R,1,1,8.0,50,0.02
PE_LOPE_MATCHED,LLSS,UCHL1,1,1,8.0,50,0.02
PE_LOPE_MATCHED,LLSS,BCL2L1,1,1,9.0,50,0.02
PE_LOPE_MATCHED,LLSS,C1R,1,1,9.0,50,0.02
PE_LOPE_MATCHED,LLSS,CALR,1,1,9.0,50,0.02
PE_LOPE_MATCHED,LLSS,CRK,1,1,9.0,50,0.02
PE_LOPE_MATCHED,LLSS,CXCL10,1,1,9.0,50,0.02
PE_LOPE_MATCHED,LLSS,FGA.FGB.FGG.1,1,1,9.0,50,0.02
PE_LOPE_MATCHED,LLSS,IL6,1,1,9.0,50,0.02
PE_LOPE_MATCHED,LLSS,MET,1,1,9.0,50,0.02
PE_LOPE_MATCHED,LLSS,PRKCA,1,1,9.0,50,0.02
PE_LOPE_MATCHED,LLSS,ADAMTS1,1,1,10.0,50,0.02
PE_LOPE_MATCHED,LLSS,ANGPT2,1,1,10.0,50,0.02
PE_LOPE_MATCHED,LLSS,ARPP19,1,1,10.0,50,0.02
PE_LOPE_MATCHED,LLSS,CNTN4,1,1,10.0,50,0.02
PE_LOPE_MATCHED,LLSS,DHH,1,1,10.0,50,0.02
PE_LOPE_MATCHED,LLSS,F11,1,1,10.0,50,0.02
PE_LOPE_MATCHED,LLSS,LRIG3,1,1,10.0,50,0.02
PE_LOPE_MATCHED,LLSS,LTA.LTB.1,1,1,10.0,50,0.02
PE_LOPE_MATCHED,LLSS,NAMPT,1,1,10.0,50,0.02
PE_LOPE_MATCHED,LLSS,PDE11A,1,1,10.0,50,0.02
PE_LOPE_MATCHED,LLSS,PRKCB,1,1,10.0,50,0.02
PE_LOPE_MATCHED,LLSS,TGFBR3,1,1,10.0,50,0.02
PE_LOPE_MATCHED,Lasso,LEP,178,50,3.365168539325843,50,1.0
PE_LOPE_MATCHED,Lasso,IL1RAP,131,50,3.3893129770992365,50,1.0
PE_LOPE_MATCHED,Lasso,IL24,137,50,3.4744525547445257,50,1.0
PE_LOPE_MATCHED,Lasso,AGER,100,50,4.7,50,1.0
PE_LOPE_MATCHED,Lasso,SELL,69,47,4.768115942028985,50,0.94
PE_LOPE_MATCHED,Lasso,TXNDC12,57,42,4.894736842105263,50,0.84
PE_LOPE_MATCHED,Lasso,CCL23.1,57,41,4.140350877192983,50,0.82
PE_LOPE_MATCHED,Lasso,C3.4,54,41,6.462962962962963,50,0.82
PE_LOPE_MATCHED,Lasso,GRAP2,52,39,5.846153846153846,50,0.78
PE_LOPE_MATCHED,Lasso,ADIPOQ,47,37,5.191489361702128,50,0.74
PE_LOPE_MATCHED,Lasso,GDF2,44,36,4.681818181818182,50,0.72
PE_LOPE_MATCHED,Lasso,ULBP1,44,35,5.090909090909091,50,0.7
PE_LOPE_MATCHED,Lasso,CSF2,49,35,5.285714285714286,50,0.7
PE_LOPE_MATCHED,Lasso,MAPK8,44,34,4.75,50,0.68
PE_LOPE_MATCHED,Lasso,XPNPEP1,40,34,5.95,50,0.68
PE_LOPE_MATCHED,Lasso,LEPR,36,33,5.75,50,0.66
PE_LOPE_MATCHED,Lasso,SPHK2,36,29,6.805555555555555,50,0.58
PE_LOPE_MATCHED,Lasso,CXCL10,30,28,6.266666666666667,50,0.56
PE_LOPE_MATCHED,Lasso,LYZ,31,27,5.580645161290323,50,0.54
PE_LOPE_MATCHED,Lasso,COLEC12,29,26,4.517241379310345,50,0.52
PE_LOPE_MATCHED,Lasso,IGHD..IGK..IGL.,30,26,4.7,50,0.52
PE_LOPE_MATCHED,Lasso,GOT1,29,26,4.758620689655173,50,0.52
PE_LOPE_MATCHED,Lasso,HIPK3,26,24,5.884615384615385,50,0.48
PE_LOPE_MATCHED,Lasso,TIMP2,23,23,4.695652173913044,50,0.46
PE_LOPE_MATCHED,Lasso,F11,24,23,5.541666666666667,50,0.46
PE_LOPE_MATCHED,Lasso,PRSS2,21,20,4.666666666666667,50,0.4
PE_LOPE_MATCHED,Lasso,SPARCL1,19,19,3.0,50,0.38
PE_LOPE_MATCHED,Lasso,CKB,18,18,3.6666666666666665,50,0.36
PE_LOPE_MATCHED,Lasso,FUT5,19,18,5.315789473684211,50,0.36
PE_LOPE_MATCHED,Lasso,SEMA3E,18,18,5.388888888888889,50,0.36
PE_LOPE_MATCHED,Lasso,IGFBP2,18,18,5.888888888888889,50,0.36
PE_LOPE_MATCHED,Lasso,SELE,20,18,6.3,50,0.36
PE_LOPE_MATCHED,Lasso,MSN,17,17,4.470588235294118,50,0.34
PE_LOPE_MATCHED,Lasso,C3,18,17,5.166666666666667,50,0.34
PE_LOPE_MATCHED,Lasso,IGHE.IGK..IGL.,16,16,3.875,50,0.32
PE_LOPE_MATCHED,Lasso,CFH,16,16,5.6875,50,0.32
PE_LOPE_MATCHED,Lasso,PYY,17,16,5.882352941176471,50,0.32
PE_LOPE_MATCHED,Lasso,CCL23,18,16,6.888888888888889,50,0.32
PE_LOPE_MATCHED,Lasso,SIGLEC9,14,14,4.642857142857143,50,0.28
PE_LOPE_MATCHED,Lasso,APCS,16,14,6.125,50,0.28
PE_LOPE_MATCHED,Lasso,GSTA3,15,14,7.533333333333333,50,0.28
PE_LOPE_MATCHED,Lasso,FGF19,12,12,6.583333333333333,50,0.24
PE_LOPE_MATCHED,Lasso,ESAM,10,10,3.7,50,0.2
PE_LOPE_MATCHED,Lasso,HAPLN1,9,9,5.333333333333333,50,0.18
PE_LOPE_MATCHED,Lasso,CPE,9,9,5.444444444444445,50,0.18
PE_LOPE_MATCHED,Lasso,DDR2,9,9,5.888888888888889,50,0.18
PE_LOPE_MATCHED,Lasso,HBA1.HBB,9,9,7.0,50,0.18
PE_LOPE_MATCHED,Lasso,PRSS1,9,9,7.333333333333333,50,0.18
PE_LOPE_MATCHED,Lasso,MAPKAPK5,8,8,5.125,50,0.16
PE_LOPE_MATCHED,Lasso,NAMPT,8,8,6.75,50,0.16
PE_LOPE_MATCHED,Lasso,APOB,8,8,7.75,50,0.16
PE_LOPE_MATCHED,Lasso,PES1,8,8,7.875,50,0.16
PE_LOPE_MATCHED,Lasso,FCGR1A,7,7,4.571428571428571,50,0.14
PE_LOPE_MATCHED,Lasso,EEF1B2,7,7,5.428571428571429,50,0.14
PE_LOPE_MATCHED,Lasso,MED1,6,6,4.833333333333333,50,0.12
PE_LOPE_MATCHED,Lasso,PLAT,6,6,6.166666666666667,50,0.12
PE_LOPE_MATCHED,Lasso,CCL16,6,6,8.0,50,0.12
PE_LOPE_MATCHED,Lasso,DPT,5,5,2.0,50,0.1
PE_LOPE_MATCHED,Lasso,NRXN3,5,5,3.2,50,0.1
PE_LOPE_MATCHED,Lasso,CHEK2,5,5,4.2,50,0.1
PE_LOPE_MATCHED,Lasso,ICAM5,5,5,7.0,50,0.1
PE_LOPE_MATCHED,Lasso,SPINT2,5,5,7.8,50,0.1
PE_LOPE_MATCHED,Lasso,IGF1R,5,5,8.6,50,0.1
PE_LOPE_MATCHED,Lasso,EPHA1,4,4,5.0,50,0.08
PE_LOPE_MATCHED,Lasso,ESM1,4,4,5.0,50,0.08
PE_LOPE_MATCHED,Lasso,CCL19,4,4,6.0,50,0.08
PE_LOPE_MATCHED,Lasso,ECE1,4,4,6.0,50,0.08
PE_LOPE_MATCHED,Lasso,FOLH1,4,4,6.75,50,0.08
PE_LOPE_MATCHED,Lasso,FGF10,3,3,3.3333333333333335,50,0.06
PE_LOPE_MATCHED,Lasso,LAG3,3,3,3.3333333333333335,50,0.06
PE_LOPE_MATCHED,Lasso,MRC1,3,3,4.333333333333333,50,0.06
PE_LOPE_MATCHED,Lasso,GPNMB,3,3,5.333333333333333,50,0.06
PE_LOPE_MATCHED,Lasso,BIRC3,3,3,5.666666666666667,50,0.06
PE_LOPE_MATCHED,Lasso,SAA1,3,3,5.666666666666667,50,0.06
PE_LOPE_MATCHED,Lasso,ANGPT2,3,3,7.0,50,0.06
PE_LOPE_MATCHED,Lasso,MAPK12,3,3,7.0,50,0.06
PE_LOPE_MATCHED,Lasso,FGF17,3,3,7.333333333333333,50,0.06
PE_LOPE_MATCHED,Lasso,TNFAIP6,3,3,7.333333333333333,50,0.06
PE_LOPE_MATCHED,Lasso,F10.1,3,3,8.333333333333334,50,0.06
PE_LOPE_MATCHED,Lasso,FGFR3,3,3,8.333333333333334,50,0.06
PE_LOPE_MATCHED,Lasso,GCG,3,3,8.333333333333334,50,0.06
PE_LOPE_MATCHED,Lasso,CTSD,3,3,9.0,50,0.06
PE_LOPE_MATCHED,Lasso,PRSS22,3,3,9.0,50,0.06
PE_LOPE_MATCHED,Lasso,AKR1A1,2,2,3.5,50,0.04
PE_LOPE_MATCHED,Lasso,HTRA2,2,2,5.0,50,0.04
PE_LOPE_MATCHED,Lasso,FCN3,2,2,5.5,50,0.04
PE_LOPE_MATCHED,Lasso,GPC5,2,2,5.5,50,0.04
PE_LOPE_MATCHED,Lasso,RTN4R,2,2,5.5,50,0.04
PE_LOPE_MATCHED,Lasso,BMP6,2,2,6.0,50,0.04
PE_LOPE_MATCHED,Lasso,EHMT2,2,2,6.0,50,0.04
PE_LOPE_MATCHED,Lasso,FGF5,2,2,6.5,50,0.04
PE_LOPE_MATCHED,Lasso,MAPK11,2,2,6.5,50,0.04
PE_LOPE_MATCHED,Lasso,POR,2,2,6.5,50,0.04
PE_LOPE_MATCHED,Lasso,EPHB6,2,2,7.0,50,0.04
PE_LOPE_MATCHED,Lasso,SIGLEC14,2,2,9.0,50,0.04
PE_LOPE_MATCHED,Lasso,MMP2,2,2,10.0,50,0.04
PE_LOPE_MATCHED,Lasso,NOG,2,2,10.0,50,0.04
PE_LOPE_MATCHED,Lasso,ROR1,1,1,1.0,50,0.02
PE_LOPE_MATCHED,Lasso,FGA.FGB.FGG.1,1,1,2.0,50,0.02
PE_LOPE_MATCHED,Lasso,SERPINA5,1,1,2.0,50,0.02
PE_LOPE_MATCHED,Lasso,CCL15,1,1,4.0,50,0.02
PE_LOPE_MATCHED,Lasso,CXCL1,1,1,4.0,50,0.02
PE_LOPE_MATCHED,Lasso,HNRNPK,1,1,4.0,50,0.02
PE_LOPE_MATCHED,Lasso,LILRB1,1,1,4.0,50,0.02
PE_LOPE_MATCHED,Lasso,NCK1,1,1,5.0,50,0.02
PE_LOPE_MATCHED,Lasso,TNFRSF21,1,1,5.0,50,0.02
PE_LOPE_MATCHED,Lasso,TNFRSF18,1,1,6.0,50,0.02
PE_LOPE_MATCHED,Lasso,CTGF,1,1,7.0,50,0.02
PE_LOPE_MATCHED,Lasso,IL22,1,1,7.0,50,0.02
PE_LOPE_MATCHED,Lasso,PPID,1,1,7.0,50,0.02
PE_LOPE_MATCHED,Lasso,SLAMF7,1,1,7.0,50,0.02
PE_LOPE_MATCHED,Lasso,ADAMTS1,1,1,8.0,50,0.02
PE_LOPE_MATCHED,Lasso,AGT,1,1,8.0,50,0.02
PE_LOPE_MATCHED,Lasso,BCAN,1,1,8.0,50,0.02
PE_LOPE_MATCHED,Lasso,FLT4,1,1,8.0,50,0.02
PE_LOPE_MATCHED,Lasso,IFNG,1,1,8.0,50,0.02
PE_LOPE_MATCHED,Lasso,CCL2,1,1,9.0,50,0.02
PE_LOPE_MATCHED,Lasso,CNTN5,1,1,9.0,50,0.02
PE_LOPE_MATCHED,Lasso,FAM107B,1,1,9.0,50,0.02
PE_LOPE_MATCHED,Lasso,FGF4,1,1,9.0,50,0.02
PE_LOPE_MATCHED,Lasso,FSTL3,1,1,9.0,50,0.02
PE_LOPE_MATCHED,Lasso,IL25,1,1,9.0,50,0.02
PE_LOPE_MATCHED,Lasso,INS,1,1,9.0,50,0.02
PE_LOPE_MATCHED,Lasso,LCN2,1,1,9.0,50,0.02
PE_LOPE_MATCHED,Lasso,MAPK1,1,1,9.0,50,0.02
PE_LOPE_MATCHED,Lasso,MIF,1,1,9.0,50,0.02
PE_LOPE_MATCHED,Lasso,CALR,1,1,10.0,50,0.02
PE_LOPE_MATCHED,Lasso,DDC,1,1,10.0,50,0.02
PE_LOPE_MATCHED,Lasso,NTRK2,1,1,10.0,50,0.02
PE_LOPE_MATCHED,Lasso,PDK1,1,1,10.0,50,0.02
PE_LOPE_MATCHED,Lasso,RETN,1,1,10.0,50,0.02
PE_LOPE_MATCHED,Lasso,SERPINA1,1,1,10.0,50,0.02
PE_LOPE_MATCHED,LongGroupLasso,IL24,209,50,1.6889952153110048,50,1.0
PE_LOPE_MATCHED,LongGroupLasso,XPNPEP1,155,50,3.3806451612903228,50,1.0
PE_LOPE_MATCHED,LongGroupLasso,LEP,165,50,3.9515151515151516,50,1.0
PE_LOPE_MATCHED,LongGroupLasso,IL1RAP,97,46,5.546391752577319,50,0.92
PE_LOPE_MATCHED,LongGroupLasso,LYZ,49,42,2.857142857142857,50,0.84
PE_LOPE_MATCHED,LongGroupLasso,C3,49,42,3.857142857142857,50,0.84
PE_LOPE_MATCHED,LongGroupLasso,IGF1R,53,42,4.037735849056604,50,0.84
PE_LOPE_MATCHED,LongGroupLasso,SPARCL1,56,41,6.035714285714286,50,0.82
PE_LOPE_MATCHED,LongGroupLasso,C3.4,41,39,2.902439024390244,50,0.78
PE_LOPE_MATCHED,LongGroupLasso,GPT,44,39,3.772727272727273,50,0.78
PE_LOPE_MATCHED,LongGroupLasso,SPHK2,41,36,4.804878048780488,50,0.72
PE_LOPE_MATCHED,LongGroupLasso,AKR1A1,46,36,5.934782608695652,50,0.72
PE_LOPE_MATCHED,LongGroupLasso,COLEC12,36,35,5.166666666666667,50,0.7
PE_LOPE_MATCHED,LongGroupLasso,CCL23.1,46,34,4.521739130434782,50,0.68
PE_LOPE_MATCHED,LongGroupLasso,TIMP2,31,31,4.870967741935484,50,0.62
PE_LOPE_MATCHED,LongGroupLasso,CCL23,38,30,6.973684210526316,50,0.6
PE_LOPE_MATCHED,LongGroupLasso,MED1,27,24,5.555555555555555,50,0.48
PE_LOPE_MATCHED,LongGroupLasso,AGER,27,24,7.407407407407407,50,0.48
PE_LOPE_MATCHED,LongGroupLasso,CSF2,25,23,5.52,50,0.46
PE_LOPE_MATCHED,LongGroupLasso,APOB,26,23,6.076923076923077,50,0.46
PE_LOPE_MATCHED,LongGroupLasso,MAPK8,20,20,6.6,50,0.4
PE_LOPE_MATCHED,LongGroupLasso,FUT5,19,18,5.052631578947368,50,0.36
PE_LOPE_MATCHED,LongGroupLasso,ADIPOQ,18,18,5.944444444444445,50,0.36
PE_LOPE_MATCHED,LongGroupLasso,LEPR,21,18,7.142857142857143,50,0.36
PE_LOPE_MATCHED,LongGroupLasso,SEMA3E,16,16,7.4375,50,0.32
PE_LOPE_MATCHED,LongGroupLasso,CTSD,17,15,5.470588235294118,50,0.3
PE_LOPE_MATCHED,LongGroupLasso,MSN,13,13,4.461538461538462,50,0.26
PE_LOPE_MATCHED,LongGroupLasso,GDF2,13,13,6.3076923076923075,50,0.26
PE_LOPE_MATCHED,LongGroupLasso,POR,13,13,6.3076923076923075,50,0.26
PE_LOPE_MATCHED,LongGroupLasso,APCS,16,13,6.6875,50,0.26
PE_LOPE_MATCHED,LongGroupLasso,TXNDC12,13,13,7.076923076923077,50,0.26
PE_LOPE_MATCHED,LongGroupLasso,GCG,12,12,3.5833333333333335,50,0.24
PE_LOPE_MATCHED,LongGroupLasso,PYY,12,12,5.416666666666667,50,0.24
PE_LOPE_MATCHED,LongGroupLasso,FGF19,11,11,2.5454545454545454,50,0.22
PE_LOPE_MATCHED,LongGroupLasso,HAPLN1,11,11,5.0,50,0.22
PE_LOPE_MATCHED,LongGroupLasso,MAPK1,11,11,7.909090909090909,50,0.22
PE_LOPE_MATCHED,LongGroupLasso,CXCL10,10,10,2.4,50,0.2
PE_LOPE_MATCHED,LongGroupLasso,PRSS2,10,10,5.4,50,0.2
PE_LOPE_MATCHED,LongGroupLasso,GOT1,11,10,6.636363636363637,50,0.2
PE_LOPE_MATCHED,LongGroupLasso,SELL,10,10,7.2,50,0.2
PE_LOPE_MATCHED,LongGroupLasso,PRSS1,10,10,7.3,50,0.2
PE_LOPE_MATCHED,LongGroupLasso,SELE,10,10,8.0,50,0.2
PE_LOPE_MATCHED,LongGroupLasso,CKB,9,9,3.2222222222222223,50,0.18
PE_LOPE_MATCHED,LongGroupLasso,PRSS22,8,8,2.875,50,0.16
PE_LOPE_MATCHED,LongGroupLasso,CFH,7,7,5.714285714285714,50,0.14
PE_LOPE_MATCHED,LongGroupLasso,ULBP1,7,7,6.142857142857143,50,0.14
PE_LOPE_MATCHED,LongGroupLasso,MAPKAPK5,7,7,7.428571428571429,50,0.14
PE_LOPE_MATCHED,LongGroupLasso,GPNMB,6,6,5.0,50,0.12
PE_LOPE_MATCHED,LongGroupLasso,CHST2,6,6,5.333333333333333,50,0.12
PE_LOPE_MATCHED,LongGroupLasso,F11,6,6,5.333333333333333,50,0.12
PE_LOPE_MATCHED,LongGroupLasso,DPT,6,6,5.5,50,0.12
PE_LOPE_MATCHED,LongGroupLasso,NAMPT,6,6,7.333333333333333,50,0.12
PE_LOPE_MATCHED,LongGroupLasso,IGFBP2,6,6,8.0,50,0.12
PE_LOPE_MATCHED,LongGroupLasso,SIGLEC9,5,5,4.8,50,0.1
PE_LOPE_MATCHED,LongGroupLasso,ESAM,5,5,5.0,50,0.1
PE_LOPE_MATCHED,LongGroupLasso,NRXN3,5,5,5.8,50,0.1
PE_LOPE_MATCHED,LongGroupLasso,CFP,5,5,6.6,50,0.1
PE_LOPE_MATCHED,LongGroupLasso,NCAM1,4,4,6.75,50,0.08
PE_LOPE_MATCHED,LongGroupLasso,NMT1,4,4,7.25,50,0.08
PE_LOPE_MATCHED,LongGroupLasso,MMP2,4,4,7.75,50,0.08
PE_LOPE_MATCHED,LongGroupLasso,NTRK2,4,4,8.25,50,0.08
PE_LOPE_MATCHED,LongGroupLasso,ECE1,3,3,4.333333333333333,50,0.06
PE_LOPE_MATCHED,LongGroupLasso,HIPK3,3,3,4.333333333333333,50,0.06
PE_LOPE_MATCHED,LongGroupLasso,JAG1,3,3,6.0,50,0.06
PE_LOPE_MATCHED,LongGroupLasso,CHEK2,2,2,4.0,50,0.04
PE_LOPE_MATCHED,LongGroupLasso,BIRC3,2,2,5.0,50,0.04
PE_LOPE_MATCHED,LongGroupLasso,MAPK12,2,2,5.0,50,0.04
PE_LOPE_MATCHED,LongGroupLasso,COL18A1,2,2,5.5,50,0.04
PE_LOPE_MATCHED,LongGroupLasso,EPHA1,2,2,6.5,50,0.04
PE_LOPE_MATCHED,LongGroupLasso,FSTL3,2,2,6.5,50,0.04
PE_LOPE_MATCHED,LongGroupLasso,CPE,2,2,7.5,50,0.04
PE_LOPE_MATCHED,LongGroupLasso,PLAT,2,2,7.5,50,0.04
PE_LOPE_MATCHED,LongGroupLasso,SERPINA1,2,2,7.5,50,0.04
PE_LOPE_MATCHED,LongGroupLasso,AGRP,2,2,8.0,50,0.04
PE_LOPE_MATCHED,LongGroupLasso,BCAN,2,2,8.5,50,0.04
PE_LOPE_MATCHED,LongGroupLasso,ICAM5,2,2,9.0,50,0.04
PE_LOPE_MATCHED,LongGroupLasso,IGHD..IGK..IGL.,2,2,9.0,50,0.04
PE_LOPE_MATCHED,LongGroupLasso,RTN4R,1,1,2.0,50,0.02
PE_LOPE_MATCHED,LongGroupLasso,F10.1,1,1,3.0,50,0.02
PE_LOPE_MATCHED,LongGroupLasso,MRC1,1,1,3.0,50,0.02
PE_LOPE_MATCHED,LongGroupLasso,SST,1,1,3.0,50,0.02
PE_LOPE_MATCHED,LongGroupLasso,AGR2,1,1,4.0,50,0.02
PE_LOPE_MATCHED,LongGroupLasso,MIF,1,1,4.0,50,0.02
PE_LOPE_MATCHED,LongGroupLasso,F10,1,1,5.0,50,0.02
PE_LOPE_MATCHED,LongGroupLasso,FAM107B,1,1,5.0,50,0.02
PE_LOPE_MATCHED,LongGroupLasso,FGF17,1,1,5.0,50,0.02
PE_LOPE_MATCHED,LongGroupLasso,SPINT2,1,1,5.0,50,0.02
PE_LOPE_MATCHED,LongGroupLasso,ESM1,1,1,7.0,50,0.02
PE_LOPE_MATCHED,LongGroupLasso,HBA1.HBB,1,1,7.0,50,0.02
PE_LOPE_MATCHED,LongGroupLasso,LCORL,1,1,7.0,50,0.02
PE_LOPE_MATCHED,LongGroupLasso,HTRA2,1,1,8.0,50,0.02
PE_LOPE_MATCHED,LongGroupLasso,IGF2R,1,1,8.0,50,0.02
PE_LOPE_MATCHED,LongGroupLasso,SET,1,1,8.0,50,0.02
PE_LOPE_MATCHED,LongGroupLasso,UFC1,1,1,8.0,50,0.02
PE_LOPE_MATCHED,LongGroupLasso,ANGPTL4,1,1,9.0,50,0.02
PE_LOPE_MATCHED,LongGroupLasso,BCAM,1,1,9.0,50,0.02
PE_LOPE_MATCHED,LongGroupLasso,CCL19,1,1,9.0,50,0.02
PE_LOPE_MATCHED,LongGroupLasso,CNTN5,1,1,9.0,50,0.02
PE_LOPE_MATCHED,LongGroupLasso,FOLH1,1,1,9.0,50,0.02
PE_LOPE_MATCHED,LongGroupLasso,MBD4,1,1,9.0,50,0.02
PE_LOPE_MATCHED,LongGroupLasso,TNFAIP6,1,1,9.0,50,0.02
PE_LOPE_MATCHED,LongGroupLasso,CCL16,1,1,10.0,50,0.02
PE_LOPE_MATCHED,LongGroupLasso,CDC2.CCNB1,1,1,10.0,50,0.02
PE_LOPE_MATCHED,LongGroupLasso,GP6,1,1,10.0,50,0.02
PE_LOPE_MATCHED,LongGroupLasso,GPC5,1,1,10.0,50,0.02
PE_LOPE_MATCHED,LongGroupLasso,IGHE.IGK..IGL.,1,1,10.0,50,0.02
PE_LOPE_MATCHED,LongGroupLasso,SAA1,1,1,10.0,50,0.02
PE_LOPE_MATCHED,MutualInfo,TXNDC12,229,50,1.1310043668122272,50,1.0
PE_LOPE_MATCHED,MutualInfo,MAPK8,138,50,4.0144927536231885,50,1.0
PE_LOPE_MATCHED,MutualInfo,AKR1A1,108,49,5.157407407407407,50,0.98
PE_LOPE_MATCHED,MutualInfo,IGF1R,83,46,4.493975903614458,50,0.92
PE_LOPE_MATCHED,MutualInfo,CTSD,83,46,4.542168674698795,50,0.92
PE_LOPE_MATCHED,MutualInfo,IL24,61,45,4.786885245901639,50,0.9
PE_LOPE_MATCHED,MutualInfo,CRK,70,44,4.942857142857143,50,0.88
PE_LOPE_MATCHED,MutualInfo,COLEC12,47,40,4.957446808510638,50,0.8
PE_LOPE_MATCHED,MutualInfo,HNRNPK,36,33,5.222222222222222,50,0.66
PE_LOPE_MATCHED,MutualInfo,GPNMB,37,32,4.594594594594595,50,0.64
PE_LOPE_MATCHED,MutualInfo,SPARCL1,36,32,5.472222222222222,50,0.64
PE_LOPE_MATCHED,MutualInfo,CCL23,37,32,5.864864864864865,50,0.64
PE_LOPE_MATCHED,MutualInfo,SEMA3E,33,31,4.636363636363637,50,0.62
PE_LOPE_MATCHED,MutualInfo,WIF1,29,29,4.724137931034483,50,0.58
PE_LOPE_MATCHED,MutualInfo,AGER,33,27,4.848484848484849,50,0.54
PE_LOPE_MATCHED,MutualInfo,GDF2,30,26,5.066666666666666,50,0.52
PE_LOPE_MATCHED,MutualInfo,SIGLEC14,21,20,4.571428571428571,50,0.4
PE_LOPE_MATCHED,MutualInfo,GPI,22,20,6.0,50,0.4
PE_LOPE_MATCHED,MutualInfo,MSN,21,20,6.142857142857143,50,0.4
PE_LOPE_MATCHED,MutualInfo,FSTL3,19,19,3.789473684210526,50,0.38
PE_LOPE_MATCHED,MutualInfo,CASP3,20,19,5.55,50,0.38
PE_LOPE_MATCHED,MutualInfo,HSPD1,18,18,6.666666666666667,50,0.36
PE_LOPE_MATCHED,MutualInfo,PPIE,19,17,6.157894736842105,50,0.34
PE_LOPE_MATCHED,MutualInfo,HSP90AA1.HSP90AB1,19,17,7.0,50,0.34
PE_LOPE_MATCHED,MutualInfo,CPNE1,15,15,5.4,50,0.3
PE_LOPE_MATCHED,MutualInfo,SPINT2,14,14,3.9285714285714284,50,0.28
PE_LOPE_MATCHED,MutualInfo,DYNLRB1,16,14,6.1875,50,0.28
PE_LOPE_MATCHED,MutualInfo,NCAM1,14,14,6.285714285714286,50,0.28
PE_LOPE_MATCHED,MutualInfo,CD226,13,13,4.538461538461538,50,0.26
PE_LOPE_MATCHED,MutualInfo,CPE,14,13,5.642857142857143,50,0.26
PE_LOPE_MATCHED,MutualInfo,LAYN,12,12,4.833333333333333,50,0.24
PE_LOPE_MATCHED,MutualInfo,PRSS22,12,12,6.416666666666667,50,0.24
PE_LOPE_MATCHED,MutualInfo,HTRA2,13,12,6.846153846153846,50,0.24
PE_LOPE_MATCHED,MutualInfo,ESM1,14,12,7.142857142857143,50,0.24
PE_LOPE_MATCHED,MutualInfo,HAPLN1,11,11,4.2727272727272725,50,0.22
PE_LOPE_MATCHED,MutualInfo,WFIKKN2,11,11,5.454545454545454,50,0.22
PE_LOPE_MATCHED,MutualInfo,NLGN4X,10,10,3.1,50,0.2
PE_LOPE_MATCHED,MutualInfo,PKM2,10,10,5.0,50,0.2
PE_LOPE_MATCHED,MutualInfo,BCAN,10,10,6.7,50,0.2
PE_LOPE_MATCHED,MutualInfo,SELL,10,10,7.4,50,0.2
PE_LOPE_MATCHED,MutualInfo,LCORL,10,10,8.7,50,0.2
PE_LOPE_MATCHED,MutualInfo,GOT1,9,9,4.222222222222222,50,0.18
PE_LOPE_MATCHED,MutualInfo,SIGLEC9,9,9,5.111111111111111,50,0.18
PE_LOPE_MATCHED,MutualInfo,CCL23.1,9,9,6.444444444444445,50,0.18
PE_LOPE_MATCHED,MutualInfo,CFH,8,8,5.875,50,0.16
PE_LOPE_MATCHED,MutualInfo,LEP,9,8,6.222222222222222,50,0.16
PE_LOPE_MATCHED,MutualInfo,SERPINA1,10,8,6.7,50,0.16
PE_LOPE_MATCHED,MutualInfo,FYN,8,8,6.75,50,0.16
PE_LOPE_MATCHED,MutualInfo,COL18A1,8,8,6.875,50,0.16
PE_LOPE_MATCHED,MutualInfo,TGFB2,7,7,3.857142857142857,50,0.14
PE_LOPE_MATCHED,MutualInfo,DHH,7,7,5.428571428571429,50,0.14
PE_LOPE_MATCHED,MutualInfo,CHL1,7,7,6.285714285714286,50,0.14
PE_LOPE_MATCHED,MutualInfo,GRAP2,7,7,7.0,50,0.14
PE_LOPE_MATCHED,MutualInfo,JAM3,7,7,7.0,50,0.14
PE_LOPE_MATCHED,MutualInfo,FCGR3B,6,6,3.0,50,0.12
PE_LOPE_MATCHED,MutualInfo,IGHE.IGK..IGL.,6,6,4.5,50,0.12
PE_LOPE_MATCHED,MutualInfo,CXCL10,6,6,5.166666666666667,50,0.12
PE_LOPE_MATCHED,MutualInfo,IL1RAP,6,6,6.166666666666667,50,0.12
PE_LOPE_MATCHED,MutualInfo,PPP3R1,6,6,6.333333333333333,50,0.12
PE_LOPE_MATCHED,MutualInfo,APOE.3,6,6,7.333333333333333,50,0.12
PE_LOPE_MATCHED,MutualInfo,RAD51,6,6,7.5,50,0.12
PE_LOPE_MATCHED,MutualInfo,NRXN3,5,5,3.8,50,0.1
PE_LOPE_MATCHED,MutualInfo,PDXP,5,5,4.8,50,0.1
PE_LOPE_MATCHED,MutualInfo,IGFBP2,5,5,5.2,50,0.1
PE_LOPE_MATCHED,MutualInfo,TNFAIP6,5,5,5.8,50,0.1
PE_LOPE_MATCHED,MutualInfo,FAM107B,5,5,6.2,50,0.1
PE_LOPE_MATCHED,MutualInfo,WFIKKN1,5,5,6.4,50,0.1
PE_LOPE_MATCHED,MutualInfo,ROR1,6,5,6.5,50,0.1
PE_LOPE_MATCHED,MutualInfo,DPT,5,5,6.6,50,0.1
PE_LOPE_MATCHED,MutualInfo,CNTFR,5,5,6.8,50,0.1
PE_LOPE_MATCHED,MutualInfo,CYP3A4,6,5,7.166666666666667,50,0.1
PE_LOPE_MATCHED,MutualInfo,CFP,5,5,7.2,50,0.1
PE_LOPE_MATCHED,MutualInfo,PRSS2,5,5,7.8,50,0.1
PE_LOPE_MATCHED,MutualInfo,CAPN1.CAPNS1,5,5,8.2,50,0.1
PE_LOPE_MATCHED,MutualInfo,CD70,4,4,3.0,50,0.08
PE_LOPE_MATCHED,MutualInfo,ARID3A,4,4,4.75,50,0.08
PE_LOPE_MATCHED,MutualInfo,ADRBK1,4,4,5.25,50,0.08
PE_LOPE_MATCHED,MutualInfo,TIMP2,4,4,5.5,50,0.08
PE_LOPE_MATCHED,MutualInfo,CHRDL1,4,4,6.25,50,0.08
PE_LOPE_MATCHED,MutualInfo,BTK,4,4,7.0,50,0.08
PE_LOPE_MATCHED,MutualInfo,ERAP1,4,4,7.25,50,0.08
PE_LOPE_MATCHED,MutualInfo,CSK,4,4,7.75,50,0.08
PE_LOPE_MATCHED,MutualInfo,APOB,4,4,9.5,50,0.08
PE_LOPE_MATCHED,MutualInfo,LEPR,3,3,3.6666666666666665,50,0.06
PE_LOPE_MATCHED,MutualInfo,ITGA2B.ITGB3,3,3,4.666666666666667,50,0.06
PE_LOPE_MATCHED,MutualInfo,C1R,3,3,5.0,50,0.06
PE_LOPE_MATCHED,MutualInfo,MAPK3,3,3,5.0,50,0.06
PE_LOPE_MATCHED,MutualInfo,MAPKAPK5,3,3,5.333333333333333,50,0.06
PE_LOPE_MATCHED,MutualInfo,C3.4,3,3,6.0,50,0.06
PE_LOPE_MATCHED,MutualInfo,C3.5,3,3,6.0,50,0.06
PE_LOPE_MATCHED,MutualInfo,CNTN5,3,3,6.0,50,0.06
PE_LOPE_MATCHED,MutualInfo,EPHB4,3,3,6.0,50,0.06
PE_LOPE_MATCHED,MutualInfo,GP6,3,3,6.0,50,0.06
PE_LOPE_MATCHED,MutualInfo,NTRK2,3,3,6.0,50,0.06
PE_LOPE_MATCHED,MutualInfo,SERPINA5,3,3,6.0,50,0.06
PE_LOPE_MATCHED,MutualInfo,MED1,3,3,6.666666666666667,50,0.06
PE_LOPE_MATCHED,MutualInfo,PLG.1,3,3,6.666666666666667,50,0.06
PE_LOPE_MATCHED,MutualInfo,FUT5,3,3,7.0,50,0.06
PE_LOPE_MATCHED,MutualInfo,ALB,3,3,7.333333333333333,50,0.06
PE_LOPE_MATCHED,MutualInfo,PDE5A,3,3,7.333333333333333,50,0.06
PE_LOPE_MATCHED,MutualInfo,XPNPEP1,3,3,9.333333333333334,50,0.06
PE_LOPE_MATCHED,MutualInfo,GREM1,2,2,3.5,50,0.04
PE_LOPE_MATCHED,MutualInfo,CCL24,2,2,4.0,50,0.04
PE_LOPE_MATCHED,MutualInfo,CD55,2,2,4.0,50,0.04
PE_LOPE_MATCHED,MutualInfo,CCL15,2,2,5.0,50,0.04
PE_LOPE_MATCHED,MutualInfo,ING1,2,2,5.5,50,0.04
PE_LOPE_MATCHED,MutualInfo,PGK1,2,2,5.5,50,0.04
PE_LOPE_MATCHED,MutualInfo,EIF4EBP2,2,2,6.0,50,0.04
PE_LOPE_MATCHED,MutualInfo,HIPK3,2,2,6.0,50,0.04
PE_LOPE_MATCHED,MutualInfo,YWHAB.YWHAE.YWHAG.YWHAH.YWHAQ.YWHAZ.SFN,2,2,6.0,50,0.04
PE_LOPE_MATCHED,MutualInfo,ADIPOQ,2,2,6.5,50,0.04
PE_LOPE_MATCHED,MutualInfo,BIRC3,2,2,6.5,50,0.04
PE_LOPE_MATCHED,MutualInfo,CD40LG,2,2,6.5,50,0.04
PE_LOPE_MATCHED,MutualInfo,PECAM1,2,2,6.5,50,0.04
PE_LOPE_MATCHED,MutualInfo,CDNF,2,2,7.0,50,0.04
PE_LOPE_MATCHED,MutualInfo,F11,2,2,7.0,50,0.04
PE_LOPE_MATCHED,MutualInfo,HSD17B10,2,2,7.0,50,0.04
PE_LOPE_MATCHED,MutualInfo,POSTN,2,2,7.0,50,0.04
PE_LOPE_MATCHED,MutualInfo,APCS,2,2,7.5,50,0.04
PE_LOPE_MATCHED,MutualInfo,CCL16,2,2,7.5,50,0.04
PE_LOPE_MATCHED,MutualInfo,GFRA2,2,2,7.5,50,0.04
PE_LOPE_MATCHED,MutualInfo,MAPK12,2,2,7.5,50,0.04
PE_LOPE_MATCHED,MutualInfo,SEZ6L2,2,2,7.5,50,0.04
PE_LOPE_MATCHED,MutualInfo,MAPK14,2,2,8.0,50,0.04
PE_LOPE_MATCHED,MutualInfo,PROC,2,2,8.0,50,0.04
PE_LOPE_MATCHED,MutualInfo,ULBP1,2,2,8.0,50,0.04
PE_LOPE_MATCHED,MutualInfo,CDH2,2,2,9.0,50,0.04
PE_LOPE_MATCHED,MutualInfo,EPHA1,2,2,9.0,50,0.04
PE_LOPE_MATCHED,MutualInfo,TGFBI,2,2,9.0,50,0.04
PE_LOPE_MATCHED,MutualInfo,OMD,2,2,9.5,50,0.04
PE_LOPE_MATCHED,MutualInfo,TNC,2,2,9.5,50,0.04
PE_LOPE_MATCHED,MutualInfo,COTL1,1,1,2.0,50,0.02
PE_LOPE_MATCHED,MutualInfo,HIBADH,1,1,2.0,50,0.02
PE_LOPE_MATCHED,MutualInfo,RTN4R,1,1,2.0,50,0.02
PE_LOPE_MATCHED,MutualInfo,UNC5D,1,1,2.0,50,0.02
PE_LOPE_MATCHED,MutualInfo,CKB,1,1,3.0,50,0.02
PE_LOPE_MATCHED,MutualInfo,FCN3,1,1,3.0,50,0.02
PE_LOPE_MATCHED,MutualInfo,P4HB,1,1,3.0,50,0.02
PE_LOPE_MATCHED,MutualInfo,PLA2G10,1,1,3.0,50,0.02
PE_LOPE_MATCHED,MutualInfo,SCARB2,1,1,3.0,50,0.02
PE_LOPE_MATCHED,MutualInfo,GNS,1,1,4.0,50,0.02
PE_LOPE_MATCHED,MutualInfo,ITGA1.ITGB1,1,1,4.0,50,0.02
PE_LOPE_MATCHED,MutualInfo,NRXN1,1,1,4.0,50,0.02
PE_LOPE_MATCHED,MutualInfo,PPIF,1,1,4.0,50,0.02
PE_LOPE_MATCHED,MutualInfo,SRC,1,1,4.0,50,0.02
PE_LOPE_MATCHED,MutualInfo,ADAMTS1,1,1,5.0,50,0.02
PE_LOPE_MATCHED,MutualInfo,C3,1,1,5.0,50,0.02
PE_LOPE_MATCHED,MutualInfo,C7,1,1,5.0,50,0.02
PE_LOPE_MATCHED,MutualInfo,CNTN4,1,1,5.0,50,0.02
PE_LOPE_MATCHED,MutualInfo,SPON1,1,1,5.0,50,0.02
PE_LOPE_MATCHED,MutualInfo,FN1.2,1,1,6.0,50,0.02
PE_LOPE_MATCHED,MutualInfo,HDGFRP2,1,1,6.0,50,0.02
PE_LOPE_MATCHED,MutualInfo,MAP2K4,1,1,6.0,50,0.02
PE_LOPE_MATCHED,MutualInfo,PDGFRB,1,1,6.0,50,0.02
PE_LOPE_MATCHED,MutualInfo,SPHK2,1,1,6.0,50,0.02
PE_LOPE_MATCHED,MutualInfo,CCL7,1,1,7.0,50,0.02
PE_LOPE_MATCHED,MutualInfo,FGA.FGB.FGG.1,1,1,7.0,50,0.02
PE_LOPE_MATCHED,MutualInfo,IL18RAP,1,1,7.0,50,0.02
PE_LOPE_MATCHED,MutualInfo,KLK13,1,1,7.0,50,0.02
PE_LOPE_MATCHED,MutualInfo,RBM39,1,1,7.0,50,0.02
PE_LOPE_MATCHED,MutualInfo,TNFRSF18,1,1,7.0,50,0.02
PE_LOPE_MATCHED,MutualInfo,CGA.LHB,1,1,8.0,50,0.02
PE_LOPE_MATCHED,MutualInfo,COL8A1,1,1,8.0,50,0.02
PE_LOPE_MATCHED,MutualInfo,GPT,1,1,8.0,50,0.02
PE_LOPE_MATCHED,MutualInfo,HCK,1,1,8.0,50,0.02
PE_LOPE_MATCHED,MutualInfo,IFNL1,1,1,8.0,50,0.02
PE_LOPE_MATCHED,MutualInfo,IMPDH1,1,1,8.0,50,0.02
PE_LOPE_MATCHED,MutualInfo,KYNU,1,1,8.0,50,0.02
PE_LOPE_MATCHED,MutualInfo,LY9,1,1,8.0,50,0.02
PE_LOPE_MATCHED,MutualInfo,MAPK1,1,1,8.0,50,0.02
PE_LOPE_MATCHED,MutualInfo,MET,1,1,8.0,50,0.02
PE_LOPE_MATCHED,MutualInfo,PPP3CA.PPP3R1,1,1,8.0,50,0.02
PE_LOPE_MATCHED,MutualInfo,XRCC6,1,1,8.0,50,0.02
PE_LOPE_MATCHED,MutualInfo,ADAMTS4,1,1,9.0,50,0.02
PE_LOPE_MATCHED,MutualInfo,CXCL1,1,1,9.0,50,0.02
PE_LOPE_MATCHED,MutualInfo,LILRB1,1,1,9.0,50,0.02
PE_LOPE_MATCHED,MutualInfo,MBD4,1,1,9.0,50,0.02
PE_LOPE_MATCHED,MutualInfo,PCNA,1,1,9.0,50,0.02
PE_LOPE_MATCHED,MutualInfo,PGAM1,1,1,9.0,50,0.02
PE_LOPE_MATCHED,MutualInfo,BCAM,1,1,10.0,50,0.02
PE_LOPE_MATCHED,MutualInfo,CNTN1,1,1,10.0,50,0.02
PE_LOPE_MATCHED,MutualInfo,FRZB,1,1,10.0,50,0.02
PE_LOPE_MATCHED,MutualInfo,ICAM5,1,1,10.0,50,0.02
PE_LOPE_MATCHED,MutualInfo,IL7,1,1,10.0,50,0.02
PE_LOPE_MATCHED,MutualInfo,MAPKAPK2,1,1,10.0,50,0.02
PE_LOPE_MATCHED,MutualInfo,MIF,1,1,10.0,50,0.02
PE_LOPE_MATCHED,MutualInfo,NRP1,1,1,10.0,50,0.02
PE_LOPE_MATCHED,MutualInfo,PDGFC,1,1,10.0,50,0.02
PE_LOPE_MATCHED,MutualInfo,PRKACA,1,1,10.0,50,0.02
PE_LOPE_MATCHED,MutualInfo,RAC1,1,1,10.0,50,0.02
PE_LOPE_MATCHED,MutualInfo,RASA1,1,1,10.0,50,0.02
PE_LOPE_MATCHED,OutcomeSNN-FS,AGER,189,50,2.984126984126984,50,1.0
PE_LOPE_MATCHED,OutcomeSNN-FS,CPE,175,50,3.32,50,1.0
PE_LOPE_MATCHED,OutcomeSNN-FS,GDF2,95,47,3.6842105263157894,50,0.94
PE_LOPE_MATCHED,OutcomeSNN-FS,WIF1,107,47,4.140186915887851,50,0.94
PE_LOPE_MATCHED,OutcomeSNN-FS,WFIKKN2,76,44,4.907894736842105,50,0.88
PE_LOPE_MATCHED,OutcomeSNN-FS,IL1RAP,58,42,4.103448275862069,50,0.84
PE_LOPE_MATCHED,OutcomeSNN-FS,TNFAIP6,60,41,5.85,50,0.82
PE_LOPE_MATCHED,OutcomeSNN-FS,GPI,51,39,4.784313725490196,50,0.78
PE_LOPE_MATCHED,OutcomeSNN-FS,FOLH1,42,37,5.119047619047619,50,0.74
PE_LOPE_MATCHED,OutcomeSNN-FS,CSF2,48,37,5.354166666666667,50,0.74
PE_LOPE_MATCHED,OutcomeSNN-FS,EPHA1,43,34,4.465116279069767,50,0.68
PE_LOPE_MATCHED,OutcomeSNN-FS,CCL23,40,33,6.2,50,0.66
PE_LOPE_MATCHED,OutcomeSNN-FS,MAPK1,37,31,5.054054054054054,50,0.62
PE_LOPE_MATCHED,OutcomeSNN-FS,LEP,40,31,6.55,50,0.62
PE_LOPE_MATCHED,OutcomeSNN-FS,IGFBP2,32,30,4.34375,50,0.6
PE_LOPE_MATCHED,OutcomeSNN-FS,HSPD1,34,27,4.882352941176471,50,0.54
PE_LOPE_MATCHED,OutcomeSNN-FS,TXNDC12,30,26,5.333333333333333,50,0.52
PE_LOPE_MATCHED,OutcomeSNN-FS,COLEC12,27,25,4.962962962962963,50,0.5
PE_LOPE_MATCHED,OutcomeSNN-FS,GOT1,28,24,6.285714285714286,50,0.48
PE_LOPE_MATCHED,OutcomeSNN-FS,MAPKAPK2,23,23,7.434782608695652,50,0.46
PE_LOPE_MATCHED,OutcomeSNN-FS,CD226,24,22,5.708333333333333,50,0.44
PE_LOPE_MATCHED,OutcomeSNN-FS,IL24,23,21,4.521739130434782,50,0.42
PE_LOPE_MATCHED,OutcomeSNN-FS,NAMPT,20,20,3.4,50,0.4
PE_LOPE_MATCHED,OutcomeSNN-FS,NCAM1,21,20,4.571428571428571,50,0.4
PE_LOPE_MATCHED,OutcomeSNN-FS,MAPK8,20,20,5.85,50,0.4
PE_LOPE_MATCHED,OutcomeSNN-FS,SEMA3E,21,20,5.904761904761905,50,0.4
PE_LOPE_MATCHED,OutcomeSNN-FS,MAPKAPK5,18,18,3.7777777777777777,50,0.36
PE_LOPE_MATCHED,OutcomeSNN-FS,POR,17,17,4.235294117647059,50,0.34
PE_LOPE_MATCHED,OutcomeSNN-FS,CCL23.1,17,16,4.352941176470588,50,0.32
PE_LOPE_MATCHED,OutcomeSNN-FS,ADIPOQ,14,14,4.857142857142857,50,0.28
PE_LOPE_MATCHED,OutcomeSNN-FS,NME2,14,14,5.142857142857143,50,0.28
PE_LOPE_MATCHED,OutcomeSNN-FS,SELL,14,13,5.142857142857143,50,0.26
PE_LOPE_MATCHED,OutcomeSNN-FS,PPIF,13,13,6.6923076923076925,50,0.26
PE_LOPE_MATCHED,OutcomeSNN-FS,GPNMB,12,12,4.916666666666667,50,0.24
PE_LOPE_MATCHED,OutcomeSNN-FS,ICAM5,13,12,5.384615384615385,50,0.24
PE_LOPE_MATCHED,OutcomeSNN-FS,SPARCL1,11,11,7.2727272727272725,50,0.22
PE_LOPE_MATCHED,OutcomeSNN-FS,DDR2,10,10,4.9,50,0.2
PE_LOPE_MATCHED,OutcomeSNN-FS,BCAN,10,10,6.1,50,0.2
PE_LOPE_MATCHED,OutcomeSNN-FS,HSD17B10,10,10,6.5,50,0.2
PE_LOPE_MATCHED,OutcomeSNN-FS,GAPDH,10,10,7.8,50,0.2
PE_LOPE_MATCHED,OutcomeSNN-FS,DPT,9,9,3.4444444444444446,50,0.18
PE_LOPE_MATCHED,OutcomeSNN-FS,CASP3,9,9,6.444444444444445,50,0.18
PE_LOPE_MATCHED,OutcomeSNN-FS,IGHD..IGK..IGL.,8,8,5.5,50,0.16
PE_LOPE_MATCHED,OutcomeSNN-FS,EEF1B2,8,8,6.125,50,0.16
PE_LOPE_MATCHED,OutcomeSNN-FS,PRSS3,7,7,5.0,50,0.14
PE_LOPE_MATCHED,OutcomeSNN-FS,SIGLEC9,7,7,5.142857142857143,50,0.14
PE_LOPE_MATCHED,OutcomeSNN-FS,SPINT2,7,7,5.142857142857143,50,0.14
PE_LOPE_MATCHED,OutcomeSNN-FS,PDPK1,7,7,5.857142857142857,50,0.14
PE_LOPE_MATCHED,OutcomeSNN-FS,XPNPEP1,8,7,7.25,50,0.14
PE_LOPE_MATCHED,OutcomeSNN-FS,POSTN,7,7,7.285714285714286,50,0.14
PE_LOPE_MATCHED,OutcomeSNN-FS,HTRA2,7,7,8.142857142857142,50,0.14
PE_LOPE_MATCHED,OutcomeSNN-FS,ROR1,7,7,9.0,50,0.14
PE_LOPE_MATCHED,OutcomeSNN-FS,CD55,6,6,4.833333333333333,50,0.12
PE_LOPE_MATCHED,OutcomeSNN-FS,FUT5,6,6,5.166666666666667,50,0.12
PE_LOPE_MATCHED,OutcomeSNN-FS,BIRC3,6,6,6.333333333333333,50,0.12
PE_LOPE_MATCHED,OutcomeSNN-FS,CTSD,6,6,7.5,50,0.12
PE_LOPE_MATCHED,OutcomeSNN-FS,MMP8,6,6,9.0,50,0.12
PE_LOPE_MATCHED,OutcomeSNN-FS,IGF1R,5,5,3.6,50,0.1
PE_LOPE_MATCHED,OutcomeSNN-FS,ANGPTL4,5,5,4.0,50,0.1
PE_LOPE_MATCHED,OutcomeSNN-FS,CXCL1,5,5,4.6,50,0.1
PE_LOPE_MATCHED,OutcomeSNN-FS,ESAM,5,5,4.6,50,0.1
PE_LOPE_MATCHED,OutcomeSNN-FS,EPHB6,5,5,5.4,50,0.1
PE_LOPE_MATCHED,OutcomeSNN-FS,BMP6,5,5,5.8,50,0.1
PE_LOPE_MATCHED,OutcomeSNN-FS,NRXN3,5,5,5.8,50,0.1
PE_LOPE_MATCHED,OutcomeSNN-FS,HBA1.HBB,5,5,6.2,50,0.1
PE_LOPE_MATCHED,OutcomeSNN-FS,TIMP2,5,5,6.2,50,0.1
PE_LOPE_MATCHED,OutcomeSNN-FS,PYY,5,5,7.4,50,0.1
PE_LOPE_MATCHED,OutcomeSNN-FS,HGF,4,4,2.75,50,0.08
PE_LOPE_MATCHED,OutcomeSNN-FS,NTRK2,4,4,5.0,50,0.08
PE_LOPE_MATCHED,OutcomeSNN-FS,CNTN4,4,4,5.25,50,0.08
PE_LOPE_MATCHED,OutcomeSNN-FS,JAG1,4,4,5.25,50,0.08
PE_LOPE_MATCHED,OutcomeSNN-FS,ULBP1,4,4,5.25,50,0.08
PE_LOPE_MATCHED,OutcomeSNN-FS,NRP1,4,4,5.5,50,0.08
PE_LOPE_MATCHED,OutcomeSNN-FS,F11,4,4,6.0,50,0.08
PE_LOPE_MATCHED,OutcomeSNN-FS,LEPR,4,4,6.0,50,0.08
PE_LOPE_MATCHED,OutcomeSNN-FS,AKR1A1,4,4,6.5,50,0.08
PE_LOPE_MATCHED,OutcomeSNN-FS,FGR,4,4,7.25,50,0.08
PE_LOPE_MATCHED,OutcomeSNN-FS,APOB,4,4,8.0,50,0.08
PE_LOPE_MATCHED,OutcomeSNN-FS,MSN,4,4,8.0,50,0.08
PE_LOPE_MATCHED,OutcomeSNN-FS,SPHK2,4,4,8.75,50,0.08
PE_LOPE_MATCHED,OutcomeSNN-FS,APCS,3,3,4.0,50,0.06
PE_LOPE_MATCHED,OutcomeSNN-FS,GPC5,3,3,4.0,50,0.06
PE_LOPE_MATCHED,OutcomeSNN-FS,FGA.FGB.FGG.1,3,3,4.333333333333333,50,0.06
PE_LOPE_MATCHED,OutcomeSNN-FS,FGF10,3,3,4.666666666666667,50,0.06
PE_LOPE_MATCHED,OutcomeSNN-FS,PRSS1,3,3,5.333333333333333,50,0.06
PE_LOPE_MATCHED,OutcomeSNN-FS,CCL19,3,3,5.666666666666667,50,0.06
PE_LOPE_MATCHED,OutcomeSNN-FS,PKM2,3,3,6.0,50,0.06
PE_LOPE_MATCHED,OutcomeSNN-FS,MAPK12,3,3,6.333333333333333,50,0.06
PE_LOPE_MATCHED,OutcomeSNN-FS,EHMT2,3,3,7.0,50,0.06
PE_LOPE_MATCHED,OutcomeSNN-FS,CFH,3,3,7.333333333333333,50,0.06
PE_LOPE_MATCHED,OutcomeSNN-FS,EDA,3,3,7.666666666666667,50,0.06
PE_LOPE_MATCHED,OutcomeSNN-FS,ITGA1.ITGB1,3,3,9.333333333333334,50,0.06
PE_LOPE_MATCHED,OutcomeSNN-FS,LGMN,2,2,4.0,50,0.04
PE_LOPE_MATCHED,OutcomeSNN-FS,LYZ,2,2,4.0,50,0.04
PE_LOPE_MATCHED,OutcomeSNN-FS,MED1,2,2,4.5,50,0.04
PE_LOPE_MATCHED,OutcomeSNN-FS,PPIA,2,2,4.5,50,0.04
PE_LOPE_MATCHED,OutcomeSNN-FS,CNTN5,2,2,5.0,50,0.04
PE_LOPE_MATCHED,OutcomeSNN-FS,HAPLN1,2,2,5.5,50,0.04
PE_LOPE_MATCHED,OutcomeSNN-FS,H2AFZ,2,2,6.0,50,0.04
PE_LOPE_MATCHED,OutcomeSNN-FS,LCORL,2,2,6.0,50,0.04
PE_LOPE_MATCHED,OutcomeSNN-FS,SERPINA5,2,2,6.0,50,0.04
PE_LOPE_MATCHED,OutcomeSNN-FS,CALR,2,2,6.5,50,0.04
PE_LOPE_MATCHED,OutcomeSNN-FS,ERAP1,2,2,6.5,50,0.04
PE_LOPE_MATCHED,OutcomeSNN-FS,PLAT,2,2,6.5,50,0.04
PE_LOPE_MATCHED,OutcomeSNN-FS,C3,2,2,7.5,50,0.04
PE_LOPE_MATCHED,OutcomeSNN-FS,CCL25,2,2,7.5,50,0.04
PE_LOPE_MATCHED,OutcomeSNN-FS,LSAMP,2,2,7.5,50,0.04
PE_LOPE_MATCHED,OutcomeSNN-FS,LAYN,2,2,8.0,50,0.04
PE_LOPE_MATCHED,OutcomeSNN-FS,IL1RAPL2,2,2,8.5,50,0.04
PE_LOPE_MATCHED,OutcomeSNN-FS,ITGA2B.ITGB3,2,2,9.5,50,0.04
PE_LOPE_MATCHED,OutcomeSNN-FS,ABL1,1,1,3.0,50,0.02
PE_LOPE_MATCHED,OutcomeSNN-FS,CXCL10,1,1,3.0,50,0.02
PE_LOPE_MATCHED,OutcomeSNN-FS,PECAM1,1,1,4.0,50,0.02
PE_LOPE_MATCHED,OutcomeSNN-FS,PLG.2,1,1,4.0,50,0.02
PE_LOPE_MATCHED,OutcomeSNN-FS,TNF,1,1,4.0,50,0.02
PE_LOPE_MATCHED,OutcomeSNN-FS,POMC,1,1,5.0,50,0.02
PE_LOPE_MATCHED,OutcomeSNN-FS,BMP7,1,1,6.0,50,0.02
PE_LOPE_MATCHED,OutcomeSNN-FS,SIGLEC14,1,1,6.0,50,0.02
PE_LOPE_MATCHED,OutcomeSNN-FS,DKKL1,1,1,7.0,50,0.02
PE_LOPE_MATCHED,OutcomeSNN-FS,FASLG,1,1,7.0,50,0.02
PE_LOPE_MATCHED,OutcomeSNN-FS,FGA.FGB.FGG,1,1,7.0,50,0.02
PE_LOPE_MATCHED,OutcomeSNN-FS,HBEGF,1,1,8.0,50,0.02
PE_LOPE_MATCHED,OutcomeSNN-FS,IFNL2,1,1,8.0,50,0.02
PE_LOPE_MATCHED,OutcomeSNN-FS,OPCML,1,1,8.0,50,0.02
PE_LOPE_MATCHED,OutcomeSNN-FS,RGMB,1,1,8.0,50,0.02
PE_LOPE_MATCHED,OutcomeSNN-FS,TNFSF15,1,1,8.0,50,0.02
PE_LOPE_MATCHED,OutcomeSNN-FS,ADGRE2,1,1,9.0,50,0.02
PE_LOPE_MATCHED,OutcomeSNN-FS,APOE.3,1,1,9.0,50,0.02
PE_LOPE_MATCHED,OutcomeSNN-FS,CDNF,1,1,9.0,50,0.02
PE_LOPE_MATCHED,OutcomeSNN-FS,CRK,1,1,9.0,50,0.02
PE_LOPE_MATCHED,OutcomeSNN-FS,ESD,1,1,9.0,50,0.02
PE_LOPE_MATCHED,OutcomeSNN-FS,FAM107B,1,1,9.0,50,0.02
PE_LOPE_MATCHED,OutcomeSNN-FS,FGFR3,1,1,9.0,50,0.02
PE_LOPE_MATCHED,OutcomeSNN-FS,FN1,1,1,9.0,50,0.02
PE_LOPE_MATCHED,OutcomeSNN-FS,PRKAA2.PRKAB2.PRKAG1,1,1,9.0,50,0.02
PE_LOPE_MATCHED,OutcomeSNN-FS,PRSS2,1,1,9.0,50,0.02
PE_LOPE_MATCHED,OutcomeSNN-FS,WISP1,1,1,9.0,50,0.02
PE_LOPE_MATCHED,OutcomeSNN-FS,DLL4,1,1,10.0,50,0.02
PE_LOPE_MATCHED,OutcomeSNN-FS,IL25,1,1,10.0,50,0.02
PE_LOPE_MATCHED,OutcomeSNN-FS,OSM,1,1,10.0,50,0.02
PE_LOPE_MATCHED,OutcomeSNN-FS,PTH,1,1,10.0,50,0.02
PE_LOPE_MATCHED,PGEE,IL24,110,47,4.127272727272727,50,0.94
PE_LOPE_MATCHED,PGEE,IL1RAP,80,47,4.525,50,0.94
PE_LOPE_MATCHED,PGEE,SPARCL1,103,46,3.7572815533980584,50,0.92
PE_LOPE_MATCHED,PGEE,WIF1,67,42,4.462686567164179,50,0.84
PE_LOPE_MATCHED,PGEE,WFIKKN2,61,41,4.60655737704918,50,0.82
PE_LOPE_MATCHED,PGEE,CPE,87,41,5.149425287356322,50,0.82
PE_LOPE_MATCHED,PGEE,CCL23.1,67,40,3.388059701492537,50,0.8
PE_LOPE_MATCHED,PGEE,GDF2,58,39,4.482758620689655,50,0.78
PE_LOPE_MATCHED,PGEE,IGF1R,64,38,4.6875,50,0.76
PE_LOPE_MATCHED,PGEE,APOB,36,35,3.2222222222222223,50,0.7
PE_LOPE_MATCHED,PGEE,SELL,38,33,4.421052631578948,50,0.66
PE_LOPE_MATCHED,PGEE,SERPINA5,43,32,4.790697674418604,50,0.64
PE_LOPE_MATCHED,PGEE,LEPR,42,32,5.357142857142857,50,0.64
PE_LOPE_MATCHED,PGEE,AGER,42,31,5.5476190476190474,50,0.62
PE_LOPE_MATCHED,PGEE,XPNPEP1,48,29,5.916666666666667,50,0.58
PE_LOPE_MATCHED,PGEE,CCL23,30,27,5.066666666666666,50,0.54
PE_LOPE_MATCHED,PGEE,MED1,33,26,5.303030303030303,50,0.52
PE_LOPE_MATCHED,PGEE,COLEC12,30,26,6.233333333333333,50,0.52
PE_LOPE_MATCHED,PGEE,FUT5,26,24,5.461538461538462,50,0.48
PE_LOPE_MATCHED,PGEE,SEMA3E,23,22,4.608695652173913,50,0.44
PE_LOPE_MATCHED,PGEE,APCS,22,22,5.7272727272727275,50,0.44
PE_LOPE_MATCHED,PGEE,MSN,22,22,6.2727272727272725,50,0.44
PE_LOPE_MATCHED,PGEE,LYZ,21,21,4.190476190476191,50,0.42
PE_LOPE_MATCHED,PGEE,ICAM5,21,21,6.0476190476190474,50,0.42
PE_LOPE_MATCHED,PGEE,TIMP2,20,20,4.45,50,0.4
PE_LOPE_MATCHED,PGEE,HTRA2,22,20,6.090909090909091,50,0.4
PE_LOPE_MATCHED,PGEE,C3,21,19,5.428571428571429,50,0.38
PE_LOPE_MATCHED,PGEE,NOTCH1,17,17,4.0,50,0.34
PE_LOPE_MATCHED,PGEE,BCAN,19,17,4.526315789473684,50,0.34
PE_LOPE_MATCHED,PGEE,ADIPOQ,17,16,4.294117647058823,50,0.32
PE_LOPE_MATCHED,PGEE,GOT1,16,16,4.875,50,0.32
PE_LOPE_MATCHED,PGEE,COL18A1,15,15,4.666666666666667,50,0.3
PE_LOPE_MATCHED,PGEE,GPNMB,16,15,5.375,50,0.3
PE_LOPE_MATCHED,PGEE,CNTFR,17,14,5.0588235294117645,50,0.28
PE_LOPE_MATCHED,PGEE,LTA.LTB.1,16,14,5.25,50,0.28
PE_LOPE_MATCHED,PGEE,POSTN,15,14,5.533333333333333,50,0.28
PE_LOPE_MATCHED,PGEE,SPHK2,15,14,6.6,50,0.28
PE_LOPE_MATCHED,PGEE,NTRK2,14,14,6.785714285714286,50,0.28
PE_LOPE_MATCHED,PGEE,LSAMP,15,13,4.066666666666666,50,0.26
PE_LOPE_MATCHED,PGEE,DPT,13,13,4.230769230769231,50,0.26
PE_LOPE_MATCHED,PGEE,IGFBP2,13,13,4.384615384615385,50,0.26
PE_LOPE_MATCHED,PGEE,BIRC3,13,13,5.461538461538462,50,0.26
PE_LOPE_MATCHED,PGEE,CNTN4,15,13,6.666666666666667,50,0.26
PE_LOPE_MATCHED,PGEE,NCAM1,12,12,3.4166666666666665,50,0.24
PE_LOPE_MATCHED,PGEE,AKR1A1,12,12,5.583333333333333,50,0.24
PE_LOPE_MATCHED,PGEE,FSTL3,11,11,4.7272727272727275,50,0.22
PE_LOPE_MATCHED,PGEE,NRXN3,11,11,5.0,50,0.22
PE_LOPE_MATCHED,PGEE,GPI,11,11,5.545454545454546,50,0.22
PE_LOPE_MATCHED,PGEE,LCORL,11,11,7.545454545454546,50,0.22
PE_LOPE_MATCHED,PGEE,EPHA1,10,10,3.5,50,0.2
PE_LOPE_MATCHED,PGEE,PRSS2,10,10,4.6,50,0.2
PE_LOPE_MATCHED,PGEE,TXNDC12,10,10,4.6,50,0.2
PE_LOPE_MATCHED,PGEE,CFH,10,10,5.0,50,0.2
PE_LOPE_MATCHED,PGEE,TNFAIP6,11,10,6.545454545454546,50,0.2
PE_LOPE_MATCHED,PGEE,SPON1,9,9,3.0,50,0.18
PE_LOPE_MATCHED,PGEE,DDR2,9,9,4.444444444444445,50,0.18
PE_LOPE_MATCHED,PGEE,HAPLN1,8,8,4.0,50,0.16
PE_LOPE_MATCHED,PGEE,AGR2,8,8,5.625,50,0.16
PE_LOPE_MATCHED,PGEE,DKK3,7,7,5.714285714285714,50,0.14
PE_LOPE_MATCHED,PGEE,CCL16,7,7,6.428571428571429,50,0.14
PE_LOPE_MATCHED,PGEE,SIGLEC14,6,6,4.333333333333333,50,0.12
PE_LOPE_MATCHED,PGEE,EDA,6,6,5.833333333333333,50,0.12
PE_LOPE_MATCHED,PGEE,MAPKAPK5,6,6,6.666666666666667,50,0.12
PE_LOPE_MATCHED,PGEE,ESM1,6,6,7.333333333333333,50,0.12
PE_LOPE_MATCHED,PGEE,PRSS1,5,5,1.6,50,0.1
PE_LOPE_MATCHED,PGEE,CKB,5,5,2.6,50,0.1
PE_LOPE_MATCHED,PGEE,GCG,5,5,4.2,50,0.1
PE_LOPE_MATCHED,PGEE,GAS1,5,5,5.4,50,0.1
PE_LOPE_MATCHED,PGEE,C3.4,5,5,5.6,50,0.1
PE_LOPE_MATCHED,PGEE,CSF2,5,5,5.6,50,0.1
PE_LOPE_MATCHED,PGEE,SELE,5,5,5.8,50,0.1
PE_LOPE_MATCHED,PGEE,JAG1,5,5,6.6,50,0.1
PE_LOPE_MATCHED,PGEE,PPIA,5,5,7.0,50,0.1
PE_LOPE_MATCHED,PGEE,FRZB,4,4,3.0,50,0.08
PE_LOPE_MATCHED,PGEE,C1R,4,4,3.5,50,0.08
PE_LOPE_MATCHED,PGEE,MAPK8,4,4,4.0,50,0.08
PE_LOPE_MATCHED,PGEE,LAYN,4,4,6.0,50,0.08
PE_LOPE_MATCHED,PGEE,POR,4,4,9.0,50,0.08
PE_LOPE_MATCHED,PGEE,TFPI,3,3,1.6666666666666667,50,0.06
PE_LOPE_MATCHED,PGEE,TNFRSF21,3,3,2.6666666666666665,50,0.06
PE_LOPE_MATCHED,PGEE,KRAS,3,3,3.0,50,0.06
PE_LOPE_MATCHED,PGEE,EPHB6,3,3,3.3333333333333335,50,0.06
PE_LOPE_MATCHED,PGEE,FGF19,3,3,4.0,50,0.06
PE_LOPE_MATCHED,PGEE,PYY,3,3,4.333333333333333,50,0.06
PE_LOPE_MATCHED,PGEE,CD226,3,3,4.666666666666667,50,0.06
PE_LOPE_MATCHED,PGEE,ULBP1,3,3,5.333333333333333,50,0.06
PE_LOPE_MATCHED,PGEE,MAPK1,3,3,5.666666666666667,50,0.06
PE_LOPE_MATCHED,PGEE,F11,3,3,6.0,50,0.06
PE_LOPE_MATCHED,PGEE,PRSS3,3,3,6.0,50,0.06
PE_LOPE_MATCHED,PGEE,H2AFZ,3,3,6.333333333333333,50,0.06
PE_LOPE_MATCHED,PGEE,SIGLEC9,3,3,6.333333333333333,50,0.06
PE_LOPE_MATCHED,PGEE,ROR1,3,3,7.0,50,0.06
PE_LOPE_MATCHED,PGEE,CFP,3,3,8.666666666666666,50,0.06
PE_LOPE_MATCHED,PGEE,IL19,2,2,2.0,50,0.04
PE_LOPE_MATCHED,PGEE,CNTN5,2,2,2.5,50,0.04
PE_LOPE_MATCHED,PGEE,IGHE.IGK..IGL.,2,2,3.0,50,0.04
PE_LOPE_MATCHED,PGEE,LGMN,2,2,3.0,50,0.04
PE_LOPE_MATCHED,PGEE,BMP6,2,2,3.5,50,0.04
PE_LOPE_MATCHED,PGEE,CRK,2,2,3.5,50,0.04
PE_LOPE_MATCHED,PGEE,DKKL1,2,2,3.5,50,0.04
PE_LOPE_MATCHED,PGEE,CD40LG,2,2,4.5,50,0.04
PE_LOPE_MATCHED,PGEE,HIPK3,2,2,4.5,50,0.04
PE_LOPE_MATCHED,PGEE,NRCAM,2,2,4.5,50,0.04
PE_LOPE_MATCHED,PGEE,IL6ST,2,2,5.0,50,0.04
PE_LOPE_MATCHED,PGEE,STK16,2,2,6.0,50,0.04
PE_LOPE_MATCHED,PGEE,CXCL10,2,2,6.5,50,0.04
PE_LOPE_MATCHED,PGEE,MAPK12,2,2,7.0,50,0.04
PE_LOPE_MATCHED,PGEE,MMP2,2,2,7.0,50,0.04
PE_LOPE_MATCHED,PGEE,LILRB1,2,2,7.5,50,0.04
PE_LOPE_MATCHED,PGEE,UNC5D,2,2,7.5,50,0.04
PE_LOPE_MATCHED,PGEE,PLAT,2,2,8.5,50,0.04
PE_LOPE_MATCHED,PGEE,MET,2,2,9.0,50,0.04
PE_LOPE_MATCHED,PGEE,APOE.3,1,1,1.0,50,0.02
PE_LOPE_MATCHED,PGEE,C3.5,1,1,1.0,50,0.02
PE_LOPE_MATCHED,PGEE,CCL24,1,1,1.0,50,0.02
PE_LOPE_MATCHED,PGEE,EGFR,1,1,1.0,50,0.02
PE_LOPE_MATCHED,PGEE,HS6ST1,1,1,1.0,50,0.02
PE_LOPE_MATCHED,PGEE,KIT,1,1,1.0,50,0.02
PE_LOPE_MATCHED,PGEE,OPCML,1,1,1.0,50,0.02
PE_LOPE_MATCHED,PGEE,PKM2,1,1,1.0,50,0.02
PE_LOPE_MATCHED,PGEE,RGMB,1,1,1.0,50,0.02
PE_LOPE_MATCHED,PGEE,ROBO2,1,1,1.0,50,0.02
PE_LOPE_MATCHED,PGEE,APOE.2,1,1,2.0,50,0.02
PE_LOPE_MATCHED,PGEE,PLA2G10,1,1,2.0,50,0.02
PE_LOPE_MATCHED,PGEE,PLA2G2E,1,1,2.0,50,0.02
PE_LOPE_MATCHED,PGEE,ALCAM,1,1,3.0,50,0.02
PE_LOPE_MATCHED,PGEE,CHST2,1,1,3.0,50,0.02
PE_LOPE_MATCHED,PGEE,COLEC11,1,1,3.0,50,0.02
PE_LOPE_MATCHED,PGEE,ESAM,1,1,3.0,50,0.02
PE_LOPE_MATCHED,PGEE,F10.1,1,1,3.0,50,0.02
PE_LOPE_MATCHED,PGEE,HCK,1,1,3.0,50,0.02
PE_LOPE_MATCHED,PGEE,AGRP,1,1,4.0,50,0.02
PE_LOPE_MATCHED,PGEE,CD55,1,1,4.0,50,0.02
PE_LOPE_MATCHED,PGEE,GPC5,1,1,4.0,50,0.02
PE_LOPE_MATCHED,PGEE,SERPINA1,1,1,4.0,50,0.02
PE_LOPE_MATCHED,PGEE,UFC1,1,1,4.0,50,0.02
PE_LOPE_MATCHED,PGEE,CALR,1,1,5.0,50,0.02
PE_LOPE_MATCHED,PGEE,CCL15,1,1,5.0,50,0.02
PE_LOPE_MATCHED,PGEE,CDNF,1,1,5.0,50,0.02
PE_LOPE_MATCHED,PGEE,DLL4,1,1,5.0,50,0.02
PE_LOPE_MATCHED,PGEE,NAMPT,1,1,6.0,50,0.02
PE_LOPE_MATCHED,PGEE,PPP3R1,1,1,6.0,50,0.02
PE_LOPE_MATCHED,PGEE,SERPINC1,1,1,6.0,50,0.02
PE_LOPE_MATCHED,PGEE,MRC1,1,1,7.0,50,0.02
PE_LOPE_MATCHED,PGEE,ANGPTL4,1,1,8.0,50,0.02
PE_LOPE_MATCHED,PGEE,TYK2,1,1,8.0,50,0.02
PE_LOPE_MATCHED,PGEE,ACAN,1,1,9.0,50,0.02
PE_LOPE_MATCHED,PGEE,ALB,1,1,9.0,50,0.02
PE_LOPE_MATCHED,PGEE,FOLH1,1,1,9.0,50,0.02
PE_LOPE_MATCHED,PGEE,MAPKAPK2,1,1,9.0,50,0.02
PE_LOPE_MATCHED,PGEE,PRKCD,1,1,9.0,50,0.02
PE_LOPE_MATCHED,PGEE,FGF4,1,1,10.0,50,0.02
PE_LOPE_MATCHED,PGEE,NRXN1,1,1,10.0,50,0.02
PE_LOPE_MATCHED,PGEE,PAK3,1,1,10.0,50,0.02
PE_LOPE_MATCHED,RandomForest,IL24,137,50,2.795620437956204,50,1.0
PE_LOPE_MATCHED,RandomForest,LEP,110,49,3.2363636363636363,50,0.98
PE_LOPE_MATCHED,RandomForest,IGF1R,84,45,4.857142857142857,50,0.9
PE_LOPE_MATCHED,RandomForest,CCL23.1,72,44,3.9444444444444446,50,0.88
PE_LOPE_MATCHED,RandomForest,TXNDC12,57,41,3.6315789473684212,50,0.82
PE_LOPE_MATCHED,RandomForest,GPNMB,55,40,4.072727272727272,50,0.8
PE_LOPE_MATCHED,RandomForest,IL1RAP,70,40,4.871428571428571,50,0.8
PE_LOPE_MATCHED,RandomForest,SPARCL1,57,38,4.7894736842105265,50,0.76
PE_LOPE_MATCHED,RandomForest,AGER,58,37,4.482758620689655,50,0.74
PE_LOPE_MATCHED,RandomForest,MED1,50,36,4.34,50,0.72
PE_LOPE_MATCHED,RandomForest,COLEC12,48,36,4.666666666666667,50,0.72
PE_LOPE_MATCHED,RandomForest,GDF2,43,34,4.348837209302325,50,0.68
PE_LOPE_MATCHED,RandomForest,CPE,46,32,4.326086956521739,50,0.64
PE_LOPE_MATCHED,RandomForest,SIGLEC9,35,31,3.657142857142857,50,0.62
PE_LOPE_MATCHED,RandomForest,WFIKKN2,38,31,4.842105263157895,50,0.62
PE_LOPE_MATCHED,RandomForest,SEMA3E,33,30,4.636363636363637,50,0.6
PE_LOPE_MATCHED,RandomForest,BCAN,31,27,4.32258064516129,50,0.54
PE_LOPE_MATCHED,RandomForest,ADIPOQ,26,26,4.538461538461538,50,0.52
PE_LOPE_MATCHED,RandomForest,FGF19,25,24,4.72,50,0.48
PE_LOPE_MATCHED,RandomForest,LEPR,27,23,5.814814814814815,50,0.46
PE_LOPE_MATCHED,RandomForest,SELL,22,20,5.5,50,0.4
PE_LOPE_MATCHED,RandomForest,C3,20,20,6.0,50,0.4
PE_LOPE_MATCHED,RandomForest,IGHD..IGK..IGL.,19,19,4.157894736842105,50,0.38
PE_LOPE_MATCHED,RandomForest,NCAM1,20,19,5.15,50,0.38
PE_LOPE_MATCHED,RandomForest,MSN,21,19,5.666666666666667,50,0.38
PE_LOPE_MATCHED,RandomForest,WIF1,21,19,5.761904761904762,50,0.38
PE_LOPE_MATCHED,RandomForest,DPT,19,18,4.947368421052632,50,0.36
PE_LOPE_MATCHED,RandomForest,XPNPEP1,18,17,5.0,50,0.34
PE_LOPE_MATCHED,RandomForest,ICAM5,16,16,5.25,50,0.32
PE_LOPE_MATCHED,RandomForest,PRSS2,18,16,6.111111111111111,50,0.32
PE_LOPE_MATCHED,RandomForest,F11,16,15,4.8125,50,0.3
PE_LOPE_MATCHED,RandomForest,GOT1,14,14,4.928571428571429,50,0.28
PE_LOPE_MATCHED,RandomForest,NRXN3,14,14,5.214285714285714,50,0.28
PE_LOPE_MATCHED,RandomForest,ULBP1,16,14,5.4375,50,0.28
PE_LOPE_MATCHED,RandomForest,TIMP2,13,13,6.3076923076923075,50,0.26
PE_LOPE_MATCHED,RandomForest,CFH,13,13,7.153846153846154,50,0.26
PE_LOPE_MATCHED,RandomForest,GPI,12,12,5.583333333333333,50,0.24
PE_LOPE_MATCHED,RandomForest,LYZ,12,12,6.416666666666667,50,0.24
PE_LOPE_MATCHED,RandomForest,IGFBP2,12,11,4.916666666666667,50,0.22
PE_LOPE_MATCHED,RandomForest,LSAMP,11,11,6.454545454545454,50,0.22
PE_LOPE_MATCHED,RandomForest,CSF2,11,11,6.818181818181818,50,0.22
PE_LOPE_MATCHED,RandomForest,ERAP1,10,10,4.9,50,0.2
PE_LOPE_MATCHED,RandomForest,SERPINA5,12,10,6.583333333333333,50,0.2
PE_LOPE_MATCHED,RandomForest,MMP2,9,9,5.555555555555555,50,0.18
PE_LOPE_MATCHED,RandomForest,SPHK2,9,9,5.555555555555555,50,0.18
PE_LOPE_MATCHED,RandomForest,EPHA1,9,9,6.222222222222222,50,0.18
PE_LOPE_MATCHED,RandomForest,ROR1,8,8,6.0,50,0.16
PE_LOPE_MATCHED,RandomForest,AKR1A1,8,8,6.75,50,0.16
PE_LOPE_MATCHED,RandomForest,SERPINA1,8,8,7.0,50,0.16
PE_LOPE_MATCHED,RandomForest,APCS,8,7,4.125,50,0.14
PE_LOPE_MATCHED,RandomForest,FGA.FGB.FGG.1,7,7,5.0,50,0.14
PE_LOPE_MATCHED,RandomForest,PRSS1,7,7,6.428571428571429,50,0.14
PE_LOPE_MATCHED,RandomForest,FSTL3,6,6,3.8333333333333335,50,0.12
PE_LOPE_MATCHED,RandomForest,FUT5,6,6,4.333333333333333,50,0.12
PE_LOPE_MATCHED,RandomForest,CCL23,6,6,5.333333333333333,50,0.12
PE_LOPE_MATCHED,RandomForest,ESAM,6,6,6.166666666666667,50,0.12
PE_LOPE_MATCHED,RandomForest,SPON1,5,5,4.0,50,0.1
PE_LOPE_MATCHED,RandomForest,NTRK2,5,5,4.2,50,0.1
PE_LOPE_MATCHED,RandomForest,CKB,5,5,4.8,50,0.1
PE_LOPE_MATCHED,RandomForest,IL19,5,5,4.8,50,0.1
PE_LOPE_MATCHED,RandomForest,CCL19,5,5,5.0,50,0.1
PE_LOPE_MATCHED,RandomForest,CNTFR,5,5,5.0,50,0.1
PE_LOPE_MATCHED,RandomForest,HTRA2,5,5,5.0,50,0.1
PE_LOPE_MATCHED,RandomForest,HIPK3,5,5,5.2,50,0.1
PE_LOPE_MATCHED,RandomForest,CXCL10,5,5,5.8,50,0.1
PE_LOPE_MATCHED,RandomForest,CNTN5,5,5,6.4,50,0.1
PE_LOPE_MATCHED,RandomForest,CTSD,5,5,6.4,50,0.1
PE_LOPE_MATCHED,RandomForest,CD226,5,5,6.6,50,0.1
PE_LOPE_MATCHED,RandomForest,C1R,5,5,7.0,50,0.1
PE_LOPE_MATCHED,RandomForest,CHST2,5,5,7.0,50,0.1
PE_LOPE_MATCHED,RandomForest,CDH2,5,5,7.6,50,0.1
PE_LOPE_MATCHED,RandomForest,PECAM1,4,4,4.25,50,0.08
PE_LOPE_MATCHED,RandomForest,HAPLN1,4,4,4.5,50,0.08
PE_LOPE_MATCHED,RandomForest,LCORL,4,4,4.5,50,0.08
PE_LOPE_MATCHED,RandomForest,IGHE.IGK..IGL.,4,4,4.75,50,0.08
PE_LOPE_MATCHED,RandomForest,BIRC3,4,4,5.75,50,0.08
PE_LOPE_MATCHED,RandomForest,CFP,4,4,5.75,50,0.08
PE_LOPE_MATCHED,RandomForest,TNFAIP6,4,4,5.75,50,0.08
PE_LOPE_MATCHED,RandomForest,SELE,4,4,6.0,50,0.08
PE_LOPE_MATCHED,RandomForest,COL18A1,4,4,7.25,50,0.08
PE_LOPE_MATCHED,RandomForest,MAPK8,4,4,7.75,50,0.08
PE_LOPE_MATCHED,RandomForest,SAA1,3,3,3.0,50,0.06
PE_LOPE_MATCHED,RandomForest,DDR2,3,3,5.333333333333333,50,0.06
PE_LOPE_MATCHED,RandomForest,SIGLEC14,3,3,5.333333333333333,50,0.06
PE_LOPE_MATCHED,RandomForest,AGRP,3,3,5.666666666666667,50,0.06
PE_LOPE_MATCHED,RandomForest,FOLH1,3,3,5.666666666666667,50,0.06
PE_LOPE_MATCHED,RandomForest,MAPK12,3,3,5.666666666666667,50,0.06
PE_LOPE_MATCHED,RandomForest,RTN4R,3,3,5.666666666666667,50,0.06
PE_LOPE_MATCHED,RandomForest,HSP90AA1.HSP90AB1,3,3,6.0,50,0.06
PE_LOPE_MATCHED,RandomForest,PYY,3,3,6.0,50,0.06
PE_LOPE_MATCHED,RandomForest,MAPKAPK5,3,3,6.666666666666667,50,0.06
PE_LOPE_MATCHED,RandomForest,UNC5D,3,3,7.666666666666667,50,0.06
PE_LOPE_MATCHED,RandomForest,PPIE,3,3,8.333333333333334,50,0.06
PE_LOPE_MATCHED,RandomForest,MAPKAPK2,3,3,9.333333333333334,50,0.06
PE_LOPE_MATCHED,RandomForest,NME2,2,2,2.0,50,0.04
PE_LOPE_MATCHED,RandomForest,CCL15,2,2,4.0,50,0.04
PE_LOPE_MATCHED,RandomForest,FN1,2,2,4.0,50,0.04
PE_LOPE_MATCHED,RandomForest,RGMB,2,2,4.0,50,0.04
PE_LOPE_MATCHED,RandomForest,GSTA3,2,2,4.5,50,0.04
PE_LOPE_MATCHED,RandomForest,CD55,2,2,5.0,50,0.04
PE_LOPE_MATCHED,RandomForest,JAG1,2,2,5.5,50,0.04
PE_LOPE_MATCHED,RandomForest,ALCAM,2,2,6.0,50,0.04
PE_LOPE_MATCHED,RandomForest,C3.4,2,2,6.0,50,0.04
PE_LOPE_MATCHED,RandomForest,HS6ST1,2,2,6.0,50,0.04
PE_LOPE_MATCHED,RandomForest,FAM107B,3,2,6.333333333333333,50,0.04
PE_LOPE_MATCHED,RandomForest,AGR2,2,2,6.5,50,0.04
PE_LOPE_MATCHED,RandomForest,NAMPT,2,2,6.5,50,0.04
PE_LOPE_MATCHED,RandomForest,CHEK2,2,2,7.0,50,0.04
PE_LOPE_MATCHED,RandomForest,EPHB6,2,2,7.5,50,0.04
PE_LOPE_MATCHED,RandomForest,PLAT,2,2,7.5,50,0.04
PE_LOPE_MATCHED,RandomForest,SPINT2,2,2,8.0,50,0.04
PE_LOPE_MATCHED,RandomForest,APOB,2,2,8.5,50,0.04
PE_LOPE_MATCHED,RandomForest,ESM1,2,2,8.5,50,0.04
PE_LOPE_MATCHED,RandomForest,PLA2G10,2,2,8.5,50,0.04
PE_LOPE_MATCHED,RandomForest,TFPI,2,2,9.5,50,0.04
PE_LOPE_MATCHED,RandomForest,HSPD1,1,1,2.0,50,0.02
PE_LOPE_MATCHED,RandomForest,NMT1,1,1,2.0,50,0.02
PE_LOPE_MATCHED,RandomForest,ANGPTL4,1,1,3.0,50,0.02
PE_LOPE_MATCHED,RandomForest,H2AFZ,1,1,3.0,50,0.02
PE_LOPE_MATCHED,RandomForest,MRC1,1,1,3.0,50,0.02
PE_LOPE_MATCHED,RandomForest,SOD2,1,1,4.0,50,0.02
PE_LOPE_MATCHED,RandomForest,APOE.3,1,1,5.0,50,0.02
PE_LOPE_MATCHED,RandomForest,COTL1,1,1,5.0,50,0.02
PE_LOPE_MATCHED,RandomForest,SERPINE1,1,1,5.0,50,0.02
PE_LOPE_MATCHED,RandomForest,TNFRSF21,1,1,5.0,50,0.02
PE_LOPE_MATCHED,RandomForest,FRZB,1,1,6.0,50,0.02
PE_LOPE_MATCHED,RandomForest,MIA,1,1,6.0,50,0.02
PE_LOPE_MATCHED,RandomForest,PDE5A,1,1,6.0,50,0.02
PE_LOPE_MATCHED,RandomForest,YWHAB.YWHAE.YWHAG.YWHAH.YWHAQ.YWHAZ.SFN,1,1,6.0,50,0.02
PE_LOPE_MATCHED,RandomForest,CALR,1,1,7.0,50,0.02
PE_LOPE_MATCHED,RandomForest,EREG,1,1,7.0,50,0.02
PE_LOPE_MATCHED,RandomForest,GPC5,1,1,7.0,50,0.02
PE_LOPE_MATCHED,RandomForest,LCN2,1,1,7.0,50,0.02
PE_LOPE_MATCHED,RandomForest,POR,1,1,7.0,50,0.02
PE_LOPE_MATCHED,RandomForest,COLEC11,1,1,8.0,50,0.02
PE_LOPE_MATCHED,RandomForest,ECE1,1,1,8.0,50,0.02
PE_LOPE_MATCHED,RandomForest,KRAS,1,1,8.0,50,0.02
PE_LOPE_MATCHED,RandomForest,MAPK1,1,1,8.0,50,0.02
PE_LOPE_MATCHED,RandomForest,RAC1,1,1,8.0,50,0.02
PE_LOPE_MATCHED,RandomForest,FGF4,1,1,9.0,50,0.02
PE_LOPE_MATCHED,RandomForest,HIBADH,1,1,9.0,50,0.02
PE_LOPE_MATCHED,RandomForest,PRSS3,1,1,9.0,50,0.02
PE_LOPE_MATCHED,RandomForest,SLPI,1,1,9.0,50,0.02
PE_LOPE_MATCHED,RandomForest,CDNF,1,1,10.0,50,0.02
PE_LOPE_MATCHED,RandomForest,GAS1,1,1,10.0,50,0.02
PE_LOPE_MATCHED,RandomForest,GRAP2,1,1,10.0,50,0.02
PE_LOPE_MATCHED,RandomForest,LTA.LTB.1,1,1,10.0,50,0.02
PE_LOPE_MATCHED,RandomForest,PDPK1,1,1,10.0,50,0.02
PE_LOPE_MATCHED,RandomForest,PRKCD,1,1,10.0,50,0.02
PE_LOPE_MATCHED,SNN-FS,AGER,149,50,3.5503355704697985,50,1.0
PE_LOPE_MATCHED,SNN-FS,IL1RAP,96,50,4.5,50,1.0
PE_LOPE_MATCHED,SNN-FS,LEP,144,49,4.013888888888889,50,0.98
PE_LOPE_MATCHED,SNN-FS,IL24,93,49,4.268817204301075,50,0.98
PE_LOPE_MATCHED,SNN-FS,TXNDC12,78,47,4.205128205128205,50,0.94
PE_LOPE_MATCHED,SNN-FS,GDF2,77,46,4.2727272727272725,50,0.92
PE_LOPE_MATCHED,SNN-FS,CSF2,72,45,4.083333333333333,50,0.9
PE_LOPE_MATCHED,SNN-FS,SELL,60,43,4.866666666666666,50,0.86
PE_LOPE_MATCHED,SNN-FS,CCL23,71,43,5.225352112676056,50,0.86
PE_LOPE_MATCHED,SNN-FS,CPE,70,41,5.671428571428572,50,0.82
PE_LOPE_MATCHED,SNN-FS,CCL23.1,46,39,4.5,50,0.78
PE_LOPE_MATCHED,SNN-FS,SEMA3E,41,36,4.634146341463414,50,0.72
PE_LOPE_MATCHED,SNN-FS,ULBP1,41,32,4.609756097560975,50,0.64
PE_LOPE_MATCHED,SNN-FS,IGFBP2,33,31,4.2727272727272725,50,0.62
PE_LOPE_MATCHED,SNN-FS,COLEC12,27,27,3.3333333333333335,50,0.54
PE_LOPE_MATCHED,SNN-FS,EPHA1,30,27,4.4,50,0.54
PE_LOPE_MATCHED,SNN-FS,FOLH1,32,27,4.75,50,0.54
PE_LOPE_MATCHED,SNN-FS,ADIPOQ,27,24,4.962962962962963,50,0.48
PE_LOPE_MATCHED,SNN-FS,ICAM5,26,24,5.884615384615385,50,0.48
PE_LOPE_MATCHED,SNN-FS,NAMPT,23,23,3.8260869565217392,50,0.46
PE_LOPE_MATCHED,SNN-FS,F11,24,23,4.583333333333333,50,0.46
PE_LOPE_MATCHED,SNN-FS,GOT1,26,23,6.269230769230769,50,0.46
PE_LOPE_MATCHED,SNN-FS,MAPKAPK5,24,22,4.416666666666667,50,0.44
PE_LOPE_MATCHED,SNN-FS,C3.4,24,22,6.291666666666667,50,0.44
PE_LOPE_MATCHED,SNN-FS,MAPK8,21,20,5.476190476190476,50,0.4
PE_LOPE_MATCHED,SNN-FS,LYZ,21,20,5.809523809523809,50,0.4
PE_LOPE_MATCHED,SNN-FS,IGHD..IGK..IGL.,21,19,4.333333333333333,50,0.38
PE_LOPE_MATCHED,SNN-FS,SPHK2,21,19,6.142857142857143,50,0.38
PE_LOPE_MATCHED,SNN-FS,WIF1,19,18,7.526315789473684,50,0.36
PE_LOPE_MATCHED,SNN-FS,POR,17,16,6.0,50,0.32
PE_LOPE_MATCHED,SNN-FS,MAPK1,18,16,6.166666666666667,50,0.32
PE_LOPE_MATCHED,SNN-FS,FUT5,17,16,6.176470588235294,50,0.32
PE_LOPE_MATCHED,SNN-FS,TNFAIP6,17,16,7.647058823529412,50,0.32
PE_LOPE_MATCHED,SNN-FS,TIMP2,14,14,4.5,50,0.28
PE_LOPE_MATCHED,SNN-FS,EEF1B2,14,13,4.071428571428571,50,0.26
PE_LOPE_MATCHED,SNN-FS,ESAM,13,13,4.3076923076923075,50,0.26
PE_LOPE_MATCHED,SNN-FS,PYY,14,13,5.214285714285714,50,0.26
PE_LOPE_MATCHED,SNN-FS,SPARCL1,13,13,6.153846153846154,50,0.26
PE_LOPE_MATCHED,SNN-FS,SPINT2,13,13,6.153846153846154,50,0.26
PE_LOPE_MATCHED,SNN-FS,APOB,13,13,7.153846153846154,50,0.26
PE_LOPE_MATCHED,SNN-FS,APCS,12,11,5.166666666666667,50,0.22
PE_LOPE_MATCHED,SNN-FS,DPT,10,10,2.9,50,0.2
PE_LOPE_MATCHED,SNN-FS,SIGLEC9,10,10,3.5,50,0.2
PE_LOPE_MATCHED,SNN-FS,HAPLN1,10,10,3.8,50,0.2
PE_LOPE_MATCHED,SNN-FS,CCL19,10,10,4.7,50,0.2
PE_LOPE_MATCHED,SNN-FS,CXCL1,9,9,5.333333333333333,50,0.18
PE_LOPE_MATCHED,SNN-FS,NCAM1,9,9,5.444444444444445,50,0.18
PE_LOPE_MATCHED,SNN-FS,DDR2,9,9,5.666666666666667,50,0.18
PE_LOPE_MATCHED,SNN-FS,CXCL10,9,9,6.111111111111111,50,0.18
PE_LOPE_MATCHED,SNN-FS,BIRC3,8,8,6.0,50,0.16
PE_LOPE_MATCHED,SNN-FS,GPNMB,8,8,6.0,50,0.16
PE_LOPE_MATCHED,SNN-FS,HBA1.HBB,8,8,6.5,50,0.16
PE_LOPE_MATCHED,SNN-FS,IGHE.IGK..IGL.,7,7,5.571428571428571,50,0.14
PE_LOPE_MATCHED,SNN-FS,CFH,7,7,6.142857142857143,50,0.14
PE_LOPE_MATCHED,SNN-FS,WFIKKN2,7,7,7.714285714285714,50,0.14
PE_LOPE_MATCHED,SNN-FS,IGF1R,6,6,6.333333333333333,50,0.12
PE_LOPE_MATCHED,SNN-FS,SAA1,6,6,6.333333333333333,50,0.12
PE_LOPE_MATCHED,SNN-FS,MED1,5,5,4.4,50,0.1
PE_LOPE_MATCHED,SNN-FS,BMP6,5,5,5.0,50,0.1
PE_LOPE_MATCHED,SNN-FS,FGA.FGB.FGG.1,5,5,5.4,50,0.1
PE_LOPE_MATCHED,SNN-FS,FGF19,5,5,6.6,50,0.1
PE_LOPE_MATCHED,SNN-FS,PLAT,5,5,7.0,50,0.1
PE_LOPE_MATCHED,SNN-FS,SELE,5,5,7.0,50,0.1
PE_LOPE_MATCHED,SNN-FS,XPNPEP1,6,5,8.0,50,0.1
PE_LOPE_MATCHED,SNN-FS,EHMT2,4,4,3.25,50,0.08
PE_LOPE_MATCHED,SNN-FS,FGF10,4,4,3.25,50,0.08
PE_LOPE_MATCHED,SNN-FS,MSN,4,4,4.75,50,0.08
PE_LOPE_MATCHED,SNN-FS,GSTA3,4,4,5.5,50,0.08
PE_LOPE_MATCHED,SNN-FS,LEPR,4,4,6.5,50,0.08
PE_LOPE_MATCHED,SNN-FS,CTSD,4,4,7.0,50,0.08
PE_LOPE_MATCHED,SNN-FS,CD226,4,4,7.25,50,0.08
PE_LOPE_MATCHED,SNN-FS,ANGPTL4,3,3,3.3333333333333335,50,0.06
PE_LOPE_MATCHED,SNN-FS,FAM107B,3,3,4.666666666666667,50,0.06
PE_LOPE_MATCHED,SNN-FS,CCL25,3,3,5.0,50,0.06
PE_LOPE_MATCHED,SNN-FS,PRSS1,3,3,5.0,50,0.06
PE_LOPE_MATCHED,SNN-FS,LAG3,3,3,6.0,50,0.06
PE_LOPE_MATCHED,SNN-FS,HIPK3,3,3,6.666666666666667,50,0.06
PE_LOPE_MATCHED,SNN-FS,NRXN3,3,3,8.0,50,0.06
PE_LOPE_MATCHED,SNN-FS,NTRK2,3,3,8.333333333333334,50,0.06
PE_LOPE_MATCHED,SNN-FS,JAG1,3,3,8.666666666666666,50,0.06
PE_LOPE_MATCHED,SNN-FS,MAPKAPK2,3,3,8.666666666666666,50,0.06
PE_LOPE_MATCHED,SNN-FS,HGF,3,3,9.0,50,0.06
PE_LOPE_MATCHED,SNN-FS,POSTN,3,3,9.0,50,0.06
PE_LOPE_MATCHED,SNN-FS,MRC1,2,2,4.0,50,0.04
PE_LOPE_MATCHED,SNN-FS,EPHB6,2,2,5.0,50,0.04
PE_LOPE_MATCHED,SNN-FS,SIGLEC14,2,2,6.5,50,0.04
PE_LOPE_MATCHED,SNN-FS,IL1RAPL2,2,2,7.0,50,0.04
PE_LOPE_MATCHED,SNN-FS,PRSS3,2,2,7.0,50,0.04
PE_LOPE_MATCHED,SNN-FS,BCAN,2,2,7.5,50,0.04
PE_LOPE_MATCHED,SNN-FS,IL25,2,2,7.5,50,0.04
PE_LOPE_MATCHED,SNN-FS,TNFRSF18,2,2,7.5,50,0.04
PE_LOPE_MATCHED,SNN-FS,GPI,2,2,8.5,50,0.04
PE_LOPE_MATCHED,SNN-FS,C3,2,2,9.0,50,0.04
PE_LOPE_MATCHED,SNN-FS,ECE1,2,2,9.5,50,0.04
PE_LOPE_MATCHED,SNN-FS,SERPINA1,2,2,9.5,50,0.04
PE_LOPE_MATCHED,SNN-FS,NRP1,1,1,1.0,50,0.02
PE_LOPE_MATCHED,SNN-FS,FGF17,1,1,2.0,50,0.02
PE_LOPE_MATCHED,SNN-FS,PRSS2,1,1,2.0,50,0.02
PE_LOPE_MATCHED,SNN-FS,CNTN5,1,1,3.0,50,0.02
PE_LOPE_MATCHED,SNN-FS,DDC,1,1,3.0,50,0.02
PE_LOPE_MATCHED,SNN-FS,ABL1,1,1,4.0,50,0.02
PE_LOPE_MATCHED,SNN-FS,CNTN4,1,1,4.0,50,0.02
PE_LOPE_MATCHED,SNN-FS,FGFR3,1,1,4.0,50,0.02
PE_LOPE_MATCHED,SNN-FS,GPC5,1,1,4.0,50,0.02
PE_LOPE_MATCHED,SNN-FS,PLA2G10,1,1,4.0,50,0.02
PE_LOPE_MATCHED,SNN-FS,ROR1,1,1,4.0,50,0.02
PE_LOPE_MATCHED,SNN-FS,RTN4R,1,1,4.0,50,0.02
PE_LOPE_MATCHED,SNN-FS,SERPINA5,1,1,4.0,50,0.02
PE_LOPE_MATCHED,SNN-FS,BMP7,1,1,5.0,50,0.02
PE_LOPE_MATCHED,SNN-FS,PPIF,1,1,5.0,50,0.02
PE_LOPE_MATCHED,SNN-FS,CCL15,1,1,6.0,50,0.02
PE_LOPE_MATCHED,SNN-FS,HNRNPK,1,1,6.0,50,0.02
PE_LOPE_MATCHED,SNN-FS,AGR2,1,1,7.0,50,0.02
PE_LOPE_MATCHED,SNN-FS,CHEK2,1,1,7.0,50,0.02
PE_LOPE_MATCHED,SNN-FS,ERAP1,1,1,7.0,50,0.02
PE_LOPE_MATCHED,SNN-FS,GCG,1,1,7.0,50,0.02
PE_LOPE_MATCHED,SNN-FS,LILRB1,1,1,7.0,50,0.02
PE_LOPE_MATCHED,SNN-FS,MMP2,1,1,7.0,50,0.02
PE_LOPE_MATCHED,SNN-FS,TLR4.LY96,1,1,7.0,50,0.02
PE_LOPE_MATCHED,SNN-FS,ESD,1,1,8.0,50,0.02
PE_LOPE_MATCHED,SNN-FS,FGF5,1,1,8.0,50,0.02
PE_LOPE_MATCHED,SNN-FS,FGR,1,1,8.0,50,0.02
PE_LOPE_MATCHED,SNN-FS,LCORL,1,1,8.0,50,0.02
PE_LOPE_MATCHED,SNN-FS,LGMN,1,1,8.0,50,0.02
PE_LOPE_MATCHED,SNN-FS,CYCS,1,1,9.0,50,0.02
PE_LOPE_MATCHED,SNN-FS,HSPD1,1,1,9.0,50,0.02
PE_LOPE_MATCHED,SNN-FS,IL12RB2,1,1,9.0,50,0.02
PE_LOPE_MATCHED,SNN-FS,MAPK12,1,1,9.0,50,0.02
PE_LOPE_MATCHED,SNN-FS,MIF,1,1,9.0,50,0.02
PE_LOPE_MATCHED,SNN-FS,CD55,1,1,10.0,50,0.02
PE_LOPE_MATCHED,SNN-FS,DAPK2,1,1,10.0,50,0.02
PE_LOPE_MATCHED,SNN-FS,FN1,1,1,10.0,50,0.02
PE_LOPE_MATCHED,SNN-FS,FN1.1,1,1,10.0,50,0.02
PE_LOPE_MATCHED,SNN-FS,GRAP2,1,1,10.0,50,0.02
PE_LOPE_MATCHED,SNN-FS,PDPK1,1,1,10.0,50,0.02
PE_LOPE_MATCHED,SNN-FS,PKM2,1,1,10.0,50,0.02
PE_LOPE_MATCHED,StabilitySelection,LEP,182,50,2.9945054945054945,50,1.0
PE_LOPE_MATCHED,StabilitySelection,IL24,118,50,3.1779661016949152,50,1.0
PE_LOPE_MATCHED,StabilitySelection,AGER,93,49,4.268817204301075,50,0.98
PE_LOPE_MATCHED,StabilitySelection,IL1RAP,119,49,4.53781512605042,50,0.98
PE_LOPE_MATCHED,StabilitySelection,CSF2,85,47,4.682352941176471,50,0.94
PE_LOPE_MATCHED,StabilitySelection,SELL,65,43,4.953846153846154,50,0.86
PE_LOPE_MATCHED,StabilitySelection,ADIPOQ,56,40,4.446428571428571,50,0.8
PE_LOPE_MATCHED,StabilitySelection,C3.4,48,39,4.6875,50,0.78
PE_LOPE_MATCHED,StabilitySelection,LYZ,49,36,4.653061224489796,50,0.72
PE_LOPE_MATCHED,StabilitySelection,COLEC12,39,35,4.230769230769231,50,0.7
PE_LOPE_MATCHED,StabilitySelection,TXNDC12,43,33,5.186046511627907,50,0.66
PE_LOPE_MATCHED,StabilitySelection,GOT1,39,33,5.358974358974359,50,0.66
PE_LOPE_MATCHED,StabilitySelection,ULBP1,41,33,5.390243902439025,50,0.66
PE_LOPE_MATCHED,StabilitySelection,IGHD..IGK..IGL.,36,32,4.722222222222222,50,0.64
PE_LOPE_MATCHED,StabilitySelection,GDF2,38,32,4.815789473684211,50,0.64
PE_LOPE_MATCHED,StabilitySelection,CCL23.1,36,30,4.138888888888889,50,0.6
PE_LOPE_MATCHED,StabilitySelection,GRAP2,37,30,6.216216216216216,50,0.6
PE_LOPE_MATCHED,StabilitySelection,LEPR,34,28,5.5588235294117645,50,0.56
PE_LOPE_MATCHED,StabilitySelection,XPNPEP1,27,26,4.962962962962963,50,0.52
PE_LOPE_MATCHED,StabilitySelection,SPHK2,30,26,5.0,50,0.52
PE_LOPE_MATCHED,StabilitySelection,PRSS2,23,22,4.3478260869565215,50,0.44
PE_LOPE_MATCHED,StabilitySelection,TIMP2,22,22,5.2272727272727275,50,0.44
PE_LOPE_MATCHED,StabilitySelection,IGFBP2,25,22,6.16,50,0.44
PE_LOPE_MATCHED,StabilitySelection,C3,22,21,4.863636363636363,50,0.42
PE_LOPE_MATCHED,StabilitySelection,MSN,24,21,5.75,50,0.42
PE_LOPE_MATCHED,StabilitySelection,SELE,22,20,5.7272727272727275,50,0.4
PE_LOPE_MATCHED,StabilitySelection,APCS,22,20,6.318181818181818,50,0.4
PE_LOPE_MATCHED,StabilitySelection,IGHE.IGK..IGL.,20,19,4.1,50,0.38
PE_LOPE_MATCHED,StabilitySelection,HIPK3,20,19,6.1,50,0.38
PE_LOPE_MATCHED,StabilitySelection,SEMA3E,19,18,5.894736842105263,50,0.36
PE_LOPE_MATCHED,StabilitySelection,CXCL10,19,18,6.157894736842105,50,0.36
PE_LOPE_MATCHED,StabilitySelection,PES1,16,15,6.3125,50,0.3
PE_LOPE_MATCHED,StabilitySelection,SPARCL1,14,14,3.142857142857143,50,0.28
PE_LOPE_MATCHED,StabilitySelection,SIGLEC9,13,12,5.0,50,0.24
PE_LOPE_MATCHED,StabilitySelection,PRSS1,12,12,5.75,50,0.24
PE_LOPE_MATCHED,StabilitySelection,PYY,12,12,6.083333333333333,50,0.24
PE_LOPE_MATCHED,StabilitySelection,F11,12,12,6.583333333333333,50,0.24
PE_LOPE_MATCHED,StabilitySelection,MAPK8,11,11,5.363636363636363,50,0.22
PE_LOPE_MATCHED,StabilitySelection,ICAM5,12,11,5.666666666666667,50,0.22
PE_LOPE_MATCHED,StabilitySelection,FGF19,10,10,3.7,50,0.2
PE_LOPE_MATCHED,StabilitySelection,CFH,10,10,4.1,50,0.2
PE_LOPE_MATCHED,StabilitySelection,HAPLN1,10,10,5.1,50,0.2
PE_LOPE_MATCHED,StabilitySelection,SIGLEC14,10,10,6.2,50,0.2
PE_LOPE_MATCHED,StabilitySelection,DPT,9,9,3.7777777777777777,50,0.18
PE_LOPE_MATCHED,StabilitySelection,FUT5,9,9,4.0,50,0.18
PE_LOPE_MATCHED,StabilitySelection,GPNMB,9,9,5.111111111111111,50,0.18
PE_LOPE_MATCHED,StabilitySelection,GSTA3,9,9,5.888888888888889,50,0.18
PE_LOPE_MATCHED,StabilitySelection,MAPKAPK5,8,8,4.0,50,0.16
PE_LOPE_MATCHED,StabilitySelection,NAMPT,8,8,4.75,50,0.16
PE_LOPE_MATCHED,StabilitySelection,CKB,8,8,5.0,50,0.16
PE_LOPE_MATCHED,StabilitySelection,ECE1,8,8,6.625,50,0.16
PE_LOPE_MATCHED,StabilitySelection,DDR2,8,8,6.875,50,0.16
PE_LOPE_MATCHED,StabilitySelection,TNFRSF18,7,7,4.571428571428571,50,0.14
PE_LOPE_MATCHED,StabilitySelection,ESAM,7,7,4.714285714285714,50,0.14
PE_LOPE_MATCHED,StabilitySelection,CCL23,8,7,5.5,50,0.14
PE_LOPE_MATCHED,StabilitySelection,OCIAD1,6,6,4.166666666666667,50,0.12
PE_LOPE_MATCHED,StabilitySelection,NRXN3,6,6,5.0,50,0.12
PE_LOPE_MATCHED,StabilitySelection,BIRC3,6,6,5.333333333333333,50,0.12
PE_LOPE_MATCHED,StabilitySelection,ESM1,6,6,7.0,50,0.12
PE_LOPE_MATCHED,StabilitySelection,CCL16,6,6,7.833333333333333,50,0.12
PE_LOPE_MATCHED,StabilitySelection,EEF1B2,6,6,8.5,50,0.12
PE_LOPE_MATCHED,StabilitySelection,MED1,5,5,4.2,50,0.1
PE_LOPE_MATCHED,StabilitySelection,IGF1R,5,5,6.0,50,0.1
PE_LOPE_MATCHED,StabilitySelection,FCGR1A,6,5,6.166666666666667,50,0.1
PE_LOPE_MATCHED,StabilitySelection,FOLH1,5,5,6.6,50,0.1
PE_LOPE_MATCHED,StabilitySelection,CPE,4,4,6.25,50,0.08
PE_LOPE_MATCHED,StabilitySelection,TNFAIP6,4,4,7.0,50,0.08
PE_LOPE_MATCHED,StabilitySelection,SPINT2,4,4,7.75,50,0.08
PE_LOPE_MATCHED,StabilitySelection,EIF4EBP2,4,4,8.0,50,0.08
PE_LOPE_MATCHED,StabilitySelection,NOG,4,4,8.25,50,0.08
PE_LOPE_MATCHED,StabilitySelection,FGF10,3,3,4.333333333333333,50,0.06
PE_LOPE_MATCHED,StabilitySelection,EPHA1,3,3,6.0,50,0.06
PE_LOPE_MATCHED,StabilitySelection,APOB,3,3,6.666666666666667,50,0.06
PE_LOPE_MATCHED,StabilitySelection,INS,3,3,7.0,50,0.06
PE_LOPE_MATCHED,StabilitySelection,GPC5,3,3,7.666666666666667,50,0.06
PE_LOPE_MATCHED,StabilitySelection,ROR1,3,3,7.666666666666667,50,0.06
PE_LOPE_MATCHED,StabilitySelection,SAA1,3,3,8.0,50,0.06
PE_LOPE_MATCHED,StabilitySelection,JAG1,2,2,3.0,50,0.04
PE_LOPE_MATCHED,StabilitySelection,PLAT,2,2,3.5,50,0.04
PE_LOPE_MATCHED,StabilitySelection,CHEK2,2,2,5.0,50,0.04
PE_LOPE_MATCHED,StabilitySelection,FCN3,2,2,5.5,50,0.04
PE_LOPE_MATCHED,StabilitySelection,CCL19,2,2,6.5,50,0.04
PE_LOPE_MATCHED,StabilitySelection,KYNU,2,2,8.0,50,0.04
PE_LOPE_MATCHED,StabilitySelection,HBA1.HBB,2,2,10.0,50,0.04
PE_LOPE_MATCHED,StabilitySelection,FGF5,1,1,1.0,50,0.02
PE_LOPE_MATCHED,StabilitySelection,EHMT2,1,1,2.0,50,0.02
PE_LOPE_MATCHED,StabilitySelection,AGT,1,1,3.0,50,0.02
PE_LOPE_MATCHED,StabilitySelection,LILRB1,1,1,3.0,50,0.02
PE_LOPE_MATCHED,StabilitySelection,TGFBR2,1,1,3.0,50,0.02
PE_LOPE_MATCHED,StabilitySelection,MET,1,1,4.0,50,0.02
PE_LOPE_MATCHED,StabilitySelection,TLR4.LY96,1,1,4.0,50,0.02
PE_LOPE_MATCHED,StabilitySelection,ALCAM,1,1,5.0,50,0.02
PE_LOPE_MATCHED,StabilitySelection,KRT18,1,1,5.0,50,0.02
PE_LOPE_MATCHED,StabilitySelection,MAPK12,1,1,5.0,50,0.02
PE_LOPE_MATCHED,StabilitySelection,CNTN5,1,1,6.0,50,0.02
PE_LOPE_MATCHED,StabilitySelection,MMP2,1,1,6.0,50,0.02
PE_LOPE_MATCHED,StabilitySelection,RTN4R,1,1,6.0,50,0.02
PE_LOPE_MATCHED,StabilitySelection,CD40LG,1,1,7.0,50,0.02
PE_LOPE_MATCHED,StabilitySelection,FGFR3,1,1,7.0,50,0.02
PE_LOPE_MATCHED,StabilitySelection,NCAM1,1,1,7.0,50,0.02
PE_LOPE_MATCHED,StabilitySelection,PDK1,1,1,7.0,50,0.02
PE_LOPE_MATCHED,StabilitySelection,CTSD,1,1,8.0,50,0.02
PE_LOPE_MATCHED,StabilitySelection,F10.1,1,1,8.0,50,0.02
PE_LOPE_MATCHED,StabilitySelection,MAPK11,1,1,8.0,50,0.02
PE_LOPE_MATCHED,StabilitySelection,NANOG,1,1,8.0,50,0.02
PE_LOPE_MATCHED,StabilitySelection,ABL1,1,1,9.0,50,0.02
PE_LOPE_MATCHED,StabilitySelection,FAM107B,1,1,9.0,50,0.02
PE_LOPE_MATCHED,StabilitySelection,FN1,1,1,9.0,50,0.02
PE_LOPE_MATCHED,StabilitySelection,IL12RB2,1,1,9.0,50,0.02
PE_LOPE_MATCHED,StabilitySelection,CXCL1,1,1,10.0,50,0.02
PE_LOPE_MATCHED,StabilitySelection,GCG,1,1,10.0,50,0.02
PE_LOPE_MATCHED,StabilitySelection,LAYN,1,1,10.0,50,0.02
PE_LOPE_MATCHED,StabilitySelection,POR,1,1,10.0,50,0.02
PE_LOPE_MATCHED,StabilitySelection,TNF,1,1,10.0,50,0.02
PE_LOPE_MATCHED,Stabl-RP,LEP,107,50,4.05607476635514,50,1.0
PE_LOPE_MATCHED,Stabl-RP,IL1RAP,101,49,3.2475247524752477,50,0.98
PE_LOPE_MATCHED,Stabl-RP,AGER,88,48,4.204545454545454,50,0.96
PE_LOPE_MATCHED,Stabl-RP,AKR1A1,81,48,4.382716049382716,50,0.96
PE_LOPE_MATCHED,Stabl-RP,IL24,77,46,3.909090909090909,50,0.92
PE_LOPE_MATCHED,Stabl-RP,XPNPEP1,75,45,4.24,50,0.9
PE_LOPE_MATCHED,Stabl-RP,SPARCL1,57,42,3.9473684210526314,50,0.84
PE_LOPE_MATCHED,Stabl-RP,COLEC12,48,40,3.0416666666666665,50,0.8
PE_LOPE_MATCHED,Stabl-RP,CPE,64,40,5.1875,50,0.8
PE_LOPE_MATCHED,Stabl-RP,IGF1R,46,39,3.5,50,0.78
PE_LOPE_MATCHED,Stabl-RP,SEMA3E,35,32,4.542857142857143,50,0.64
PE_LOPE_MATCHED,Stabl-RP,MAPK8,35,30,4.914285714285715,50,0.6
PE_LOPE_MATCHED,Stabl-RP,MAPKAPK2,38,30,6.868421052631579,50,0.6
PE_LOPE_MATCHED,Stabl-RP,CCL23.1,32,28,4.15625,50,0.56
PE_LOPE_MATCHED,Stabl-RP,GDF2,31,28,4.709677419354839,50,0.56
PE_LOPE_MATCHED,Stabl-RP,CCL23,29,27,5.620689655172414,50,0.54
PE_LOPE_MATCHED,Stabl-RP,C3,26,26,3.923076923076923,50,0.52
PE_LOPE_MATCHED,Stabl-RP,WIF1,30,26,4.233333333333333,50,0.52
PE_LOPE_MATCHED,Stabl-RP,MED1,29,25,5.068965517241379,50,0.5
PE_LOPE_MATCHED,Stabl-RP,NRXN3,24,24,4.708333333333333,50,0.48
PE_LOPE_MATCHED,Stabl-RP,GOT1,23,23,5.130434782608695,50,0.46
PE_LOPE_MATCHED,Stabl-RP,ADIPOQ,21,19,4.809523809523809,50,0.38
PE_LOPE_MATCHED,Stabl-RP,LEPR,23,19,5.260869565217392,50,0.38
PE_LOPE_MATCHED,Stabl-RP,TNFAIP6,21,19,5.571428571428571,50,0.38
PE_LOPE_MATCHED,Stabl-RP,HSP90AA1.HSP90AB1,19,19,6.2105263157894735,50,0.38
PE_LOPE_MATCHED,Stabl-RP,NCAM1,18,18,3.611111111111111,50,0.36
PE_LOPE_MATCHED,Stabl-RP,C3.4,17,17,4.823529411764706,50,0.34
PE_LOPE_MATCHED,Stabl-RP,APCS,17,17,5.0,50,0.34
PE_LOPE_MATCHED,Stabl-RP,SELL,17,17,5.0,50,0.34
PE_LOPE_MATCHED,Stabl-RP,IGFBP2,17,17,5.0588235294117645,50,0.34
PE_LOPE_MATCHED,Stabl-RP,WFIKKN2,18,17,6.388888888888889,50,0.34
PE_LOPE_MATCHED,Stabl-RP,POSTN,15,15,4.733333333333333,50,0.3
PE_LOPE_MATCHED,Stabl-RP,ICAM5,16,15,5.375,50,0.3
PE_LOPE_MATCHED,Stabl-RP,GPI,15,15,5.666666666666667,50,0.3
PE_LOPE_MATCHED,Stabl-RP,MAPK1,15,15,6.8,50,0.3
PE_LOPE_MATCHED,Stabl-RP,FUT5,14,14,4.5,50,0.28
PE_LOPE_MATCHED,Stabl-RP,ITGA1.ITGB1,17,14,4.647058823529412,50,0.28
PE_LOPE_MATCHED,Stabl-RP,APOB,15,14,5.0,50,0.28
PE_LOPE_MATCHED,Stabl-RP,NTRK2,13,13,4.846153846153846,50,0.26
PE_LOPE_MATCHED,Stabl-RP,NME2,13,13,5.615384615384615,50,0.26
PE_LOPE_MATCHED,Stabl-RP,CNTN4,13,13,6.538461538461538,50,0.26
PE_LOPE_MATCHED,Stabl-RP,TXNDC12,13,12,5.538461538461538,50,0.24
PE_LOPE_MATCHED,Stabl-RP,YWHAB.YWHAE.YWHAG.YWHAH.YWHAQ.YWHAZ.SFN,12,12,6.75,50,0.24
PE_LOPE_MATCHED,Stabl-RP,DDR2,11,11,4.363636363636363,50,0.22
PE_LOPE_MATCHED,Stabl-RP,MAPK12,11,11,6.181818181818182,50,0.22
PE_LOPE_MATCHED,Stabl-RP,BCAN,12,11,6.333333333333333,50,0.22
PE_LOPE_MATCHED,Stabl-RP,LYZ,10,10,4.9,50,0.2
PE_LOPE_MATCHED,Stabl-RP,LAYN,10,10,5.1,50,0.2
PE_LOPE_MATCHED,Stabl-RP,TIMP2,10,10,5.1,50,0.2
PE_LOPE_MATCHED,Stabl-RP,BIRC3,10,10,5.3,50,0.2
PE_LOPE_MATCHED,Stabl-RP,GPNMB,10,10,5.4,50,0.2
PE_LOPE_MATCHED,Stabl-RP,GPT,9,9,4.777777777777778,50,0.18
PE_LOPE_MATCHED,Stabl-RP,PKM2,9,9,5.111111111111111,50,0.18
PE_LOPE_MATCHED,Stabl-RP,ESM1,9,9,5.222222222222222,50,0.18
PE_LOPE_MATCHED,Stabl-RP,PRSS2,9,9,5.222222222222222,50,0.18
PE_LOPE_MATCHED,Stabl-RP,FSTL3,9,9,5.444444444444445,50,0.18
PE_LOPE_MATCHED,Stabl-RP,CSF2,9,9,5.666666666666667,50,0.18
PE_LOPE_MATCHED,Stabl-RP,MSN,8,8,4.375,50,0.16
PE_LOPE_MATCHED,Stabl-RP,CFH,7,7,4.571428571428571,50,0.14
PE_LOPE_MATCHED,Stabl-RP,HTRA2,7,7,5.285714285714286,50,0.14
PE_LOPE_MATCHED,Stabl-RP,GP6,7,7,5.714285714285714,50,0.14
PE_LOPE_MATCHED,Stabl-RP,PYY,7,7,5.714285714285714,50,0.14
PE_LOPE_MATCHED,Stabl-RP,CSK,7,7,6.571428571428571,50,0.14
PE_LOPE_MATCHED,Stabl-RP,SIGLEC9,6,6,4.166666666666667,50,0.12
PE_LOPE_MATCHED,Stabl-RP,NAGK,6,6,4.666666666666667,50,0.12
PE_LOPE_MATCHED,Stabl-RP,HAPLN1,6,6,4.833333333333333,50,0.12
PE_LOPE_MATCHED,Stabl-RP,CFP,6,6,5.333333333333333,50,0.12
PE_LOPE_MATCHED,Stabl-RP,COL18A1,6,6,6.5,50,0.12
PE_LOPE_MATCHED,Stabl-RP,CTSD,5,5,3.4,50,0.1
PE_LOPE_MATCHED,Stabl-RP,PRSS1,5,5,4.0,50,0.1
PE_LOPE_MATCHED,Stabl-RP,SPHK2,5,5,5.4,50,0.1
PE_LOPE_MATCHED,Stabl-RP,EEF1B2,5,5,5.6,50,0.1
PE_LOPE_MATCHED,Stabl-RP,ROR1,5,5,6.2,50,0.1
PE_LOPE_MATCHED,Stabl-RP,GAPDH,5,5,6.6,50,0.1
PE_LOPE_MATCHED,Stabl-RP,HSD17B10,5,5,7.0,50,0.1
PE_LOPE_MATCHED,Stabl-RP,JAG1,4,4,2.5,50,0.08
PE_LOPE_MATCHED,Stabl-RP,DPT,4,4,3.0,50,0.08
PE_LOPE_MATCHED,Stabl-RP,CNTFR,4,4,3.25,50,0.08
PE_LOPE_MATCHED,Stabl-RP,CNTN5,4,4,3.25,50,0.08
PE_LOPE_MATCHED,Stabl-RP,LSAMP,4,4,5.25,50,0.08
PE_LOPE_MATCHED,Stabl-RP,MIF,4,4,5.5,50,0.08
PE_LOPE_MATCHED,Stabl-RP,AKR7A2,4,4,6.5,50,0.08
PE_LOPE_MATCHED,Stabl-RP,DHH,4,4,7.5,50,0.08
PE_LOPE_MATCHED,Stabl-RP,GSK3A.GSK3B,4,4,8.0,50,0.08
PE_LOPE_MATCHED,Stabl-RP,FGF19,3,3,3.3333333333333335,50,0.06
PE_LOPE_MATCHED,Stabl-RP,CDNF,3,3,4.666666666666667,50,0.06
PE_LOPE_MATCHED,Stabl-RP,CKB,3,3,5.666666666666667,50,0.06
PE_LOPE_MATCHED,Stabl-RP,LCORL,3,3,5.666666666666667,50,0.06
PE_LOPE_MATCHED,Stabl-RP,POR,3,3,5.666666666666667,50,0.06
PE_LOPE_MATCHED,Stabl-RP,NAMPT,3,3,6.0,50,0.06
PE_LOPE_MATCHED,Stabl-RP,SPINT2,3,3,6.0,50,0.06
PE_LOPE_MATCHED,Stabl-RP,CD226,3,3,6.333333333333333,50,0.06
PE_LOPE_MATCHED,Stabl-RP,DKK3,3,3,7.0,50,0.06
PE_LOPE_MATCHED,Stabl-RP,CXCL10,3,3,7.333333333333333,50,0.06
PE_LOPE_MATCHED,Stabl-RP,CD40LG,2,2,3.0,50,0.04
PE_LOPE_MATCHED,Stabl-RP,FGF4,2,2,3.0,50,0.04
PE_LOPE_MATCHED,Stabl-RP,HBA1.HBB,2,2,4.0,50,0.04
PE_LOPE_MATCHED,Stabl-RP,IGHD..IGK..IGL.,2,2,4.0,50,0.04
PE_LOPE_MATCHED,Stabl-RP,IL6ST,2,2,4.0,50,0.04
PE_LOPE_MATCHED,Stabl-RP,ROBO2,2,2,4.0,50,0.04
PE_LOPE_MATCHED,Stabl-RP,PPIE,2,2,4.5,50,0.04
PE_LOPE_MATCHED,Stabl-RP,MAPKAPK5,2,2,5.0,50,0.04
PE_LOPE_MATCHED,Stabl-RP,AGR2,2,2,5.5,50,0.04
PE_LOPE_MATCHED,Stabl-RP,ARPP19,2,2,5.5,50,0.04
PE_LOPE_MATCHED,Stabl-RP,IGHE.IGK..IGL.,2,2,5.5,50,0.04
PE_LOPE_MATCHED,Stabl-RP,NRCAM,2,2,5.5,50,0.04
PE_LOPE_MATCHED,Stabl-RP,EPHA1,2,2,6.0,50,0.04
PE_LOPE_MATCHED,Stabl-RP,ESAM,2,2,6.0,50,0.04
PE_LOPE_MATCHED,Stabl-RP,GPC5,2,2,6.0,50,0.04
PE_LOPE_MATCHED,Stabl-RP,HSPD1,2,2,6.0,50,0.04
PE_LOPE_MATCHED,Stabl-RP,CD55,2,2,6.5,50,0.04
PE_LOPE_MATCHED,Stabl-RP,CRK,2,2,6.5,50,0.04
PE_LOPE_MATCHED,Stabl-RP,EDA,2,2,6.5,50,0.04
PE_LOPE_MATCHED,Stabl-RP,MMP2,2,2,6.5,50,0.04
PE_LOPE_MATCHED,Stabl-RP,PRSS22,2,2,6.5,50,0.04
PE_LOPE_MATCHED,Stabl-RP,TPT1,2,2,6.5,50,0.04
PE_LOPE_MATCHED,Stabl-RP,FOLH1,2,2,7.0,50,0.04
PE_LOPE_MATCHED,Stabl-RP,GCG,2,2,7.0,50,0.04
PE_LOPE_MATCHED,Stabl-RP,METAP2,2,2,7.0,50,0.04
PE_LOPE_MATCHED,Stabl-RP,PPIA,2,2,7.0,50,0.04
PE_LOPE_MATCHED,Stabl-RP,PPIF,2,2,7.0,50,0.04
PE_LOPE_MATCHED,Stabl-RP,SPHK1,2,2,7.0,50,0.04
PE_LOPE_MATCHED,Stabl-RP,NOG,2,2,8.5,50,0.04
PE_LOPE_MATCHED,Stabl-RP,CCL16,2,2,9.5,50,0.04
PE_LOPE_MATCHED,Stabl-RP,EPHB6,2,2,9.5,50,0.04
PE_LOPE_MATCHED,Stabl-RP,METAP1,2,2,9.5,50,0.04
PE_LOPE_MATCHED,Stabl-RP,PRSS3,1,1,1.0,50,0.02
PE_LOPE_MATCHED,Stabl-RP,LAG3,1,1,2.0,50,0.02
PE_LOPE_MATCHED,Stabl-RP,TNFSF12,1,1,2.0,50,0.02
PE_LOPE_MATCHED,Stabl-RP,UNC5D,1,1,2.0,50,0.02
PE_LOPE_MATCHED,Stabl-RP,SERPINA5,1,1,3.0,50,0.02
PE_LOPE_MATCHED,Stabl-RP,GAS1,1,1,4.0,50,0.02
PE_LOPE_MATCHED,Stabl-RP,PDE5A,1,1,4.0,50,0.02
PE_LOPE_MATCHED,Stabl-RP,ARID3A,1,1,5.0,50,0.02
PE_LOPE_MATCHED,Stabl-RP,DBNL,1,1,5.0,50,0.02
PE_LOPE_MATCHED,Stabl-RP,ECE1,1,1,5.0,50,0.02
PE_LOPE_MATCHED,Stabl-RP,EIF4EBP2,1,1,5.0,50,0.02
PE_LOPE_MATCHED,Stabl-RP,LY86,1,1,5.0,50,0.02
PE_LOPE_MATCHED,Stabl-RP,TNF,1,1,5.0,50,0.02
PE_LOPE_MATCHED,Stabl-RP,TNFRSF21,1,1,5.0,50,0.02
PE_LOPE_MATCHED,Stabl-RP,UFC1,1,1,5.0,50,0.02
PE_LOPE_MATCHED,Stabl-RP,CCDC80,1,1,6.0,50,0.02
PE_LOPE_MATCHED,Stabl-RP,CDC2.CCNB1,1,1,6.0,50,0.02
PE_LOPE_MATCHED,Stabl-RP,F11,1,1,6.0,50,0.02
PE_LOPE_MATCHED,Stabl-RP,PDPK1,1,1,6.0,50,0.02
PE_LOPE_MATCHED,Stabl-RP,CASP3,1,1,7.0,50,0.02
PE_LOPE_MATCHED,Stabl-RP,CXCL1,1,1,7.0,50,0.02
PE_LOPE_MATCHED,Stabl-RP,MAPK14,1,1,7.0,50,0.02
PE_LOPE_MATCHED,Stabl-RP,NMT1,1,1,7.0,50,0.02
PE_LOPE_MATCHED,Stabl-RP,PRKCD,1,1,7.0,50,0.02
PE_LOPE_MATCHED,Stabl-RP,HNRNPK,1,1,8.0,50,0.02
PE_LOPE_MATCHED,Stabl-RP,MAPK3,1,1,8.0,50,0.02
PE_LOPE_MATCHED,Stabl-RP,OCIAD1,1,1,8.0,50,0.02
PE_LOPE_MATCHED,Stabl-RP,PLA2G10,1,1,8.0,50,0.02
PE_LOPE_MATCHED,Stabl-RP,SST,1,1,8.0,50,0.02
PE_LOPE_MATCHED,Stabl-RP,UFM1,1,1,8.0,50,0.02
PE_LOPE_MATCHED,Stabl-RP,AGRP,1,1,9.0,50,0.02
PE_LOPE_MATCHED,Stabl-RP,BTK,1,1,9.0,50,0.02
PE_LOPE_MATCHED,Stabl-RP,IL25,1,1,9.0,50,0.02
PE_LOPE_MATCHED,Stabl-RP,LTA.LTB.1,1,1,9.0,50,0.02
PE_LOPE_MATCHED,Stabl-RP,PPID,1,1,9.0,50,0.02
PE_LOPE_MATCHED,Stabl-RP,SHC1,1,1,9.0,50,0.02
PE_LOPE_MATCHED,Stabl-RP,STK16,1,1,9.0,50,0.02
PE_LOPE_MATCHED,Stabl-RP,ANGPTL4,1,1,10.0,50,0.02
PE_LOPE_MATCHED,Stabl-RP,CHEK2,1,1,10.0,50,0.02
PE_LOPE_MATCHED,Stabl-RP,EREG,1,1,10.0,50,0.02
PE_LOPE_MATCHED,Stabl-RP,PLAT,1,1,10.0,50,0.02
PE_LOPE_MATCHED,glmmLasso,IL24,152,50,2.3157894736842106,50,1.0
PE_LOPE_MATCHED,glmmLasso,LEP,164,50,3.2378048780487805,50,1.0
PE_LOPE_MATCHED,glmmLasso,SPARCL1,133,50,3.789473684210526,50,1.0
PE_LOPE_MATCHED,glmmLasso,IL1RAP,100,48,4.0,50,0.96
PE_LOPE_MATCHED,glmmLasso,CCL23.1,81,47,3.4814814814814814,50,0.94
PE_LOPE_MATCHED,glmmLasso,XPNPEP1,78,47,5.17948717948718,50,0.94
PE_LOPE_MATCHED,glmmLasso,SEMA3E,40,39,5.3,50,0.78
PE_LOPE_MATCHED,glmmLasso,C3,42,35,3.8095238095238093,50,0.7
PE_LOPE_MATCHED,glmmLasso,GDF2,45,35,5.5777777777777775,50,0.7
PE_LOPE_MATCHED,glmmLasso,LEPR,37,32,5.54054054054054,50,0.64
PE_LOPE_MATCHED,glmmLasso,SELL,38,31,3.710526315789474,50,0.62
PE_LOPE_MATCHED,glmmLasso,IGF1R,41,31,6.024390243902439,50,0.62
PE_LOPE_MATCHED,glmmLasso,APOB,32,29,2.34375,50,0.58
PE_LOPE_MATCHED,glmmLasso,AGER,33,29,5.7272727272727275,50,0.58
PE_LOPE_MATCHED,glmmLasso,FUT5,32,28,3.90625,50,0.56
PE_LOPE_MATCHED,glmmLasso,CPE,29,26,6.862068965517241,50,0.52
PE_LOPE_MATCHED,glmmLasso,COLEC12,26,22,7.038461538461538,50,0.44
PE_LOPE_MATCHED,glmmLasso,CCL23,23,20,5.956521739130435,50,0.4
PE_LOPE_MATCHED,glmmLasso,LYZ,19,19,3.473684210526316,50,0.38
PE_LOPE_MATCHED,glmmLasso,EPHA1,19,19,3.736842105263158,50,0.38
PE_LOPE_MATCHED,glmmLasso,WIF1,19,18,7.7894736842105265,50,0.36
PE_LOPE_MATCHED,glmmLasso,MED1,19,17,6.578947368421052,50,0.34
PE_LOPE_MATCHED,glmmLasso,ADIPOQ,17,16,6.0,50,0.32
PE_LOPE_MATCHED,glmmLasso,GOT1,19,16,6.578947368421052,50,0.32
PE_LOPE_MATCHED,glmmLasso,TIMP2,15,15,4.933333333333334,50,0.3
PE_LOPE_MATCHED,glmmLasso,IGFBP2,15,15,5.666666666666667,50,0.3
PE_LOPE_MATCHED,glmmLasso,HAPLN1,14,14,3.357142857142857,50,0.28
PE_LOPE_MATCHED,glmmLasso,TXNDC12,15,14,4.333333333333333,50,0.28
PE_LOPE_MATCHED,glmmLasso,MSN,13,13,4.846153846153846,50,0.26
PE_LOPE_MATCHED,glmmLasso,GPNMB,13,13,5.461538461538462,50,0.26
PE_LOPE_MATCHED,glmmLasso,SPHK2,17,13,5.764705882352941,50,0.26
PE_LOPE_MATCHED,glmmLasso,PRSS2,12,12,3.9166666666666665,50,0.24
PE_LOPE_MATCHED,glmmLasso,DDR2,12,12,4.75,50,0.24
PE_LOPE_MATCHED,glmmLasso,APCS,11,11,5.0,50,0.22
PE_LOPE_MATCHED,glmmLasso,ICAM5,11,11,6.818181818181818,50,0.22
PE_LOPE_MATCHED,glmmLasso,COL18A1,11,11,7.181818181818182,50,0.22
PE_LOPE_MATCHED,glmmLasso,MAPK8,10,10,3.9,50,0.2
PE_LOPE_MATCHED,glmmLasso,CFH,10,10,5.0,50,0.2
PE_LOPE_MATCHED,glmmLasso,BIRC3,10,10,6.4,50,0.2
PE_LOPE_MATCHED,glmmLasso,POSTN,9,9,7.444444444444445,50,0.18
PE_LOPE_MATCHED,glmmLasso,CCL16,8,8,4.75,50,0.16
PE_LOPE_MATCHED,glmmLasso,LSAMP,8,8,6.375,50,0.16
PE_LOPE_MATCHED,glmmLasso,CKB,7,7,2.4285714285714284,50,0.14
PE_LOPE_MATCHED,glmmLasso,GCG,7,7,3.0,50,0.14
PE_LOPE_MATCHED,glmmLasso,CSF2,7,7,4.428571428571429,50,0.14
PE_LOPE_MATCHED,glmmLasso,NRXN3,7,7,6.571428571428571,50,0.14
PE_LOPE_MATCHED,glmmLasso,ESM1,7,7,7.857142857142857,50,0.14
PE_LOPE_MATCHED,glmmLasso,HTRA2,7,7,8.285714285714286,50,0.14
PE_LOPE_MATCHED,glmmLasso,WFIKKN2,9,7,8.88888888888889,50,0.14
PE_LOPE_MATCHED,glmmLasso,MAPKAPK5,6,6,2.8333333333333335,50,0.12
PE_LOPE_MATCHED,glmmLasso,C3.4,6,6,4.333333333333333,50,0.12
PE_LOPE_MATCHED,glmmLasso,DPT,6,6,4.5,50,0.12
PE_LOPE_MATCHED,glmmLasso,SELE,5,5,3.6,50,0.1
PE_LOPE_MATCHED,glmmLasso,NOTCH1,5,5,4.6,50,0.1
PE_LOPE_MATCHED,glmmLasso,F11,5,5,4.8,50,0.1
PE_LOPE_MATCHED,glmmLasso,POR,5,5,6.2,50,0.1
PE_LOPE_MATCHED,glmmLasso,AKR1A1,5,5,6.4,50,0.1
PE_LOPE_MATCHED,glmmLasso,CTSD,5,5,6.6,50,0.1
PE_LOPE_MATCHED,glmmLasso,NCAM1,5,5,8.0,50,0.1
PE_LOPE_MATCHED,glmmLasso,LTA.LTB.1,5,5,8.4,50,0.1
PE_LOPE_MATCHED,glmmLasso,PYY,4,4,3.25,50,0.08
PE_LOPE_MATCHED,glmmLasso,PRSS1,4,4,4.25,50,0.08
PE_LOPE_MATCHED,glmmLasso,NAMPT,4,4,6.25,50,0.08
PE_LOPE_MATCHED,glmmLasso,MET,4,4,6.75,50,0.08
PE_LOPE_MATCHED,glmmLasso,TNFRSF21,4,4,6.75,50,0.08
PE_LOPE_MATCHED,glmmLasso,LCORL,4,4,7.0,50,0.08
PE_LOPE_MATCHED,glmmLasso,SIGLEC14,4,4,7.25,50,0.08
PE_LOPE_MATCHED,glmmLasso,TNFAIP6,4,4,7.25,50,0.08
PE_LOPE_MATCHED,glmmLasso,CD226,4,4,7.5,50,0.08
PE_LOPE_MATCHED,glmmLasso,BCAN,4,4,8.75,50,0.08
PE_LOPE_MATCHED,glmmLasso,CNTN4,4,4,8.75,50,0.08
PE_LOPE_MATCHED,glmmLasso,CNTFR,5,4,8.8,50,0.08
PE_LOPE_MATCHED,glmmLasso,FGF19,3,3,1.6666666666666667,50,0.06
PE_LOPE_MATCHED,glmmLasso,CD40LG,3,3,3.6666666666666665,50,0.06
PE_LOPE_MATCHED,glmmLasso,PRSS3,3,3,5.0,50,0.06
PE_LOPE_MATCHED,glmmLasso,AGRP,3,3,5.333333333333333,50,0.06
PE_LOPE_MATCHED,glmmLasso,FSTL3,3,3,8.333333333333334,50,0.06
PE_LOPE_MATCHED,glmmLasso,LAYN,3,3,8.333333333333334,50,0.06
PE_LOPE_MATCHED,glmmLasso,SERPINA5,3,3,8.333333333333334,50,0.06
PE_LOPE_MATCHED,glmmLasso,NTRK2,3,3,8.666666666666666,50,0.06
PE_LOPE_MATCHED,glmmLasso,SIGLEC9,2,2,2.5,50,0.04
PE_LOPE_MATCHED,glmmLasso,ECE1,2,2,3.5,50,0.04
PE_LOPE_MATCHED,glmmLasso,ROR1,2,2,4.0,50,0.04
PE_LOPE_MATCHED,glmmLasso,BMP6,2,2,5.0,50,0.04
PE_LOPE_MATCHED,glmmLasso,FGF17,2,2,5.0,50,0.04
PE_LOPE_MATCHED,glmmLasso,JAG1,2,2,5.0,50,0.04
PE_LOPE_MATCHED,glmmLasso,CXCL10,2,2,5.5,50,0.04
PE_LOPE_MATCHED,glmmLasso,AGR2,2,2,6.0,50,0.04
PE_LOPE_MATCHED,glmmLasso,EDA,2,2,8.0,50,0.04
PE_LOPE_MATCHED,glmmLasso,GPT,2,2,8.0,50,0.04
PE_LOPE_MATCHED,glmmLasso,HIPK3,1,1,1.0,50,0.02
PE_LOPE_MATCHED,glmmLasso,LILRB1,1,1,1.0,50,0.02
PE_LOPE_MATCHED,glmmLasso,ULBP1,1,1,1.0,50,0.02
PE_LOPE_MATCHED,glmmLasso,CHST2,1,1,2.0,50,0.02
PE_LOPE_MATCHED,glmmLasso,F10.1,1,1,2.0,50,0.02
PE_LOPE_MATCHED,glmmLasso,IGHE.IGK..IGL.,1,1,2.0,50,0.02
PE_LOPE_MATCHED,glmmLasso,CNTN5,1,1,3.0,50,0.02
PE_LOPE_MATCHED,glmmLasso,SAA1,1,1,3.0,50,0.02
PE_LOPE_MATCHED,glmmLasso,SERPINA1,1,1,3.0,50,0.02
PE_LOPE_MATCHED,glmmLasso,TNF,1,1,3.0,50,0.02
PE_LOPE_MATCHED,glmmLasso,CNTF,1,1,4.0,50,0.02
PE_LOPE_MATCHED,glmmLasso,EGFR,1,1,4.0,50,0.02
PE_LOPE_MATCHED,glmmLasso,ESAM,1,1,4.0,50,0.02
PE_LOPE_MATCHED,glmmLasso,IGHD..IGK..IGL.,1,1,4.0,50,0.02
PE_LOPE_MATCHED,glmmLasso,MAPK12,1,1,4.0,50,0.02
PE_LOPE_MATCHED,glmmLasso,VEGFA,1,1,4.0,50,0.02
PE_LOPE_MATCHED,glmmLasso,FOLH1,1,1,5.0,50,0.02
PE_LOPE_MATCHED,glmmLasso,FRZB,1,1,5.0,50,0.02
PE_LOPE_MATCHED,glmmLasso,PLA2G2E,1,1,5.0,50,0.02
PE_LOPE_MATCHED,glmmLasso,SPINT2,1,1,5.0,50,0.02
PE_LOPE_MATCHED,glmmLasso,CCL19,1,1,6.0,50,0.02
PE_LOPE_MATCHED,glmmLasso,SPON1,1,1,6.0,50,0.02
PE_LOPE_MATCHED,glmmLasso,DKK3,1,1,7.0,50,0.02
PE_LOPE_MATCHED,glmmLasso,EPHB6,1,1,7.0,50,0.02
PE_LOPE_MATCHED,glmmLasso,GPI,1,1,7.0,50,0.02
PE_LOPE_MATCHED,glmmLasso,IL1RAPL2,1,1,7.0,50,0.02
PE_LOPE_MATCHED,glmmLasso,CALR,1,1,8.0,50,0.02
PE_LOPE_MATCHED,glmmLasso,PLAT,1,1,8.0,50,0.02
PE_LOPE_MATCHED,glmmLasso,MMP2,1,1,9.0,50,0.02
PE_LOPE_MATCHED,glmmLasso,DKKL1,1,1,10.0,50,0.02
PE_LOPE_MATCHED,glmmLasso,GAS1,1,1,10.0,50,0.02
PE_LOPE_MATCHED,glmmLasso,H2AFZ,1,1,10.0,50,0.02
PE_LOPE_MATCHED,glmmLasso,MAPK1,1,1,10.0,50,0.02
PE_LOPE_MATCHED,glmmLasso,PPIA,1,1,10.0,50,0.02
PE_LOPE_MATCHED,glmmLasso,TFPI,1,1,10.0,50,0.02
PE_LOPE_MATCHED,glmmLasso,TG,1,1,10.0,50,0.02
PE_LOPE_MATCHED,glmmLasso,WISP1,1,1,10.0,50,0.02
PE_LOPE_MATCHED,mRMR,LEP,208,50,2.7836538461538463,50,1.0
PE_LOPE_MATCHED,mRMR,IL24,149,50,3.3422818791946307,50,1.0
PE_LOPE_MATCHED,mRMR,CPE,127,50,4.188976377952756,50,1.0
PE_LOPE_MATCHED,mRMR,SPARCL1,129,50,4.217054263565892,50,1.0
PE_LOPE_MATCHED,mRMR,IL1RAP,108,49,4.666666666666667,50,0.98
PE_LOPE_MATCHED,mRMR,IGF1R,65,47,3.9384615384615387,50,0.94
PE_LOPE_MATCHED,mRMR,CCL23.1,69,46,4.840579710144928,50,0.92
PE_LOPE_MATCHED,mRMR,COLEC12,53,41,4.716981132075472,50,0.82
PE_LOPE_MATCHED,mRMR,XPNPEP1,55,41,5.472727272727273,50,0.82
PE_LOPE_MATCHED,mRMR,GDF2,56,41,5.553571428571429,50,0.82
PE_LOPE_MATCHED,mRMR,WIF1,45,37,4.511111111111111,50,0.74
PE_LOPE_MATCHED,mRMR,MED1,42,36,4.595238095238095,50,0.72
PE_LOPE_MATCHED,mRMR,AGER,37,34,4.27027027027027,50,0.68
PE_LOPE_MATCHED,mRMR,NRXN3,28,28,4.857142857142857,50,0.56
PE_LOPE_MATCHED,mRMR,WFIKKN2,31,28,6.774193548387097,50,0.56
PE_LOPE_MATCHED,mRMR,FUT5,28,25,5.678571428571429,50,0.5
PE_LOPE_MATCHED,mRMR,LEPR,25,25,6.28,50,0.5
PE_LOPE_MATCHED,mRMR,ADIPOQ,24,23,5.208333333333333,50,0.46
PE_LOPE_MATCHED,mRMR,SEMA3E,22,22,4.818181818181818,50,0.44
PE_LOPE_MATCHED,mRMR,SELL,23,22,4.956521739130435,50,0.44
PE_LOPE_MATCHED,mRMR,GOT1,22,21,5.590909090909091,50,0.42
PE_LOPE_MATCHED,mRMR,LYZ,22,21,6.454545454545454,50,0.42
PE_LOPE_MATCHED,mRMR,C3,20,19,5.15,50,0.38
PE_LOPE_MATCHED,mRMR,APCS,18,17,4.722222222222222,50,0.34
PE_LOPE_MATCHED,mRMR,MSN,17,17,5.411764705882353,50,0.34
PE_LOPE_MATCHED,mRMR,SERPINA5,16,15,6.875,50,0.3
PE_LOPE_MATCHED,mRMR,GPNMB,14,14,4.928571428571429,50,0.28
PE_LOPE_MATCHED,mRMR,BCAN,14,14,6.642857142857143,50,0.28
PE_LOPE_MATCHED,mRMR,SPHK2,16,14,7.125,50,0.28
PE_LOPE_MATCHED,mRMR,PRSS2,13,13,7.384615384615385,50,0.26
PE_LOPE_MATCHED,mRMR,ICAM5,12,12,5.666666666666667,50,0.24
PE_LOPE_MATCHED,mRMR,TXNDC12,11,11,4.545454545454546,50,0.22
PE_LOPE_MATCHED,mRMR,DPT,10,10,3.8,50,0.2
PE_LOPE_MATCHED,mRMR,NCAM1,10,10,4.8,50,0.2
PE_LOPE_MATCHED,mRMR,CFH,9,9,5.555555555555555,50,0.18
PE_LOPE_MATCHED,mRMR,FSTL3,9,9,6.0,50,0.18
PE_LOPE_MATCHED,mRMR,TIMP2,9,9,6.0,50,0.18
PE_LOPE_MATCHED,mRMR,CCL16,9,9,6.222222222222222,50,0.18
PE_LOPE_MATCHED,mRMR,APOB,9,9,7.333333333333333,50,0.18
PE_LOPE_MATCHED,mRMR,CCL23,9,9,7.666666666666667,50,0.18
PE_LOPE_MATCHED,mRMR,NTRK2,8,8,3.25,50,0.16
PE_LOPE_MATCHED,mRMR,EPHA1,8,8,5.375,50,0.16
PE_LOPE_MATCHED,mRMR,HAPLN1,8,8,5.75,50,0.16
PE_LOPE_MATCHED,mRMR,CNTFR,8,8,6.0,50,0.16
PE_LOPE_MATCHED,mRMR,BIRC3,8,8,6.25,50,0.16
PE_LOPE_MATCHED,mRMR,COL18A1,7,7,5.285714285714286,50,0.14
PE_LOPE_MATCHED,mRMR,DDR2,6,6,5.333333333333333,50,0.12
PE_LOPE_MATCHED,mRMR,TNFAIP6,6,6,5.5,50,0.12
PE_LOPE_MATCHED,mRMR,SIGLEC14,6,6,6.333333333333333,50,0.12
PE_LOPE_MATCHED,mRMR,ULBP1,6,6,6.333333333333333,50,0.12
PE_LOPE_MATCHED,mRMR,LSAMP,6,6,6.833333333333333,50,0.12
PE_LOPE_MATCHED,mRMR,IGFBP2,6,6,7.333333333333333,50,0.12
PE_LOPE_MATCHED,mRMR,CKB,6,6,7.666666666666667,50,0.12
PE_LOPE_MATCHED,mRMR,CSF2,6,6,7.833333333333333,50,0.12
PE_LOPE_MATCHED,mRMR,NAMPT,5,5,6.2,50,0.1
PE_LOPE_MATCHED,mRMR,HTRA2,5,5,7.6,50,0.1
PE_LOPE_MATCHED,mRMR,PYY,5,5,7.6,50,0.1
PE_LOPE_MATCHED,mRMR,SELE,5,5,7.8,50,0.1
PE_LOPE_MATCHED,mRMR,C3.4,5,5,8.4,50,0.1
PE_LOPE_MATCHED,mRMR,JAG1,4,4,2.25,50,0.08
PE_LOPE_MATCHED,mRMR,PRSS1,4,4,5.25,50,0.08
PE_LOPE_MATCHED,mRMR,CTSD,4,4,6.0,50,0.08
PE_LOPE_MATCHED,mRMR,FGF19,4,4,6.0,50,0.08
PE_LOPE_MATCHED,mRMR,ESM1,4,4,6.75,50,0.08
PE_LOPE_MATCHED,mRMR,F11,4,4,7.0,50,0.08
PE_LOPE_MATCHED,mRMR,AGR2,4,4,8.75,50,0.08
PE_LOPE_MATCHED,mRMR,TNFRSF21,3,3,3.0,50,0.06
PE_LOPE_MATCHED,mRMR,MAPKAPK5,3,3,4.333333333333333,50,0.06
PE_LOPE_MATCHED,mRMR,SPINT2,3,3,6.333333333333333,50,0.06
PE_LOPE_MATCHED,mRMR,CXCL10,3,3,6.666666666666667,50,0.06
PE_LOPE_MATCHED,mRMR,CD55,3,3,7.0,50,0.06
PE_LOPE_MATCHED,mRMR,CNTN4,3,3,8.666666666666666,50,0.06
PE_LOPE_MATCHED,mRMR,EPHB6,2,2,3.5,50,0.04
PE_LOPE_MATCHED,mRMR,LCORL,2,2,5.5,50,0.04
PE_LOPE_MATCHED,mRMR,SIGLEC9,2,2,5.5,50,0.04
PE_LOPE_MATCHED,mRMR,GCG,2,2,6.0,50,0.04
PE_LOPE_MATCHED,mRMR,HIPK3,2,2,6.0,50,0.04
PE_LOPE_MATCHED,mRMR,LAYN,2,2,6.5,50,0.04
PE_LOPE_MATCHED,mRMR,AGRP,2,2,8.0,50,0.04
PE_LOPE_MATCHED,mRMR,CNTN5,1,1,1.0,50,0.02
PE_LOPE_MATCHED,mRMR,EEF1B2,1,1,2.0,50,0.02
PE_LOPE_MATCHED,mRMR,FGA.FGB.FGG.1,1,1,2.0,50,0.02
PE_LOPE_MATCHED,mRMR,LILRB1,1,1,2.0,50,0.02
PE_LOPE_MATCHED,mRMR,IGHE.IGK..IGL.,1,1,4.0,50,0.02
PE_LOPE_MATCHED,mRMR,ROR1,1,1,4.0,50,0.02
PE_LOPE_MATCHED,mRMR,VEGFA,1,1,4.0,50,0.02
PE_LOPE_MATCHED,mRMR,CALR,1,1,5.0,50,0.02
PE_LOPE_MATCHED,mRMR,CD40LG,1,1,5.0,50,0.02
PE_LOPE_MATCHED,mRMR,MET,1,1,5.0,50,0.02
PE_LOPE_MATCHED,mRMR,RTN4R,1,1,5.0,50,0.02
PE_LOPE_MATCHED,mRMR,ALCAM,1,1,6.0,50,0.02
PE_LOPE_MATCHED,mRMR,MRC1,1,1,6.0,50,0.02
PE_LOPE_MATCHED,mRMR,AKR1A1,1,1,7.0,50,0.02
PE_LOPE_MATCHED,mRMR,CCL19,1,1,8.0,50,0.02
PE_LOPE_MATCHED,mRMR,EHMT2,1,1,8.0,50,0.02
PE_LOPE_MATCHED,mRMR,ESAM,1,1,8.0,50,0.02
PE_LOPE_MATCHED,mRMR,LTA.LTB.1,1,1,8.0,50,0.02
PE_LOPE_MATCHED,mRMR,MAPK12,1,1,8.0,50,0.02
PE_LOPE_MATCHED,mRMR,PLAT,1,1,8.0,50,0.02
PE_LOPE_MATCHED,mRMR,POSTN,1,1,8.0,50,0.02
PE_LOPE_MATCHED,mRMR,SERPINA1,1,1,8.0,50,0.02
PE_LOPE_MATCHED,mRMR,BMP6,1,1,9.0,50,0.02
PE_LOPE_MATCHED,mRMR,ROBO2,1,1,9.0,50,0.02
PE_LOPE_MATCHED,mRMR,CCL15,1,1,10.0,50,0.02
PE_LOPE_MATCHED,mRMR,CD207,1,1,10.0,50,0.02
PE_LOPE_MATCHED,mRMR,CDNF,1,1,10.0,50,0.02
TRA,Boruta,Fas Ligand/TNFSF6,203,50,2.9408866995073892,50,1.0
TRA,Boruta,Pentraxin 3/TSG-14,160,50,3.0,50,1.0
TRA,Boruta,IL-10,169,50,3.7455621301775146,50,1.0
TRA,Boruta,ST2/IL-33R,150,50,4.033333333333333,50,1.0
TRA,Boruta,VCAM-1/CD106,145,50,4.227586206896552,50,1.0
TRA,Boruta,TGF-alpha,119,50,4.436974789915967,50,1.0
TRA,Boruta,IL-17E/IL-25,138,49,4.760869565217392,50,0.98
TRA,Boruta,L-Selectin/CD62L,113,47,4.566371681415929,50,0.94
TRA,Boruta,MMP-8,78,44,5.038461538461538,50,0.88
TRA,Boruta,M-CSF,61,39,5.229508196721311,50,0.78
TRA,Boruta,Proprotein Convertase 9/PCSK9,51,36,5.9411764705882355,50,0.72
TRA,Boruta,Galectin-9,37,30,6.621621621621622,50,0.6
TRA,Boruta,Contactin-1,35,29,6.742857142857143,50,0.58
TRA,Boruta,CXCL13/BLC/BCA-1,31,26,5.161290322580645,50,0.52
TRA,Boruta,Myeloperoxidase/MPO,29,24,5.862068965517241,50,0.48
TRA,Boruta,CCL11/Eotaxin,19,19,6.157894736842105,50,0.38
TRA,Boruta,Galectin-3,21,19,6.476190476190476,50,0.38
TRA,Boruta,CXCL2/GRO beta/MIP-2/CINC-3,20,18,7.05,50,0.36
TRA,Boruta,LBP,20,17,7.9,50,0.34
TRA,Boruta,HGF,15,15,7.533333333333333,50,0.3
TRA,Boruta,BCMA/TNFRSF17,16,14,7.9375,50,0.28
TRA,Boruta,SCGF/CLEC11a,13,12,6.230769230769231,50,0.24
TRA,Boruta,CXCL1/GRO alpha/KC/CINC-1,12,12,7.5,50,0.24
TRA,Boruta,Myoglobin,11,11,5.181818181818182,50,0.22
TRA,Boruta,IL-1 beta/IL-1F2,10,10,6.8,50,0.2
TRA,Boruta,SP-D,9,9,7.888888888888889,50,0.18
TRA,Boruta,TREM-1,9,9,7.888888888888889,50,0.18
TRA,Boruta,Furin,9,9,8.777777777777779,50,0.18
TRA,Boruta,Resistin,9,8,7.0,50,0.16
TRA,Boruta,Fetuin A/AHSG,9,8,7.777777777777778,50,0.16
TRA,Boruta,Neuregulin-1 beta 1/NRG1 beta 1,8,8,8.5,50,0.16
TRA,Boruta,DPPIV/CD26,8,8,8.625,50,0.16
TRA,Boruta,PD-L1/B7-H1,7,7,6.571428571428571,50,0.14
TRA,Boruta,uPAR,5,5,7.0,50,0.1
TRA,Boruta,BAFF/BLyS/TNFSF13B,4,4,7.0,50,0.08
TRA,Boruta,TIMP-1,5,4,9.0,50,0.08
TRA,Boruta,EGF,3,3,5.333333333333333,50,0.06
TRA,Boruta,NT-4,3,3,5.666666666666667,50,0.06
TRA,Boruta,CA125/MUC16,3,3,7.0,50,0.06
TRA,Boruta,LIGHT/TNFSF14,3,3,7.666666666666667,50,0.06
TRA,Boruta,Coagulation Factor XIV/Protein C,3,3,8.333333333333334,50,0.06
TRA,Boruta,MAdCAM-1,3,3,8.666666666666666,50,0.06
TRA,Boruta,Lumican,3,3,9.333333333333334,50,0.06
TRA,Boruta,VEGFR1/Flt-1,2,2,4.0,50,0.04
TRA,Boruta,Lipocalin-2/NGAL,2,2,4.5,50,0.04
TRA,Boruta,EN-RAGE/S100A12,2,2,6.5,50,0.04
TRA,Boruta,MMP-2,2,2,6.5,50,0.04
TRA,Boruta,Serpin A4/Kallistatin,2,2,7.0,50,0.04
TRA,Boruta,VEGF,2,2,8.0,50,0.04
TRA,Boruta,TNF-alpha,2,2,8.5,50,0.04
TRA,Boruta,Nectin-4,2,2,9.0,50,0.04
TRA,Boruta,ADAMTS13,1,1,5.0,50,0.02
TRA,Boruta,Complement Component C9,1,1,5.0,50,0.02
TRA,Boruta,CA15-3/MUC-1,1,1,7.0,50,0.02
TRA,Boruta,ENPP-2/Autotaxin,1,1,7.0,50,0.02
TRA,Boruta,IL-36 beta/IL-1F8,1,1,7.0,50,0.02
TRA,Boruta,Alpha-1-Microglobulin,1,1,8.0,50,0.02
TRA,Boruta,Chitinase 3-like 1,1,1,8.0,50,0.02
TRA,Boruta,GDF-15,1,1,8.0,50,0.02
TRA,Boruta,IL-11,1,1,8.0,50,0.02
TRA,Boruta,IL-12 p70,1,1,8.0,50,0.02
TRA,Boruta,S100A9,1,1,8.0,50,0.02
TRA,Boruta,Complement Factor D/Adipsin,1,1,9.0,50,0.02
TRA,Boruta,Angiopoietin-like Protein 3/ANGPTL3,1,1,10.0,50,0.02
TRA,Boruta,CCL22/MDC,1,1,10.0,50,0.02
TRA,Boruta,CEACAM-1/CD66a,1,1,10.0,50,0.02
TRA,Boruta,Coagulation Factor II/Tissue Factor,1,1,10.0,50,0.02
TRA,Boruta,IL-17/IL-17A,1,1,10.0,50,0.02
TRA,Boruta,IL-6R alpha,1,1,10.0,50,0.02
TRA,Boruta,Thrombopoietin/Tpo,1,1,10.0,50,0.02
TRA,Boruta,VAP-1/AOC3,1,1,10.0,50,0.02
TRA,ElasticNet,HE4/WFDC2,176,50,2.409090909090909,50,1.0
TRA,ElasticNet,MMP-9,144,50,2.8958333333333335,50,1.0
TRA,ElasticNet,Fas Ligand/TNFSF6,153,50,3.30718954248366,50,1.0
TRA,ElasticNet,Fetuin A/AHSG,122,49,3.4098360655737703,50,0.98
TRA,ElasticNet,VEGF,81,45,4.518518518518518,50,0.9
TRA,ElasticNet,CXCL1/GRO alpha/KC/CINC-1,87,45,4.540229885057471,50,0.9
TRA,ElasticNet,CCL5/RANTES,50,43,4.86,50,0.86
TRA,ElasticNet,VEGFR1/Flt-1,62,42,5.306451612903226,50,0.84
TRA,ElasticNet,Myoglobin,49,41,4.73469387755102,50,0.82
TRA,ElasticNet,IL-8/CXCL8,38,34,4.2894736842105265,50,0.68
TRA,ElasticNet,LBP,39,34,4.538461538461538,50,0.68
TRA,ElasticNet,Granzyme A,38,33,5.7105263157894735,50,0.66
TRA,ElasticNet,IGFBP-4,38,31,5.973684210526316,50,0.62
TRA,ElasticNet,Coagulation Factor II/Tissue Factor,31,26,5.0,50,0.52
TRA,ElasticNet,IL-11,29,24,5.413793103448276,50,0.48
TRA,ElasticNet,CA15-3/MUC-1,25,23,5.8,50,0.46
TRA,ElasticNet,IL-17E/IL-25,23,22,5.260869565217392,50,0.44
TRA,ElasticNet,CCL11/Eotaxin,23,22,6.173913043478261,50,0.44
TRA,ElasticNet,Proprotein Convertase 9/PCSK9,23,21,6.695652173913044,50,0.42
TRA,ElasticNet,M-CSF,20,20,5.7,50,0.4
TRA,ElasticNet,CD31/PECAM-1,21,19,5.9523809523809526,50,0.38
TRA,ElasticNet,Angiopoietin-1,17,17,4.823529411764706,50,0.34
TRA,ElasticNet,Serpin C1/Antithrombin-III,19,17,5.7368421052631575,50,0.34
TRA,ElasticNet,IL-33,17,16,5.0,50,0.32
TRA,ElasticNet,Contactin-1,15,14,5.466666666666667,50,0.28
TRA,ElasticNet,TREM-1,15,14,6.4,50,0.28
TRA,ElasticNet,L-Selectin/CD62L,13,13,5.538461538461538,50,0.26
TRA,ElasticNet,Fibroblast Activation Protein alpha/FAP,13,13,5.615384615384615,50,0.26
TRA,ElasticNet,DPPIV/CD26,12,12,5.583333333333333,50,0.24
TRA,ElasticNet,MMP-7,13,11,5.538461538461538,50,0.22
TRA,ElasticNet,Oncostatin M/OSM,11,11,5.7272727272727275,50,0.22
TRA,ElasticNet,Thrombopoietin/Tpo,11,11,6.818181818181818,50,0.22
TRA,ElasticNet,Follistatin-related Gene Protein/FLRG,10,10,5.0,50,0.2
TRA,ElasticNet,IL-1 beta/IL-1F2,8,8,5.625,50,0.16
TRA,ElasticNet,VAP-1/AOC3,8,8,5.625,50,0.16
TRA,ElasticNet,Serpin A4/Kallistatin,8,8,6.25,50,0.16
TRA,ElasticNet,CXCL10/IP-10/CRG-2,8,8,7.0,50,0.16
TRA,ElasticNet,Thrombospondin-2,7,7,5.0,50,0.14
TRA,ElasticNet,ICAM-1/CD54,7,7,5.571428571428571,50,0.14
TRA,ElasticNet,CXCL13/BLC/BCA-1,7,7,7.285714285714286,50,0.14
TRA,ElasticNet,Galectin-9,6,6,4.666666666666667,50,0.12
TRA,ElasticNet,Granzyme B,6,6,5.833333333333333,50,0.12
TRA,ElasticNet,EGF,6,6,6.166666666666667,50,0.12
TRA,ElasticNet,MMP-13,6,6,6.5,50,0.12
TRA,ElasticNet,CX3CL1/Fractalkine,5,5,5.4,50,0.1
TRA,ElasticNet,FGF basic/FGF2/bFGF,5,5,5.8,50,0.1
TRA,ElasticNet,IL-2,5,5,6.6,50,0.1
TRA,ElasticNet,MIF,5,5,7.2,50,0.1
TRA,ElasticNet,Lipocalin-2/NGAL,4,4,3.0,50,0.08
TRA,ElasticNet,MMP-2,4,4,4.0,50,0.08
TRA,ElasticNet,IFN-beta,4,4,5.25,50,0.08
TRA,ElasticNet,Galectin-3,3,3,4.0,50,0.06
TRA,ElasticNet,MCAM/CD146,3,3,6.0,50,0.06
TRA,ElasticNet,Reg3A,3,3,6.0,50,0.06
TRA,ElasticNet,IL-13,3,3,6.333333333333333,50,0.06
TRA,ElasticNet,Resistin,3,3,6.333333333333333,50,0.06
TRA,ElasticNet,CEACAM-1/CD66a,3,3,6.666666666666667,50,0.06
TRA,ElasticNet,Properdin,3,3,7.666666666666667,50,0.06
TRA,ElasticNet,Dkk-1,2,2,2.0,50,0.04
TRA,ElasticNet,Complement Component C9,2,2,2.5,50,0.04
TRA,ElasticNet,CD40 Ligand/TNFSF5,2,2,3.0,50,0.04
TRA,ElasticNet,Nectin-4,2,2,3.0,50,0.04
TRA,ElasticNet,IL-4R alpha,2,2,4.5,50,0.04
TRA,ElasticNet,IL-7,2,2,5.0,50,0.04
TRA,ElasticNet,CXCL2/GRO beta/MIP-2/CINC-3,2,2,5.5,50,0.04
TRA,ElasticNet,EN-RAGE/S100A12,2,2,6.0,50,0.04
TRA,ElasticNet,NT-4,2,2,6.0,50,0.04
TRA,ElasticNet,Thrombomodulin/BDCA-3,2,2,6.0,50,0.04
TRA,ElasticNet,S100A9,2,2,7.0,50,0.04
TRA,ElasticNet,IL-4,2,2,9.0,50,0.04
TRA,ElasticNet,GDF-15,1,1,2.0,50,0.02
TRA,ElasticNet,IL-36 beta/IL-1F8,1,1,5.0,50,0.02
TRA,ElasticNet,IL-10,1,1,6.0,50,0.02
TRA,ElasticNet,Osteoactivin/GPNMB,1,1,6.0,50,0.02
TRA,ElasticNet,VCAM-1/CD106,1,1,6.0,50,0.02
TRA,ElasticNet,CA125/MUC16,1,1,8.0,50,0.02
TRA,ElasticNet,Complement Factor D/Adipsin,1,1,8.0,50,0.02
TRA,ElasticNet,PDGF-AA,1,1,8.0,50,0.02
TRA,ElasticNet,TGF-beta1,1,1,8.0,50,0.02
TRA,ElasticNet,vWF-A2,1,1,8.0,50,0.02
TRA,ElasticNet,TGF-beta 2,1,1,9.0,50,0.02
TRA,ElasticNet,Alpha-1-Microglobulin,1,1,10.0,50,0.02
TRA,ElasticNet,LRG1,1,1,10.0,50,0.02
TRA,ElasticNet,Protein S/PROS1,1,1,10.0,50,0.02
TRA,LLSS,IL-10,250,50,1.212,50,1.0
TRA,LLSS,Fas Ligand/TNFSF6,207,50,2.7681159420289854,50,1.0
TRA,LLSS,Chitinase 3-like 1,142,50,4.683098591549296,50,1.0
TRA,LLSS,M-CSF,73,48,3.904109589041096,50,0.96
TRA,LLSS,IL-17E/IL-25,124,48,4.540322580645161,50,0.96
TRA,LLSS,VCAM-1/CD106,102,48,5.470588235294118,50,0.96
TRA,LLSS,MMP-9,96,47,4.333333333333333,50,0.94
TRA,LLSS,Galectin-3,84,46,5.880952380952381,50,0.92
TRA,LLSS,Serpin B3/SCCA1,70,45,4.914285714285715,50,0.9
TRA,LLSS,Pentraxin 3/TSG-14,71,43,6.112676056338028,50,0.86
TRA,LLSS,ST2/IL-33R,62,41,6.306451612903226,50,0.82
TRA,LLSS,TGF-alpha,60,38,7.216666666666667,50,0.76
TRA,LLSS,CA125/MUC16,50,37,6.04,50,0.74
TRA,LLSS,BAFF/BLyS/TNFSF13B,54,36,4.962962962962963,50,0.72
TRA,LLSS,SP-D,22,20,6.590909090909091,50,0.4
TRA,LLSS,MMP-8,18,15,7.833333333333333,50,0.3
TRA,LLSS,CXCL13/BLC/BCA-1,14,14,3.357142857142857,50,0.28
TRA,LLSS,HGF,13,13,6.461538461538462,50,0.26
TRA,LLSS,TREM-1,13,13,8.23076923076923,50,0.26
TRA,LLSS,Myoglobin,9,9,6.333333333333333,50,0.18
TRA,LLSS,PD-L1/B7-H1,9,9,6.333333333333333,50,0.18
TRA,LLSS,Proprotein Convertase 9/PCSK9,8,8,7.0,50,0.16
TRA,LLSS,L-Selectin/CD62L,7,6,6.0,50,0.12
TRA,LLSS,Myeloperoxidase/MPO,6,6,6.833333333333333,50,0.12
TRA,LLSS,VEGFR1/Flt-1,5,5,5.2,50,0.1
TRA,LLSS,Coagulation Factor II/Tissue Factor,4,4,6.25,50,0.08
TRA,LLSS,TIMP-1,4,4,8.0,50,0.08
TRA,LLSS,Dkk-1,4,4,9.0,50,0.08
TRA,LLSS,Leptin/OB,3,3,6.333333333333333,50,0.06
TRA,LLSS,S100A9,3,3,8.333333333333334,50,0.06
TRA,LLSS,uPAR,2,2,4.5,50,0.04
TRA,LLSS,Furin,2,2,5.5,50,0.04
TRA,LLSS,VEGF,2,2,6.0,50,0.04
TRA,LLSS,Galectin-9,2,2,7.5,50,0.04
TRA,LLSS,NT-4,2,2,8.5,50,0.04
TRA,LLSS,Endocan/ESM-1,2,2,9.5,50,0.04
TRA,LLSS,SCGF/CLEC11a,1,1,4.0,50,0.02
TRA,LLSS,BCMA/TNFRSF17,1,1,6.0,50,0.02
TRA,LLSS,CA15-3/MUC-1,1,1,7.0,50,0.02
TRA,LLSS,Syndecan-1/CD138,1,1,7.0,50,0.02
TRA,LLSS,VAP-1/AOC3,1,1,8.0,50,0.02
TRA,LLSS,Complement Component C9,1,1,9.0,50,0.02
TRA,LLSS,Neuregulin-1 beta 1/NRG1 beta 1,1,1,9.0,50,0.02
TRA,Lasso,Fas Ligand/TNFSF6,203,50,2.4039408866995076,50,1.0
TRA,Lasso,Fetuin A/AHSG,175,50,2.565714285714286,50,1.0
TRA,Lasso,Myoglobin,126,50,3.6984126984126986,50,1.0
TRA,Lasso,VEGF,112,50,4.107142857142857,50,1.0
TRA,Lasso,MMP-9,120,49,3.308333333333333,50,0.98
TRA,Lasso,IL-8/CXCL8,73,46,3.9178082191780823,50,0.92
TRA,Lasso,IGFBP-4,63,43,5.476190476190476,50,0.86
TRA,Lasso,M-CSF,58,38,5.413793103448276,50,0.76
TRA,Lasso,CXCL1/GRO alpha/KC/CINC-1,61,37,5.295081967213115,50,0.74
TRA,Lasso,IL-11,50,36,5.88,50,0.72
TRA,Lasso,VEGFR1/Flt-1,43,35,5.395348837209302,50,0.7
TRA,Lasso,HE4/WFDC2,39,34,4.076923076923077,50,0.68
TRA,Lasso,Contactin-1,37,33,5.027027027027027,50,0.66
TRA,Lasso,IL-17E/IL-25,25,23,5.04,50,0.46
TRA,Lasso,Proprotein Convertase 9/PCSK9,22,21,6.136363636363637,50,0.42
TRA,Lasso,MMP-7,22,20,4.409090909090909,50,0.4
TRA,Lasso,Fibroblast Activation Protein alpha/FAP,22,20,5.818181818181818,50,0.4
TRA,Lasso,CXCL13/BLC/BCA-1,21,20,5.904761904761905,50,0.4
TRA,Lasso,FGF basic/FGF2/bFGF,22,20,7.090909090909091,50,0.4
TRA,Lasso,Serpin A4/Kallistatin,19,18,5.0,50,0.36
TRA,Lasso,LBP,19,18,5.842105263157895,50,0.36
TRA,Lasso,L-Selectin/CD62L,18,18,6.166666666666667,50,0.36
TRA,Lasso,CCL11/Eotaxin,18,17,6.277777777777778,50,0.34
TRA,Lasso,CCL5/RANTES,12,12,4.0,50,0.24
TRA,Lasso,IL-33,12,12,4.666666666666667,50,0.24
TRA,Lasso,TREM-1,16,12,5.5,50,0.24
TRA,Lasso,Serpin C1/Antithrombin-III,13,12,5.6923076923076925,50,0.24
TRA,Lasso,EGF,10,10,6.7,50,0.2
TRA,Lasso,Granzyme B,10,10,7.6,50,0.2
TRA,Lasso,Alpha-1-Microglobulin,10,10,7.7,50,0.2
TRA,Lasso,VAP-1/AOC3,9,9,5.333333333333333,50,0.18
TRA,Lasso,Oncostatin M/OSM,9,9,6.333333333333333,50,0.18
TRA,Lasso,Thrombopoietin/Tpo,8,8,5.875,50,0.16
TRA,Lasso,DPPIV/CD26,8,8,6.875,50,0.16
TRA,Lasso,Coagulation Factor II/Tissue Factor,7,7,2.7142857142857144,50,0.14
TRA,Lasso,Thrombospondin-2,7,7,6.0,50,0.14
TRA,Lasso,Granzyme A,8,7,6.75,50,0.14
TRA,Lasso,MCAM/CD146,7,7,7.0,50,0.14
TRA,Lasso,IL-10,6,6,5.833333333333333,50,0.12
TRA,Lasso,CA15-3/MUC-1,6,6,7.333333333333333,50,0.12
TRA,Lasso,ICAM-1/CD54,6,6,7.666666666666667,50,0.12
TRA,Lasso,IL-2,7,6,7.857142857142857,50,0.12
TRA,Lasso,Osteoactivin/GPNMB,5,5,6.2,50,0.1
TRA,Lasso,Angiopoietin-1,4,4,6.25,50,0.08
TRA,Lasso,CD31/PECAM-1,4,4,7.5,50,0.08
TRA,Lasso,Reg3A,3,3,5.0,50,0.06
TRA,Lasso,CXCL-11/I-TAC,3,3,6.333333333333333,50,0.06
TRA,Lasso,CCL26/Eotaxin-3,3,3,6.666666666666667,50,0.06
TRA,Lasso,Resistin,3,3,8.333333333333334,50,0.06
TRA,Lasso,MIF,3,3,8.666666666666666,50,0.06
TRA,Lasso,NT-4,2,2,3.0,50,0.04
TRA,Lasso,Dkk-1,2,2,3.5,50,0.04
TRA,Lasso,Nectin-4,2,2,3.5,50,0.04
TRA,Lasso,CCL14/HCC-1/HCC-3,2,2,5.5,50,0.04
TRA,Lasso,Follistatin-related Gene Protein/FLRG,2,2,6.0,50,0.04
TRA,Lasso,IFN-beta,2,2,6.0,50,0.04
TRA,Lasso,TGF-beta1,2,2,7.0,50,0.04
TRA,Lasso,MMP-13,2,2,8.0,50,0.04
TRA,Lasso,CXCL2/GRO beta/MIP-2/CINC-3,1,1,2.0,50,0.02
TRA,Lasso,Complement Component C9,1,1,3.0,50,0.02
TRA,Lasso,TGF-beta 2,1,1,4.0,50,0.02
TRA,Lasso,BAFF/BLyS/TNFSF13B,1,1,5.0,50,0.02
TRA,Lasso,CCL2/JE/MCP-1,1,1,5.0,50,0.02
TRA,Lasso,CX3CL1/Fractalkine,1,1,5.0,50,0.02
TRA,Lasso,GDF-15,1,1,5.0,50,0.02
TRA,Lasso,Galectin-3BP/MAC-2BP,1,1,5.0,50,0.02
TRA,Lasso,IL-1 beta/IL-1F2,1,1,5.0,50,0.02
TRA,Lasso,Protein S/PROS1,1,1,6.0,50,0.02
TRA,Lasso,Syndecan-1/CD138,1,1,6.0,50,0.02
TRA,Lasso,CXCL10/IP-10/CRG-2,1,1,7.0,50,0.02
TRA,Lasso,IL-13,1,1,7.0,50,0.02
TRA,Lasso,CEACAM-1/CD66a,1,1,8.0,50,0.02
TRA,Lasso,MIA,1,1,9.0,50,0.02
TRA,Lasso,Properdin,1,1,9.0,50,0.02
TRA,Lasso,TSLP,1,1,9.0,50,0.02
TRA,Lasso,alpha 2-Macroglobulin,1,1,9.0,50,0.02
TRA,Lasso,BMP-10,1,1,10.0,50,0.02
TRA,Lasso,CA125/MUC16,1,1,10.0,50,0.02
TRA,Lasso,Growth Hormone,1,1,10.0,50,0.02
TRA,Lasso,IL-4,1,1,10.0,50,0.02
TRA,Lasso,Lipocalin-2/NGAL,1,1,10.0,50,0.02
TRA,LongGroupLasso,Fas Ligand/TNFSF6,250,50,1.392,50,1.0
TRA,LongGroupLasso,Fetuin A/AHSG,97,50,3.216494845360825,50,1.0
TRA,LongGroupLasso,Myoglobin,200,50,3.425,50,1.0
TRA,LongGroupLasso,IL-10,218,50,3.481651376146789,50,1.0
TRA,LongGroupLasso,M-CSF,189,50,4.682539682539683,50,1.0
TRA,LongGroupLasso,IL-17E/IL-25,142,50,5.838028169014085,50,1.0
TRA,LongGroupLasso,VEGF,102,48,6.176470588235294,50,0.96
TRA,LongGroupLasso,ST2/IL-33R,139,48,6.273381294964029,50,0.96
TRA,LongGroupLasso,BAFF/BLyS/TNFSF13B,66,41,6.681818181818182,50,0.82
TRA,LongGroupLasso,TREM-1,50,38,8.2,50,0.76
TRA,LongGroupLasso,CXCL13/BLC/BCA-1,41,37,3.658536585365854,50,0.74
TRA,LongGroupLasso,Chitinase 3-like 1,53,37,7.867924528301887,50,0.74
TRA,LongGroupLasso,MMP-9,49,37,8.673469387755102,50,0.74
TRA,LongGroupLasso,L-Selectin/CD62L,38,34,3.0789473684210527,50,0.68
TRA,LongGroupLasso,CA15-3/MUC-1,28,27,4.321428571428571,50,0.54
TRA,LongGroupLasso,Galectin-3,25,24,8.92,50,0.48
TRA,LongGroupLasso,NT-4,22,21,6.045454545454546,50,0.42
TRA,LongGroupLasso,MAdCAM-1,22,20,7.545454545454546,50,0.4
TRA,LongGroupLasso,Coagulation Factor II/Tissue Factor,14,13,8.642857142857142,50,0.26
TRA,LongGroupLasso,BCMA/TNFRSF17,12,11,3.0833333333333335,50,0.22
TRA,LongGroupLasso,Proprotein Convertase 9/PCSK9,11,11,8.909090909090908,50,0.22
TRA,LongGroupLasso,Furin,11,11,9.272727272727273,50,0.22
TRA,LongGroupLasso,VEGFR1/Flt-1,10,10,6.2,50,0.2
TRA,LongGroupLasso,VCAM-1/CD106,10,10,9.2,50,0.2
TRA,LongGroupLasso,Serpin A4/Kallistatin,9,9,5.333333333333333,50,0.18
TRA,LongGroupLasso,CCL11/Eotaxin,7,7,8.428571428571429,50,0.14
TRA,LongGroupLasso,TGF-alpha,6,6,9.333333333333334,50,0.12
TRA,LongGroupLasso,HGF,5,5,8.2,50,0.1
TRA,LongGroupLasso,IL-6,5,5,8.8,50,0.1
TRA,LongGroupLasso,IL-36 beta/IL-1F8,5,5,9.6,50,0.1
TRA,LongGroupLasso,CCL22/MDC,4,4,5.0,50,0.08
TRA,LongGroupLasso,DPPIV/CD26,4,4,8.75,50,0.08
TRA,LongGroupLasso,IL-8/CXCL8,3,3,4.0,50,0.06
TRA,LongGroupLasso,Alpha-1-Microglobulin,3,3,5.0,50,0.06
TRA,LongGroupLasso,VAP-1/AOC3,3,3,8.0,50,0.06
TRA,LongGroupLasso,CCL3/MIP-1 alpha,3,3,8.666666666666666,50,0.06
TRA,LongGroupLasso,Nectin-4,3,3,9.666666666666666,50,0.06
TRA,LongGroupLasso,SP-D,3,3,10.0,50,0.06
TRA,LongGroupLasso,Thrombopoietin/Tpo,2,2,5.5,50,0.04
TRA,LongGroupLasso,PD-L1/B7-H1,2,2,8.0,50,0.04
TRA,LongGroupLasso,TIMP-1,2,2,9.5,50,0.04
TRA,LongGroupLasso,Follistatin-related Gene Protein/FLRG,2,2,10.0,50,0.04
TRA,LongGroupLasso,Contactin-1,1,1,7.0,50,0.02
TRA,LongGroupLasso,TGF-beta 2,1,1,8.0,50,0.02
TRA,LongGroupLasso,ADAMTS13,1,1,9.0,50,0.02
TRA,LongGroupLasso,IL-13,1,1,9.0,50,0.02
TRA,LongGroupLasso,BMP-10,1,1,10.0,50,0.02
TRA,LongGroupLasso,GDF-15,1,1,10.0,50,0.02
TRA,LongGroupLasso,IGFBP-2,1,1,10.0,50,0.02
TRA,LongGroupLasso,Pentraxin 3/TSG-14,1,1,10.0,50,0.02
TRA,MutualInfo,SCF/c-Kit Ligand,117,50,3.58974358974359,50,1.0
TRA,MutualInfo,CCL24/Eotaxin-2/MPIF-2,102,50,3.6862745098039214,50,1.0
TRA,MutualInfo,MAdCAM-1,125,50,4.2,50,1.0
TRA,MutualInfo,GM-CSF,105,49,4.514285714285714,50,0.98
TRA,MutualInfo,IL-4R alpha,80,47,4.4,50,0.94
TRA,MutualInfo,IL-10,86,47,4.686046511627907,50,0.94
TRA,MutualInfo,NT-4,76,45,3.9342105263157894,50,0.9
TRA,MutualInfo,IGFBP-4,60,41,4.683333333333334,50,0.82
TRA,MutualInfo,Myoglobin,62,41,5.451612903225806,50,0.82
TRA,MutualInfo,ADAMTS13,55,40,4.6,50,0.8
TRA,MutualInfo,CCL11/Eotaxin,51,38,5.176470588235294,50,0.76
TRA,MutualInfo,Fas Ligand/TNFSF6,47,37,4.361702127659575,50,0.74
TRA,MutualInfo,CCL2/JE/MCP-1,49,37,5.673469387755102,50,0.74
TRA,MutualInfo,Prolactin,43,35,5.674418604651163,50,0.7
TRA,MutualInfo,VEGF,38,33,3.789473684210526,50,0.66
TRA,MutualInfo,MICA,42,32,5.333333333333333,50,0.64
TRA,MutualInfo,IL-12/IL-23 p40,36,32,5.861111111111111,50,0.64
TRA,MutualInfo,CCL3/MIP-1 alpha,40,31,5.55,50,0.62
TRA,MutualInfo,G-CSF,35,31,5.942857142857143,50,0.62
TRA,MutualInfo,Fetuin A/AHSG,41,30,5.0,50,0.6
TRA,MutualInfo,IL-17E/IL-25,39,30,5.487179487179487,50,0.6
TRA,MutualInfo,Complement Factor D/Adipsin,31,29,3.2903225806451615,50,0.58
TRA,MutualInfo,VEGFR1/Flt-1,36,28,5.777777777777778,50,0.56
TRA,MutualInfo,LIF,35,27,3.657142857142857,50,0.54
TRA,MutualInfo,uPAR,28,25,5.285714285714286,50,0.5
TRA,MutualInfo,MMP-2,28,24,5.5,50,0.48
TRA,MutualInfo,CA15-3/MUC-1,24,23,4.25,50,0.46
TRA,MutualInfo,Fibroblast Activation Protein alpha/FAP,26,22,6.076923076923077,50,0.44
TRA,MutualInfo,BMP-10,22,21,5.363636363636363,50,0.42
TRA,MutualInfo,ErbB2/Her3,19,18,5.157894736842105,50,0.36
TRA,MutualInfo,Lipocalin-2/NGAL,18,18,5.388888888888889,50,0.36
TRA,MutualInfo,Galectin-9,18,18,5.833333333333333,50,0.36
TRA,MutualInfo,Proprotein Convertase 9/PCSK9,20,17,5.7,50,0.34
TRA,MutualInfo,CXCL-11/I-TAC,17,16,4.764705882352941,50,0.32
TRA,MutualInfo,CXCL5/ENA-78,15,15,6.133333333333334,50,0.3
TRA,MutualInfo,CEACAM-1/CD66a,13,13,5.230769230769231,50,0.26
TRA,MutualInfo,Contactin-1,13,13,6.538461538461538,50,0.26
TRA,MutualInfo,Leptin/OB,12,12,5.25,50,0.24
TRA,MutualInfo,IL-31,13,12,6.769230769230769,50,0.24
TRA,MutualInfo,IL-13,12,11,6.583333333333333,50,0.22
TRA,MutualInfo,IL-4,11,10,6.454545454545454,50,0.2
TRA,MutualInfo,CXCL4/PF4,9,9,4.111111111111111,50,0.18
TRA,MutualInfo,MMP-7,9,9,5.111111111111111,50,0.18
TRA,MutualInfo,Granzyme A,10,9,6.3,50,0.18
TRA,MutualInfo,OSteopontin/OPN,8,8,5.875,50,0.16
TRA,MutualInfo,TSLP,9,8,6.111111111111111,50,0.16
TRA,MutualInfo,IL-1 alpha/IL1-1F1,8,8,7.125,50,0.16
TRA,MutualInfo,VCAM-1/CD106,7,7,5.142857142857143,50,0.14
TRA,MutualInfo,TRANCE/TNFSF11/RANK L,7,7,6.0,50,0.14
TRA,MutualInfo,Myeloperoxidase/MPO,7,7,6.142857142857143,50,0.14
TRA,MutualInfo,CCL5/RANTES,7,7,6.285714285714286,50,0.14
TRA,MutualInfo,IL-23,6,6,5.666666666666667,50,0.12
TRA,MutualInfo,Complement Component C9,6,6,7.0,50,0.12
TRA,MutualInfo,CX3CL1/Fractalkine,6,6,7.333333333333333,50,0.12
TRA,MutualInfo,Serpin C1/Antithrombin-III,5,5,4.6,50,0.1
TRA,MutualInfo,CXCL13/BLC/BCA-1,4,4,3.5,50,0.08
TRA,MutualInfo,CXCL12,4,4,6.0,50,0.08
TRA,MutualInfo,Complement Component C2,4,4,6.0,50,0.08
TRA,MutualInfo,L-Selectin/CD62L,4,4,6.0,50,0.08
TRA,MutualInfo,CCL18/PARC,4,4,7.25,50,0.08
TRA,MutualInfo,TNF-alpha,3,3,3.6666666666666665,50,0.06
TRA,MutualInfo,EN-RAGE/S100A12,3,3,4.0,50,0.06
TRA,MutualInfo,Flt-3 Ligand/FLT3L,3,3,4.333333333333333,50,0.06
TRA,MutualInfo,M-CSF R/CD115,3,3,5.333333333333333,50,0.06
TRA,MutualInfo,PDGF-DD,3,3,6.0,50,0.06
TRA,MutualInfo,TGF-beta 2,3,3,6.333333333333333,50,0.06
TRA,MutualInfo,FGF basic/FGF2/bFGF,3,3,7.0,50,0.06
TRA,MutualInfo,CXCL9/MIG,3,3,7.333333333333333,50,0.06
TRA,MutualInfo,CD163,3,3,8.0,50,0.06
TRA,MutualInfo,Thrombospondin-2,3,3,8.666666666666666,50,0.06
TRA,MutualInfo,CD23/Fc epsilon RII,2,2,5.0,50,0.04
TRA,MutualInfo,ENPP-2/Autotaxin,2,2,6.0,50,0.04
TRA,MutualInfo,Collagen I alpha 1,2,2,6.5,50,0.04
TRA,MutualInfo,MMP-13,2,2,6.5,50,0.04
TRA,MutualInfo,IL-28B/IFN-lambda 3,2,2,7.0,50,0.04
TRA,MutualInfo,Nectin-4,3,2,7.0,50,0.04
TRA,MutualInfo,Osteoactivin/GPNMB,2,2,7.0,50,0.04
TRA,MutualInfo,TFF3,2,2,7.0,50,0.04
TRA,MutualInfo,Coagulation Factor II/Tissue Factor,2,2,7.5,50,0.04
TRA,MutualInfo,MIF,2,2,7.5,50,0.04
TRA,MutualInfo,P-Selectin/CD62P,2,2,7.5,50,0.04
TRA,MutualInfo,CCL19/MIP-3 beta,2,2,8.0,50,0.04
TRA,MutualInfo,IL-1ra/IL-1F3,2,2,8.5,50,0.04
TRA,MutualInfo,TACI/TNFRSF13B,2,2,8.5,50,0.04
TRA,MutualInfo,u-Plasminogen Activator (uPA)/Urokinase,2,2,9.0,50,0.04
TRA,MutualInfo,BCMA/TNFRSF17,2,2,9.5,50,0.04
TRA,MutualInfo,PDGF-AA,2,2,9.5,50,0.04
TRA,MutualInfo,CD31/PECAM-1,1,1,4.0,50,0.02
TRA,MutualInfo,Syndecan-1/CD138,1,1,4.0,50,0.02
TRA,MutualInfo,Complement Component C5a,1,1,5.0,50,0.02
TRA,MutualInfo,ST2/IL-33R,1,1,5.0,50,0.02
TRA,MutualInfo,IFN-alpha,1,1,7.0,50,0.02
TRA,MutualInfo,Reg3A,1,1,8.0,50,0.02
TRA,MutualInfo,IL-2,1,1,9.0,50,0.02
TRA,MutualInfo,IL-8/CXCL8,1,1,9.0,50,0.02
TRA,MutualInfo,Resistin,1,1,9.0,50,0.02
TRA,MutualInfo,APRIL/TNFSF13,1,1,10.0,50,0.02
TRA,MutualInfo,IL-6R alpha,1,1,10.0,50,0.02
TRA,MutualInfo,Neuregulin-1 beta 1/NRG1 beta 1,1,1,10.0,50,0.02
TRA,MutualInfo,Pentraxin 3/TSG-14,1,1,10.0,50,0.02
TRA,MutualInfo,TRAIL/TNFSF10,1,1,10.0,50,0.02
TRA,OutcomeSNN-FS,Fas Ligand/TNFSF6,243,50,1.374485596707819,50,1.0
TRA,OutcomeSNN-FS,L-Selectin/CD62L,110,50,3.6454545454545455,50,1.0
TRA,OutcomeSNN-FS,Serpin C1/Antithrombin-III,130,50,3.8,50,1.0
TRA,OutcomeSNN-FS,IL-8/CXCL8,120,50,3.9583333333333335,50,1.0
TRA,OutcomeSNN-FS,VEGF,118,50,4.288135593220339,50,1.0
TRA,OutcomeSNN-FS,Fetuin A/AHSG,95,48,4.326315789473684,50,0.96
TRA,OutcomeSNN-FS,M-CSF,91,47,4.923076923076923,50,0.94
TRA,OutcomeSNN-FS,Granzyme B,49,39,4.6938775510204085,50,0.78
TRA,OutcomeSNN-FS,VAP-1/AOC3,51,38,5.078431372549019,50,0.76
TRA,OutcomeSNN-FS,TREM-1,47,33,5.638297872340425,50,0.66
TRA,OutcomeSNN-FS,CXCL1/GRO alpha/KC/CINC-1,39,30,6.282051282051282,50,0.6
TRA,OutcomeSNN-FS,TGF-beta 2,35,29,5.0,50,0.58
TRA,OutcomeSNN-FS,MMP-9,31,29,5.612903225806452,50,0.58
TRA,OutcomeSNN-FS,Contactin-1,32,27,5.65625,50,0.54
TRA,OutcomeSNN-FS,Thrombopoietin/Tpo,30,27,6.2,50,0.54
TRA,OutcomeSNN-FS,VEGFR1/Flt-1,28,26,6.071428571428571,50,0.52
TRA,OutcomeSNN-FS,IL-11,27,25,5.074074074074074,50,0.5
TRA,OutcomeSNN-FS,IL-33,24,22,6.458333333333333,50,0.44
TRA,OutcomeSNN-FS,BCMA/TNFRSF17,24,21,4.916666666666667,50,0.42
TRA,OutcomeSNN-FS,IGFBP-2,25,21,6.0,50,0.42
TRA,OutcomeSNN-FS,Thrombospondin-2,21,20,5.238095238095238,50,0.4
TRA,OutcomeSNN-FS,DPPIV/CD26,24,20,5.541666666666667,50,0.4
TRA,OutcomeSNN-FS,IL-17E/IL-25,17,17,6.529411764705882,50,0.34
TRA,OutcomeSNN-FS,Proprotein Convertase 9/PCSK9,16,16,6.625,50,0.32
TRA,OutcomeSNN-FS,Complement C1q,14,14,5.714285714285714,50,0.28
TRA,OutcomeSNN-FS,NT-4,11,11,5.2727272727272725,50,0.22
TRA,OutcomeSNN-FS,Follistatin-related Gene Protein/FLRG,11,11,5.545454545454546,50,0.22
TRA,OutcomeSNN-FS,LBP,11,11,6.2727272727272725,50,0.22
TRA,OutcomeSNN-FS,CCL5/RANTES,10,10,5.5,50,0.2
TRA,OutcomeSNN-FS,Fibroblast Activation Protein alpha/FAP,11,10,7.090909090909091,50,0.2
TRA,OutcomeSNN-FS,Alpha-1-Microglobulin,9,9,7.666666666666667,50,0.18
TRA,OutcomeSNN-FS,PDGF-AA,7,7,4.714285714285714,50,0.14
TRA,OutcomeSNN-FS,MMP-7,7,7,6.285714285714286,50,0.14
TRA,OutcomeSNN-FS,G-CSF,7,7,8.142857142857142,50,0.14
TRA,OutcomeSNN-FS,Myoglobin,6,6,7.166666666666667,50,0.12
TRA,OutcomeSNN-FS,FGF basic/FGF2/bFGF,6,6,7.5,50,0.12
TRA,OutcomeSNN-FS,BAFF/BLyS/TNFSF13B,5,5,5.6,50,0.1
TRA,OutcomeSNN-FS,IL-28B/IFN-lambda 3,5,5,8.0,50,0.1
TRA,OutcomeSNN-FS,Lumican,4,4,4.0,50,0.08
TRA,OutcomeSNN-FS,CXCL13/BLC/BCA-1,4,4,5.5,50,0.08
TRA,OutcomeSNN-FS,TGF-beta1,4,4,8.25,50,0.08
TRA,OutcomeSNN-FS,IL-2,4,4,8.75,50,0.08
TRA,OutcomeSNN-FS,Oncostatin M/OSM,3,3,5.333333333333333,50,0.06
TRA,OutcomeSNN-FS,CCL19/MIP-3 beta,3,3,6.666666666666667,50,0.06
TRA,OutcomeSNN-FS,EN-RAGE/S100A12,3,3,7.0,50,0.06
TRA,OutcomeSNN-FS,MICA,3,3,7.333333333333333,50,0.06
TRA,OutcomeSNN-FS,Properdin,3,3,8.333333333333334,50,0.06
TRA,OutcomeSNN-FS,MCAM/CD146,3,3,8.666666666666666,50,0.06
TRA,OutcomeSNN-FS,SCGF/CLEC11a,3,3,10.0,50,0.06
TRA,OutcomeSNN-FS,CD117/c-kit,2,2,3.5,50,0.04
TRA,OutcomeSNN-FS,CA15-3/MUC-1,2,2,4.5,50,0.04
TRA,OutcomeSNN-FS,Angiopoietin-2,2,2,5.5,50,0.04
TRA,OutcomeSNN-FS,CCL26/Eotaxin-3,2,2,5.5,50,0.04
TRA,OutcomeSNN-FS,CX3CL1/Fractalkine,2,2,7.5,50,0.04
TRA,OutcomeSNN-FS,IL-17/IL-17A,2,2,8.0,50,0.04
TRA,OutcomeSNN-FS,Angiopoietin-like Protein 3/ANGPTL3,2,2,8.5,50,0.04
TRA,OutcomeSNN-FS,S100A9,2,2,9.0,50,0.04
TRA,OutcomeSNN-FS,Angiopoietin-1,1,1,2.0,50,0.02
TRA,OutcomeSNN-FS,Complement Factor D/Adipsin,1,1,3.0,50,0.02
TRA,OutcomeSNN-FS,IL-6,1,1,3.0,50,0.02
TRA,OutcomeSNN-FS,CA125/MUC16,1,1,5.0,50,0.02
TRA,OutcomeSNN-FS,CCL18/PARC,1,1,5.0,50,0.02
TRA,OutcomeSNN-FS,CD40 Ligand/TNFSF5,1,1,5.0,50,0.02
TRA,OutcomeSNN-FS,IL-1 alpha/IL1-1F1,1,1,5.0,50,0.02
TRA,OutcomeSNN-FS,MIA,1,1,5.0,50,0.02
TRA,OutcomeSNN-FS,Serpin A4/Kallistatin,1,1,6.0,50,0.02
TRA,OutcomeSNN-FS,APRIL/TNFSF13,1,1,7.0,50,0.02
TRA,OutcomeSNN-FS,CXCL-11/I-TAC,1,1,7.0,50,0.02
TRA,OutcomeSNN-FS,ADAMTS13,1,1,8.0,50,0.02
TRA,OutcomeSNN-FS,CCL11/Eotaxin,1,1,8.0,50,0.02
TRA,OutcomeSNN-FS,uPAR,1,1,8.0,50,0.02
TRA,OutcomeSNN-FS,CD163,1,1,9.0,50,0.02
TRA,OutcomeSNN-FS,CXCL10/IP-10/CRG-2,1,1,9.0,50,0.02
TRA,OutcomeSNN-FS,Growth Hormone,1,1,9.0,50,0.02
TRA,OutcomeSNN-FS,IL-6R alpha,1,1,9.0,50,0.02
TRA,OutcomeSNN-FS,TRAIL/TNFSF10,1,1,9.0,50,0.02
TRA,OutcomeSNN-FS,CCL2/JE/MCP-1,1,1,10.0,50,0.02
TRA,OutcomeSNN-FS,CD31/PECAM-1,1,1,10.0,50,0.02
TRA,OutcomeSNN-FS,Serpin A10/ZPI,1,1,10.0,50,0.02
TRA,OutcomeSNN-FS,TSLP,1,1,10.0,50,0.02
TRA,PGEE,MMP-9,164,50,2.2134146341463414,50,1.0
TRA,PGEE,Fas Ligand/TNFSF6,241,50,2.9460580912863072,50,1.0
TRA,PGEE,TGF-alpha,200,50,3.58,50,1.0
TRA,PGEE,Galectin-9,165,50,3.878787878787879,50,1.0
TRA,PGEE,Myoglobin,116,50,5.258620689655173,50,1.0
TRA,PGEE,VCAM-1/CD106,139,50,5.525179856115108,50,1.0
TRA,PGEE,IL-10,143,50,6.538461538461538,50,1.0
TRA,PGEE,TREM-1,124,49,5.193548387096774,50,0.98
TRA,PGEE,M-CSF,103,48,6.213592233009709,50,0.96
TRA,PGEE,IL-17E/IL-25,74,46,7.135135135135135,50,0.92
TRA,PGEE,S100A9,68,45,5.352941176470588,50,0.9
TRA,PGEE,MMP-8,73,43,6.616438356164384,50,0.86
TRA,PGEE,Furin,39,34,7.948717948717949,50,0.68
TRA,PGEE,VEGF,38,32,6.315789473684211,50,0.64
TRA,PGEE,Myeloperoxidase/MPO,47,31,6.425531914893617,50,0.62
TRA,PGEE,Neuregulin-1 beta 1/NRG1 beta 1,39,30,5.82051282051282,50,0.6
TRA,PGEE,Dkk-1,35,29,7.9714285714285715,50,0.58
TRA,PGEE,TIMP-1,36,28,7.305555555555555,50,0.56
TRA,PGEE,EN-RAGE/S100A12,23,23,6.130434782608695,50,0.46
TRA,PGEE,Galectin-3,24,22,8.375,50,0.44
TRA,PGEE,HGF,21,21,5.761904761904762,50,0.42
TRA,PGEE,ST2/IL-33R,22,19,8.636363636363637,50,0.38
TRA,PGEE,Fetuin A/AHSG,15,15,2.533333333333333,50,0.3
TRA,PGEE,Pentraxin 3/TSG-14,15,13,8.8,50,0.26
TRA,PGEE,BAFF/BLyS/TNFSF13B,11,11,4.2727272727272725,50,0.22
TRA,PGEE,CXCL13/BLC/BCA-1,11,11,8.0,50,0.22
TRA,PGEE,SCGF/CLEC11a,10,10,8.2,50,0.2
TRA,PGEE,PD-L1/B7-H1,9,9,7.444444444444445,50,0.18
TRA,PGEE,Nectin-4,6,6,4.333333333333333,50,0.12
TRA,PGEE,IL-1 beta/IL-1F2,6,6,6.166666666666667,50,0.12
TRA,PGEE,LBP,5,5,2.2,50,0.1
TRA,PGEE,Syndecan-1/CD138,5,5,2.4,50,0.1
TRA,PGEE,L-Selectin/CD62L,5,5,4.4,50,0.1
TRA,PGEE,TRAIL R2/TNFRSF10B,5,5,7.8,50,0.1
TRA,PGEE,IL-6,5,5,8.8,50,0.1
TRA,PGEE,Lipocalin-2/NGAL,4,4,6.5,50,0.08
TRA,PGEE,Chitinase 3-like 1,5,4,8.8,50,0.08
TRA,PGEE,Coagulation Factor II/Tissue Factor,4,4,9.5,50,0.08
TRA,PGEE,TNF-alpha,3,3,3.0,50,0.06
TRA,PGEE,VEGFR1/Flt-1,3,3,6.333333333333333,50,0.06
TRA,PGEE,NT-4,3,3,7.333333333333333,50,0.06
TRA,PGEE,SP-D,3,3,8.666666666666666,50,0.06
TRA,PGEE,CA125/MUC16,3,3,9.0,50,0.06
TRA,PGEE,CCL3/MIP-1 alpha,3,3,10.0,50,0.06
TRA,PGEE,CA15-3/MUC-1,2,2,5.0,50,0.04
TRA,PGEE,DPPIV/CD26,2,2,6.5,50,0.04
TRA,PGEE,BCMA/TNFRSF17,2,2,7.5,50,0.04
TRA,PGEE,IL-36 beta/IL-1F8,2,2,8.5,50,0.04
TRA,PGEE,CCL11/Eotaxin,2,2,9.0,50,0.04
TRA,PGEE,LIGHT/TNFSF14,1,1,2.0,50,0.02
TRA,PGEE,EGF,1,1,7.0,50,0.02
TRA,PGEE,VAP-1/AOC3,1,1,8.0,50,0.02
TRA,PGEE,Endocan/ESM-1,1,1,10.0,50,0.02
TRA,PGEE,Serpin B3/SCCA1,1,1,10.0,50,0.02
TRA,RandomForest,Fas Ligand/TNFSF6,223,50,2.3004484304932737,50,1.0
TRA,RandomForest,Pentraxin 3/TSG-14,172,50,3.4302325581395348,50,1.0
TRA,RandomForest,IL-10,172,50,4.017441860465116,50,1.0
TRA,RandomForest,ST2/IL-33R,159,50,4.056603773584905,50,1.0
TRA,RandomForest,L-Selectin/CD62L,138,50,4.311594202898551,50,1.0
TRA,RandomForest,VCAM-1/CD106,133,50,4.511278195488722,50,1.0
TRA,RandomForest,IL-17E/IL-25,134,50,4.708955223880597,50,1.0
TRA,RandomForest,TGF-alpha,116,48,5.0,50,0.96
TRA,RandomForest,M-CSF,65,47,5.8307692307692305,50,0.94
TRA,RandomForest,MMP-8,72,42,5.611111111111111,50,0.84
TRA,RandomForest,Proprotein Convertase 9/PCSK9,50,36,6.0,50,0.72
TRA,RandomForest,Contactin-1,37,33,6.405405405405405,50,0.66
TRA,RandomForest,Galectin-9,35,29,7.457142857142857,50,0.58
TRA,RandomForest,CCL11/Eotaxin,30,27,7.366666666666666,50,0.54
TRA,RandomForest,BCMA/TNFRSF17,30,25,6.933333333333334,50,0.5
TRA,RandomForest,CXCL1/GRO alpha/KC/CINC-1,26,24,6.461538461538462,50,0.48
TRA,RandomForest,CXCL13/BLC/BCA-1,23,23,5.521739130434782,50,0.46
TRA,RandomForest,Galectin-3,27,23,6.666666666666667,50,0.46
TRA,RandomForest,Myeloperoxidase/MPO,19,16,7.2631578947368425,50,0.32
TRA,RandomForest,LBP,11,10,8.090909090909092,50,0.2
TRA,RandomForest,DPPIV/CD26,11,10,8.454545454545455,50,0.2
TRA,RandomForest,SCGF/CLEC11a,10,10,8.5,50,0.2
TRA,RandomForest,CXCL2/GRO beta/MIP-2/CINC-3,10,9,5.8,50,0.18
TRA,RandomForest,Fetuin A/AHSG,8,8,6.625,50,0.16
TRA,RandomForest,HGF,7,7,6.142857142857143,50,0.14
TRA,RandomForest,Myoglobin,7,7,7.142857142857143,50,0.14
TRA,RandomForest,Lumican,7,7,8.0,50,0.14
TRA,RandomForest,TREM-1,6,6,7.166666666666667,50,0.12
TRA,RandomForest,SP-D,6,6,7.5,50,0.12
TRA,RandomForest,Furin,6,6,8.166666666666666,50,0.12
TRA,RandomForest,BAFF/BLyS/TNFSF13B,5,5,5.6,50,0.1
TRA,RandomForest,Resistin,5,5,6.6,50,0.1
TRA,RandomForest,NT-4,5,5,8.2,50,0.1
TRA,RandomForest,IL-1 beta/IL-1F2,4,4,7.25,50,0.08
TRA,RandomForest,VAP-1/AOC3,4,4,7.5,50,0.08
TRA,RandomForest,CA125/MUC16,3,3,7.333333333333333,50,0.06
TRA,RandomForest,PD-L1/B7-H1,3,3,8.333333333333334,50,0.06
TRA,RandomForest,uPAR,2,2,6.0,50,0.04
TRA,RandomForest,Lipocalin-2/NGAL,2,2,6.5,50,0.04
TRA,RandomForest,MAdCAM-1,2,2,7.5,50,0.04
TRA,RandomForest,VEGF,2,2,7.5,50,0.04
TRA,RandomForest,CA15-3/MUC-1,2,2,8.0,50,0.04
TRA,RandomForest,EN-RAGE/S100A12,2,2,8.0,50,0.04
TRA,RandomForest,Neuregulin-1 beta 1/NRG1 beta 1,2,2,8.0,50,0.04
TRA,RandomForest,VEGFR1/Flt-1,2,2,8.0,50,0.04
TRA,RandomForest,CCL3/MIP-1 alpha,2,2,8.5,50,0.04
TRA,RandomForest,Complement Factor D/Adipsin,2,2,8.5,50,0.04
TRA,RandomForest,Coagulation Factor II/Tissue Factor,2,2,9.0,50,0.04
TRA,RandomForest,EGF,1,1,5.0,50,0.02
TRA,RandomForest,GDF-15,1,1,6.0,50,0.02
TRA,RandomForest,Coagulation Factor XIV/Protein C,1,1,7.0,50,0.02
TRA,RandomForest,IL-17/IL-17A,1,1,7.0,50,0.02
TRA,RandomForest,Serpin A4/Kallistatin,1,1,7.0,50,0.02
TRA,RandomForest,Alpha-1-Microglobulin,1,1,9.0,50,0.02
TRA,RandomForest,IL-36 beta/IL-1F8,1,1,9.0,50,0.02
TRA,RandomForest,Dkk-1,1,1,10.0,50,0.02
TRA,RandomForest,IL-15,1,1,10.0,50,0.02
TRA,RandomForest,IL-2,1,1,10.0,50,0.02
TRA,RandomForest,TNF-alpha,1,1,10.0,50,0.02
TRA,RandomForest,Thrombopoietin/Tpo,1,1,10.0,50,0.02
TRA,SNN-FS,Fas Ligand/TNFSF6,217,50,1.8847926267281105,50,1.0
TRA,SNN-FS,MMP-9,124,50,2.9596774193548385,50,1.0
TRA,SNN-FS,Fetuin A/AHSG,103,50,3.29126213592233,50,1.0
TRA,SNN-FS,VEGFR1/Flt-1,97,48,3.6907216494845363,50,0.96
TRA,SNN-FS,M-CSF,106,48,4.330188679245283,50,0.96
TRA,SNN-FS,HE4/WFDC2,74,46,3.2027027027027026,50,0.92
TRA,SNN-FS,VEGF,60,43,4.5,50,0.86
TRA,SNN-FS,LBP,46,36,4.260869565217392,50,0.72
TRA,SNN-FS,IL-8/CXCL8,49,35,3.877551020408163,50,0.7
TRA,SNN-FS,Serpin C1/Antithrombin-III,38,31,5.315789473684211,50,0.62
TRA,SNN-FS,L-Selectin/CD62L,33,29,4.878787878787879,50,0.58
TRA,SNN-FS,IL-11,38,29,5.394736842105263,50,0.58
TRA,SNN-FS,TREM-1,32,25,4.4375,50,0.5
TRA,SNN-FS,CXCL1/GRO alpha/KC/CINC-1,27,24,5.62962962962963,50,0.48
TRA,SNN-FS,Myoglobin,22,22,4.545454545454546,50,0.44
TRA,SNN-FS,Contactin-1,25,22,4.6,50,0.44
TRA,SNN-FS,IL-17E/IL-25,19,18,4.947368421052632,50,0.36
TRA,SNN-FS,Serpin A4/Kallistatin,16,15,5.0625,50,0.3
TRA,SNN-FS,ICAM-1/CD54,14,14,6.357142857142857,50,0.28
TRA,SNN-FS,Proprotein Convertase 9/PCSK9,15,14,6.533333333333333,50,0.28
TRA,SNN-FS,IGFBP-4,14,13,6.0,50,0.26
TRA,SNN-FS,DPPIV/CD26,13,13,6.153846153846154,50,0.26
TRA,SNN-FS,MCAM/CD146,12,12,6.75,50,0.24
TRA,SNN-FS,Coagulation Factor II/Tissue Factor,10,10,2.9,50,0.2
TRA,SNN-FS,Thrombospondin-2,10,10,5.6,50,0.2
TRA,SNN-FS,MMP-13,11,10,6.181818181818182,50,0.2
TRA,SNN-FS,FGF basic/FGF2/bFGF,11,10,7.0,50,0.2
TRA,SNN-FS,NT-4,9,9,4.333333333333333,50,0.18
TRA,SNN-FS,VAP-1/AOC3,8,8,4.125,50,0.16
TRA,SNN-FS,Thrombopoietin/Tpo,8,8,4.5,50,0.16
TRA,SNN-FS,IL-33,8,8,5.875,50,0.16
TRA,SNN-FS,Granzyme B,7,7,5.285714285714286,50,0.14
TRA,SNN-FS,Angiopoietin-1,7,7,6.285714285714286,50,0.14
TRA,SNN-FS,CX3CL1/Fractalkine,6,6,3.1666666666666665,50,0.12
TRA,SNN-FS,CCL11/Eotaxin,6,6,3.8333333333333335,50,0.12
TRA,SNN-FS,Reg3A,6,6,5.666666666666667,50,0.12
TRA,SNN-FS,MMP-7,5,5,3.4,50,0.1
TRA,SNN-FS,Properdin,5,5,6.4,50,0.1
TRA,SNN-FS,CCL5/RANTES,5,5,7.8,50,0.1
TRA,SNN-FS,Follistatin-related Gene Protein/FLRG,4,4,3.25,50,0.08
TRA,SNN-FS,Galectin-9,4,4,3.25,50,0.08
TRA,SNN-FS,EGF,3,3,3.3333333333333335,50,0.06
TRA,SNN-FS,Fibroblast Activation Protein alpha/FAP,3,3,4.666666666666667,50,0.06
TRA,SNN-FS,TGF-beta 2,3,3,5.666666666666667,50,0.06
TRA,SNN-FS,IL-2,3,3,6.333333333333333,50,0.06
TRA,SNN-FS,Complement C1q,3,3,7.333333333333333,50,0.06
TRA,SNN-FS,TSLP,3,3,8.333333333333334,50,0.06
TRA,SNN-FS,vWF-A2,3,3,8.333333333333334,50,0.06
TRA,SNN-FS,Alpha-1-Microglobulin,3,3,8.666666666666666,50,0.06
TRA,SNN-FS,ErbB2/Her3,3,3,8.666666666666666,50,0.06
TRA,SNN-FS,BAFF/BLyS/TNFSF13B,2,2,3.0,50,0.04
TRA,SNN-FS,CD40 Ligand/TNFSF5,2,2,5.0,50,0.04
TRA,SNN-FS,IL-31,2,2,5.0,50,0.04
TRA,SNN-FS,CD31/PECAM-1,2,2,6.0,50,0.04
TRA,SNN-FS,EN-RAGE/S100A12,2,2,7.0,50,0.04
TRA,SNN-FS,Serpin A10/ZPI,2,2,7.0,50,0.04
TRA,SNN-FS,CXCL13/BLC/BCA-1,2,2,8.0,50,0.04
TRA,SNN-FS,CCL26/Eotaxin-3,2,2,9.0,50,0.04
TRA,SNN-FS,Growth Hormone,2,2,9.0,50,0.04
TRA,SNN-FS,Complement Component C9,1,1,2.0,50,0.02
TRA,SNN-FS,CA125/MUC16,1,1,3.0,50,0.02
TRA,SNN-FS,Complement Factor D/Adipsin,1,1,3.0,50,0.02
TRA,SNN-FS,MIA,1,1,3.0,50,0.02
TRA,SNN-FS,Oncostatin M/OSM,1,1,3.0,50,0.02
TRA,SNN-FS,Chitinase 3-like 1,1,1,4.0,50,0.02
TRA,SNN-FS,Lipocalin-2/NGAL,1,1,5.0,50,0.02
TRA,SNN-FS,Nectin-4,1,1,5.0,50,0.02
TRA,SNN-FS,CEACAM-1/CD66a,1,1,8.0,50,0.02
TRA,SNN-FS,Dkk-1,1,1,8.0,50,0.02
TRA,SNN-FS,Angiopoietin-2,1,1,9.0,50,0.02
TRA,SNN-FS,IL-4,1,1,9.0,50,0.02
TRA,SNN-FS,IL-6R alpha,1,1,9.0,50,0.02
TRA,SNN-FS,IL-7,1,1,9.0,50,0.02
TRA,SNN-FS,uPAR,1,1,9.0,50,0.02
TRA,SNN-FS,CCL2/JE/MCP-1,1,1,10.0,50,0.02
TRA,SNN-FS,GDF-15,1,1,10.0,50,0.02
TRA,SNN-FS,Galectin-3BP/MAC-2BP,1,1,10.0,50,0.02
TRA,SNN-FS,Osteoactivin/GPNMB,1,1,10.0,50,0.02
TRA,StabilitySelection,Fas Ligand/TNFSF6,204,50,2.343137254901961,50,1.0
TRA,StabilitySelection,CXCL1/GRO alpha/KC/CINC-1,113,49,3.982300884955752,50,0.98
TRA,StabilitySelection,VEGF,125,49,4.184,50,0.98
TRA,StabilitySelection,M-CSF,137,48,3.437956204379562,50,0.96
TRA,StabilitySelection,Fetuin A/AHSG,102,48,4.784313725490196,50,0.96
TRA,StabilitySelection,IL-11,82,47,4.378048780487805,50,0.94
TRA,StabilitySelection,IGFBP-4,71,47,5.042253521126761,50,0.94
TRA,StabilitySelection,Myoglobin,78,46,4.628205128205129,50,0.92
TRA,StabilitySelection,Proprotein Convertase 9/PCSK9,67,45,4.776119402985074,50,0.9
TRA,StabilitySelection,VEGFR1/Flt-1,77,42,3.8701298701298703,50,0.84
TRA,StabilitySelection,MMP-7,54,38,4.481481481481482,50,0.76
TRA,StabilitySelection,IL-17E/IL-25,37,34,4.513513513513513,50,0.68
TRA,StabilitySelection,L-Selectin/CD62L,31,27,4.483870967741935,50,0.54
TRA,StabilitySelection,IL-8/CXCL8,28,25,5.785714285714286,50,0.5
TRA,StabilitySelection,Serpin C1/Antithrombin-III,28,25,6.142857142857143,50,0.5
TRA,StabilitySelection,CXCL13/BLC/BCA-1,27,22,4.962962962962963,50,0.44
TRA,StabilitySelection,Contactin-1,27,21,6.222222222222222,50,0.42
TRA,StabilitySelection,CCL11/Eotaxin,23,21,6.3478260869565215,50,0.42
TRA,StabilitySelection,IL-33,19,18,4.947368421052632,50,0.36
TRA,StabilitySelection,Complement C1q,18,18,5.777777777777778,50,0.36
TRA,StabilitySelection,Fibroblast Activation Protein alpha/FAP,17,17,6.764705882352941,50,0.34
TRA,StabilitySelection,TREM-1,17,15,5.882352941176471,50,0.3
TRA,StabilitySelection,NT-4,13,13,6.153846153846154,50,0.26
TRA,StabilitySelection,IL-2,13,13,6.384615384615385,50,0.26
TRA,StabilitySelection,Serpin A4/Kallistatin,12,12,6.416666666666667,50,0.24
TRA,StabilitySelection,ICAM-1/CD54,12,12,6.666666666666667,50,0.24
TRA,StabilitySelection,MMP-9,14,11,4.642857142857143,50,0.22
TRA,StabilitySelection,IL-17/IL-17A,11,11,5.636363636363637,50,0.22
TRA,StabilitySelection,IL-4,11,11,5.7272727272727275,50,0.22
TRA,StabilitySelection,Thrombospondin-2,11,10,4.818181818181818,50,0.2
TRA,StabilitySelection,Growth Hormone,11,10,5.363636363636363,50,0.2
TRA,StabilitySelection,FGF basic/FGF2/bFGF,10,10,6.9,50,0.2
TRA,StabilitySelection,Thrombopoietin/Tpo,9,9,4.111111111111111,50,0.18
TRA,StabilitySelection,CCL26/Eotaxin-3,9,9,5.777777777777778,50,0.18
TRA,StabilitySelection,CXCL10/IP-10/CRG-2,8,8,7.25,50,0.16
TRA,StabilitySelection,MCAM/CD146,8,7,6.125,50,0.14
TRA,StabilitySelection,IFN-beta,6,6,6.0,50,0.12
TRA,StabilitySelection,IL-6R alpha,6,6,6.0,50,0.12
TRA,StabilitySelection,LBP,7,6,6.571428571428571,50,0.12
TRA,StabilitySelection,CCL5/RANTES,6,6,6.666666666666667,50,0.12
TRA,StabilitySelection,HE4/WFDC2,6,6,6.833333333333333,50,0.12
TRA,StabilitySelection,CX3CL1/Fractalkine,6,6,7.166666666666667,50,0.12
TRA,StabilitySelection,Oncostatin M/OSM,6,6,7.166666666666667,50,0.12
TRA,StabilitySelection,EGF,5,5,6.4,50,0.1
TRA,StabilitySelection,Follistatin-related Gene Protein/FLRG,5,5,6.6,50,0.1
TRA,StabilitySelection,MMP-13,6,5,6.666666666666667,50,0.1
TRA,StabilitySelection,TGF-beta 2,4,4,4.0,50,0.08
TRA,StabilitySelection,CCL14/HCC-1/HCC-3,4,4,6.25,50,0.08
TRA,StabilitySelection,DPPIV/CD26,4,4,6.25,50,0.08
TRA,StabilitySelection,Alpha-1-Microglobulin,5,4,7.6,50,0.08
TRA,StabilitySelection,VAP-1/AOC3,3,3,5.666666666666667,50,0.06
TRA,StabilitySelection,ADAMTS13,3,3,7.0,50,0.06
TRA,StabilitySelection,Granzyme B,3,3,7.0,50,0.06
TRA,StabilitySelection,CCL23/MPIF-1,3,3,9.0,50,0.06
TRA,StabilitySelection,CXCL2/GRO beta/MIP-2/CINC-3,2,2,4.0,50,0.04
TRA,StabilitySelection,Coagulation Factor II/Tissue Factor,2,2,4.5,50,0.04
TRA,StabilitySelection,TGF-beta1,2,2,6.0,50,0.04
TRA,StabilitySelection,Galectin-9,2,2,6.5,50,0.04
TRA,StabilitySelection,Angiopoietin-1,2,2,7.5,50,0.04
TRA,StabilitySelection,Angiopoietin-like Protein 3/ANGPTL3,2,2,8.0,50,0.04
TRA,StabilitySelection,Granzyme A,2,2,8.0,50,0.04
TRA,StabilitySelection,MIF,2,2,8.5,50,0.04
TRA,StabilitySelection,CA125/MUC16,2,2,9.0,50,0.04
TRA,StabilitySelection,Resistin,2,2,9.5,50,0.04
TRA,StabilitySelection,Reg3A,2,2,10.0,50,0.04
TRA,StabilitySelection,Properdin,1,1,2.0,50,0.02
TRA,StabilitySelection,CCL19/MIP-3 beta,1,1,4.0,50,0.02
TRA,StabilitySelection,ENPP-2/Autotaxin,1,1,4.0,50,0.02
TRA,StabilitySelection,Serpin B3/SCCA1,1,1,4.0,50,0.02
TRA,StabilitySelection,CCL2/JE/MCP-1,1,1,5.0,50,0.02
TRA,StabilitySelection,Furin,1,1,5.0,50,0.02
TRA,StabilitySelection,Galectin-3BP/MAC-2BP,1,1,5.0,50,0.02
TRA,StabilitySelection,MICA,1,1,6.0,50,0.02
TRA,StabilitySelection,CXCL-11/I-TAC,1,1,7.0,50,0.02
TRA,StabilitySelection,ErbB2/Her3,1,1,7.0,50,0.02
TRA,StabilitySelection,IL-10,1,1,7.0,50,0.02
TRA,StabilitySelection,MIA,1,1,7.0,50,0.02
TRA,StabilitySelection,Angiopoietin-2,1,1,8.0,50,0.02
TRA,StabilitySelection,CA15-3/MUC-1,1,1,8.0,50,0.02
TRA,StabilitySelection,Complement Component C2,1,1,8.0,50,0.02
TRA,StabilitySelection,IL-13,1,1,8.0,50,0.02
TRA,StabilitySelection,TRAIL/TNFSF10,1,1,8.0,50,0.02
TRA,StabilitySelection,CEACAM-1/CD66a,1,1,9.0,50,0.02
TRA,StabilitySelection,IL-4R alpha,1,1,9.0,50,0.02
TRA,StabilitySelection,Kallikrein 6/Neurosin,1,1,9.0,50,0.02
TRA,StabilitySelection,Collagen I alpha 1,1,1,10.0,50,0.02
TRA,StabilitySelection,Protein S/PROS1,1,1,10.0,50,0.02
TRA,StabilitySelection,u-Plasminogen Activator (uPA)/Urokinase,1,1,10.0,50,0.02
TRA,Stabl-RP,Fas Ligand/TNFSF6,246,50,1.548780487804878,50,1.0
TRA,Stabl-RP,IL-10,198,50,3.515151515151515,50,1.0
TRA,Stabl-RP,Myoglobin,180,50,3.533333333333333,50,1.0
TRA,Stabl-RP,M-CSF,168,50,3.886904761904762,50,1.0
TRA,Stabl-RP,CXCL13/BLC/BCA-1,133,50,4.2706766917293235,50,1.0
TRA,Stabl-RP,ST2/IL-33R,106,48,5.452830188679245,50,0.96
TRA,Stabl-RP,Galectin-3,102,48,6.107843137254902,50,0.96
TRA,Stabl-RP,TREM-1,90,46,5.566666666666666,50,0.92
TRA,Stabl-RP,IL-17E/IL-25,70,44,5.642857142857143,50,0.88
TRA,Stabl-RP,Fetuin A/AHSG,47,34,6.1063829787234045,50,0.68
TRA,Stabl-RP,VEGF,39,32,5.17948717948718,50,0.64
TRA,Stabl-RP,TIMP-1,32,29,6.75,50,0.58
TRA,Stabl-RP,MMP-9,38,28,7.105263157894737,50,0.56
TRA,Stabl-RP,VCAM-1/CD106,31,27,6.548387096774194,50,0.54
TRA,Stabl-RP,Coagulation Factor II/Tissue Factor,27,26,7.111111111111111,50,0.52
TRA,Stabl-RP,NT-4,24,23,6.916666666666667,50,0.46
TRA,Stabl-RP,CA15-3/MUC-1,21,20,6.380952380952381,50,0.4
TRA,Stabl-RP,MAdCAM-1,18,17,6.944444444444445,50,0.34
TRA,Stabl-RP,DPPIV/CD26,18,16,5.722222222222222,50,0.32
TRA,Stabl-RP,IL-36 beta/IL-1F8,17,15,6.882352941176471,50,0.3
TRA,Stabl-RP,Serpin A4/Kallistatin,12,12,6.75,50,0.24
TRA,Stabl-RP,BMP-10,12,12,6.833333333333333,50,0.24
TRA,Stabl-RP,IL-6,13,11,7.538461538461538,50,0.22
TRA,Stabl-RP,EN-RAGE/S100A12,8,8,7.125,50,0.16
TRA,Stabl-RP,GDF-15,8,8,9.125,50,0.16
TRA,Stabl-RP,L-Selectin/CD62L,7,7,6.285714285714286,50,0.14
TRA,Stabl-RP,CCL22/MDC,7,7,6.571428571428571,50,0.14
TRA,Stabl-RP,Chitinase 3-like 1,7,6,6.142857142857143,50,0.12
TRA,Stabl-RP,Proprotein Convertase 9/PCSK9,6,6,7.0,50,0.12
TRA,Stabl-RP,PD-L1/B7-H1,6,6,7.833333333333333,50,0.12
TRA,Stabl-RP,Thrombopoietin/Tpo,6,6,8.166666666666666,50,0.12
TRA,Stabl-RP,TRAIL R2/TNFRSF10B,6,6,8.333333333333334,50,0.12
TRA,Stabl-RP,BAFF/BLyS/TNFSF13B,5,5,7.4,50,0.1
TRA,Stabl-RP,CCL3/MIP-1 alpha,5,5,8.2,50,0.1
TRA,Stabl-RP,Furin,5,5,8.2,50,0.1
TRA,Stabl-RP,HGF,4,4,7.0,50,0.08
TRA,Stabl-RP,VEGFR1/Flt-1,4,4,7.25,50,0.08
TRA,Stabl-RP,Follistatin-related Gene Protein/FLRG,4,4,8.5,50,0.08
TRA,Stabl-RP,IGFBP-2,3,3,7.333333333333333,50,0.06
TRA,Stabl-RP,Complement Component C9,3,3,8.333333333333334,50,0.06
TRA,Stabl-RP,Dkk-1,3,3,8.333333333333334,50,0.06
TRA,Stabl-RP,IL-1 beta/IL-1F2,2,2,6.0,50,0.04
TRA,Stabl-RP,BCMA/TNFRSF17,2,2,7.0,50,0.04
TRA,Stabl-RP,TGF-alpha,2,2,7.0,50,0.04
TRA,Stabl-RP,CCL11/Eotaxin,1,1,3.0,50,0.02
TRA,Stabl-RP,IL-8/CXCL8,1,1,5.0,50,0.02
TRA,Stabl-RP,Nectin-4,1,1,8.0,50,0.02
TRA,Stabl-RP,Pentraxin 3/TSG-14,1,1,8.0,50,0.02
TRA,Stabl-RP,MMP-8,1,1,9.0,50,0.02
TRA,Stabl-RP,CXCL12,1,1,10.0,50,0.02
TRA,Stabl-RP,IL-1ra/IL-1F3,1,1,10.0,50,0.02
TRA,Stabl-RP,Neuregulin-1 beta 1/NRG1 beta 1,1,1,10.0,50,0.02
TRA,Stabl-RP,SCGF/CLEC11a,1,1,10.0,50,0.02
TRA,geeVerse,Syndecan-1/CD138,213,50,1.7981220657276995,50,1.0
TRA,geeVerse,Proprotein Convertase 9/PCSK9,233,50,2.6351931330472103,50,1.0
TRA,geeVerse,PD-L1/B7-H1,200,50,3.46,50,1.0
TRA,geeVerse,Nectin-4,158,50,4.424050632911392,50,1.0
TRA,geeVerse,Fas Ligand/TNFSF6,220,50,5.168181818181818,50,1.0
TRA,geeVerse,IL-36 beta/IL-1F8,153,50,5.359477124183006,50,1.0
TRA,geeVerse,IL-17E/IL-25,211,50,5.672985781990521,50,1.0
TRA,geeVerse,ST2/IL-33R,178,50,7.904494382022472,50,1.0
TRA,geeVerse,SP-D,141,50,8.680851063829786,50,1.0
TRA,geeVerse,Pentraxin 3/TSG-14,135,49,9.281481481481482,50,0.98
TRA,geeVerse,VEGFR1/Flt-1,42,42,1.5476190476190477,50,0.84
TRA,geeVerse,Neuregulin-1 beta 1/NRG1 beta 1,63,38,9.698412698412698,50,0.76
TRA,geeVerse,L-Selectin/CD62L,40,36,3.675,50,0.72
TRA,geeVerse,uPAR,30,30,7.9,50,0.6
TRA,geeVerse,IL-10,32,27,2.8125,50,0.54
TRA,geeVerse,OSteopontin/OPN,23,23,4.695652173913044,50,0.46
TRA,geeVerse,Myoglobin,23,22,3.1739130434782608,50,0.44
TRA,geeVerse,IL-15,23,21,7.521739130434782,50,0.42
TRA,geeVerse,M-CSF,24,19,7.375,50,0.38
TRA,geeVerse,MIF,14,14,9.714285714285714,50,0.28
TRA,geeVerse,CCL11/Eotaxin,10,10,7.5,50,0.2
TRA,geeVerse,BAFF/BLyS/TNFSF13B,7,7,3.2857142857142856,50,0.14
TRA,geeVerse,Fetuin A/AHSG,6,6,4.0,50,0.12
TRA,geeVerse,MMP-9,4,4,1.25,50,0.08
TRA,geeVerse,TREM-1,3,3,3.0,50,0.06
TRA,geeVerse,VEGF,3,3,3.3333333333333335,50,0.06
TRA,geeVerse,IL-3,3,3,6.0,50,0.06
TRA,geeVerse,HGF,3,3,10.0,50,0.06
TRA,geeVerse,CXCL12,2,2,1.0,50,0.04
TRA,geeVerse,TGF-beta 2,2,2,1.5,50,0.04
TRA,geeVerse,CXCL13/BLC/BCA-1,2,2,3.0,50,0.04
TRA,geeVerse,LBP,2,2,4.5,50,0.04
TRA,geeVerse,vWF-A2,2,2,8.0,50,0.04
TRA,geeVerse,TFF3,1,1,1.0,50,0.02
TRA,geeVerse,BCMA/TNFRSF17,1,1,2.0,50,0.02
TRA,geeVerse,DPPIV/CD26,1,1,2.0,50,0.02
TRA,geeVerse,Lipocalin-2/NGAL,1,1,2.0,50,0.02
TRA,geeVerse,Myeloperoxidase/MPO,1,1,2.0,50,0.02
TRA,geeVerse,NT-4,1,1,2.0,50,0.02
TRA,geeVerse,S100A9,1,1,3.0,50,0.02
TRA,geeVerse,VAP-1/AOC3,1,1,4.0,50,0.02
TRA,geeVerse,IL-13,1,1,7.0,50,0.02
TRA,geeVerse,Serpin B3/SCCA1,1,1,8.0,50,0.02
TRA,geeVerse,Dkk-1,1,1,10.0,50,0.02
TRA,geeVerse,EGF,1,1,10.0,50,0.02
TRA,geeVerse,Furin,1,1,10.0,50,0.02
TRA,glmmLasso,Fas Ligand/TNFSF6,250,50,1.2,50,1.0
TRA,glmmLasso,Myoglobin,134,50,2.962686567164179,50,1.0
TRA,glmmLasso,M-CSF,132,50,3.242424242424242,50,1.0
TRA,glmmLasso,IL-10,214,50,3.5,50,1.0
TRA,glmmLasso,IL-17E/IL-25,134,50,5.5,50,1.0
TRA,glmmLasso,TGF-alpha,99,47,6.292929292929293,50,0.94
TRA,glmmLasso,TREM-1,95,46,5.852631578947369,50,0.92
TRA,glmmLasso,Galectin-9,84,44,5.976190476190476,50,0.88
TRA,glmmLasso,MMP-9,67,43,5.6716417910447765,50,0.86
TRA,glmmLasso,VCAM-1/CD106,63,39,7.174603174603175,50,0.78
TRA,glmmLasso,VEGF,50,38,3.3,50,0.76
TRA,glmmLasso,Furin,50,37,7.32,50,0.74
TRA,glmmLasso,Neuregulin-1 beta 1/NRG1 beta 1,30,27,6.3,50,0.54
TRA,glmmLasso,Serpin B3/SCCA1,31,27,7.419354838709677,50,0.54
TRA,glmmLasso,Chitinase 3-like 1,27,25,8.11111111111111,50,0.5
TRA,glmmLasso,ST2/IL-33R,33,23,8.272727272727273,50,0.46
TRA,glmmLasso,S100A9,25,19,7.12,50,0.38
TRA,glmmLasso,Pentraxin 3/TSG-14,23,19,8.73913043478261,50,0.38
TRA,glmmLasso,Dkk-1,18,18,7.722222222222222,50,0.36
TRA,glmmLasso,Fetuin A/AHSG,15,15,1.1333333333333333,50,0.3
TRA,glmmLasso,VEGFR1/Flt-1,15,15,2.466666666666667,50,0.3
TRA,glmmLasso,CXCL13/BLC/BCA-1,15,15,3.066666666666667,50,0.3
TRA,glmmLasso,HGF,15,15,6.6,50,0.3
TRA,glmmLasso,Syndecan-1/CD138,13,13,5.230769230769231,50,0.26
TRA,glmmLasso,MMP-8,15,13,9.0,50,0.26
TRA,glmmLasso,Coagulation Factor II/Tissue Factor,12,12,7.083333333333333,50,0.24
TRA,glmmLasso,TIMP-1,13,12,8.384615384615385,50,0.24
TRA,glmmLasso,L-Selectin/CD62L,11,11,1.4545454545454546,50,0.22
TRA,glmmLasso,BAFF/BLyS/TNFSF13B,11,11,3.272727272727273,50,0.22
TRA,glmmLasso,Proprotein Convertase 9/PCSK9,12,11,7.75,50,0.22
TRA,glmmLasso,Galectin-3,12,11,8.583333333333334,50,0.22
TRA,glmmLasso,SCGF/CLEC11a,12,11,8.75,50,0.22
TRA,glmmLasso,PD-L1/B7-H1,11,10,7.7272727272727275,50,0.2
TRA,glmmLasso,Myeloperoxidase/MPO,8,8,8.75,50,0.16
TRA,glmmLasso,NT-4,6,6,4.666666666666667,50,0.12
TRA,glmmLasso,IL-1 beta/IL-1F2,6,6,7.166666666666667,50,0.12
TRA,glmmLasso,IL-6,5,5,6.4,50,0.1
TRA,glmmLasso,CCL3/MIP-1 alpha,5,5,6.6,50,0.1
TRA,glmmLasso,SP-D,5,5,7.8,50,0.1
TRA,glmmLasso,CA125/MUC16,5,5,8.4,50,0.1
TRA,glmmLasso,Nectin-4,4,4,6.75,50,0.08
TRA,glmmLasso,TNF-alpha,3,3,3.3333333333333335,50,0.06
TRA,glmmLasso,BCMA/TNFRSF17,3,3,3.6666666666666665,50,0.06
TRA,glmmLasso,EGF,3,3,7.666666666666667,50,0.06
TRA,glmmLasso,EN-RAGE/S100A12,3,3,8.0,50,0.06
TRA,glmmLasso,CA15-3/MUC-1,2,2,4.0,50,0.04
TRA,glmmLasso,CCL11/Eotaxin,2,2,4.0,50,0.04
TRA,glmmLasso,Lipocalin-2/NGAL,2,2,9.0,50,0.04
TRA,glmmLasso,TRAIL R2/TNFRSF10B,2,2,10.0,50,0.04
TRA,glmmLasso,VAP-1/AOC3,1,1,2.0,50,0.02
TRA,glmmLasso,DPPIV/CD26,1,1,6.0,50,0.02
TRA,glmmLasso,Endocan/ESM-1,1,1,6.0,50,0.02
TRA,glmmLasso,IL-13,1,1,6.0,50,0.02
TRA,glmmLasso,IL-36 beta/IL-1F8,1,1,8.0,50,0.02
TRA,glmmLasso,Aldehyde Dehydrogenase 1-A1/ALDH1A1,1,1,9.0,50,0.02
TRA,glmmLasso,CCL18/PARC,1,1,10.0,50,0.02
TRA,glmmLasso,uPAR,1,1,10.0,50,0.02
TRA,mRMR,Fas Ligand/TNFSF6,247,50,1.805668016194332,50,1.0
TRA,mRMR,IL-10,231,50,2.3073593073593073,50,1.0
TRA,mRMR,MMP-9,144,50,4.694444444444445,50,1.0
TRA,mRMR,TGF-alpha,135,50,4.822222222222222,50,1.0
TRA,mRMR,IL-17E/IL-25,150,50,5.433333333333334,50,1.0
TRA,mRMR,Serpin B3/SCCA1,114,49,5.149122807017544,50,0.98
TRA,mRMR,M-CSF,58,48,3.1724137931034484,50,0.96
TRA,mRMR,Pentraxin 3/TSG-14,112,48,5.419642857142857,50,0.96
TRA,mRMR,VCAM-1/CD106,90,45,6.511111111111111,50,0.9
TRA,mRMR,MMP-8,53,40,6.566037735849057,50,0.8
TRA,mRMR,Galectin-3,54,39,7.518518518518518,50,0.78
TRA,mRMR,VEGF,46,37,6.239130434782608,50,0.74
TRA,mRMR,ST2/IL-33R,54,36,5.7592592592592595,50,0.72
TRA,mRMR,Furin,34,30,7.323529411764706,50,0.6
TRA,mRMR,Myoglobin,32,29,5.0625,50,0.58
TRA,mRMR,Fetuin A/AHSG,30,23,6.466666666666667,50,0.46
TRA,mRMR,L-Selectin/CD62L,21,20,6.142857142857143,50,0.4
TRA,mRMR,Proprotein Convertase 9/PCSK9,16,16,6.0,50,0.32
TRA,mRMR,CXCL13/BLC/BCA-1,14,14,3.0,50,0.28
TRA,mRMR,VEGFR1/Flt-1,12,12,4.583333333333333,50,0.24
TRA,mRMR,Myeloperoxidase/MPO,9,9,7.222222222222222,50,0.18
TRA,mRMR,Chitinase 3-like 1,9,9,8.11111111111111,50,0.18
TRA,mRMR,HGF,6,6,5.166666666666667,50,0.12
TRA,mRMR,BCMA/TNFRSF17,6,6,6.5,50,0.12
TRA,mRMR,PD-L1/B7-H1,6,6,8.5,50,0.12
TRA,mRMR,SCGF/CLEC11a,5,5,7.2,50,0.1
TRA,mRMR,TREM-1,4,4,8.0,50,0.08
TRA,mRMR,Dkk-1,3,3,9.0,50,0.06
TRA,mRMR,EGF,3,3,9.0,50,0.06
TRA,mRMR,CCL11/Eotaxin,2,2,7.0,50,0.04
TRA,mRMR,BAFF/BLyS/TNFSF13B,2,2,7.5,50,0.04
TRA,mRMR,CA125/MUC16,2,2,9.5,50,0.04
TRA,mRMR,Coagulation Factor II/Tissue Factor,1,1,5.0,50,0.02
TRA,mRMR,NT-4,1,1,6.0,50,0.02
TRA,mRMR,SP-D,1,1,7.0,50,0.02
TRA,mRMR,ADAMTS13,1,1,9.0,50,0.02
TRA,mRMR,Neuregulin-1 beta 1/NRG1 beta 1,1,1,9.0,50,0.02
TRA,mRMR,CCL18/PARC,1,1,10.0,50,0.02
TRA,mRMR,Galectin-9,1,1,10.0,50,0.02
TRA,mRMR,IL-6,1,1,10.0,50,0.02
TRB,Boruta,Fas Ligand/TNFSF6,195,50,2.841025641025641,50,1.0
TRB,Boruta,L-Selectin/CD62L,167,50,3.502994011976048,50,1.0
TRB,Boruta,VCAM-1/CD106,169,50,3.6508875739644973,50,1.0
TRB,Boruta,IL-17E/IL-25,163,50,3.914110429447853,50,1.0
TRB,Boruta,IL-10,172,50,3.994186046511628,50,1.0
TRB,Boruta,Pentraxin 3/TSG-14,150,50,4.18,50,1.0
TRB,Boruta,ST2/IL-33R,132,49,4.401515151515151,50,0.98
TRB,Boruta,M-CSF,82,46,5.524390243902439,50,0.92
TRB,Boruta,TGF-alpha,66,42,5.348484848484849,50,0.84
TRB,Boruta,CXCL13/BLC/BCA-1,38,31,5.342105263157895,50,0.62
TRB,Boruta,MMP-8,37,31,6.1891891891891895,50,0.62
TRB,Boruta,SCGF/CLEC11a,39,31,6.564102564102564,50,0.62
TRB,Boruta,Fetuin A/AHSG,35,25,6.685714285714286,50,0.5
TRB,Boruta,Galectin-9,25,22,7.12,50,0.44
TRB,Boruta,CXCL2/GRO beta/MIP-2/CINC-3,18,18,6.388888888888889,50,0.36
TRB,Boruta,DPPIV/CD26,21,18,7.523809523809524,50,0.36
TRB,Boruta,Galectin-3,21,17,6.619047619047619,50,0.34
TRB,Boruta,Chitinase 3-like 1,18,16,7.722222222222222,50,0.32
TRB,Boruta,SP-D,16,15,7.625,50,0.3
TRB,Boruta,BAFF/BLyS/TNFSF13B,11,11,6.090909090909091,50,0.22
TRB,Boruta,CXCL1/GRO alpha/KC/CINC-1,12,11,6.5,50,0.22
TRB,Boruta,GDF-15,11,11,7.818181818181818,50,0.22
TRB,Boruta,Thrombopoietin/Tpo,8,8,7.0,50,0.16
TRB,Boruta,Neuregulin-1 beta 1/NRG1 beta 1,9,8,7.666666666666667,50,0.16
TRB,Boruta,Contactin-1,8,8,7.75,50,0.16
TRB,Boruta,Proprotein Convertase 9/PCSK9,7,7,5.571428571428571,50,0.14
TRB,Boruta,Serpin A10/ZPI,7,7,7.142857142857143,50,0.14
TRB,Boruta,Myoglobin,7,7,7.285714285714286,50,0.14
TRB,Boruta,HGF,7,7,7.428571428571429,50,0.14
TRB,Boruta,Myeloperoxidase/MPO,6,6,5.666666666666667,50,0.12
TRB,Boruta,CCL11/Eotaxin,6,6,6.0,50,0.12
TRB,Boruta,Furin,6,6,6.833333333333333,50,0.12
TRB,Boruta,TREM-1,6,6,7.666666666666667,50,0.12
TRB,Boruta,VEGFR1/Flt-1,5,5,7.0,50,0.1
TRB,Boruta,Lumican,5,5,8.0,50,0.1
TRB,Boruta,Dkk-1,5,5,8.6,50,0.1
TRB,Boruta,Coagulation Factor II/Tissue Factor,4,4,8.25,50,0.08
TRB,Boruta,IGFBP-2,4,4,8.25,50,0.08
TRB,Boruta,IL-1 beta/IL-1F2,4,4,8.25,50,0.08
TRB,Boruta,IL-11,4,4,8.75,50,0.08
TRB,Boruta,Prolactin,3,3,6.333333333333333,50,0.06
TRB,Boruta,CCL23/MPIF-1,3,3,7.333333333333333,50,0.06
TRB,Boruta,LBP,3,3,7.333333333333333,50,0.06
TRB,Boruta,CCL22/MDC,3,3,8.333333333333334,50,0.06
TRB,Boruta,Nectin-4,3,3,8.333333333333334,50,0.06
TRB,Boruta,VAP-1/AOC3,4,3,9.0,50,0.06
TRB,Boruta,uPAR,2,2,6.0,50,0.04
TRB,Boruta,MAdCAM-1,2,2,8.0,50,0.04
TRB,Boruta,ENPP-2/Autotaxin,2,2,8.5,50,0.04
TRB,Boruta,IL-15,2,2,9.0,50,0.04
TRB,Boruta,Resistin,2,2,9.5,50,0.04
TRB,Boruta,EGF,2,2,10.0,50,0.04
TRB,Boruta,Serpin C1/Antithrombin-III,1,1,2.0,50,0.02
TRB,Boruta,ICAM-1/CD54,1,1,3.0,50,0.02
TRB,Boruta,CD23/Fc epsilon RII,1,1,4.0,50,0.02
TRB,Boruta,Oncostatin M/OSM,1,1,4.0,50,0.02
TRB,Boruta,IL-36 beta/IL-1F8,1,1,5.0,50,0.02
TRB,Boruta,Osteoactivin/GPNMB,1,1,5.0,50,0.02
TRB,Boruta,CCL18/PARC,1,1,6.0,50,0.02
TRB,Boruta,Complement Component C9,1,1,6.0,50,0.02
TRB,Boruta,IL-13,1,1,6.0,50,0.02
TRB,Boruta,Syndecan-1/CD138,1,1,6.0,50,0.02
TRB,Boruta,IL-5,1,1,7.0,50,0.02
TRB,Boruta,MMP-2,1,1,7.0,50,0.02
TRB,Boruta,NT-4,1,1,7.0,50,0.02
TRB,Boruta,VEGF,1,1,7.0,50,0.02
TRB,Boruta,vWF-A2,1,1,7.0,50,0.02
TRB,Boruta,Serpin A4/Kallistatin,1,1,8.0,50,0.02
TRB,Boruta,TSLP,1,1,8.0,50,0.02
TRB,Boruta,Angiopoietin-1,1,1,9.0,50,0.02
TRB,Boruta,Angiopoietin-like Protein 3/ANGPTL3,1,1,9.0,50,0.02
TRB,Boruta,BMP-10,1,1,9.0,50,0.02
TRB,Boruta,CCL3/MIP-1 alpha,1,1,9.0,50,0.02
TRB,Boruta,CXCL4/PF4,1,1,9.0,50,0.02
TRB,Boruta,Coagulation Factor XIV/Protein C,1,1,9.0,50,0.02
TRB,Boruta,Complement Factor D/Adipsin,1,1,9.0,50,0.02
TRB,Boruta,IL-12 p70,1,1,9.0,50,0.02
TRB,Boruta,PD-L1/B7-H1,1,1,9.0,50,0.02
TRB,Boruta,CA15-3/MUC-1,1,1,10.0,50,0.02
TRB,Boruta,CCL24/Eotaxin-2/MPIF-2,1,1,10.0,50,0.02
TRB,Boruta,IL-2,1,1,10.0,50,0.02
TRB,ElasticNet,Fetuin A/AHSG,158,50,2.7025316455696204,50,1.0
TRB,ElasticNet,Fas Ligand/TNFSF6,156,50,2.7435897435897436,50,1.0
TRB,ElasticNet,IGFBP-4,127,50,3.236220472440945,50,1.0
TRB,ElasticNet,HE4/WFDC2,89,48,2.808988764044944,50,0.96
TRB,ElasticNet,CA15-3/MUC-1,72,47,3.013888888888889,50,0.94
TRB,ElasticNet,VEGF,68,41,4.676470588235294,50,0.82
TRB,ElasticNet,Reg3A,56,40,3.6607142857142856,50,0.8
TRB,ElasticNet,CXCL13/BLC/BCA-1,55,37,4.4,50,0.74
TRB,ElasticNet,VEGFR1/Flt-1,42,34,5.642857142857143,50,0.68
TRB,ElasticNet,DPPIV/CD26,36,32,4.555555555555555,50,0.64
TRB,ElasticNet,MMP-9,36,29,3.75,50,0.58
TRB,ElasticNet,CXCL1/GRO alpha/KC/CINC-1,36,27,5.138888888888889,50,0.54
TRB,ElasticNet,Coagulation Factor II/Tissue Factor,28,25,4.642857142857143,50,0.5
TRB,ElasticNet,IL-17E/IL-25,27,25,5.592592592592593,50,0.5
TRB,ElasticNet,Angiopoietin-1,25,24,3.6,50,0.48
TRB,ElasticNet,VAP-1/AOC3,23,23,4.739130434782608,50,0.46
TRB,ElasticNet,Granzyme A,20,20,4.5,50,0.4
TRB,ElasticNet,Fibroblast Activation Protein alpha/FAP,19,19,4.421052631578948,50,0.38
TRB,ElasticNet,ENPP-2/Autotaxin,21,19,5.0,50,0.38
TRB,ElasticNet,CCL5/RANTES,18,18,4.333333333333333,50,0.36
TRB,ElasticNet,M-CSF,17,16,6.176470588235294,50,0.32
TRB,ElasticNet,IL-33,15,15,4.2,50,0.3
TRB,ElasticNet,Proprotein Convertase 9/PCSK9,15,14,7.133333333333334,50,0.28
TRB,ElasticNet,Myoglobin,14,14,7.142857142857143,50,0.28
TRB,ElasticNet,IL-7,12,12,5.083333333333333,50,0.24
TRB,ElasticNet,IL-2,13,12,6.153846153846154,50,0.24
TRB,ElasticNet,LBP,11,11,4.454545454545454,50,0.22
TRB,ElasticNet,CD31/PECAM-1,11,11,6.0,50,0.22
TRB,ElasticNet,Oncostatin M/OSM,12,11,6.0,50,0.22
TRB,ElasticNet,MIF,11,11,6.636363636363637,50,0.22
TRB,ElasticNet,Thrombopoietin/Tpo,10,10,5.2,50,0.2
TRB,ElasticNet,IL-6R alpha,12,10,6.416666666666667,50,0.2
TRB,ElasticNet,Lipocalin-2/NGAL,8,8,3.375,50,0.16
TRB,ElasticNet,CCL11/Eotaxin,8,8,4.875,50,0.16
TRB,ElasticNet,Dkk-1,7,7,4.714285714285714,50,0.14
TRB,ElasticNet,MMP-7,7,7,5.142857142857143,50,0.14
TRB,ElasticNet,IL-11,8,7,6.625,50,0.14
TRB,ElasticNet,IL-4R alpha,6,6,4.333333333333333,50,0.12
TRB,ElasticNet,IGFBP-2,6,6,4.5,50,0.12
TRB,ElasticNet,IL-6,6,6,6.0,50,0.12
TRB,ElasticNet,Properdin,5,5,4.4,50,0.1
TRB,ElasticNet,Galectin-9,5,5,4.6,50,0.1
TRB,ElasticNet,TFF3,5,5,5.2,50,0.1
TRB,ElasticNet,Contactin-1,5,5,5.4,50,0.1
TRB,ElasticNet,Galectin-3,5,5,6.0,50,0.1
TRB,ElasticNet,Follistatin-related Gene Protein/FLRG,4,4,4.5,50,0.08
TRB,ElasticNet,L-Selectin/CD62L,4,4,5.75,50,0.08
TRB,ElasticNet,Serpin A10/ZPI,4,4,7.5,50,0.08
TRB,ElasticNet,Serpin C1/Antithrombin-III,3,3,5.0,50,0.06
TRB,ElasticNet,MAdCAM-1,3,3,5.666666666666667,50,0.06
TRB,ElasticNet,Thrombospondin-2,3,3,5.666666666666667,50,0.06
TRB,ElasticNet,SCGF/CLEC11a,3,3,7.333333333333333,50,0.06
TRB,ElasticNet,MCAM/CD146,3,3,8.0,50,0.06
TRB,ElasticNet,TRANCE/TNFSF11/RANK L,3,3,9.333333333333334,50,0.06
TRB,ElasticNet,Complement Component C9,2,2,1.5,50,0.04
TRB,ElasticNet,IL-13,2,2,2.5,50,0.04
TRB,ElasticNet,IFN-beta,2,2,3.0,50,0.04
TRB,ElasticNet,TREM-1,2,2,5.0,50,0.04
TRB,ElasticNet,S100A9,2,2,5.5,50,0.04
TRB,ElasticNet,VCAM-1/CD106,2,2,5.5,50,0.04
TRB,ElasticNet,IFN-alpha,2,2,7.0,50,0.04
TRB,ElasticNet,Angiopoietin-2,2,2,7.5,50,0.04
TRB,ElasticNet,ICAM-1/CD54,2,2,7.5,50,0.04
TRB,ElasticNet,OSteopontin/OPN,2,2,7.5,50,0.04
TRB,ElasticNet,MMP-2,2,2,9.0,50,0.04
TRB,ElasticNet,CXCL12,1,1,2.0,50,0.02
TRB,ElasticNet,LRG1,1,1,2.0,50,0.02
TRB,ElasticNet,NT-4,1,1,2.0,50,0.02
TRB,ElasticNet,CCL2/JE/MCP-1,1,1,3.0,50,0.02
TRB,ElasticNet,CD40 Ligand/TNFSF5,1,1,3.0,50,0.02
TRB,ElasticNet,Osteoactivin/GPNMB,1,1,3.0,50,0.02
TRB,ElasticNet,Alpha-1-Microglobulin,1,1,4.0,50,0.02
TRB,ElasticNet,Complement Component C2,1,1,4.0,50,0.02
TRB,ElasticNet,Galectin-3BP/MAC-2BP,1,1,4.0,50,0.02
TRB,ElasticNet,CD14,1,1,5.0,50,0.02
TRB,ElasticNet,uPAR,1,1,6.0,50,0.02
TRB,ElasticNet,CD163,1,1,7.0,50,0.02
TRB,ElasticNet,GDF-15,1,1,7.0,50,0.02
TRB,ElasticNet,u-Plasminogen Activator (uPA)/Urokinase,1,1,7.0,50,0.02
TRB,ElasticNet,CXCL2/GRO beta/MIP-2/CINC-3,1,1,8.0,50,0.02
TRB,ElasticNet,IL-1 beta/IL-1F2,1,1,8.0,50,0.02
TRB,ElasticNet,IL-8/CXCL8,1,1,8.0,50,0.02
TRB,ElasticNet,CCL18/PARC,1,1,9.0,50,0.02
TRB,ElasticNet,CD117/c-kit,1,1,9.0,50,0.02
TRB,ElasticNet,CXCL6/GCP-2,1,1,9.0,50,0.02
TRB,ElasticNet,IFN-gamma,1,1,9.0,50,0.02
TRB,ElasticNet,IL-4,1,1,9.0,50,0.02
TRB,ElasticNet,Nectin-4,1,1,10.0,50,0.02
TRB,ElasticNet,PDGF-DD,1,1,10.0,50,0.02
TRB,ElasticNet,TIMP-1,1,1,10.0,50,0.02
TRB,LLSS,IL-10,248,50,1.4516129032258065,50,1.0
TRB,LLSS,Chitinase 3-like 1,216,50,2.587962962962963,50,1.0
TRB,LLSS,MMP-9,148,50,3.8783783783783785,50,1.0
TRB,LLSS,Fas Ligand/TNFSF6,156,50,3.8846153846153846,50,1.0
TRB,LLSS,M-CSF,104,48,4.490384615384615,50,0.96
TRB,LLSS,IL-17E/IL-25,88,48,5.284090909090909,50,0.96
TRB,LLSS,VCAM-1/CD106,98,47,5.8061224489795915,50,0.94
TRB,LLSS,ST2/IL-33R,62,42,5.693548387096774,50,0.84
TRB,LLSS,Serpin B3/SCCA1,59,41,4.728813559322034,50,0.82
TRB,LLSS,Galectin-3,60,38,6.6,50,0.76
TRB,LLSS,BAFF/BLyS/TNFSF13B,51,35,5.294117647058823,50,0.7
TRB,LLSS,SP-D,37,33,6.45945945945946,50,0.66
TRB,LLSS,Pentraxin 3/TSG-14,33,30,8.121212121212121,50,0.6
TRB,LLSS,TREM-1,24,22,7.25,50,0.44
TRB,LLSS,L-Selectin/CD62L,22,21,4.090909090909091,50,0.42
TRB,LLSS,CA125/MUC16,24,21,6.5,50,0.42
TRB,LLSS,CXCL13/BLC/BCA-1,20,20,4.25,50,0.4
TRB,LLSS,Myoglobin,21,20,6.857142857142857,50,0.4
TRB,LLSS,MMP-8,17,16,7.411764705882353,50,0.32
TRB,LLSS,Dkk-1,15,14,6.866666666666666,50,0.28
TRB,LLSS,Coagulation Factor II/Tissue Factor,15,14,7.2,50,0.28
TRB,LLSS,Fetuin A/AHSG,13,13,7.0,50,0.26
TRB,LLSS,VEGFR1/Flt-1,11,11,5.454545454545454,50,0.22
TRB,LLSS,HGF,8,8,7.25,50,0.16
TRB,LLSS,TGF-alpha,6,6,9.0,50,0.12
TRB,LLSS,VEGF,5,5,6.0,50,0.1
TRB,LLSS,SCGF/CLEC11a,4,4,7.0,50,0.08
TRB,LLSS,IL-6,4,4,8.5,50,0.08
TRB,LLSS,Syndecan-1/CD138,4,4,9.5,50,0.08
TRB,LLSS,VAP-1/AOC3,3,3,7.0,50,0.06
TRB,LLSS,Galectin-9,3,3,7.666666666666667,50,0.06
TRB,LLSS,Proprotein Convertase 9/PCSK9,3,3,9.333333333333334,50,0.06
TRB,LLSS,Furin,2,2,6.5,50,0.04
TRB,LLSS,TIMP-1,2,2,7.0,50,0.04
TRB,LLSS,Neuregulin-1 beta 1/NRG1 beta 1,2,2,7.5,50,0.04
TRB,LLSS,Follistatin-related Gene Protein/FLRG,2,2,9.0,50,0.04
TRB,LLSS,Leptin/OB,1,1,3.0,50,0.02
TRB,LLSS,CD40 Ligand/TNFSF5,1,1,5.0,50,0.02
TRB,LLSS,ENPP-2/Autotaxin,1,1,5.0,50,0.02
TRB,LLSS,uPAR,1,1,5.0,50,0.02
TRB,LLSS,IGFBP-2,1,1,9.0,50,0.02
TRB,LLSS,TRAIL R2/TNFRSF10B,1,1,9.0,50,0.02
TRB,Lasso,Fetuin A/AHSG,185,50,2.1621621621621623,50,1.0
TRB,Lasso,Fas Ligand/TNFSF6,189,50,2.2962962962962963,50,1.0
TRB,Lasso,IGFBP-4,150,50,3.066666666666667,50,1.0
TRB,Lasso,CXCL13/BLC/BCA-1,94,50,4.170212765957447,50,1.0
TRB,Lasso,VEGF,89,46,4.078651685393258,50,0.92
TRB,Lasso,Reg3A,59,43,3.7457627118644066,50,0.86
TRB,Lasso,CA15-3/MUC-1,45,37,4.355555555555555,50,0.74
TRB,Lasso,M-CSF,50,36,5.56,50,0.72
TRB,Lasso,IL-17E/IL-25,37,32,5.243243243243243,50,0.64
TRB,Lasso,Myoglobin,34,30,4.5,50,0.6
TRB,Lasso,CXCL1/GRO alpha/KC/CINC-1,34,29,6.117647058823529,50,0.58
TRB,Lasso,Fibroblast Activation Protein alpha/FAP,30,26,4.766666666666667,50,0.52
TRB,Lasso,VAP-1/AOC3,27,24,4.2592592592592595,50,0.48
TRB,Lasso,IL-2,26,24,5.923076923076923,50,0.48
TRB,Lasso,MMP-7,19,18,5.947368421052632,50,0.36
TRB,Lasso,VEGFR1/Flt-1,18,17,4.722222222222222,50,0.34
TRB,Lasso,Serpin A10/ZPI,17,16,5.352941176470588,50,0.32
TRB,Lasso,DPPIV/CD26,15,15,5.066666666666666,50,0.3
TRB,Lasso,ENPP-2/Autotaxin,15,15,5.466666666666667,50,0.3
TRB,Lasso,Coagulation Factor II/Tissue Factor,14,14,3.5714285714285716,50,0.28
TRB,Lasso,MMP-9,13,12,4.3076923076923075,50,0.24
TRB,Lasso,Angiopoietin-1,12,12,4.5,50,0.24
TRB,Lasso,IL-33,13,12,5.461538461538462,50,0.24
TRB,Lasso,Dkk-1,12,11,6.083333333333333,50,0.22
TRB,Lasso,HE4/WFDC2,10,10,4.9,50,0.2
TRB,Lasso,Granzyme A,10,10,5.6,50,0.2
TRB,Lasso,Proprotein Convertase 9/PCSK9,11,10,7.181818181818182,50,0.2
TRB,Lasso,IL-11,10,9,6.2,50,0.18
TRB,Lasso,IL-8/CXCL8,9,9,6.888888888888889,50,0.18
TRB,Lasso,Oncostatin M/OSM,8,8,3.75,50,0.16
TRB,Lasso,Thrombospondin-2,7,7,6.857142857142857,50,0.14
TRB,Lasso,CCL5/RANTES,6,6,4.333333333333333,50,0.12
TRB,Lasso,Contactin-1,6,6,5.0,50,0.12
TRB,Lasso,CCL2/JE/MCP-1,6,6,5.833333333333333,50,0.12
TRB,Lasso,Thrombopoietin/Tpo,6,6,5.833333333333333,50,0.12
TRB,Lasso,MIF,7,6,6.571428571428571,50,0.12
TRB,Lasso,CCL11/Eotaxin,5,5,5.2,50,0.1
TRB,Lasso,Osteoactivin/GPNMB,5,5,5.2,50,0.1
TRB,Lasso,TREM-1,5,5,5.6,50,0.1
TRB,Lasso,LBP,5,5,6.4,50,0.1
TRB,Lasso,L-Selectin/CD62L,4,4,3.75,50,0.08
TRB,Lasso,Follistatin-related Gene Protein/FLRG,4,4,6.25,50,0.08
TRB,Lasso,MCAM/CD146,3,3,4.333333333333333,50,0.06
TRB,Lasso,Complement Component C9,3,3,6.0,50,0.06
TRB,Lasso,IGFBP-2,3,3,6.333333333333333,50,0.06
TRB,Lasso,Lipocalin-2/NGAL,3,3,6.666666666666667,50,0.06
TRB,Lasso,Chitinase 3-like 1,3,3,7.333333333333333,50,0.06
TRB,Lasso,IL-6R alpha,3,3,7.333333333333333,50,0.06
TRB,Lasso,CD117/c-kit,3,3,7.666666666666667,50,0.06
TRB,Lasso,IFN-beta,2,2,3.5,50,0.04
TRB,Lasso,Properdin,2,2,3.5,50,0.04
TRB,Lasso,Serpin C1/Antithrombin-III,2,2,4.0,50,0.04
TRB,Lasso,Alpha-1-Microglobulin,2,2,6.0,50,0.04
TRB,Lasso,Galectin-3BP/MAC-2BP,2,2,6.0,50,0.04
TRB,Lasso,CXCL2/GRO beta/MIP-2/CINC-3,2,2,7.0,50,0.04
TRB,Lasso,TRANCE/TNFSF11/RANK L,2,2,8.0,50,0.04
TRB,Lasso,Complement Component C2,2,2,9.0,50,0.04
TRB,Lasso,CXCL6/GCP-2,2,2,10.0,50,0.04
TRB,Lasso,Nectin-4,1,1,2.0,50,0.02
TRB,Lasso,IL-6,1,1,3.0,50,0.02
TRB,Lasso,NT-4,1,1,3.0,50,0.02
TRB,Lasso,IL-31,1,1,4.0,50,0.02
TRB,Lasso,CD31/PECAM-1,1,1,5.0,50,0.02
TRB,Lasso,CD23/Fc epsilon RII,1,1,6.0,50,0.02
TRB,Lasso,MAdCAM-1,1,1,6.0,50,0.02
TRB,Lasso,TFF3,1,1,6.0,50,0.02
TRB,Lasso,CCL26/Eotaxin-3,1,1,7.0,50,0.02
TRB,Lasso,Galectin-3,1,1,7.0,50,0.02
TRB,Lasso,IL-13,1,1,7.0,50,0.02
TRB,Lasso,CCL18/PARC,1,1,8.0,50,0.02
TRB,Lasso,CD40 Ligand/TNFSF5,1,1,8.0,50,0.02
TRB,Lasso,PDGF-AA,1,1,8.0,50,0.02
TRB,Lasso,u-Plasminogen Activator (uPA)/Urokinase,1,1,8.0,50,0.02
TRB,Lasso,IFN-alpha,1,1,9.0,50,0.02
TRB,Lasso,CXCL-11/I-TAC,1,1,10.0,50,0.02
TRB,Lasso,Granzyme B,1,1,10.0,50,0.02
TRB,Lasso,IL-10,1,1,10.0,50,0.02
TRB,Lasso,VCAM-1/CD106,1,1,10.0,50,0.02
TRB,LongGroupLasso,L-Selectin/CD62L,93,50,2.043010752688172,50,1.0
TRB,LongGroupLasso,Fas Ligand/TNFSF6,239,50,2.0502092050209204,50,1.0
TRB,LongGroupLasso,Fetuin A/AHSG,152,50,2.6578947368421053,50,1.0
TRB,LongGroupLasso,M-CSF,199,50,3.7035175879396984,50,1.0
TRB,LongGroupLasso,IL-10,181,50,4.254143646408839,50,1.0
TRB,LongGroupLasso,Myoglobin,159,50,4.937106918238993,50,1.0
TRB,LongGroupLasso,Chitinase 3-like 1,137,49,5.357664233576642,50,0.98
TRB,LongGroupLasso,VEGF,94,49,6.0638297872340425,50,0.98
TRB,LongGroupLasso,IL-17E/IL-25,101,48,5.98019801980198,50,0.96
TRB,LongGroupLasso,ST2/IL-33R,106,48,7.132075471698113,50,0.96
TRB,LongGroupLasso,CXCL13/BLC/BCA-1,44,37,3.1818181818181817,50,0.74
TRB,LongGroupLasso,BAFF/BLyS/TNFSF13B,33,29,7.090909090909091,50,0.58
TRB,LongGroupLasso,VAP-1/AOC3,22,20,7.0,50,0.4
TRB,LongGroupLasso,Coagulation Factor II/Tissue Factor,19,19,8.368421052631579,50,0.38
TRB,LongGroupLasso,VCAM-1/CD106,23,19,9.26086956521739,50,0.38
TRB,LongGroupLasso,MAdCAM-1,19,16,8.947368421052632,50,0.32
TRB,LongGroupLasso,Galectin-3,15,15,8.866666666666667,50,0.3
TRB,LongGroupLasso,VEGFR1/Flt-1,12,12,5.833333333333333,50,0.24
TRB,LongGroupLasso,IGFBP-2,13,12,8.76923076923077,50,0.24
TRB,LongGroupLasso,DPPIV/CD26,12,11,9.333333333333334,50,0.22
TRB,LongGroupLasso,IL-8/CXCL8,9,9,5.444444444444445,50,0.18
TRB,LongGroupLasso,TREM-1,9,9,9.0,50,0.18
TRB,LongGroupLasso,Serpin A4/Kallistatin,7,7,6.714285714285714,50,0.14
TRB,LongGroupLasso,NT-4,6,6,8.333333333333334,50,0.12
TRB,LongGroupLasso,BCMA/TNFRSF17,5,5,4.0,50,0.1
TRB,LongGroupLasso,CA15-3/MUC-1,5,5,9.0,50,0.1
TRB,LongGroupLasso,ADAMTS13,4,4,6.0,50,0.08
TRB,LongGroupLasso,ENPP-2/Autotaxin,4,4,7.0,50,0.08
TRB,LongGroupLasso,HGF,4,4,8.75,50,0.08
TRB,LongGroupLasso,Alpha-1-Microglobulin,3,3,3.6666666666666665,50,0.06
TRB,LongGroupLasso,Thrombopoietin/Tpo,3,3,7.0,50,0.06
TRB,LongGroupLasso,CD23/Fc epsilon RII,3,3,7.333333333333333,50,0.06
TRB,LongGroupLasso,GDF-15,3,3,7.666666666666667,50,0.06
TRB,LongGroupLasso,Proprotein Convertase 9/PCSK9,3,3,9.0,50,0.06
TRB,LongGroupLasso,Serpin B3/SCCA1,3,3,9.333333333333334,50,0.06
TRB,LongGroupLasso,Serpin C1/Antithrombin-III,2,2,5.5,50,0.04
TRB,LongGroupLasso,CCL11/Eotaxin,2,2,7.5,50,0.04
TRB,LongGroupLasso,vWF-A2,2,2,9.0,50,0.04
TRB,LongGroupLasso,Furin,2,2,10.0,50,0.04
TRB,LongGroupLasso,HE4/WFDC2,1,1,8.0,50,0.02
TRB,LongGroupLasso,TGF-beta 2,1,1,9.0,50,0.02
TRB,LongGroupLasso,Follistatin-related Gene Protein/FLRG,1,1,10.0,50,0.02
TRB,LongGroupLasso,ICAM-1/CD54,1,1,10.0,50,0.02
TRB,LongGroupLasso,MMP-9,1,1,10.0,50,0.02
TRB,LongGroupLasso,TFF3,1,1,10.0,50,0.02
TRB,MutualInfo,Fas Ligand/TNFSF6,208,50,2.1586538461538463,50,1.0
TRB,MutualInfo,IL-12 p70,125,50,3.576,50,1.0
TRB,MutualInfo,Pentraxin 3/TSG-14,107,50,3.7663551401869158,50,1.0
TRB,MutualInfo,SCF/c-Kit Ligand,77,46,4.51948051948052,50,0.92
TRB,MutualInfo,IL-28B/IFN-lambda 3,75,44,4.4,50,0.88
TRB,MutualInfo,Complement Component C5a,81,44,4.666666666666667,50,0.88
TRB,MutualInfo,CXCL12,67,44,5.0,50,0.88
TRB,MutualInfo,G-CSF,55,41,4.345454545454546,50,0.82
TRB,MutualInfo,VCAM-1/CD106,64,41,5.359375,50,0.82
TRB,MutualInfo,CXCL9/MIG,53,40,4.69811320754717,50,0.8
TRB,MutualInfo,CA15-3/MUC-1,54,39,5.0,50,0.78
TRB,MutualInfo,MMP-13,46,37,4.456521739130435,50,0.74
TRB,MutualInfo,uPAR,43,35,4.186046511627907,50,0.7
TRB,MutualInfo,LRG1,27,26,5.444444444444445,50,0.52
TRB,MutualInfo,MIA,34,25,5.0,50,0.5
TRB,MutualInfo,Oncostatin M/OSM,29,24,4.9655172413793105,50,0.48
TRB,MutualInfo,IL-10,29,23,5.137931034482759,50,0.46
TRB,MutualInfo,GDF-15,24,22,6.666666666666667,50,0.44
TRB,MutualInfo,ICAM-1/CD54,25,21,4.12,50,0.42
TRB,MutualInfo,LIF,24,21,5.791666666666667,50,0.42
TRB,MutualInfo,DPPIV/CD26,21,21,7.142857142857143,50,0.42
TRB,MutualInfo,VEGF,20,19,5.05,50,0.38
TRB,MutualInfo,TSLP,19,18,4.473684210526316,50,0.36
TRB,MutualInfo,Granzyme B,18,18,5.666666666666667,50,0.36
TRB,MutualInfo,Galectin-9,17,16,6.235294117647059,50,0.32
TRB,MutualInfo,GM-CSF,17,16,6.294117647058823,50,0.32
TRB,MutualInfo,Galectin-3BP/MAC-2BP,16,15,3.5625,50,0.3
TRB,MutualInfo,Prolactin,16,15,5.75,50,0.3
TRB,MutualInfo,ADAMTS13,15,15,6.333333333333333,50,0.3
TRB,MutualInfo,IGFBP-4,15,14,4.6,50,0.28
TRB,MutualInfo,ErbB2/Her3,13,13,4.461538461538462,50,0.26
TRB,MutualInfo,Complement C1q,15,13,4.466666666666667,50,0.26
TRB,MutualInfo,OSteopontin/OPN,13,12,5.230769230769231,50,0.24
TRB,MutualInfo,Fetuin A/AHSG,11,11,5.818181818181818,50,0.22
TRB,MutualInfo,TGF-beta 2,10,10,6.0,50,0.2
TRB,MutualInfo,IFN-beta,12,10,6.75,50,0.2
TRB,MutualInfo,VEGFR1/Flt-1,9,9,5.333333333333333,50,0.18
TRB,MutualInfo,IL-31,10,9,5.8,50,0.18
TRB,MutualInfo,CXCL4/PF4,10,9,7.8,50,0.18
TRB,MutualInfo,VAP-1/AOC3,9,8,6.444444444444445,50,0.16
TRB,MutualInfo,TRAIL R2/TNFRSF10B,7,7,5.285714285714286,50,0.14
TRB,MutualInfo,Osteoactivin/GPNMB,7,7,6.142857142857143,50,0.14
TRB,MutualInfo,CCL5/RANTES,7,7,6.714285714285714,50,0.14
TRB,MutualInfo,Complement Component C9,9,7,7.111111111111111,50,0.14
TRB,MutualInfo,IL-17E/IL-25,8,7,7.625,50,0.14
TRB,MutualInfo,CXCL13/BLC/BCA-1,6,6,5.5,50,0.12
TRB,MutualInfo,Myoglobin,6,6,6.333333333333333,50,0.12
TRB,MutualInfo,EGF,5,5,4.8,50,0.1
TRB,MutualInfo,BMP-10,5,5,5.6,50,0.1
TRB,MutualInfo,MAdCAM-1,5,5,6.4,50,0.1
TRB,MutualInfo,IL-15,5,5,6.6,50,0.1
TRB,MutualInfo,Angiopoietin-2,5,5,7.4,50,0.1
TRB,MutualInfo,MCAM/CD146,4,4,5.0,50,0.08
TRB,MutualInfo,SCGF/CLEC11a,4,4,6.0,50,0.08
TRB,MutualInfo,Flt-3 Ligand/FLT3L,4,4,6.25,50,0.08
TRB,MutualInfo,Reg3A,4,4,6.5,50,0.08
TRB,MutualInfo,IL-2,3,3,4.666666666666667,50,0.06
TRB,MutualInfo,Thrombospondin-2,3,3,4.666666666666667,50,0.06
TRB,MutualInfo,IL-33,3,3,5.666666666666667,50,0.06
TRB,MutualInfo,MICA,3,3,6.0,50,0.06
TRB,MutualInfo,Myeloperoxidase/MPO,3,3,6.333333333333333,50,0.06
TRB,MutualInfo,IL-1 alpha/IL1-1F1,3,3,8.0,50,0.06
TRB,MutualInfo,CX3CL1/Fractalkine,2,2,3.0,50,0.04
TRB,MutualInfo,CCL14/HCC-1/HCC-3,2,2,4.5,50,0.04
TRB,MutualInfo,TREM-1,2,2,6.0,50,0.04
TRB,MutualInfo,CCL26/Eotaxin-3,2,2,6.5,50,0.04
TRB,MutualInfo,CXCL-11/I-TAC,2,2,8.0,50,0.04
TRB,MutualInfo,Complement Factor D/Adipsin,2,2,8.5,50,0.04
TRB,MutualInfo,CEACAM-1/CD66a,1,1,2.0,50,0.02
TRB,MutualInfo,Follistatin-related Gene Protein/FLRG,1,1,2.0,50,0.02
TRB,MutualInfo,Kallikrein 6/Neurosin,1,1,3.0,50,0.02
TRB,MutualInfo,ST2/IL-33R,1,1,3.0,50,0.02
TRB,MutualInfo,CCL19/MIP-3 beta,1,1,4.0,50,0.02
TRB,MutualInfo,CD31/PECAM-1,1,1,4.0,50,0.02
TRB,MutualInfo,CD40 Ligand/TNFSF5,1,1,4.0,50,0.02
TRB,MutualInfo,IL-13,1,1,4.0,50,0.02
TRB,MutualInfo,CXCL10/IP-10/CRG-2,1,1,5.0,50,0.02
TRB,MutualInfo,PD-L1/B7-H1,1,1,5.0,50,0.02
TRB,MutualInfo,Serpin A10/ZPI,1,1,6.0,50,0.02
TRB,MutualInfo,Collagen I alpha 1,1,1,7.0,50,0.02
TRB,MutualInfo,IL-6,1,1,7.0,50,0.02
TRB,MutualInfo,L-Selectin/CD62L,1,1,7.0,50,0.02
TRB,MutualInfo,SP-D,1,1,7.0,50,0.02
TRB,MutualInfo,Aldehyde Dehydrogenase 1-A1/ALDH1A1,1,1,8.0,50,0.02
TRB,MutualInfo,Contactin-1,1,1,8.0,50,0.02
TRB,MutualInfo,Serpin B3/SCCA1,1,1,8.0,50,0.02
TRB,MutualInfo,IL-11,1,1,9.0,50,0.02
TRB,MutualInfo,IL-36 beta/IL-1F8,1,1,9.0,50,0.02
TRB,MutualInfo,LBP,1,1,9.0,50,0.02
TRB,MutualInfo,CCL24/Eotaxin-2/MPIF-2,1,1,10.0,50,0.02
TRB,MutualInfo,Complement Component C2,1,1,10.0,50,0.02
TRB,OutcomeSNN-FS,Fas Ligand/TNFSF6,227,50,1.8634361233480177,50,1.0
TRB,OutcomeSNN-FS,Fetuin A/AHSG,202,50,2.5495049504950495,50,1.0
TRB,OutcomeSNN-FS,L-Selectin/CD62L,171,50,2.7251461988304095,50,1.0
TRB,OutcomeSNN-FS,VAP-1/AOC3,102,48,4.078431372549019,50,0.96
TRB,OutcomeSNN-FS,M-CSF,83,47,4.831325301204819,50,0.94
TRB,OutcomeSNN-FS,IGFBP-2,82,44,4.804878048780488,50,0.88
TRB,OutcomeSNN-FS,VEGF,62,42,4.274193548387097,50,0.84
TRB,OutcomeSNN-FS,Serpin C1/Antithrombin-III,63,41,4.698412698412699,50,0.82
TRB,OutcomeSNN-FS,CXCL1/GRO alpha/KC/CINC-1,38,32,6.184210526315789,50,0.64
TRB,OutcomeSNN-FS,IL-11,37,31,6.1891891891891895,50,0.62
TRB,OutcomeSNN-FS,DPPIV/CD26,33,30,5.848484848484849,50,0.6
TRB,OutcomeSNN-FS,Proprotein Convertase 9/PCSK9,30,27,5.933333333333334,50,0.54
TRB,OutcomeSNN-FS,IGFBP-4,31,25,5.290322580645161,50,0.5
TRB,OutcomeSNN-FS,Osteoactivin/GPNMB,21,20,4.571428571428571,50,0.4
TRB,OutcomeSNN-FS,VEGFR1/Flt-1,20,19,5.75,50,0.38
TRB,OutcomeSNN-FS,CXCL13/BLC/BCA-1,15,14,6.0,50,0.28
TRB,OutcomeSNN-FS,IL-6,15,14,6.0,50,0.28
TRB,OutcomeSNN-FS,TREM-1,14,14,6.571428571428571,50,0.28
TRB,OutcomeSNN-FS,Thrombospondin-2,15,14,7.133333333333334,50,0.28
TRB,OutcomeSNN-FS,TGF-beta 2,15,13,5.933333333333334,50,0.26
TRB,OutcomeSNN-FS,IL-33,13,13,6.6923076923076925,50,0.26
TRB,OutcomeSNN-FS,MMP-7,11,11,7.7272727272727275,50,0.22
TRB,OutcomeSNN-FS,LBP,9,9,2.6666666666666665,50,0.18
TRB,OutcomeSNN-FS,Thrombopoietin/Tpo,9,9,5.222222222222222,50,0.18
TRB,OutcomeSNN-FS,MMP-9,9,9,6.444444444444445,50,0.18
TRB,OutcomeSNN-FS,IL-28B/IFN-lambda 3,8,8,6.25,50,0.16
TRB,OutcomeSNN-FS,Serpin A10/ZPI,7,7,6.0,50,0.14
TRB,OutcomeSNN-FS,Complement C1q,6,6,7.166666666666667,50,0.12
TRB,OutcomeSNN-FS,IL-4R alpha,6,6,7.5,50,0.12
TRB,OutcomeSNN-FS,CXCL10/IP-10/CRG-2,6,6,7.666666666666667,50,0.12
TRB,OutcomeSNN-FS,Syndecan-1/CD138,5,5,5.0,50,0.1
TRB,OutcomeSNN-FS,Contactin-1,5,5,5.4,50,0.1
TRB,OutcomeSNN-FS,CXCL6/GCP-2,5,5,6.0,50,0.1
TRB,OutcomeSNN-FS,Lumican,5,5,6.2,50,0.1
TRB,OutcomeSNN-FS,IL-8/CXCL8,5,5,7.6,50,0.1
TRB,OutcomeSNN-FS,IL-17E/IL-25,5,5,7.8,50,0.1
TRB,OutcomeSNN-FS,IL-31,5,5,8.4,50,0.1
TRB,OutcomeSNN-FS,CCL2/JE/MCP-1,4,4,6.75,50,0.08
TRB,OutcomeSNN-FS,SCGF/CLEC11a,4,4,7.5,50,0.08
TRB,OutcomeSNN-FS,PDGF-DD,4,4,7.75,50,0.08
TRB,OutcomeSNN-FS,Coagulation Factor II/Tissue Factor,3,3,4.666666666666667,50,0.06
TRB,OutcomeSNN-FS,SP-D,3,3,5.333333333333333,50,0.06
TRB,OutcomeSNN-FS,NT-4,3,3,5.666666666666667,50,0.06
TRB,OutcomeSNN-FS,IL-13,3,3,6.333333333333333,50,0.06
TRB,OutcomeSNN-FS,MCAM/CD146,3,3,6.666666666666667,50,0.06
TRB,OutcomeSNN-FS,CA15-3/MUC-1,3,3,8.0,50,0.06
TRB,OutcomeSNN-FS,BAFF/BLyS/TNFSF13B,3,3,8.333333333333334,50,0.06
TRB,OutcomeSNN-FS,CCL11/Eotaxin,3,3,8.333333333333334,50,0.06
TRB,OutcomeSNN-FS,ENPP-2/Autotaxin,3,3,8.333333333333334,50,0.06
TRB,OutcomeSNN-FS,Reg3A,3,3,9.333333333333334,50,0.06
TRB,OutcomeSNN-FS,S100A9,3,3,9.333333333333334,50,0.06
TRB,OutcomeSNN-FS,CXCL-11/I-TAC,3,3,9.666666666666666,50,0.06
TRB,OutcomeSNN-FS,Follistatin-related Gene Protein/FLRG,2,2,2.5,50,0.04
TRB,OutcomeSNN-FS,Galectin-3BP/MAC-2BP,2,2,4.5,50,0.04
TRB,OutcomeSNN-FS,IL-2,2,2,5.0,50,0.04
TRB,OutcomeSNN-FS,Properdin,2,2,5.0,50,0.04
TRB,OutcomeSNN-FS,Fibroblast Activation Protein alpha/FAP,2,2,6.0,50,0.04
TRB,OutcomeSNN-FS,IL-6R alpha,2,2,6.0,50,0.04
TRB,OutcomeSNN-FS,OSteopontin/OPN,2,2,6.0,50,0.04
TRB,OutcomeSNN-FS,Alpha-1-Microglobulin,2,2,7.0,50,0.04
TRB,OutcomeSNN-FS,ErbB2/Her3,2,2,7.5,50,0.04
TRB,OutcomeSNN-FS,TRAIL/TNFSF10,2,2,7.5,50,0.04
TRB,OutcomeSNN-FS,LRG1,2,2,8.0,50,0.04
TRB,OutcomeSNN-FS,Dkk-1,2,2,8.5,50,0.04
TRB,OutcomeSNN-FS,TACI/TNFRSF13B,2,2,9.5,50,0.04
TRB,OutcomeSNN-FS,Granzyme B,1,1,4.0,50,0.02
TRB,OutcomeSNN-FS,PD-L1/B7-H1,1,1,4.0,50,0.02
TRB,OutcomeSNN-FS,Angiopoietin-1,1,1,5.0,50,0.02
TRB,OutcomeSNN-FS,BCMA/TNFRSF17,1,1,5.0,50,0.02
TRB,OutcomeSNN-FS,CCL23/MPIF-1,1,1,5.0,50,0.02
TRB,OutcomeSNN-FS,Angiopoietin-2,1,1,7.0,50,0.02
TRB,OutcomeSNN-FS,G-CSF,1,1,7.0,50,0.02
TRB,OutcomeSNN-FS,Oncostatin M/OSM,1,1,8.0,50,0.02
TRB,OutcomeSNN-FS,MMP-2,1,1,9.0,50,0.02
TRB,OutcomeSNN-FS,TSLP,1,1,9.0,50,0.02
TRB,OutcomeSNN-FS,ADAMTS13,1,1,10.0,50,0.02
TRB,OutcomeSNN-FS,CD117/c-kit,1,1,10.0,50,0.02
TRB,OutcomeSNN-FS,GM-CSF,1,1,10.0,50,0.02
TRB,OutcomeSNN-FS,Granzyme A,1,1,10.0,50,0.02
TRB,OutcomeSNN-FS,MIA,1,1,10.0,50,0.02
TRB,OutcomeSNN-FS,MIF,1,1,10.0,50,0.02
TRB,PGEE,TGF-alpha,215,50,1.7348837209302326,50,1.0
TRB,PGEE,MMP-9,128,50,2.9296875,50,1.0
TRB,PGEE,Fas Ligand/TNFSF6,226,50,3.0088495575221237,50,1.0
TRB,PGEE,Galectin-9,149,50,4.221476510067114,50,1.0
TRB,PGEE,VCAM-1/CD106,140,50,4.95,50,1.0
TRB,PGEE,M-CSF,161,50,6.385093167701863,50,1.0
TRB,PGEE,TREM-1,103,48,5.747572815533981,50,0.96
TRB,PGEE,Myoglobin,120,48,6.708333333333333,50,0.96
TRB,PGEE,IL-10,96,47,7.854166666666667,50,0.94
TRB,PGEE,Dkk-1,78,44,7.333333333333333,50,0.88
TRB,PGEE,MMP-8,83,43,5.578313253012048,50,0.86
TRB,PGEE,Fetuin A/AHSG,52,41,2.7115384615384617,50,0.82
TRB,PGEE,IL-17E/IL-25,60,41,6.9,50,0.82
TRB,PGEE,VEGF,53,39,6.943396226415095,50,0.78
TRB,PGEE,TIMP-1,32,31,5.375,50,0.62
TRB,PGEE,Pentraxin 3/TSG-14,24,23,7.875,50,0.46
TRB,PGEE,Neuregulin-1 beta 1/NRG1 beta 1,22,21,5.5,50,0.42
TRB,PGEE,ST2/IL-33R,25,21,7.48,50,0.42
TRB,PGEE,Chitinase 3-like 1,22,20,7.818181818181818,50,0.4
TRB,PGEE,L-Selectin/CD62L,22,19,5.409090909090909,50,0.38
TRB,PGEE,Galectin-3,23,19,8.217391304347826,50,0.38
TRB,PGEE,HGF,15,15,3.933333333333333,50,0.3
TRB,PGEE,CXCL13/BLC/BCA-1,13,13,6.384615384615385,50,0.26
TRB,PGEE,S100A9,11,11,4.090909090909091,50,0.22
TRB,PGEE,PD-L1/B7-H1,11,11,6.090909090909091,50,0.22
TRB,PGEE,TRAIL R2/TNFRSF10B,12,11,6.25,50,0.22
TRB,PGEE,BAFF/BLyS/TNFSF13B,10,10,6.4,50,0.2
TRB,PGEE,SCGF/CLEC11a,10,10,9.3,50,0.2
TRB,PGEE,Myeloperoxidase/MPO,10,9,6.6,50,0.18
TRB,PGEE,DPPIV/CD26,5,5,6.8,50,0.1
TRB,PGEE,Coagulation Factor II/Tissue Factor,6,5,7.833333333333333,50,0.1
TRB,PGEE,Furin,5,5,8.0,50,0.1
TRB,PGEE,IL-8/CXCL8,4,4,2.5,50,0.08
TRB,PGEE,LBP,4,4,3.25,50,0.08
TRB,PGEE,Syndecan-1/CD138,4,4,3.5,50,0.08
TRB,PGEE,SP-D,4,4,7.75,50,0.08
TRB,PGEE,IL-6,3,3,5.666666666666667,50,0.06
TRB,PGEE,VAP-1/AOC3,3,3,5.666666666666667,50,0.06
TRB,PGEE,EGF,2,2,2.0,50,0.04
TRB,PGEE,EN-RAGE/S100A12,2,2,4.0,50,0.04
TRB,PGEE,CCL11/Eotaxin,2,2,5.5,50,0.04
TRB,PGEE,IGFBP-2,2,2,7.0,50,0.04
TRB,PGEE,Nectin-4,2,2,7.0,50,0.04
TRB,PGEE,VEGFR1/Flt-1,2,2,7.5,50,0.04
TRB,PGEE,Lipocalin-2/NGAL,2,2,8.5,50,0.04
TRB,PGEE,Complement Component C9,1,1,1.0,50,0.02
TRB,PGEE,HE4/WFDC2,1,1,2.0,50,0.02
TRB,PGEE,IGFBP-4,1,1,2.0,50,0.02
TRB,PGEE,ADAMTS13,1,1,3.0,50,0.02
TRB,PGEE,CD23/Fc epsilon RII,1,1,4.0,50,0.02
TRB,PGEE,LRG1,1,1,4.0,50,0.02
TRB,PGEE,ENPP-2/Autotaxin,1,1,7.0,50,0.02
TRB,PGEE,Serpin B3/SCCA1,1,1,8.0,50,0.02
TRB,PGEE,uPAR,1,1,8.0,50,0.02
TRB,PGEE,IL-1 beta/IL-1F2,1,1,9.0,50,0.02
TRB,PGEE,CA15-3/MUC-1,1,1,10.0,50,0.02
TRB,PGEE,Endocan/ESM-1,1,1,10.0,50,0.02
TRB,PGEE,GDF-15,1,1,10.0,50,0.02
TRB,RandomForest,Fas Ligand/TNFSF6,216,50,2.7314814814814814,50,1.0
TRB,RandomForest,L-Selectin/CD62L,195,50,2.994871794871795,50,1.0
TRB,RandomForest,Pentraxin 3/TSG-14,133,50,3.5413533834586466,50,1.0
TRB,RandomForest,VCAM-1/CD106,147,50,3.564625850340136,50,1.0
TRB,RandomForest,IL-10,156,50,3.7564102564102564,50,1.0
TRB,RandomForest,IL-17E/IL-25,151,50,3.834437086092715,50,1.0
TRB,RandomForest,ST2/IL-33R,112,48,4.446428571428571,50,0.96
TRB,RandomForest,M-CSF,82,44,5.585365853658536,50,0.88
TRB,RandomForest,TGF-alpha,49,38,5.857142857142857,50,0.76
TRB,RandomForest,CXCL13/BLC/BCA-1,30,27,5.1,50,0.54
TRB,RandomForest,Fetuin A/AHSG,29,24,7.206896551724138,50,0.48
TRB,RandomForest,MMP-8,23,22,6.521739130434782,50,0.44
TRB,RandomForest,SCGF/CLEC11a,26,22,6.961538461538462,50,0.44
TRB,RandomForest,Galectin-3,20,19,6.3,50,0.38
TRB,RandomForest,SP-D,14,14,6.214285714285714,50,0.28
TRB,RandomForest,DPPIV/CD26,15,14,7.266666666666667,50,0.28
TRB,RandomForest,Thrombopoietin/Tpo,13,13,6.461538461538462,50,0.26
TRB,RandomForest,Galectin-9,12,12,6.75,50,0.24
TRB,RandomForest,CXCL1/GRO alpha/KC/CINC-1,13,12,7.538461538461538,50,0.24
TRB,RandomForest,CXCL2/GRO beta/MIP-2/CINC-3,11,10,7.636363636363637,50,0.2
TRB,RandomForest,Proprotein Convertase 9/PCSK9,11,10,8.090909090909092,50,0.2
TRB,RandomForest,VAP-1/AOC3,9,9,6.0,50,0.18
TRB,RandomForest,Chitinase 3-like 1,7,7,5.714285714285714,50,0.14
TRB,RandomForest,CCL11/Eotaxin,7,7,6.0,50,0.14
TRB,RandomForest,Contactin-1,7,7,6.714285714285714,50,0.14
TRB,RandomForest,Serpin A10/ZPI,7,7,7.571428571428571,50,0.14
TRB,RandomForest,Lumican,8,7,9.0,50,0.14
TRB,RandomForest,GDF-15,6,6,8.0,50,0.12
TRB,RandomForest,Myoglobin,5,5,6.8,50,0.1
TRB,RandomForest,BAFF/BLyS/TNFSF13B,5,5,8.2,50,0.1
TRB,RandomForest,VEGF,4,4,7.0,50,0.08
TRB,RandomForest,CCL23/MPIF-1,4,4,7.5,50,0.08
TRB,RandomForest,IL-1 beta/IL-1F2,4,4,8.25,50,0.08
TRB,RandomForest,Neuregulin-1 beta 1/NRG1 beta 1,4,4,8.75,50,0.08
TRB,RandomForest,IGFBP-2,4,4,9.0,50,0.08
TRB,RandomForest,MMP-2,4,4,9.5,50,0.08
TRB,RandomForest,Myeloperoxidase/MPO,3,3,8.0,50,0.06
TRB,RandomForest,HGF,3,3,9.333333333333334,50,0.06
TRB,RandomForest,Coagulation Factor II/Tissue Factor,2,2,5.5,50,0.04
TRB,RandomForest,IL-2,2,2,5.5,50,0.04
TRB,RandomForest,Resistin,2,2,7.5,50,0.04
TRB,RandomForest,CXCL4/PF4,2,2,8.0,50,0.04
TRB,RandomForest,EGF,2,2,8.5,50,0.04
TRB,RandomForest,ENPP-2/Autotaxin,2,2,8.5,50,0.04
TRB,RandomForest,Oncostatin M/OSM,2,2,9.0,50,0.04
TRB,RandomForest,CCL26/Eotaxin-3,2,2,10.0,50,0.04
TRB,RandomForest,Complement Factor D/Adipsin,1,1,4.0,50,0.02
TRB,RandomForest,VEGFR1/Flt-1,1,1,4.0,50,0.02
TRB,RandomForest,LBP,1,1,5.0,50,0.02
TRB,RandomForest,TREM-1,1,1,6.0,50,0.02
TRB,RandomForest,uPAR,1,1,6.0,50,0.02
TRB,RandomForest,ICAM-1/CD54,1,1,7.0,50,0.02
TRB,RandomForest,Dkk-1,1,1,8.0,50,0.02
TRB,RandomForest,IGFBP-4,1,1,8.0,50,0.02
TRB,RandomForest,IL-11,1,1,8.0,50,0.02
TRB,RandomForest,Coagulation Factor XIV/Protein C,1,1,9.0,50,0.02
TRB,RandomForest,Flt-3 Ligand/FLT3L,1,1,9.0,50,0.02
TRB,RandomForest,Angiopoietin-like Protein 3/ANGPTL3,1,1,10.0,50,0.02
TRB,RandomForest,CXCL12,1,1,10.0,50,0.02
TRB,RandomForest,MBL,1,1,10.0,50,0.02
TRB,RandomForest,PD-L1/B7-H1,1,1,10.0,50,0.02
TRB,SNN-FS,Fas Ligand/TNFSF6,208,50,1.6923076923076923,50,1.0
TRB,SNN-FS,Fetuin A/AHSG,193,50,2.2487046632124352,50,1.0
TRB,SNN-FS,IGFBP-4,97,49,3.5876288659793816,50,0.98
TRB,SNN-FS,M-CSF,68,45,4.205882352941177,50,0.9
TRB,SNN-FS,VEGF,57,42,4.280701754385965,50,0.84
TRB,SNN-FS,Reg3A,58,41,3.896551724137931,50,0.82
TRB,SNN-FS,VEGFR1/Flt-1,62,41,4.596774193548387,50,0.82
TRB,SNN-FS,CXCL13/BLC/BCA-1,57,37,4.947368421052632,50,0.74
TRB,SNN-FS,VAP-1/AOC3,38,31,4.447368421052632,50,0.62
TRB,SNN-FS,L-Selectin/CD62L,36,30,5.194444444444445,50,0.6
TRB,SNN-FS,TREM-1,35,28,5.685714285714286,50,0.56
TRB,SNN-FS,HE4/WFDC2,29,27,3.689655172413793,50,0.54
TRB,SNN-FS,DPPIV/CD26,32,27,4.5625,50,0.54
TRB,SNN-FS,LBP,25,24,3.36,50,0.48
TRB,SNN-FS,CXCL1/GRO alpha/KC/CINC-1,24,22,5.75,50,0.44
TRB,SNN-FS,Proprotein Convertase 9/PCSK9,23,21,5.869565217391305,50,0.42
TRB,SNN-FS,Serpin A10/ZPI,21,19,4.571428571428571,50,0.38
TRB,SNN-FS,IL-17E/IL-25,17,17,4.470588235294118,50,0.34
TRB,SNN-FS,IL-11,19,17,5.631578947368421,50,0.34
TRB,SNN-FS,MMP-9,15,15,3.1333333333333333,50,0.3
TRB,SNN-FS,Coagulation Factor II/Tissue Factor,13,13,3.3846153846153846,50,0.26
TRB,SNN-FS,IGFBP-2,14,13,6.071428571428571,50,0.26
TRB,SNN-FS,Serpin C1/Antithrombin-III,13,12,4.846153846153846,50,0.24
TRB,SNN-FS,Angiopoietin-1,11,11,5.909090909090909,50,0.22
TRB,SNN-FS,CA15-3/MUC-1,11,11,5.909090909090909,50,0.22
TRB,SNN-FS,Thrombospondin-2,11,11,5.909090909090909,50,0.22
TRB,SNN-FS,IL-2,10,10,5.4,50,0.2
TRB,SNN-FS,Properdin,8,8,7.375,50,0.16
TRB,SNN-FS,MMP-7,7,7,5.857142857142857,50,0.14
TRB,SNN-FS,Fibroblast Activation Protein alpha/FAP,6,6,3.6666666666666665,50,0.12
TRB,SNN-FS,CCL11/Eotaxin,6,6,4.0,50,0.12
TRB,SNN-FS,MIF,6,6,6.833333333333333,50,0.12
TRB,SNN-FS,Thrombopoietin/Tpo,5,5,3.8,50,0.1
TRB,SNN-FS,Follistatin-related Gene Protein/FLRG,5,5,4.2,50,0.1
TRB,SNN-FS,MCAM/CD146,5,5,5.2,50,0.1
TRB,SNN-FS,IL-6R alpha,5,5,6.2,50,0.1
TRB,SNN-FS,IL-33,5,5,6.6,50,0.1
TRB,SNN-FS,CX3CL1/Fractalkine,5,5,7.2,50,0.1
TRB,SNN-FS,SP-D,4,4,5.75,50,0.08
TRB,SNN-FS,Contactin-1,4,4,6.0,50,0.08
TRB,SNN-FS,ENPP-2/Autotaxin,4,4,6.5,50,0.08
TRB,SNN-FS,IL-4R alpha,3,3,4.666666666666667,50,0.06
TRB,SNN-FS,Oncostatin M/OSM,3,3,4.666666666666667,50,0.06
TRB,SNN-FS,IL-6,3,3,5.666666666666667,50,0.06
TRB,SNN-FS,CCL5/RANTES,3,3,8.333333333333334,50,0.06
TRB,SNN-FS,IL-7,2,2,4.5,50,0.04
TRB,SNN-FS,IL-31,2,2,5.0,50,0.04
TRB,SNN-FS,MMP-13,2,2,5.0,50,0.04
TRB,SNN-FS,TGF-beta 2,2,2,5.0,50,0.04
TRB,SNN-FS,CD117/c-kit,2,2,5.5,50,0.04
TRB,SNN-FS,LRG1,2,2,5.5,50,0.04
TRB,SNN-FS,TFF3,2,2,5.5,50,0.04
TRB,SNN-FS,Dkk-1,2,2,6.0,50,0.04
TRB,SNN-FS,CXCL10/IP-10/CRG-2,2,2,6.5,50,0.04
TRB,SNN-FS,Complement Component C9,2,2,6.5,50,0.04
TRB,SNN-FS,CD31/PECAM-1,2,2,7.0,50,0.04
TRB,SNN-FS,Myoglobin,2,2,7.0,50,0.04
TRB,SNN-FS,IL-8/CXCL8,2,2,7.5,50,0.04
TRB,SNN-FS,Galectin-3,2,2,9.5,50,0.04
TRB,SNN-FS,alpha 2-Macroglobulin,2,2,9.5,50,0.04
TRB,SNN-FS,NT-4,1,1,1.0,50,0.02
TRB,SNN-FS,IL-13,1,1,2.0,50,0.02
TRB,SNN-FS,Galectin-9,1,1,3.0,50,0.02
TRB,SNN-FS,CCL2/JE/MCP-1,1,1,5.0,50,0.02
TRB,SNN-FS,CXCL2/GRO beta/MIP-2/CINC-3,1,1,5.0,50,0.02
TRB,SNN-FS,IFN-gamma,1,1,5.0,50,0.02
TRB,SNN-FS,MAdCAM-1,1,1,5.0,50,0.02
TRB,SNN-FS,Complement Factor D/Adipsin,1,1,6.0,50,0.02
TRB,SNN-FS,ICAM-1/CD54,1,1,6.0,50,0.02
TRB,SNN-FS,Lumican,1,1,6.0,50,0.02
TRB,SNN-FS,PDGF-AA,1,1,6.0,50,0.02
TRB,SNN-FS,PDGF-DD,1,1,6.0,50,0.02
TRB,SNN-FS,TIMP-1,1,1,6.0,50,0.02
TRB,SNN-FS,ADAMTS13,1,1,7.0,50,0.02
TRB,SNN-FS,ErbB2/Her3,1,1,7.0,50,0.02
TRB,SNN-FS,S100A9,1,1,7.0,50,0.02
TRB,SNN-FS,VCAM-1/CD106,1,1,7.0,50,0.02
TRB,SNN-FS,CD163,1,1,8.0,50,0.02
TRB,SNN-FS,uPAR,1,1,8.0,50,0.02
TRB,SNN-FS,Complement C1q,1,1,9.0,50,0.02
TRB,SNN-FS,Angiopoietin-2,1,1,10.0,50,0.02
TRB,SNN-FS,CXCL6/GCP-2,1,1,10.0,50,0.02
TRB,SNN-FS,Granzyme B,1,1,10.0,50,0.02
TRB,SNN-FS,MMP-8,1,1,10.0,50,0.02
TRB,StabilitySelection,Fas Ligand/TNFSF6,183,50,2.568306010928962,50,1.0
TRB,StabilitySelection,IGFBP-4,138,50,3.746376811594203,50,1.0
TRB,StabilitySelection,M-CSF,126,49,3.253968253968254,50,0.98
TRB,StabilitySelection,CXCL13/BLC/BCA-1,102,49,3.5784313725490198,50,0.98
TRB,StabilitySelection,Fetuin A/AHSG,118,49,4.194915254237288,50,0.98
TRB,StabilitySelection,VEGF,110,48,3.8,50,0.96
TRB,StabilitySelection,CXCL1/GRO alpha/KC/CINC-1,60,41,3.9166666666666665,50,0.82
TRB,StabilitySelection,VEGFR1/Flt-1,68,39,4.25,50,0.78
TRB,StabilitySelection,Proprotein Convertase 9/PCSK9,51,38,4.0,50,0.76
TRB,StabilitySelection,IL-11,46,36,4.1521739130434785,50,0.72
TRB,StabilitySelection,IL-17E/IL-25,43,35,3.697674418604651,50,0.7
TRB,StabilitySelection,MMP-7,35,30,5.6571428571428575,50,0.6
TRB,StabilitySelection,ENPP-2/Autotaxin,31,28,5.0,50,0.56
TRB,StabilitySelection,Reg3A,28,25,4.321428571428571,50,0.5
TRB,StabilitySelection,IL-2,25,21,5.28,50,0.42
TRB,StabilitySelection,L-Selectin/CD62L,19,19,4.421052631578948,50,0.38
TRB,StabilitySelection,Myoglobin,17,16,5.529411764705882,50,0.32
TRB,StabilitySelection,Fibroblast Activation Protein alpha/FAP,16,16,5.75,50,0.32
TRB,StabilitySelection,IL-33,15,14,3.6,50,0.28
TRB,StabilitySelection,Growth Hormone,14,14,6.214285714285714,50,0.28
TRB,StabilitySelection,CA15-3/MUC-1,13,13,6.384615384615385,50,0.26
TRB,StabilitySelection,DPPIV/CD26,12,12,6.166666666666667,50,0.24
TRB,StabilitySelection,IL-6R alpha,13,11,4.923076923076923,50,0.22
TRB,StabilitySelection,Complement C1q,10,10,2.6,50,0.2
TRB,StabilitySelection,CCL11/Eotaxin,10,10,4.1,50,0.2
TRB,StabilitySelection,Thrombospondin-2,11,10,5.818181818181818,50,0.2
TRB,StabilitySelection,IL-4,9,9,4.444444444444445,50,0.18
TRB,StabilitySelection,VAP-1/AOC3,9,9,5.666666666666667,50,0.18
TRB,StabilitySelection,Serpin B3/SCCA1,9,9,6.888888888888889,50,0.18
TRB,StabilitySelection,TGF-beta 2,6,6,5.166666666666667,50,0.12
TRB,StabilitySelection,MCAM/CD146,5,5,4.8,50,0.1
TRB,StabilitySelection,MIF,5,5,6.6,50,0.1
TRB,StabilitySelection,IFN-beta,5,5,7.4,50,0.1
TRB,StabilitySelection,Thrombopoietin/Tpo,4,4,3.75,50,0.08
TRB,StabilitySelection,Coagulation Factor II/Tissue Factor,4,4,5.25,50,0.08
TRB,StabilitySelection,Oncostatin M/OSM,4,4,6.75,50,0.08
TRB,StabilitySelection,ICAM-1/CD54,4,4,8.25,50,0.08
TRB,StabilitySelection,Serpin C1/Antithrombin-III,3,3,5.0,50,0.06
TRB,StabilitySelection,TREM-1,3,3,5.0,50,0.06
TRB,StabilitySelection,IL-13,3,3,7.0,50,0.06
TRB,StabilitySelection,MMP-13,3,3,7.0,50,0.06
TRB,StabilitySelection,TRAIL/TNFSF10,3,3,7.0,50,0.06
TRB,StabilitySelection,Angiopoietin-1,3,3,7.666666666666667,50,0.06
TRB,StabilitySelection,IL-8/CXCL8,3,3,7.666666666666667,50,0.06
TRB,StabilitySelection,ErbB2/Her3,3,3,8.0,50,0.06
TRB,StabilitySelection,IGFBP-2,3,3,8.333333333333334,50,0.06
TRB,StabilitySelection,GM-CSF,3,3,9.0,50,0.06
TRB,StabilitySelection,CCL26/Eotaxin-3,2,2,4.0,50,0.04
TRB,StabilitySelection,IFN-alpha,2,2,4.0,50,0.04
TRB,StabilitySelection,Contactin-1,2,2,5.0,50,0.04
TRB,StabilitySelection,u-Plasminogen Activator (uPA)/Urokinase,2,2,5.0,50,0.04
TRB,StabilitySelection,CCL5/RANTES,2,2,5.5,50,0.04
TRB,StabilitySelection,CCL2/JE/MCP-1,2,2,6.5,50,0.04
TRB,StabilitySelection,OSteopontin/OPN,2,2,6.5,50,0.04
TRB,StabilitySelection,SP-D,2,2,6.5,50,0.04
TRB,StabilitySelection,CCL18/PARC,2,2,8.0,50,0.04
TRB,StabilitySelection,CD31/PECAM-1,2,2,9.0,50,0.04
TRB,StabilitySelection,NT-4,2,2,10.0,50,0.04
TRB,StabilitySelection,IL-4R alpha,1,1,2.0,50,0.02
TRB,StabilitySelection,Complement Component C2,1,1,3.0,50,0.02
TRB,StabilitySelection,Angiopoietin-2,1,1,4.0,50,0.02
TRB,StabilitySelection,Granzyme A,1,1,4.0,50,0.02
TRB,StabilitySelection,CD163,1,1,5.0,50,0.02
TRB,StabilitySelection,CXCL2/GRO beta/MIP-2/CINC-3,1,1,5.0,50,0.02
TRB,StabilitySelection,Properdin,1,1,5.0,50,0.02
TRB,StabilitySelection,CD23/Fc epsilon RII,1,1,6.0,50,0.02
TRB,StabilitySelection,Serpin A10/ZPI,1,1,6.0,50,0.02
TRB,StabilitySelection,Follistatin-related Gene Protein/FLRG,1,1,7.0,50,0.02
TRB,StabilitySelection,Galectin-3BP/MAC-2BP,1,1,7.0,50,0.02
TRB,StabilitySelection,FGF basic/FGF2/bFGF,1,1,8.0,50,0.02
TRB,StabilitySelection,Dkk-1,1,1,9.0,50,0.02
TRB,StabilitySelection,MIA,1,1,9.0,50,0.02
TRB,StabilitySelection,ADAMTS13,1,1,10.0,50,0.02
TRB,StabilitySelection,IL-17/IL-17A,1,1,10.0,50,0.02
TRB,StabilitySelection,MMP-9,1,1,10.0,50,0.02
TRB,StabilitySelection,TGF-beta1,1,1,10.0,50,0.02
TRB,Stabl-RP,Fas Ligand/TNFSF6,240,50,1.8291666666666666,50,1.0
TRB,Stabl-RP,M-CSF,202,50,2.8465346534653464,50,1.0
TRB,Stabl-RP,IL-10,183,50,3.7759562841530054,50,1.0
TRB,Stabl-RP,CXCL13/BLC/BCA-1,131,50,4.114503816793893,50,1.0
TRB,Stabl-RP,Myoglobin,147,50,4.45578231292517,50,1.0
TRB,Stabl-RP,ST2/IL-33R,100,48,5.44,50,0.96
TRB,Stabl-RP,Chitinase 3-like 1,79,47,6.2025316455696204,50,0.94
TRB,Stabl-RP,Galectin-3,86,46,6.325581395348837,50,0.92
TRB,Stabl-RP,Fetuin A/AHSG,75,45,5.133333333333334,50,0.9
TRB,Stabl-RP,IL-17E/IL-25,71,44,5.070422535211268,50,0.88
TRB,Stabl-RP,VCAM-1/CD106,78,44,6.410256410256411,50,0.88
TRB,Stabl-RP,VEGF,49,38,5.73469387755102,50,0.76
TRB,Stabl-RP,Coagulation Factor II/Tissue Factor,43,36,7.27906976744186,50,0.72
TRB,Stabl-RP,TREM-1,41,33,6.609756097560975,50,0.66
TRB,Stabl-RP,IGFBP-2,29,27,5.793103448275862,50,0.54
TRB,Stabl-RP,GDF-15,36,26,7.527777777777778,50,0.52
TRB,Stabl-RP,L-Selectin/CD62L,22,20,4.954545454545454,50,0.4
TRB,Stabl-RP,TIMP-1,14,14,7.571428571428571,50,0.28
TRB,Stabl-RP,DPPIV/CD26,13,13,7.230769230769231,50,0.26
TRB,Stabl-RP,MAdCAM-1,13,13,8.0,50,0.26
TRB,Stabl-RP,SCGF/CLEC11a,7,7,6.571428571428571,50,0.14
TRB,Stabl-RP,VEGFR1/Flt-1,6,6,6.666666666666667,50,0.12
TRB,Stabl-RP,NT-4,6,6,7.5,50,0.12
TRB,Stabl-RP,IL-36 beta/IL-1F8,5,5,7.8,50,0.1
TRB,Stabl-RP,VAP-1/AOC3,4,4,4.5,50,0.08
TRB,Stabl-RP,Dkk-1,4,4,6.25,50,0.08
TRB,Stabl-RP,Serpin A4/Kallistatin,4,4,6.5,50,0.08
TRB,Stabl-RP,Pentraxin 3/TSG-14,4,4,8.0,50,0.08
TRB,Stabl-RP,CCL22/MDC,3,3,4.333333333333333,50,0.06
TRB,Stabl-RP,Thrombopoietin/Tpo,3,3,6.333333333333333,50,0.06
TRB,Stabl-RP,Follistatin-related Gene Protein/FLRG,3,3,8.0,50,0.06
TRB,Stabl-RP,IL-6,3,3,8.0,50,0.06
TRB,Stabl-RP,Proprotein Convertase 9/PCSK9,3,3,8.0,50,0.06
TRB,Stabl-RP,BAFF/BLyS/TNFSF13B,3,3,8.333333333333334,50,0.06
TRB,Stabl-RP,MMP-9,3,3,9.0,50,0.06
TRB,Stabl-RP,Furin,2,2,5.0,50,0.04
TRB,Stabl-RP,Galectin-9,2,2,6.5,50,0.04
TRB,Stabl-RP,IL-8/CXCL8,2,2,7.0,50,0.04
TRB,Stabl-RP,HGF,2,2,8.0,50,0.04
TRB,Stabl-RP,EN-RAGE/S100A12,2,2,9.5,50,0.04
TRB,Stabl-RP,ADAMTS13,1,1,4.0,50,0.02
TRB,Stabl-RP,Alpha-1-Microglobulin,1,1,5.0,50,0.02
TRB,Stabl-RP,ENPP-2/Autotaxin,1,1,5.0,50,0.02
TRB,Stabl-RP,vWF-A2,1,1,5.0,50,0.02
TRB,Stabl-RP,Endocan/ESM-1,1,1,6.0,50,0.02
TRB,Stabl-RP,Complement Component C9,1,1,7.0,50,0.02
TRB,Stabl-RP,IL-1 beta/IL-1F2,1,1,8.0,50,0.02
TRB,Stabl-RP,PD-L1/B7-H1,1,1,9.0,50,0.02
TRB,Stabl-RP,Serpin B3/SCCA1,1,1,9.0,50,0.02
TRB,Stabl-RP,Nectin-4,1,1,10.0,50,0.02
TRB,geeVerse,Syndecan-1/CD138,199,50,1.5427135678391959,50,1.0
TRB,geeVerse,Proprotein Convertase 9/PCSK9,208,50,2.2884615384615383,50,1.0
TRB,geeVerse,PD-L1/B7-H1,181,50,3.160220994475138,50,1.0
TRB,geeVerse,L-Selectin/CD62L,100,50,3.45,50,1.0
TRB,geeVerse,IL-17E/IL-25,222,50,4.873873873873874,50,1.0
TRB,geeVerse,Fas Ligand/TNFSF6,217,50,4.875576036866359,50,1.0
TRB,geeVerse,ST2/IL-33R,191,50,7.0942408376963355,50,1.0
TRB,geeVerse,IL-36 beta/IL-1F8,78,49,4.846153846153846,50,0.98
TRB,geeVerse,SP-D,160,49,8.0375,50,0.98
TRB,geeVerse,Pentraxin 3/TSG-14,157,49,8.745222929936306,50,0.98
TRB,geeVerse,VEGFR1/Flt-1,48,48,1.3125,50,0.96
TRB,geeVerse,M-CSF,62,44,9.516129032258064,50,0.88
TRB,geeVerse,Nectin-4,63,42,3.873015873015873,50,0.84
TRB,geeVerse,Neuregulin-1 beta 1/NRG1 beta 1,85,40,9.305882352941177,50,0.8
TRB,geeVerse,uPAR,28,28,6.678571428571429,50,0.56
TRB,geeVerse,MIF,37,28,9.297297297297296,50,0.56
TRB,geeVerse,OSteopontin/OPN,22,22,4.409090909090909,50,0.44
TRB,geeVerse,IL-3,20,18,5.7,50,0.36
TRB,geeVerse,IL-15,13,13,7.384615384615385,50,0.26
TRB,geeVerse,Fetuin A/AHSG,10,10,2.0,50,0.2
TRB,geeVerse,GDF-15,10,10,9.8,50,0.2
TRB,geeVerse,TFF3,7,7,1.1428571428571428,50,0.14
TRB,geeVerse,vWF-A2,7,7,7.285714285714286,50,0.14
TRB,geeVerse,HGF,6,6,10.0,50,0.12
TRB,geeVerse,CCL11/Eotaxin,5,5,6.8,50,0.1
TRB,geeVerse,Prolactin,4,4,2.25,50,0.08
TRB,geeVerse,Dkk-1,4,4,10.0,50,0.08
TRB,geeVerse,TGF-beta 2,3,3,1.0,50,0.06
TRB,geeVerse,CXCL2/GRO beta/MIP-2/CINC-3,3,3,6.0,50,0.06
TRB,geeVerse,TGF-beta1,2,2,1.0,50,0.04
TRB,geeVerse,CCL24/Eotaxin-2/MPIF-2,2,2,5.0,50,0.04
TRB,geeVerse,IL-13,2,2,10.0,50,0.04
TRB,geeVerse,CXCL12,1,1,1.0,50,0.02
TRB,geeVerse,ADAMTS13,1,1,2.0,50,0.02
TRB,geeVerse,BAFF/BLyS/TNFSF13B,1,1,2.0,50,0.02
TRB,geeVerse,Chitinase 3-like 1,1,1,2.0,50,0.02
TRB,geeVerse,SCGF/CLEC11a,1,1,2.0,50,0.02
TRB,geeVerse,MIA,1,1,4.0,50,0.02
TRB,glmmLasso,Fas Ligand/TNFSF6,248,50,1.6169354838709677,50,1.0
TRB,glmmLasso,M-CSF,216,50,3.013888888888889,50,1.0
TRB,glmmLasso,Myoglobin,169,50,4.579881656804734,50,1.0
TRB,glmmLasso,IL-10,176,50,4.676136363636363,50,1.0
TRB,glmmLasso,IL-17E/IL-25,124,50,5.274193548387097,50,1.0
TRB,glmmLasso,Chitinase 3-like 1,109,48,6.5504587155963305,50,0.96
TRB,glmmLasso,VEGF,74,46,3.8783783783783785,50,0.92
TRB,glmmLasso,Fetuin A/AHSG,54,43,1.2777777777777777,50,0.86
TRB,glmmLasso,VCAM-1/CD106,69,42,7.217391304347826,50,0.84
TRB,glmmLasso,Galectin-9,73,41,7.7534246575342465,50,0.82
TRB,glmmLasso,TGF-alpha,61,40,5.475409836065574,50,0.8
TRB,glmmLasso,L-Selectin/CD62L,37,33,1.4054054054054055,50,0.66
TRB,glmmLasso,MMP-8,41,33,7.804878048780488,50,0.66
TRB,glmmLasso,Dkk-1,38,30,8.078947368421053,50,0.6
TRB,glmmLasso,VEGFR1/Flt-1,27,27,2.814814814814815,50,0.54
TRB,glmmLasso,Serpin B3/SCCA1,31,25,7.612903225806452,50,0.5
TRB,glmmLasso,TREM-1,28,24,7.964285714285714,50,0.48
TRB,glmmLasso,Pentraxin 3/TSG-14,24,22,8.125,50,0.44
TRB,glmmLasso,Syndecan-1/CD138,22,20,5.954545454545454,50,0.4
TRB,glmmLasso,CXCL13/BLC/BCA-1,18,18,2.7777777777777777,50,0.36
TRB,glmmLasso,ST2/IL-33R,18,15,8.38888888888889,50,0.3
TRB,glmmLasso,HGF,14,14,6.571428571428571,50,0.28
TRB,glmmLasso,SCGF/CLEC11a,14,14,8.785714285714286,50,0.28
TRB,glmmLasso,Coagulation Factor II/Tissue Factor,13,13,7.923076923076923,50,0.26
TRB,glmmLasso,Proprotein Convertase 9/PCSK9,13,12,8.846153846153847,50,0.24
TRB,glmmLasso,Neuregulin-1 beta 1/NRG1 beta 1,12,11,7.0,50,0.22
TRB,glmmLasso,PD-L1/B7-H1,11,11,7.7272727272727275,50,0.22
TRB,glmmLasso,Furin,11,11,8.636363636363637,50,0.22
TRB,glmmLasso,BAFF/BLyS/TNFSF13B,9,9,6.333333333333333,50,0.18
TRB,glmmLasso,Galectin-3,9,9,8.555555555555555,50,0.18
TRB,glmmLasso,MMP-9,8,8,8.5,50,0.16
TRB,glmmLasso,S100A9,7,7,6.428571428571429,50,0.14
TRB,glmmLasso,IL-6,7,7,9.142857142857142,50,0.14
TRB,glmmLasso,TIMP-1,6,6,6.666666666666667,50,0.12
TRB,glmmLasso,SP-D,8,6,8.875,50,0.12
TRB,glmmLasso,TRAIL R2/TNFRSF10B,5,5,6.0,50,0.1
TRB,glmmLasso,IL-8/CXCL8,4,4,2.0,50,0.08
TRB,glmmLasso,VAP-1/AOC3,4,4,2.25,50,0.08
TRB,glmmLasso,IL-1 beta/IL-1F2,3,3,7.666666666666667,50,0.06
TRB,glmmLasso,LBP,3,3,7.666666666666667,50,0.06
TRB,glmmLasso,DPPIV/CD26,3,3,8.666666666666666,50,0.06
TRB,glmmLasso,ADAMTS13,2,2,3.0,50,0.04
TRB,glmmLasso,Follistatin-related Gene Protein/FLRG,2,2,6.0,50,0.04
TRB,glmmLasso,CA15-3/MUC-1,2,2,7.0,50,0.04
TRB,glmmLasso,uPAR,2,2,8.0,50,0.04
TRB,glmmLasso,EGF,2,2,10.0,50,0.04
TRB,glmmLasso,IGFBP-4,1,1,1.0,50,0.02
TRB,glmmLasso,BCMA/TNFRSF17,1,1,2.0,50,0.02
TRB,glmmLasso,CCL11/Eotaxin,1,1,3.0,50,0.02
TRB,glmmLasso,ENPP-2/Autotaxin,1,1,3.0,50,0.02
TRB,glmmLasso,CD23/Fc epsilon RII,1,1,4.0,50,0.02
TRB,glmmLasso,MIF,1,1,5.0,50,0.02
TRB,glmmLasso,NT-4,1,1,6.0,50,0.02
TRB,glmmLasso,IGFBP-2,1,1,8.0,50,0.02
TRB,glmmLasso,MAdCAM-1,1,1,8.0,50,0.02
TRB,glmmLasso,GDF-15,1,1,9.0,50,0.02
TRB,glmmLasso,Myeloperoxidase/MPO,1,1,9.0,50,0.02
TRB,glmmLasso,CCL23/MPIF-1,1,1,10.0,50,0.02
TRB,mRMR,Fas Ligand/TNFSF6,244,50,1.9631147540983607,50,1.0
TRB,mRMR,IL-10,221,50,2.570135746606335,50,1.0
TRB,mRMR,MMP-9,145,50,4.6482758620689655,50,1.0
TRB,mRMR,M-CSF,143,50,4.916083916083916,50,1.0
TRB,mRMR,IL-17E/IL-25,131,50,5.236641221374046,50,1.0
TRB,mRMR,Chitinase 3-like 1,101,50,5.435643564356436,50,1.0
TRB,mRMR,VCAM-1/CD106,101,47,5.643564356435643,50,0.94
TRB,mRMR,Myoglobin,86,46,5.77906976744186,50,0.92
TRB,mRMR,Serpin B3/SCCA1,66,45,6.03030303030303,50,0.9
TRB,mRMR,Fetuin A/AHSG,68,44,5.676470588235294,50,0.88
TRB,mRMR,ST2/IL-33R,51,43,4.176470588235294,50,0.86
TRB,mRMR,VEGF,61,42,5.868852459016393,50,0.84
TRB,mRMR,L-Selectin/CD62L,51,40,5.921568627450981,50,0.8
TRB,mRMR,Galectin-3,51,40,7.470588235294118,50,0.8
TRB,mRMR,MMP-8,45,39,5.844444444444444,50,0.78
TRB,mRMR,Pentraxin 3/TSG-14,53,36,6.283018867924528,50,0.72
TRB,mRMR,TGF-alpha,33,31,7.121212121212121,50,0.62
TRB,mRMR,Dkk-1,23,22,6.782608695652174,50,0.44
TRB,mRMR,CXCL13/BLC/BCA-1,18,18,3.7777777777777777,50,0.36
TRB,mRMR,VEGFR1/Flt-1,14,14,2.9285714285714284,50,0.28
TRB,mRMR,Proprotein Convertase 9/PCSK9,10,10,6.7,50,0.2
TRB,mRMR,SCGF/CLEC11a,10,10,7.3,50,0.2
TRB,mRMR,Furin,11,10,8.181818181818182,50,0.2
TRB,mRMR,TREM-1,8,8,6.5,50,0.16
TRB,mRMR,VAP-1/AOC3,5,5,7.0,50,0.1
TRB,mRMR,BAFF/BLyS/TNFSF13B,4,4,6.0,50,0.08
TRB,mRMR,IL-8/CXCL8,4,4,7.0,50,0.08
TRB,mRMR,Coagulation Factor II/Tissue Factor,4,4,7.75,50,0.08
TRB,mRMR,Galectin-9,4,4,9.0,50,0.08
TRB,mRMR,SP-D,3,3,7.333333333333333,50,0.06
TRB,mRMR,ADAMTS13,3,3,8.333333333333334,50,0.06
TRB,mRMR,IL-6,3,3,10.0,50,0.06
TRB,mRMR,HGF,2,2,4.0,50,0.04
TRB,mRMR,CCL11/Eotaxin,2,2,10.0,50,0.04
TRB,mRMR,BCMA/TNFRSF17,1,1,3.0,50,0.02
TRB,mRMR,Aldehyde Dehydrogenase 1-A1/ALDH1A1,1,1,5.0,50,0.02
TRB,mRMR,CCL23/MPIF-1,1,1,7.0,50,0.02
TRB,mRMR,EGF,1,1,7.0,50,0.02
TRB,mRMR,MMP-3,1,1,8.0,50,0.02
TRB,mRMR,CXCL4/PF4,1,1,9.0,50,0.02
TRB,mRMR,ENPP-2/Autotaxin,1,1,9.0,50,0.02
TRB,mRMR,CD23/Fc epsilon RII,1,1,10.0,50,0.02
